Style,Color,Size,UPC
7500C13,MYPE,ASST,04000346759
7500C13,FROR,ASST,04000346760
7500C13,ICME,ASST,04000346761
7201C13,MYPE,ASST,04000346762
7500C13,MABW,ASST,04000346762
7050C13,FROR,ASST,04000346763
7050C13,ICME,ASST,04000346764
7050C13,MABW,ASST,04000346764
7500C9,PUCA,ASST,04003020031
7050C9,PUCA,ASST,04003020035
7871C9,ACMA,ASST,04003020046
7852C9,BEHL,ASST,04003020047
7881C9,DALO,ASST,04003020048
7990C9,BUBB,ASST,04003020048
7971C9,DBUT,ASST,04003020051
7971C9,DRBO,ASST,04003020051
7851C9,MKDU,ASST,04003020052
7951C9,FLOG,ASST,04003020052
7951C9,FSFL,ASST,04003020052
7851C9,MUCL,ASST,04003020057
7881C9,MKOU,ASST,04003020057
7871C9,TBCA,ASST,04003020058
7951C9,URTW,ASST,04003020062
WM862C14,MEGR,ASST,19466100609
WM056C14,MEGR,ASST,19466100610
WM047C14,PACT,ASST,19466100611
WM841C14,PACT,ASST,19466100612
WD840,BMWM,2XL,19466103447
WD840,BMWM,3XL,19466103448
WD840,BMWM,L,19466103449
WD840,BMWM,M,19466103450
WD840,BMWM,S,19466103451
WD840,BMWM,XL,19466103452
WD840,BMWM,XS,19466103453
WD840,IMWM,2XL,19466103454
WD840,IMWM,3XL,19466103455
WD840,IMWM,L,19466103456
WD840,IMWM,M,19466103457
WD840,IMWM,S,19466103458
WD840,IMWM,XL,19466103459
WD840,IMWM,XS,19466103460
WD840,MWWM,2XL,19466103461
WD840,MWWM,3XL,19466103462
WD840,MWWM,L,19466103463
WD840,MWWM,M,19466103464
WD840,MWWM,S,19466103465
WD840,MWWM,XL,19466103466
WD840,MWWM,XS,19466103467
WD840,PWT,2XL,19466103468
WD840,PWT,3XL,19466103469
WD840,PWT,L,19466103470
WD840,PWT,M,19466103471
WD840,PWT,S,19466103472
WD840,PWT,XL,19466103473
WD840,PWT,XS,19466103474
WD833,BLK,2XL,19466103475
WD833,BLK,3XL,19466103476
WD833,BLK,L,19466103477
WD833,BLK,M,19466103478
WD833,BLK,S,19466103479
WD833,BLK,XL,19466103480
WD833,BLK,XS,19466103481
WD833,DESL,2XL,19466103482
WD833,DESL,3XL,19466103483
WD833,DESL,L,19466103484
WD833,DESL,M,19466103485
WD833,DESL,S,19466103486
WD833,DESL,XL,19466103487
WD833,DESL,XS,19466103488
WD833,IND,2XL,19466103489
WD833,IND,3XL,19466103490
WD833,IND,L,19466103491
WD833,IND,M,19466103492
WD833,IND,S,19466103493
WD833,IND,XL,19466103494
WD833,IND,XS,19466103495
WD833,PWT,2XL,19466103496
WD833,PWT,3XL,19466103497
WD833,PWT,L,19466103498
WD833,PWT,M,19466103499
WD833,PWT,S,19466103500
WD833,PWT,XL,19466103501
WD833,PWT,XS,19466103502
WD833,WIN,2XL,19466103503
WD833,WIN,3XL,19466103504
WD833,WIN,L,19466103505
WD833,WIN,M,19466103506
WD833,WIN,S,19466103507
WD833,WIN,XL,19466103508
WD833,WIN,XS,19466103509
WD040,IMWM,2XL,19466103510
WD040,IMWM,3XL,19466103511
WD040,IMWM,L,19466103512
WD040,IMWM,M,19466103513
WD040,IMWM,S,19466103514
WD040,IMWM,XL,19466103515
WD040,IMWM,XS,19466103516
WD040,PWT,2XL,19466103517
WD040,PWT,3XL,19466103518
WD040,PWT,L,19466103519
WD040,PWT,M,19466103520
WD040,PWT,S,19466103521
WD040,PWT,XL,19466103522
WD040,PWT,XS,19466103523
WD040,MWWM,2XL,19466103524
WD040,MWWM,3XL,19466103525
WD040,MWWM,L,19466103526
WD040,MWWM,M,19466103527
WD040,MWWM,S,19466103528
WD040,MWWM,XL,19466103529
WD040,MWWM,XS,19466103530
WD040,BMWM,2XL,19466103531
WD040,BMWM,3XL,19466103532
WD040,BMWM,L,19466103533
WD040,BMWM,M,19466103534
WD040,BMWM,S,19466103535
WD040,BMWM,XL,19466103536
WD040,BMWM,XS,19466103537
WD033,BLK,2XL,19466103538
WD033,BLK,3XL,19466103539
WD033,BLK,L,19466103540
WD033,BLK,M,19466103541
WD033,BLK,S,19466103542
WD033,BLK,XL,19466103543
WD033,BLK,XS,19466103544
WD033,DESL,2XL,19466103545
WD033,DESL,3XL,19466103546
WD033,DESL,L,19466103547
WD033,DESL,M,19466103548
WD033,DESL,S,19466103549
WD033,DESL,XL,19466103550
WD033,DESL,XS,19466103551
WD033,IND,2XL,19466103552
WD033,IND,3XL,19466103553
WD033,IND,L,19466103554
WD033,IND,M,19466103555
WD033,IND,S,19466103556
WD033,IND,XL,19466103557
WD033,IND,XS,19466103558
WD033,PWT,2XL,19466103559
WD033,PWT,3XL,19466103560
WD033,PWT,L,19466103561
WD033,PWT,M,19466103562
WD033,PWT,S,19466103563
WD033,PWT,XL,19466103564
WD033,PWT,XS,19466103565
WD033,WIN,2XL,19466103566
WD033,WIN,3XL,19466103567
WD033,WIN,L,19466103568
WD033,WIN,M,19466103569
WD033,WIN,S,19466103570
WD033,WIN,XL,19466103571
WD033,WIN,XS,19466103572
WC711X4,PHBH,2XL,19466104246
WC711X4,PHBH,3XL,19466104247
WC711X4,PHBH,L,19466104248
WC711X4,PHBH,M,19466104249
WC711X4,PHBH,S,19466104250
WC711X4,PHBH,XL,19466104251
WC711X4,PHBH,XS,19466104252
WC711X19,VIMN,2XL,19466104253
WC711X19,VIMN,3XL,19466104254
WC711X19,VIMN,L,19466104255
WC711X19,VIMN,M,19466104256
WC711X19,VIMN,S,19466104257
WC711X19,VIMN,XL,19466104258
WC711X19,VIMN,XS,19466104259
WC711X19,FZFK,2XL,19466104260
WC711X19,FZFK,3XL,19466104261
WC711X19,FZFK,L,19466104262
WC711X19,FZFK,M,19466104263
WC711X19,FZFK,S,19466104264
WC711X19,FZFK,XL,19466104265
WC711X19,FZFK,XS,19466104266
WC703X5,LOPS,2XL,19466104267
WC703X5,LOPS,3XL,19466104268
WC703X5,LOPS,L,19466104269
WC703X5,LOPS,M,19466104270
WC703X5,LOPS,S,19466104271
WC703X5,LOPS,XL,19466104272
WC703X5,LOPS,XS,19466104273
WC703X19,SPSL,2XL,19466104274
WC703X19,SPSL,3XL,19466104275
WC703X19,SPSL,L,19466104276
WC703X19,SPSL,M,19466104277
WC703X19,SPSL,S,19466104278
WC703X19,SPSL,XL,19466104279
WC703X19,SPSL,XS,19466104280
WC703X5,PLID,2XL,19466104281
WC703X5,PLID,3XL,19466104282
WC703X5,PLID,L,19466104283
WC703X5,PLID,M,19466104284
WC703X5,PLID,S,19466104285
WC703X5,PLID,XL,19466104286
WC703X5,PLID,XS,19466104287
WC703X5,DTHA,2XL,19466104288
WC703X5,DTHA,3XL,19466104289
WC703X5,DTHA,L,19466104290
WC703X5,DTHA,M,19466104291
WC703X5,DTHA,S,19466104292
WC703X5,DTHA,XL,19466104293
WC703X5,DTHA,XS,19466104294
WC703X5,SFFU,2XL,19466104295
WC703X5,SFFU,3XL,19466104296
WC703X5,SFFU,L,19466104297
WC703X5,SFFU,M,19466104298
WC703X5,SFFU,S,19466104299
WC703X5,SFFU,XL,19466104300
WC703X5,SFFU,XS,19466104301
WC834,HTMA,2XL,19466104302
WC834,HTMA,3XL,19466104303
WC834,HTMA,L,19466104304
WC834,HTMA,M,19466104305
WC834,HTMA,S,19466104306
WC834,HTMA,XL,19466104307
WC834,HTMA,XS,19466104308
WC033,HTMA,2XL,19466104309
WC033,HTMA,3XL,19466104310
WC033,HTMA,L,19466104311
WC033,HTMA,M,19466104312
WC033,HTMA,S,19466104313
WC033,HTMA,XL,19466104314
WC033,HTMA,XS,19466104315
WC824,DESL,2XL,19466104316
WC824,DESL,3XL,19466104317
WC824,DESL,L,19466104318
WC824,DESL,M,19466104319
WC824,DESL,S,19466104320
WC824,DESL,XL,19466104321
WC824,DESL,XS,19466104322
WC703X5,DISR,2XL,19466104323
WC703X5,DISR,3XL,19466104324
WC703X5,DISR,L,19466104325
WC703X5,DISR,M,19466104326
WC703X5,DISR,S,19466104327
WC703X5,DISR,XL,19466104328
WC703X5,DISR,XS,19466104329
WC703X5,MLHA,2XL,19466104330
WC703X5,MLHA,3XL,19466104331
WC703X5,MLHA,L,19466104332
WC703X5,MLHA,M,19466104333
WC703X5,MLHA,S,19466104334
WC703X5,MLHA,XL,19466104335
WC703X5,MLHA,XS,19466104336
WC023,DESL,2XL,19466104337
WC023,DESL,3XL,19466104338
WC023,DESL,L,19466104339
WC023,DESL,M,19466104340
WC023,DESL,S,19466104341
WC023,DESL,XL,19466104342
WC023,DESL,XS,19466104631
WM728X19,FZFK,2XL,19466104632
WM728X19,FZFK,3XL,19466104633
WM728X19,FZFK,L,19466104634
WM728X19,FZFK,M,19466104635
WM728X19,FZFK,S,19466104636
WM728X19,FZFK,XL,19466104637
WM728X19,DPMY,2XL,19466104638
WM728X19,DPMY,3XL,19466104639
WM728X19,DPMY,L,19466104640
WM728X19,DPMY,M,19466104641
WM728X19,DPMY,S,19466104642
WM728X19,DPMY,XL,19466104643
WM728X19,RUCD,2XL,19466104644
WM728X19,RUCD,3XL,19466104645
WM728X19,RUCD,L,19466104646
WM728X19,RUCD,M,19466104647
WM728X19,RUCD,S,19466104648
WM728X19,RUCD,XL,19466104649
WM728X19,SEEG,2XL,19466104650
WM728X19,SEEG,3XL,19466104651
WM728X19,SEEG,L,19466104652
WM728X19,SEEG,M,19466104653
WM728X19,SEEG,S,19466104654
WM728X19,SEEG,XL,19466104655
WM729X19,TIFT,2XL,19466104656
WM729X19,TIFT,3XL,19466104657
WM729X19,TIFT,L,19466104658
WM729X19,TIFT,M,19466104659
WM729X19,TIFT,S,19466104660
WM729X19,TIFT,XL,19466104661
WM729X19,CSPT,2XL,19466104662
WM729X19,CSPT,3XL,19466104663
WM729X19,CSPT,L,19466104664
WM729X19,CSPT,M,19466104665
WM729X19,CSPT,S,19466104666
WM729X19,CSPT,XL,19466104667
WM729X19,MLBU,2XL,19466104668
WM729X19,MLBU,3XL,19466104669
WM729X19,MLBU,L,19466104670
WM729X19,MLBU,M,19466104671
WM729X19,MLBU,S,19466104672
WM729X19,MLBU,XL,19466104673
WM731X19,CRTR,2XL,19466104674
WM731X19,CRTR,3XL,19466104675
WM731X19,CRTR,L,19466104676
WM731X19,CRTR,M,19466104677
WM731X19,CRTR,S,19466104678
WM731X19,CRTR,XL,19466104679
WM731X19,LYRB,2XL,19466104680
WM731X19,LYRB,3XL,19466104681
WM731X19,LYRB,L,19466104682
WM731X19,LYRB,M,19466104683
WM731X19,LYRB,S,19466104684
WM731X19,LYRB,XL,19466104685
WM731X19,SPSL,2XL,19466104686
WM731X19,SPSL,3XL,19466104687
WM731X19,SPSL,L,19466104688
WM731X19,SPSL,M,19466104689
WM731X19,SPSL,S,19466104690
WM731X19,SPSL,XL,19466104691
WM730X19,VIMN,2XL,19466104692
WM730X19,VIMN,3XL,19466104693
WM730X19,VIMN,L,19466104694
WM730X19,VIMN,M,19466104695
WM730X19,VIMN,S,19466104696
WM730X19,VIMN,XL,19466104697
WM874,HTCY,2XL,19466104698
WM874,HTCY,3XL,19466104699
WM874,HTCY,L,19466104700
WM874,HTCY,M,19466104701
WM874,HTCY,S,19466104702
WM874,HTCY,XL,19466104703
WM874,HTCY,XS,19466104704
WM070,HTCY,2XL,19466104705
WM070,HTCY,3XL,19466104706
WM070,HTCY,L,19466104707
WM070,HTCY,M,19466104708
WM070,HTCY,S,19466104709
WM070,HTCY,XL,19466104710
WM070,HTCY,XS,19466104711
WM863,HTMA,2XL,19466104712
WM863,HTMA,3XL,19466104713
WM863,HTMA,L,19466104714
WM863,HTMA,M,19466104715
WM863,HTMA,S,19466104716
WM863,HTMA,XL,19466104717
WM863,HTMA,XS,19466104718
WM059,HTMA,2XL,19466104719
WM059,HTMA,3XL,19466104720
WM059,HTMA,L,19466104721
WM059,HTMA,M,19466104722
WM059,HTMA,S,19466104723
WM059,HTMA,XL,19466104724
WM059,HTMA,XS,19466104725
WM728X19,PHYS,2XL,19466104891
WM728X19,PHYS,3XL,19466104892
WM728X19,PHYS,L,19466104893
WM728X19,PHYS,M,19466104894
WM728X19,PHYS,S,19466104895
WM728X19,PHYS,XL,19466104896
WM728X19,RUCD,XS,19466105099
WM728X19,SEEG,XS,19466105100
WM728X19,PHYS,XS,19466105101
WM729X19,CSPT,XS,19466105102
WM728X19,FZFK,XS,19466105103
WM728X19,DPMY,XS,19466105104
WM729X19,TIFT,XS,19466105105
WM729X19,MLBU,XS,19466105106
WM728X19C11,FZFK,ASST,19466105108
WM728X19C11,DPMY,ASST,19466105109
WM729X19C11,TIFT,ASST,19466105110
WM729X19C11,MLBU,ASST,19466105111
WM730X19C11,VIMN,ASST,19466105112
WM731X19C11,SPSL,ASST,19466105113
WM731X19C11,CRTR,ASST,19466105114
WM731X19C11,LYRB,ASST,19466105115
WM731X19C7,LYRB,ASST,19466105116
WM731X19C7,SPSL,ASST,19466105117
WM730X19C7,VIMN,ASST,19466105118
WM731X19C7,CRTR,ASST,19466105119
WM730X19,VIMN,XS,19466105120
WM731X19,LYRB,XS,19466105121
WM731X19,SPSL,XS,19466105122
WM731X19,CRTR,XS,19466105123
WC711X4,SRAD,2XL,19466105203
WC711X4,SRAD,3XL,19466105204
WC711X4,SRAD,L,19466105205
WC711X4,SRAD,M,19466105206
WC711X4,SRAD,S,19466105207
WC711X4,SRAD,XL,19466105208
WC711X4,SRAD,XS,19466105209
WM070C14,HTCY,ASST,19466105347
WM874C14,HTCY,ASST,19466105366
WM059C14,HTMA,ASST,19466105367
WM863C14,HTMA,ASST,19466105368
WM728X19C11,RUCD,ASST,19466105369
WM728X19C11,PHYS,ASST,19466105370
WM728X19C11,SEEG,ASST,19466105371
WM729X19C11,CSPT,ASST,19466105372
WM728X19C7,RUCD,ASST,19466105373
WM728X19C7,PHYS,ASST,19466105374
WM728X19C7,SEEG,ASST,19466105375
WM729X19C7,CSPT,ASST,19466105376
WC711X4C9,FZFK,ASST,19466105380
WC711X4,SEHH,2XL,19466105414
WC711X4,SEHH,3XL,19466105415
WC711X4,SEHH,L,19466105416
WC711X4,SEHH,M,19466105417
WC711X4,SEHH,S,19466105418
WC711X4,SEHH,XL,19466105419
WC711X4,SEHH,XS,19466105420
WC711X4,MKCN,2XL,19466105421
WC711X4,MKCN,3XL,19466105422
WC711X4,MKCN,L,19466105423
WC711X4,MKCN,M,19466105424
WC711X4,MKCN,S,19466105425
WC711X4,MKCN,XL,19466105426
WC711X4,MKCN,XS,19466105427
WC711X4,LHCH,2XL,19466105428
WC711X4,LHCH,3XL,19466105429
WC711X4,LHCH,L,19466105430
WC711X4,LHCH,M,19466105431
WC711X4,LHCH,S,19466105432
WC711X4,LHCH,XL,19466105433
WC711X4,LHCH,XS,19466105434
WA011,IND,2XL,19466105439
WA011,IND,3XL,19466105440
WA011,IND,L,19466105441
WA011,IND,M,19466105442
WA011,IND,S,19466105443
WA011,IND,XL,19466105444
WA011,IND,XS,19466105445
WA011,BLK,2XL,19466105446
WA011,BLK,3XL,19466105447
WA011,BLK,L,19466105448
WA011,BLK,M,19466105449
WA011,BLK,S,19466105450
WA011,BLK,XL,19466105451
WA011,BLK,XS,19466105452
WA811,BLK,2XL,19466105453
WA811,BLK,3XL,19466105454
WA811,BLK,L,19466105455
WA811,BLK,M,19466105456
WA811,BLK,S,19466105457
WA811,BLK,XL,19466105458
WA811,BLK,XS,19466105459
WA811,IND,2XL,19466105460
WA811,IND,3XL,19466105461
WA811,IND,L,19466105462
WA811,IND,M,19466105463
WA811,IND,S,19466105464
WA811,IND,XL,19466105465
WA811,IND,XS,19466105466
WC500X5,DTPR,OS,19466105889
WC500,BMWM,OS,19466105890
WC500,IMWM,OS,19466105891
WD808,QSWM,2XL,19466107360
WD808,QSWM,L,19466107361
WD808,QSWM,M,19466107362
WD808,QSWM,S,19466107363
WD808,QSWM,XL,19466107364
WD808,QSWM,XS,19466107365
WD008,QSWM,2XL,19466107366
WD008,QSWM,L,19466107367
WD008,QSWM,M,19466107368
WD008,QSWM,S,19466107369
WD008,QSWM,XL,19466107370
WD008,QSWM,XS,19466107371
90029,CIE,2XL,19466107958
90029,CIE,3XL,19466107959
90029,CIE,L,19466107960
90029,CIE,M,19466107961
90029,CIE,S,19466107962
90029,CIE,XL,19466107963
90029,MWWM,2XL,19466107964
90029,MWWM,3XL,19466107965
90029,MWWM,L,19466107966
90029,MWWM,M,19466107967
90029,MWWM,S,19466107968
90029,MWWM,XL,19466107969
90029,PWT,2XL,19466107970
90029,PWT,3XL,19466107971
90029,PWT,L,19466107972
90029,PWT,M,19466107973
90029,PWT,S,19466107974
90029,PWT,XL,19466107975
90029,DSWM,2XL,19466107976
90029,DSWM,3XL,19466107977
90029,DSWM,L,19466107978
90029,DSWM,M,19466107979
90029,DSWM,S,19466107980
90029,DSWM,XL,19466107981
77944,SHPW,2XL,19466107982
77944,SHPW,3XL,19466107983
77944,SHPW,L,19466107984
77944,SHPW,M,19466107985
77944,SHPW,S,19466107986
77944,SHPW,XL,19466107987
77944,KIW,2XL,19466107988
77944,KIW,3XL,19466107989
77944,KIW,L,19466107990
77944,KIW,M,19466107991
77944,KIW,S,19466107992
77944,KIW,XL,19466107993
77944,WHTC,2XL,19466107994
77944,WHTC,3XL,19466107995
77944,WHTC,L,19466107996
77944,WHTC,M,19466107997
77944,WHTC,S,19466107998
77944,WHTC,XL,19466107999
77944,BOWC,2XL,19466108000
77944,BOWC,3XL,19466108001
77944,BOWC,L,19466108002
77944,BOWC,M,19466108003
77944,BOWC,S,19466108004
77944,BOWC,XL,19466108005
77943,SHPW,2XL,19466108006
77943,SHPW,3XL,19466108007
77943,SHPW,L,19466108008
77943,SHPW,M,19466108009
77943,SHPW,S,19466108010
77943,SHPW,XL,19466108011
77943,KIW,2XL,19466108012
77943,KIW,3XL,19466108013
77943,KIW,L,19466108014
77943,KIW,M,19466108015
77943,KIW,S,19466108016
77943,KIW,XL,19466108017
77943,BOWC,2XL,19466108024
77943,BOWC,3XL,19466108025
77943,BOWC,L,19466108026
77943,BOWC,M,19466108027
77943,BOWC,S,19466108028
77943,BOWC,XL,19466108029
90031,MWWM,2XL,19466108056
90031,MWWM,3XL,19466108057
90031,MWWM,L,19466108058
90031,MWWM,M,19466108059
90031,MWWM,S,19466108060
90031,MWWM,XL,19466108061
90031,PWT,2XL,19466108062
90031,PWT,3XL,19466108063
90031,PWT,L,19466108064
90031,PWT,M,19466108065
90031,PWT,S,19466108066
90031,PWT,XL,19466108067
90031,CIE,2XL,19466108068
90031,CIE,3XL,19466108069
90031,CIE,L,19466108070
90031,CIE,M,19466108071
90031,CIE,S,19466108072
90031,CIE,XL,19466108073
90031,DSWM,2XL,19466108074
90031,DSWM,3XL,19466108075
90031,DSWM,L,19466108076
90031,DSWM,M,19466108077
90031,DSWM,S,19466108078
90031,DSWM,XL,19466108079
WD835,TQCH,2XL,19466108080
WD835,TQCH,3XL,19466108081
WD835,TQCH,L,19466108082
WD835,TQCH,M,19466108083
WD835,TQCH,S,19466108084
WD835,TQCH,XL,19466108085
WD835,TQCH,XS,19466108086
WD835,WICH,2XL,19466108087
WD835,WICH,3XL,19466108088
WD835,WICH,L,19466108089
WD835,WICH,M,19466108090
WD835,WICH,S,19466108091
WD835,WICH,XL,19466108092
WD835,WICH,XS,19466108093
WD035,TQCH,2XL,19466108094
WD035,TQCH,3XL,19466108095
WD035,TQCH,L,19466108096
WD035,TQCH,M,19466108097
WD035,TQCH,S,19466108098
WD035,TQCH,XL,19466108099
WD035,TQCH,XS,19466108100
WD035,WICH,2XL,19466108101
WD035,WICH,3XL,19466108102
WD035,WICH,L,19466108103
WD035,WICH,M,19466108104
WD035,WICH,S,19466108105
WD035,WICH,XL,19466108106
WD035,WICH,XS,19466108107
90030,IMWM,2XL,19466108533
90030,IMWM,3XL,19466108534
90030,IMWM,L,19466108535
90030,IMWM,M,19466108536
90030,IMWM,S,19466108537
90030,IMWM,XL,19466108538
90030,BMWM,2XL,19466108539
90030,BMWM,3XL,19466108540
90030,BMWM,L,19466108541
90030,BMWM,M,19466108542
90030,BMWM,S,19466108543
90030,BMWM,XL,19466108544
WD303X5,CNSQ,2XL,19466108875
WD303X5,CNSQ,3XL,19466108876
WD303X5,CNSQ,L,19466108877
WD303X5,CNSQ,M,19466108878
WD303X5,CNSQ,S,19466108879
WD303X5,CNSQ,XL,19466108880
WD500X5,CNSQ,OS,19466108881
WD500,BMWM,OS,19466108882
WD500,IMWM,OS,19466108883
WD500,PWT,OS,19466108884
WD703X5,CNSQ,2XL,19466108885
WD703X5,CNSQ,3XL,19466108886
WD703X5,CNSQ,L,19466108887
WD703X5,CNSQ,M,19466108888
WD703X5,CNSQ,S,19466108889
WD703X5,CNSQ,XL,19466108890
77963,KAK,2XL,19466108891
77963,KAK,3XL,19466108892
77963,KAK,L,19466108893
77963,KAK,M,19466108894
77963,KAK,S,19466108895
77963,KAK,XL,19466108896
77964,KAK,2XL,19466108897
77964,KAK,3XL,19466108898
77964,KAK,L,19466108899
77964,KAK,M,19466108900
77964,KAK,S,19466108901
77964,KAK,XL,19466108902
77964,KAK,XS,19466108903
WD800,AQUZ,2XL,19466108904
WD800,AQUZ,3XL,19466108905
WD800,AQUZ,L,19466108906
WD800,AQUZ,M,19466108907
WD800,AQUZ,S,19466108908
WD800,AQUZ,XL,19466108909
WD800,AQUZ,XS,19466108910
WD000,AQUZ,2XL,19466108911
WD000,AQUZ,3XL,19466108912
WD000,AQUZ,L,19466108913
WD000,AQUZ,M,19466108914
WD000,AQUZ,S,19466108915
WD000,AQUZ,XL,19466108916
WD000,AQUZ,XS,19466108917
WC650,BLKW,2XL,19466108918
WC650,BLKW,3XL,19466108919
WC650,BLKW,L,19466108920
WC650,BLKW,M,19466108921
WC650,BLKW,S,19466108922
WC650,BLKW,XL,19466108923
WC650,BLKW,XS,19466108924
WC650,WHTW,2XL,19466108925
WC650,WHTW,3XL,19466108926
WC650,WHTW,L,19466108927
WC650,WHTW,M,19466108928
WC650,WHTW,S,19466108929
WC650,WHTW,XL,19466108930
WC650,WHTW,XS,19466108931
WC652,BME,2XL,19466108932
WC652,BME,3XL,19466108933
WC652,BME,L,19466108934
WC652,BME,M,19466108935
WC652,BME,S,19466108936
WC652,BME,XL,19466108937
WC652,BME,XS,19466108938
WC652,EBM,2XL,19466108939
WC652,EBM,3XL,19466108940
WC652,EBM,L,19466108941
WC652,EBM,M,19466108942
WC652,EBM,S,19466108943
WC652,EBM,XL,19466108944
WC652,EBM,XS,19466108945
WC652,IDME,2XL,19466108946
WC652,IDME,3XL,19466108947
WC652,IDME,L,19466108948
WC652,IDME,M,19466108949
WC652,IDME,S,19466108950
WC652,IDME,XL,19466108951
WC652,IDME,XS,19466108952
77963,KAK,XS,19466109002
WC517PK2,CNSB,OS,19466109130
WC517PK2,DISB,OS,19466109131
WC517PK2,DTHB,OS,19466109132
WC517PK2,DTPB,OS,19466109133
WC517PK2,MLHB,OS,19466109134
WC517PK2,PLIB,OS,19466109135
WC517PK2,SFFB,OS,19466109136
WC518PK2,TOFRB,OS,19466109137
WC518PK2,TYPB,OS,19466109138
WC518PK2,DNRB,OS,19466109139
WC519PK2,SPSB,OS,19466109140
WC520PK2,BMWM,OS,19466109141
WC521PK2,DWSBK,OS,19466109142
90003,CGWM,M,19466109525
90003,CGWM,XL,19466109526
90003,CGWM,XXS,19466109527
WD304,BLK,2XL,19466109699
WD304,BLK,3XL,19466109700
WD304,BLK,L,19466109701
WD304,BLK,M,19466109702
WD304,BLK,S,19466109703
WD304,BLK,XL,19466109704
WD304,BLK,XS,19466109705
WD304,EBW,2XL,19466109706
WD304,EBW,3XL,19466109707
WD304,EBW,L,19466109708
WD304,EBW,M,19466109709
WD304,EBW,S,19466109710
WD304,EBW,XL,19466109711
WD304,EBW,XS,19466109712
WD304,IND,2XL,19466109713
WD304,IND,3XL,19466109714
WD304,IND,L,19466109715
WD304,IND,M,19466109716
WD304,IND,S,19466109717
WD304,IND,XL,19466109718
WD304,IND,XS,19466109719
WD304,PWT,2XL,19466109720
WD304,PWT,3XL,19466109721
WD304,PWT,L,19466109722
WD304,PWT,M,19466109723
WD304,PWT,S,19466109724
WD304,PWT,XL,19466109725
WD304,PWT,XS,19466109726
WD844,BMWM,2XL,19466109727
WD844,BMWM,3XL,19466109728
WD844,BMWM,L,19466109729
WD844,BMWM,M,19466109730
WD844,BMWM,S,19466109731
WD844,BMWM,XL,19466109732
WD844,BMWM,XS,19466109733
WD844,CIE,2XL,19466109734
WD844,CIE,3XL,19466109735
WD844,CIE,L,19466109736
WD844,CIE,M,19466109737
WD844,CIE,S,19466109738
WD844,CIE,XL,19466109739
WD844,CIE,XS,19466109740
WD844,DSWM,2XL,19466109741
WD844,DSWM,3XL,19466109742
WD844,DSWM,L,19466109743
WD844,DSWM,M,19466109744
WD844,DSWM,S,19466109745
WD844,DSWM,XL,19466109746
WD844,DSWM,XS,19466109747
WD844,IMWM,2XL,19466109748
WD844,IMWM,3XL,19466109749
WD844,IMWM,L,19466109750
WD844,IMWM,M,19466109751
WD844,IMWM,S,19466109752
WD844,IMWM,XL,19466109753
WD844,IMWM,XS,19466109754
WD844,MWWM,2XL,19466109755
WD844,MWWM,3XL,19466109756
WD844,MWWM,L,19466109757
WD844,MWWM,M,19466109758
WD844,MWWM,S,19466109759
WD844,MWWM,XL,19466109760
WD844,MWWM,XS,19466109761
WD844,PWT,2XL,19466109762
WD844,PWT,3XL,19466109763
WD844,PWT,L,19466109764
WD844,PWT,M,19466109765
WD844,PWT,S,19466109766
WD844,PWT,XL,19466109767
WD844,PWT,XS,19466109768
WD844,UMWM,2XL,19466109769
WD844,UMWM,3XL,19466109770
WD844,UMWM,L,19466109771
WD844,UMWM,M,19466109772
WD844,UMWM,S,19466109773
WD844,UMWM,XL,19466109774
WD844,UMWM,XS,19466109775
WD841,BLK,2XL,19466109778
WD841,BLK,3XL,19466109779
WD841,BLK,L,19466109780
WD841,BLK,M,19466109781
WD841,BLK,S,19466109782
WD841,BLK,XL,19466109783
WD841,BLK,XS,19466109784
WD841,DESL,2XL,19466109785
WD841,DESL,3XL,19466109786
WD841,DESL,L,19466109787
WD841,DESL,M,19466109788
WD841,DESL,S,19466109789
WD841,DESL,XL,19466109790
WD841,DESL,XS,19466109791
WD841,IND,2XL,19466109792
WD841,IND,3XL,19466109793
WD841,IND,L,19466109794
WD841,IND,M,19466109795
WD841,IND,S,19466109796
WD841,IND,XL,19466109797
WD841,IND,XS,19466109798
WD841,PWT,2XL,19466109799
WD841,PWT,3XL,19466109800
WD841,PWT,L,19466109801
WD841,PWT,M,19466109802
WD841,PWT,S,19466109803
WD841,PWT,XL,19466109804
WD841,PWT,XS,19466109805
WD841,RAR,2XL,19466109806
WD841,RAR,3XL,19466109807
WD841,RAR,L,19466109808
WD841,RAR,M,19466109809
WD841,RAR,S,19466109810
WD841,RAR,XL,19466109811
WD841,RAR,XS,19466109812
WD841,WIN,2XL,19466109813
WD841,WIN,3XL,19466109814
WD841,WIN,L,19466109815
WD841,WIN,M,19466109816
WD841,WIN,S,19466109817
WD841,WIN,XL,19466109818
WD841,WIN,XS,19466109819
WD041,BLK,2XL,19466109820
WD041,BLK,3XL,19466109821
WD041,BLK,L,19466109822
WD041,BLK,M,19466109823
WD041,BLK,S,19466109824
WD041,BLK,XL,19466109825
WD041,BLK,XS,19466109826
WD041,DESL,2XL,19466109827
WD041,DESL,3XL,19466109828
WD041,DESL,L,19466109829
WD041,DESL,M,19466109830
WD041,DESL,S,19466109831
WD041,DESL,XL,19466109832
WD041,DESL,XS,19466109833
WD041,IND,2XL,19466109834
WD041,IND,3XL,19466109835
WD041,IND,L,19466109836
WD041,IND,M,19466109837
WD041,IND,S,19466109838
WD041,IND,XL,19466109839
WD041,IND,XS,19466109840
WD041,PWT,2XL,19466109841
WD041,PWT,3XL,19466109842
WD041,PWT,L,19466109843
WD041,PWT,M,19466109844
WD041,PWT,S,19466109845
WD041,PWT,XL,19466109846
WD041,PWT,XS,19466109847
WD041,RAR,2XL,19466109848
WD041,RAR,3XL,19466109849
WD041,RAR,L,19466109850
WD041,RAR,M,19466109851
WD041,RAR,S,19466109852
WD041,RAR,XL,19466109853
WD041,RAR,XS,19466109854
WD041,WIN,2XL,19466109855
WD041,WIN,3XL,19466109856
WD041,WIN,L,19466109857
WD041,WIN,M,19466109858
WD041,WIN,S,19466109859
WD041,WIN,XL,19466109860
WD041,WIN,XS,19466109861
WD044,BMWM,2XL,19466109867
WD044,BMWM,3XL,19466109868
WD044,BMWM,L,19466109869
WD044,BMWM,M,19466109870
WD044,BMWM,S,19466109871
WD044,BMWM,XL,19466109872
WD044,BMWM,XS,19466109873
WD044,CIE,2XL,19466109874
WD044,CIE,3XL,19466109875
WD044,CIE,L,19466109876
WD044,CIE,M,19466109877
WD044,CIE,S,19466109878
WD044,CIE,XL,19466109879
WD044,CIE,XS,19466109880
WD044,DSWM,2XL,19466109881
WD044,DSWM,3XL,19466109882
WD044,DSWM,L,19466109883
WD044,DSWM,M,19466109884
WD044,DSWM,S,19466109885
WD044,DSWM,XL,19466109886
WD044,DSWM,XS,19466109887
WD044,IMWM,2XL,19466109888
WD044,IMWM,3XL,19466109889
WD044,IMWM,L,19466109890
WD044,IMWM,M,19466109891
WD044,IMWM,S,19466109892
WD044,IMWM,XL,19466109893
WD044,IMWM,XS,19466109894
WD044,MWWM,2XL,19466109895
WD044,MWWM,3XL,19466109896
WD044,MWWM,L,19466109897
WD044,MWWM,M,19466109898
WD044,MWWM,S,19466109899
WD044,MWWM,XL,19466109900
WD044,MWWM,XS,19466109901
WD044,PWT,2XL,19466109902
WD044,PWT,3XL,19466109903
WD044,PWT,L,19466109904
WD044,PWT,M,19466109905
WD044,PWT,S,19466109906
WD044,PWT,XL,19466109907
WD044,PWT,XS,19466109908
WD044,UMWM,2XL,19466109909
WD044,UMWM,3XL,19466109910
WD044,UMWM,L,19466109911
WD044,UMWM,M,19466109912
WD044,UMWM,S,19466109913
WD044,UMWM,XL,19466109914
WD044,UMWM,XS,19466109915
WC652,BTME,2XL,19466109921
WC652,BTME,3XL,19466109922
WC652,BTME,L,19466109923
WC652,BTME,M,19466109924
WC652,BTME,S,19466109925
WC652,BTME,XL,19466109926
WC652,BTME,XS,19466109927
90005,SHPW,2XL,19466110803
90005,SHPW,3XL,19466110804
90005,SHPW,L,19466110805
90005,SHPW,M,19466110806
90005,SHPW,S,19466110807
90005,SHPW,XL,19466110808
90005,SHPW,XS,19466110809
90003,SHPW,2XL,19466110810
90003,SHPW,3XL,19466110811
90003,SHPW,L,19466110812
90003,SHPW,M,19466110813
90003,SHPW,S,19466110814
90003,SHPW,XL,19466110815
90003,SHPW,XS,19466110816
WD042,BLK,2XL,19466111039
WD042,BLK,3XL,19466111040
WD042,BLK,L,19466111041
WD042,BLK,M,19466111042
WD042,BLK,S,19466111043
WD042,BLK,XL,19466111044
WD042,BLK,XS,19466111045
WD042,CIE,2XL,19466111046
WD042,CIE,3XL,19466111047
WD042,CIE,L,19466111048
WD042,CIE,M,19466111049
WD042,CIE,S,19466111050
WD042,CIE,XL,19466111051
WD042,CIE,XS,19466111052
WD042,GAB,2XL,19466111053
WD042,GAB,3XL,19466111054
WD042,GAB,L,19466111055
WD042,GAB,M,19466111056
WD042,GAB,S,19466111057
WD042,GAB,XL,19466111058
WD042,GAB,XS,19466111059
WD042,NAVY,2XL,19466111060
WD042,NAVY,3XL,19466111061
WD042,NAVY,L,19466111062
WD042,NAVY,M,19466111063
WD042,NAVY,S,19466111064
WD042,NAVY,XL,19466111065
WD042,NAVY,XS,19466111066
WD042,PWT,2XL,19466111067
WD042,PWT,3XL,19466111068
WD042,PWT,L,19466111069
WD042,PWT,M,19466111070
WD042,PWT,S,19466111071
WD042,PWT,XL,19466111072
WD042,PWT,XS,19466111073
WD042,WIN,2XL,19466111074
WD042,WIN,3XL,19466111075
WD042,WIN,L,19466111076
WD042,WIN,M,19466111077
WD042,WIN,S,19466111078
WD042,WIN,XL,19466111079
WD042,WIN,XS,19466111080
WM259,BLK,2XL,19466111418
WM259,BLK,3XL,19466111419
WM259,BLK,L,19466111420
WM259,BLK,M,19466111421
WM259,BLK,S,19466111422
WM259,BLK,XL,19466111423
WM259,BLK,XS,19466111424
WM259,EBW,2XL,19466111425
WM259,EBW,3XL,19466111426
WM259,EBW,L,19466111427
WM259,EBW,M,19466111428
WM259,EBW,S,19466111429
WM259,EBW,XL,19466111430
WM259,EBW,XS,19466111431
WM259,PWT,2XL,19466111432
WM259,PWT,3XL,19466111433
WM259,PWT,L,19466111434
WM259,PWT,M,19466111435
WM259,PWT,S,19466111436
WM259,PWT,XL,19466111437
WM259,PWT,XS,19466111438
WM259,RAR,2XL,19466111439
WM259,RAR,3XL,19466111440
WM259,RAR,L,19466111441
WM259,RAR,M,19466111442
WM259,RAR,S,19466111443
WM259,RAR,XL,19466111444
WM259,RAR,XS,19466111445
WM259,WIN,2XL,19466111446
WM259,WIN,3XL,19466111447
WM259,WIN,L,19466111448
WM259,WIN,M,19466111449
WM259,WIN,S,19466111450
WM259,WIN,XL,19466111451
WM259,WIN,XS,19466111452
WM663,BLK,2XL,19466111453
WM663,BLK,3XL,19466111454
WM663,BLK,L,19466111455
WM663,BLK,M,19466111456
WM663,BLK,S,19466111457
WM663,BLK,XL,19466111458
WM663,BLK,XS,19466111459
WM663,EBW,2XL,19466111460
WM663,EBW,3XL,19466111461
WM663,EBW,L,19466111462
WM663,EBW,M,19466111463
WM663,EBW,S,19466111464
WM663,EBW,XL,19466111465
WM663,EBW,XS,19466111466
WM663,PWT,2XL,19466111467
WM663,PWT,3XL,19466111468
WM663,PWT,L,19466111469
WM663,PWT,M,19466111470
WM663,PWT,S,19466111471
WM663,PWT,XL,19466111472
WM663,PWT,XS,19466111473
WM663,RAR,2XL,19466111474
WM663,RAR,3XL,19466111475
WM663,RAR,L,19466111476
WM663,RAR,M,19466111477
WM663,RAR,S,19466111478
WM663,RAR,XL,19466111479
WM663,RAR,XS,19466111480
WM663,WIN,2XL,19466111481
WM663,WIN,3XL,19466111482
WM663,WIN,L,19466111483
WM663,WIN,M,19466111484
WM663,WIN,S,19466111485
WM663,WIN,XL,19466111486
WM663,WIN,XS,19466111487
WD042,NAV,2XL,19466111488
WD042,NAV,3XL,19466111489
WD042,NAV,L,19466111490
WD042,NAV,M,19466111491
WD042,NAV,S,19466111492
WD042,NAV,XL,19466111493
WD042,NAV,XS,19466111494
WD845,BLK,2XL,19466111495
WD845,BLK,3XL,19466111496
WD845,BLK,L,19466111497
WD845,BLK,M,19466111498
WD845,BLK,S,19466111499
WD845,BLK,XL,19466111500
WD845,BLK,XS,19466111501
WD845,GAB,2XL,19466111502
WD845,GAB,3XL,19466111503
WD845,GAB,L,19466111504
WD845,GAB,M,19466111505
WD845,GAB,S,19466111506
WD845,GAB,XL,19466111507
WD845,GAB,XS,19466111508
WD845,WIN,2XL,19466111509
WD845,WIN,3XL,19466111510
WD845,WIN,L,19466111511
WD845,WIN,M,19466111512
WD845,WIN,S,19466111513
WD845,WIN,XL,19466111514
WD845,WIN,XS,19466111515
WD845,PWT,2XL,19466111516
WD845,PWT,3XL,19466111517
WD845,PWT,L,19466111518
WD845,PWT,M,19466111519
WD845,PWT,S,19466111520
WD845,PWT,XL,19466111521
WD845,PWT,XS,19466111522
WD845,NAV,2XL,19466111523
WD845,NAV,3XL,19466111524
WD845,NAV,L,19466111525
WD845,NAV,M,19466111526
WD845,NAV,S,19466111527
WD845,NAV,XL,19466111528
WD845,NAV,XS,19466111529
WD845,CIE,2XL,19466111684
WD845,CIE,3XL,19466111685
WD845,CIE,L,19466111686
WD845,CIE,M,19466111687
WD845,CIE,S,19466111688
WD845,CIE,XL,19466111689
WD845,CIE,XS,19466111690
WM842,PWT,2XL,19466113279
WM842,PWT,3XL,19466113280
WM842,PWT,L,19466113281
WM842,PWT,M,19466113282
WM842,PWT,S,19466113283
WM842,PWT,XL,19466113284
WM842,AQBU,2XL,19466113285
WM842,AQBU,3XL,19466113286
WM842,AQBU,L,19466113287
WM842,AQBU,M,19466113288
WM842,AQBU,S,19466113289
WM842,AQBU,XL,19466113290
WM049,PWT,2XL,19466113291
WM049,PWT,3XL,19466113292
WM049,PWT,L,19466113293
WM049,PWT,M,19466113294
WM049,PWT,S,19466113295
WM049,PWT,XL,19466113296
WM049,AQBU,2XL,19466113297
WM049,AQBU,3XL,19466113298
WM049,AQBU,L,19466113299
WM049,AQBU,M,19466113300
WM049,AQBU,S,19466113301
WM049,AQBU,XL,19466113302
WM897A,BLK,2XL,19466113330
WM897A,BLK,3XL,19466113331
WM897A,BLK,L,19466113332
WM897A,BLK,M,19466113333
WM897A,BLK,S,19466113334
WM897A,BLK,XL,19466113335
WM897A,BLK,XS,19466113336
WM897A,CIE,2XL,19466113337
WM897A,CIE,3XL,19466113338
WM897A,CIE,L,19466113339
WM897A,CIE,M,19466113340
WM897A,CIE,S,19466113341
WM897A,CIE,XL,19466113342
WM897A,CIE,XS,19466113343
WM897A,DESL,2XL,19466113344
WM897A,DESL,3XL,19466113345
WM897A,DESL,L,19466113346
WM897A,DESL,M,19466113347
WM897A,DESL,S,19466113348
WM897A,DESL,XL,19466113349
WM897A,DESL,XS,19466113350
WM897A,EBW,2XL,19466113351
WM897A,EBW,3XL,19466113352
WM897A,EBW,L,19466113353
WM897A,EBW,M,19466113354
WM897A,EBW,S,19466113355
WM897A,EBW,XL,19466113356
WM897A,EBW,XS,19466113357
WM897A,EGG,2XL,19466113358
WM897A,EGG,3XL,19466113359
WM897A,EGG,L,19466113360
WM897A,EGG,M,19466113361
WM897A,EGG,S,19466113362
WM897A,EGG,XL,19466113363
WM897A,EGG,XS,19466113364
WM897A,IND,2XL,19466113365
WM897A,IND,3XL,19466113366
WM897A,IND,L,19466113367
WM897A,IND,M,19466113368
WM897A,IND,S,19466113369
WM897A,IND,XL,19466113370
WM897A,IND,XS,19466113371
WM897A,PWT,2XL,19466113372
WM897A,PWT,3XL,19466113373
WM897A,PWT,L,19466113374
WM897A,PWT,M,19466113375
WM897A,PWT,S,19466113376
WM897A,PWT,XL,19466113377
WM897A,PWT,XS,19466113378
WM897A,WIN,2XL,19466113379
WM897A,WIN,3XL,19466113380
WM897A,WIN,L,19466113381
WM897A,WIN,M,19466113382
WM897A,WIN,S,19466113383
WM897A,WIN,XL,19466113384
WM897A,WIN,XS,19466113385
WM259C14,BLK,ASST,19466113386
WM259C14,EBW,ASST,19466113387
WM259C14,PWT,ASST,19466113388
WM259C14,RAR,ASST,19466113389
WM259C14,WIN,ASST,19466113390
WM663C14,BLK,ASST,19466113391
WM663C14,EBW,ASST,19466113392
WM663C14,PWT,ASST,19466113393
WM663C14,RAR,ASST,19466113394
WM663C14,WIN,ASST,19466113395
WM084A,BLK,2XL,19466113396
WM084A,BLK,3XL,19466113397
WM084A,BLK,L,19466113398
WM084A,BLK,M,19466113399
WM084A,BLK,S,19466113400
WM084A,BLK,XL,19466113401
WM084A,BLK,XS,19466113402
WM084A,CIE,2XL,19466113403
WM084A,CIE,3XL,19466113404
WM084A,CIE,L,19466113405
WM084A,CIE,M,19466113406
WM084A,CIE,S,19466113407
WM084A,CIE,XL,19466113408
WM084A,CIE,XS,19466113409
WM084A,DESL,2XL,19466113410
WM084A,DESL,3XL,19466113411
WM084A,DESL,L,19466113412
WM084A,DESL,M,19466113413
WM084A,DESL,S,19466113414
WM084A,DESL,XL,19466113415
WM084A,DESL,XS,19466113416
WM084A,EBW,2XL,19466113417
WM084A,EBW,3XL,19466113418
WM084A,EBW,L,19466113419
WM084A,EBW,M,19466113420
WM084A,EBW,S,19466113421
WM084A,EBW,XL,19466113422
WM084A,EBW,XS,19466113423
WM084A,EGG,2XL,19466113424
WM084A,EGG,3XL,19466113425
WM084A,EGG,L,19466113426
WM084A,EGG,M,19466113427
WM084A,EGG,S,19466113428
WM084A,EGG,XL,19466113429
WM084A,EGG,XS,19466113430
WM084A,IND,2XL,19466113431
WM084A,IND,3XL,19466113432
WM084A,IND,L,19466113433
WM084A,IND,M,19466113434
WM084A,IND,S,19466113435
WM084A,IND,XL,19466113436
WM084A,IND,XS,19466113437
WM084A,PWT,2XL,19466113438
WM084A,PWT,3XL,19466113439
WM084A,PWT,L,19466113440
WM084A,PWT,M,19466113441
WM084A,PWT,S,19466113442
WM084A,PWT,XL,19466113443
WM084A,PWT,XS,19466113444
WM084A,WIN,2XL,19466113445
WM084A,WIN,3XL,19466113446
WM084A,WIN,L,19466113447
WM084A,WIN,M,19466113448
WM084A,WIN,S,19466113449
WM084A,WIN,XL,19466113450
WM084A,WIN,XS,19466113451
WM084AP,BLK,L,19466113470
WM084AP,BLK,M,19466113471
WM084AP,EBW,L,19466113472
WM084AP,EBW,M,19466113473
WM084AP,IND,L,19466113474
WM084AP,IND,M,19466113475
WM084AP,PWT,L,19466113476
WM084AP,PWT,M,19466113477
WM083,WHT,2XL,19466113570
WM083,WHT,3XL,19466113571
WM083,WHT,L,19466113572
WM083,WHT,M,19466113573
WM083,WHT,S,19466113574
WM083,WHT,XL,19466113575
WM896,WHT,2XL,19466113582
WM896,WHT,3XL,19466113583
WM896,WHT,L,19466113584
WM896,WHT,M,19466113585
WM896,WHT,S,19466113586
WM896,WHT,XL,19466113587
WM082,AQBU,2XL,19466113588
WM082,AQBU,3XL,19466113589
WM082,AQBU,L,19466113590
WM082,AQBU,M,19466113591
WM082,AQBU,S,19466113592
WM082,AQBU,XL,19466113593
WM082,BLK,2XL,19466113594
WM082,BLK,3XL,19466113595
WM082,BLK,L,19466113596
WM082,BLK,M,19466113597
WM082,BLK,S,19466113598
WM082,BLK,XL,19466113599
WM082,CGW,2XL,19466113600
WM082,CGW,3XL,19466113601
WM082,CGW,L,19466113602
WM082,CGW,M,19466113603
WM082,CGW,S,19466113604
WM082,CGW,XL,19466113605
WM082,CIE,2XL,19466113606
WM082,CIE,3XL,19466113607
WM082,CIE,L,19466113608
WM082,CIE,M,19466113609
WM082,CIE,S,19466113610
WM082,CIE,XL,19466113611
WM082,EBW,2XL,19466113612
WM082,EBW,3XL,19466113613
WM082,EBW,L,19466113614
WM082,EBW,M,19466113615
WM082,EBW,S,19466113616
WM082,EBW,XL,19466113617
WM082,EGG,2XL,19466113618
WM082,EGG,3XL,19466113619
WM082,EGG,L,19466113620
WM082,EGG,M,19466113621
WM082,EGG,S,19466113622
WM082,EGG,XL,19466113623
WM082,IND,2XL,19466113624
WM082,IND,3XL,19466113625
WM082,IND,L,19466113626
WM082,IND,M,19466113627
WM082,IND,S,19466113628
WM082,IND,XL,19466113629
WM082,WIN,2XL,19466113630
WM082,WIN,3XL,19466113631
WM082,WIN,L,19466113632
WM082,WIN,M,19466113633
WM082,WIN,S,19466113634
WM082,WIN,XL,19466113635
WM082,PWT,2XL,19466113636
WM082,PWT,3XL,19466113637
WM082,PWT,L,19466113638
WM082,PWT,M,19466113639
WM082,PWT,S,19466113640
WM082,PWT,XL,19466113641
WM895,AQBU,2XL,19466113642
WM895,AQBU,3XL,19466113643
WM895,AQBU,L,19466113644
WM895,AQBU,M,19466113645
WM895,AQBU,S,19466113646
WM895,AQBU,XL,19466113647
WM895,BLK,2XL,19466113648
WM895,BLK,3XL,19466113649
WM895,BLK,L,19466113650
WM895,BLK,M,19466113651
WM895,BLK,S,19466113652
WM895,BLK,XL,19466113653
WM895,CGW,2XL,19466113654
WM895,CGW,3XL,19466113655
WM895,CGW,L,19466113656
WM895,CGW,M,19466113657
WM895,CGW,S,19466113658
WM895,CGW,XL,19466113659
WM895,CIE,2XL,19466113660
WM895,CIE,3XL,19466113661
WM895,CIE,L,19466113662
WM895,CIE,M,19466113663
WM895,CIE,S,19466113664
WM895,CIE,XL,19466113665
WM895,EBW,2XL,19466113666
WM895,EBW,3XL,19466113667
WM895,EBW,L,19466113668
WM895,EBW,M,19466113669
WM895,EBW,S,19466113670
WM895,EBW,XL,19466113671
WM895,EGG,2XL,19466113672
WM895,EGG,3XL,19466113673
WM895,EGG,L,19466113674
WM895,EGG,M,19466113675
WM895,EGG,S,19466113676
WM895,EGG,XL,19466113677
WM895,IND,2XL,19466113678
WM895,IND,3XL,19466113679
WM895,IND,L,19466113680
WM895,IND,M,19466113681
WM895,IND,S,19466113682
WM895,IND,XL,19466113683
WM895,PWT,2XL,19466113684
WM895,PWT,3XL,19466113685
WM895,PWT,L,19466113686
WM895,PWT,M,19466113687
WM895,PWT,S,19466113688
WM895,PWT,XL,19466113689
WM895,WIN,2XL,19466113690
WM895,WIN,3XL,19466113691
WM895,WIN,L,19466113692
WM895,WIN,M,19466113693
WM895,WIN,S,19466113694
WM895,WIN,XL,19466113695
WM877A,BLK,2XL,19466113698
WM877A,BLK,3XL,19466113699
WM877A,BLK,L,19466113700
WM877A,BLK,M,19466113701
WM877A,BLK,S,19466113702
WM877A,BLK,XL,19466113703
WM877A,BLK,XS,19466113704
WM877A,CIE,2XL,19466113705
WM877A,CIE,3XL,19466113706
WM877A,CIE,L,19466113707
WM877A,CIE,M,19466113708
WM877A,CIE,S,19466113709
WM877A,CIE,XL,19466113710
WM877A,CIE,XS,19466113711
WM877A,DESL,2XL,19466113712
WM877A,DESL,3XL,19466113713
WM877A,DESL,L,19466113714
WM877A,DESL,M,19466113715
WM877A,DESL,S,19466113716
WM877A,DESL,XL,19466113717
WM877A,DESL,XS,19466113718
WM877A,EBW,2XL,19466113719
WM877A,EBW,3XL,19466113720
WM877A,EBW,L,19466113721
WM877A,EBW,M,19466113722
WM877A,EBW,S,19466113723
WM877A,EBW,XL,19466113724
WM877A,EBW,XS,19466113725
WM877A,EGG,2XL,19466113726
WM877A,EGG,3XL,19466113727
WM877A,EGG,L,19466113728
WM877A,EGG,M,19466113729
WM877A,EGG,S,19466113730
WM877A,EGG,XL,19466113731
WM877A,EGG,XS,19466113732
WM877A,IND,2XL,19466113733
WM877A,IND,3XL,19466113734
WM877A,IND,L,19466113735
WM877A,IND,M,19466113736
WM877A,IND,S,19466113737
WM877A,IND,XL,19466113738
WM877A,IND,XS,19466113739
WM877A,PWT,2XL,19466113740
WM877A,PWT,3XL,19466113741
WM877A,PWT,L,19466113742
WM877A,PWT,M,19466113743
WM877A,PWT,S,19466113744
WM877A,PWT,XL,19466113745
WM877A,PWT,XS,19466113746
WM877A,WIN,2XL,19466113747
WM877A,WIN,3XL,19466113748
WM877A,WIN,L,19466113749
WM877A,WIN,M,19466113750
WM877A,WIN,S,19466113751
WM877A,WIN,XL,19466113752
WM877A,WIN,XS,19466113753
WM072A,BLK,2XL,19466113754
WM072A,BLK,3XL,19466113755
WM072A,BLK,L,19466113756
WM072A,BLK,M,19466113757
WM072A,BLK,S,19466113758
WM072A,BLK,XL,19466113759
WM072A,BLK,XS,19466113760
WM072A,CIE,2XL,19466113761
WM072A,CIE,3XL,19466113762
WM072A,CIE,L,19466113763
WM072A,CIE,M,19466113764
WM072A,CIE,S,19466113765
WM072A,CIE,XL,19466113766
WM072A,CIE,XS,19466113767
WM072A,DESL,2XL,19466113768
WM072A,DESL,3XL,19466113769
WM072A,DESL,L,19466113770
WM072A,DESL,M,19466113771
WM072A,DESL,S,19466113772
WM072A,DESL,XL,19466113773
WM072A,DESL,XS,19466113774
WM072A,EBW,2XL,19466113775
WM072A,EBW,3XL,19466113776
WM072A,EBW,L,19466113777
WM072A,EBW,M,19466113778
WM072A,EBW,S,19466113779
WM072A,EBW,XL,19466113780
WM072A,EBW,XS,19466113781
WM072A,EGG,2XL,19466113782
WM072A,EGG,3XL,19466113783
WM072A,EGG,L,19466113784
WM072A,EGG,M,19466113785
WM072A,EGG,S,19466113786
WM072A,EGG,XL,19466113787
WM072A,EGG,XS,19466113788
WM072A,IND,2XL,19466113789
WM072A,IND,3XL,19466113790
WM072A,IND,L,19466113791
WM072A,IND,M,19466113792
WM072A,IND,S,19466113793
WM072A,IND,XL,19466113794
WM072A,IND,XS,19466113795
WM072A,WIN,2XL,19466113796
WM072A,WIN,3XL,19466113797
WM072A,WIN,L,19466113798
WM072A,WIN,M,19466113799
WM072A,WIN,S,19466113800
WM072A,WIN,XL,19466113801
WM072A,WIN,XS,19466113802
WM072AP,BLK,L,19466113803
WM072AP,BLK,M,19466113804
WM072AP,BLK,S,19466113805
WM072AP,BLK,XL,19466113806
WM072AP,BLK,XS,19466113807
WM072AP,IND,L,19466113808
WM072AP,IND,M,19466113809
WM072AP,IND,S,19466113810
WM072AP,IND,XL,19466113811
WM072AP,IND,XS,19466113812
WM072AP,PWT,L,19466113813
WM072AP,PWT,M,19466113814
WM072AP,PWT,S,19466113815
WM072AP,PWT,XL,19466113816
WM072AP,PWT,XS,19466113817
WM072A,PWT,2XL,19466113818
WM072A,PWT,3XL,19466113819
WM072A,PWT,L,19466113820
WM072A,PWT,M,19466113821
WM072A,PWT,S,19466113822
WM072A,PWT,XL,19466113823
WM072A,PWT,XS,19466113824
WM072AP,EBW,L,19466113825
WM072AP,EBW,M,19466113826
WM072AP,EBW,S,19466113827
WM072AP,EBW,XL,19466113828
WM072AP,EBW,XS,19466113829
WM738C19,LOPS,2XL,19466113830
WM738C19,LOPS,3XL,19466113831
WM738C19,LOPS,L,19466113832
WM738C19,LOPS,M,19466113833
WM738C19,LOPS,S,19466113834
WM738C19,LOPS,XL,19466113835
WM738C19,LOPS,XS,19466113836
WM738C19,STTL,2XL,19466113837
WM738C19,STTL,3XL,19466113838
WM738C19,STTL,L,19466113839
WM738C19,STTL,M,19466113840
WM738C19,STTL,S,19466113841
WM738C19,STTL,XL,19466113842
WM738C19,STTL,XS,19466113843
WM745C19,PHBH,2XL,19466113844
WM745C19,PHBH,3XL,19466113845
WM745C19,PHBH,L,19466113846
WM745C19,PHBH,M,19466113847
WM745C19,PHBH,S,19466113848
WM745C19,PHBH,XL,19466113849
WM745C19,PHBH,XS,19466113850
WM745C19,SRAD,2XL,19466113851
WM745C19,SRAD,3XL,19466113852
WM745C19,SRAD,L,19466113853
WM745C19,SRAD,M,19466113854
WM745C19,SRAD,S,19466113855
WM745C19,SRAD,XL,19466113856
WM745C19,SRAD,XS,19466113857
WM082C12,CIE,ASST,19466113872
WM082C12,EGG,ASST,19466113873
WM082C12,EBW,ASST,19466113874
WM082C12,CGW,ASST,19466113875
WM082C12,IND,ASST,19466113876
WM082C12,PWT,ASST,19466113877
WM082C12,AQBU,ASST,19466113878
WM082C12,BLK,ASST,19466113879
WM083C12,WHT,ASST,19466113880
WM872C12,AQBU,ASST,19466113881
WM049C12,PWT,ASST,19466113882
WM842C12,AQBU,ASST,19466113883
WM842C12,PWT,ASST,19466113884
WM738C19C11,LOPS,ASST,19466113885
WM738C19C11,STTL,ASST,19466113886
WM745C19C11,SRAD,ASST,19466113887
WM895C12,BLK,ASST,19466113888
WM895C12,CIE,ASST,19466113889
WM895C12,EGG,ASST,19466113890
WM895C12,EBW,ASST,19466113891
WM895C12,CGW,ASST,19466113892
WM895C12,IND,ASST,19466113893
WM895C12,PWT,ASST,19466113894
WM895C12,WIN,ASST,19466113895
WM896C12,WHT,ASST,19466113896
WM049C12,AQBU,ASST,19466113897
WM082C12,WIN,ASST,19466113898
WM895C12,AQBU,ASST,19466113899
WC835,HTDI,2XL,19466113902
WC835,HTDI,3XL,19466113903
WC835,HTDI,L,19466113904
WC835,HTDI,M,19466113905
WC835,HTDI,S,19466113906
WC835,HTDI,XL,19466113907
WC835,HTDI,XS,19466113908
WC835,HTMI,2XL,19466113909
WC835,HTMI,3XL,19466113910
WC835,HTMI,L,19466113911
WC835,HTMI,M,19466113912
WC835,HTMI,S,19466113913
WC835,HTMI,XL,19466113914
WC835,HTMI,XS,19466113915
WC034,HTDI,2XL,19466113916
WC034,HTDI,3XL,19466113917
WC034,HTDI,L,19466113918
WC034,HTDI,M,19466113919
WC034,HTDI,S,19466113920
WC034,HTDI,XL,19466113921
WC034,HTDI,XS,19466113922
WC034,HTMI,2XL,19466113923
WC034,HTMI,3XL,19466113924
WC034,HTMI,L,19466113925
WC034,HTMI,M,19466113926
WC034,HTMI,S,19466113927
WC034,HTMI,XL,19466113928
WC034,HTMI,XS,19466113929
WC301,BLK,2XL,19466113930
WC301,BLK,3XL,19466113931
WC301,BLK,L,19466113932
WC301,BLK,M,19466113933
WC301,BLK,S,19466113934
WC301,BLK,XL,19466113935
WC301,BLK,XS,19466113936
WC301,PWT,2XL,19466113937
WC301,PWT,3XL,19466113938
WC301,PWT,L,19466113939
WC301,PWT,M,19466113940
WC301,PWT,S,19466113941
WC301,PWT,XL,19466113942
WC301,PWT,XS,19466113943
WC711X19,PHYY,2XL,19466113944
WC711X19,PHYY,3XL,19466113945
WC711X19,PHYY,L,19466113946
WC711X19,PHYY,M,19466113947
WC711X19,PHYY,S,19466113948
WC711X19,PHYY,XL,19466113949
WC711X19,PHYY,XS,19466113950
WC711X19,MNRL,2XL,19466113951
WC711X19,MNRL,3XL,19466113952
WC711X19,MNRL,L,19466113953
WC711X19,MNRL,M,19466113954
WC711X19,MNRL,S,19466113955
WC711X19,MNRL,XL,19466113956
WC711X19,MNRL,XS,19466113957
WC703X19,PAPS,2XL,19466113958
WC703X19,PAPS,3XL,19466113959
WC703X19,PAPS,L,19466113960
WC703X19,PAPS,M,19466113961
WC703X19,PAPS,S,19466113962
WC703X19,PAPS,XL,19466113963
WC703X19,PAPS,XS,19466113964
WC703X19,BOLB,2XL,19466113965
WC703X19,BOLB,3XL,19466113966
WC703X19,BOLB,L,19466113967
WC703X19,BOLB,M,19466113968
WC703X19,BOLB,S,19466113969
WC703X19,BOLB,XL,19466113970
WC703X19,BOLB,XS,19466113971
WC836,BLK,2XL,19466113972
WC836,BLK,3XL,19466113973
WC836,BLK,L,19466113974
WC836,BLK,M,19466113975
WC836,BLK,S,19466113976
WC836,BLK,XL,19466113977
WC836,BLK,XS,19466113978
WC836,PWT,2XL,19466113979
WC836,PWT,3XL,19466113980
WC836,PWT,L,19466113981
WC836,PWT,M,19466113982
WC836,PWT,S,19466113983
WC836,PWT,XL,19466113984
WC836,PWT,XS,19466113985
WC035,BLK,2XL,19466113986
WC035,BLK,3XL,19466113987
WC035,BLK,L,19466113988
WC035,BLK,M,19466113989
WC035,BLK,S,19466113990
WC035,BLK,XL,19466113991
WC035,BLK,XS,19466113992
WC035,PWT,2XL,19466113993
WC035,PWT,3XL,19466113994
WC035,PWT,L,19466113995
WC035,PWT,M,19466113996
WC035,PWT,S,19466113997
WC035,PWT,XL,19466113998
WC035,PWT,XS,19466113999
WM751C19,CRYT,2XL,19466114000
WM751C19,CRYT,3XL,19466114001
WM751C19,CRYT,L,19466114002
WM751C19,CRYT,M,19466114003
WM751C19,CRYT,S,19466114004
WM751C19,CRYT,XL,19466114005
WM252,BLK,2XL,19466114006
WM252,BLK,3XL,19466114007
WM252,BLK,L,19466114008
WM252,BLK,M,19466114009
WM252,BLK,S,19466114010
WM252,BLK,XL,19466114011
WM252,BLK,XS,19466114012
WM252,OLVF,2XL,19466114013
WM252,OLVF,3XL,19466114014
WM252,OLVF,L,19466114015
WM252,OLVF,M,19466114016
WM252,OLVF,S,19466114017
WM252,OLVF,XL,19466114018
WM252,OLVF,XS,19466114019
WM252,BLUS,2XL,19466114020
WM252,BLUS,3XL,19466114021
WM252,BLUS,L,19466114022
WM252,BLUS,M,19466114023
WM252,BLUS,S,19466114024
WM252,BLUS,XL,19466114025
WM252,BLUS,XS,19466114026
WC830,STFD,2XL,19466114027
WC830,STFD,3XL,19466114028
WC830,STFD,L,19466114029
WC830,STFD,M,19466114030
WC830,STFD,S,19466114031
WC830,STFD,XL,19466114032
WC830,STFD,XS,19466114033
WC029,STFD,2XL,19466114034
WC029,STFD,3XL,19466114035
WC029,STFD,L,19466114036
WC029,STFD,M,19466114037
WC029,STFD,S,19466114038
WC029,STFD,XL,19466114039
WC029,STFD,XS,19466114040
WM403,BLK,2XL,19466114224
WM403,BLK,3XL,19466114225
WM403,BLK,L,19466114226
WM403,BLK,M,19466114227
WM403,BLK,S,19466114228
WM403,BLK,XL,19466114229
WM403,BLK,XS,19466114230
WM403,BLUS,2XL,19466114231
WM403,BLUS,3XL,19466114232
WM403,BLUS,L,19466114233
WM403,BLUS,M,19466114234
WM403,BLUS,S,19466114235
WM403,BLUS,XL,19466114236
WM403,BLUS,XS,19466114237
WM403,OLVF,2XL,19466114238
WM403,OLVF,3XL,19466114239
WM403,OLVF,L,19466114240
WM403,OLVF,M,19466114241
WM403,OLVF,S,19466114242
WM403,OLVF,XL,19466114243
WM403,OLVF,XS,19466114244
WM656,BLK,2XL,19466114245
WM656,BLK,3XL,19466114246
WM656,BLK,L,19466114247
WM656,BLK,M,19466114248
WM656,BLK,S,19466114249
WM656,BLK,XL,19466114250
WM656,BLK,XS,19466114251
WM656,BLUS,2XL,19466114252
WM656,BLUS,3XL,19466114253
WM656,BLUS,L,19466114254
WM656,BLUS,M,19466114255
WM656,BLUS,S,19466114256
WM656,BLUS,XL,19466114257
WM656,BLUS,XS,19466114258
WM656,OLVF,2XL,19466114259
WM656,OLVF,3XL,19466114260
WM656,OLVF,L,19466114261
WM656,OLVF,M,19466114262
WM656,OLVF,S,19466114263
WM656,OLVF,XL,19466114264
WM656,OLVF,XS,19466114265
WM504PK2,EBW,OS,19466114269
WM504PK2,PWT,OS,19466114270
WM505PK3,EBW,OS,19466114271
WM505PK3,IND,OS,19466114272
WM745C19,MKLR,2XL,19466114590
WM745C19,MKLR,3XL,19466114591
WM745C19,MKLR,L,19466114592
WM745C19,MKLR,M,19466114593
WM745C19,MKLR,S,19466114594
WM745C19,MKLR,XL,19466114595
WM738C19,CAHR,2XL,19466114596
WM738C19,CAHR,3XL,19466114597
WM738C19,CAHR,L,19466114598
WM738C19,CAHR,M,19466114599
WM738C19,CAHR,S,19466114600
WM738C19,CAHR,XL,19466114601
WM738C19,LVBT,2XL,19466114602
WM738C19,LVBT,3XL,19466114603
WM738C19,LVBT,L,19466114604
WM738C19,LVBT,M,19466114605
WM738C19,LVBT,S,19466114606
WM738C19,LVBT,XL,19466114607
WM884,BLK,2XL,19466114614
WM884,BLK,3XL,19466114615
WM884,BLK,L,19466114616
WM884,BLK,M,19466114617
WM884,BLK,S,19466114618
WM884,BLK,XL,19466114619
WM884,IND,2XL,19466114620
WM884,IND,3XL,19466114621
WM884,IND,L,19466114622
WM884,IND,M,19466114623
WM884,IND,S,19466114624
WM884,IND,XL,19466114625
WM884,WHT,2XL,19466114626
WM884,WHT,3XL,19466114627
WM884,WHT,L,19466114628
WM884,WHT,M,19466114629
WM884,WHT,S,19466114630
WM884,WHT,XL,19466114631
WM898,HTPT,2XL,19466114632
WM898,HTPT,3XL,19466114633
WM898,HTPT,L,19466114634
WM898,HTPT,M,19466114635
WM898,HTPT,S,19466114636
WM898,HTPT,XL,19466114637
WM899,BLK,2XL,19466114638
WM899,BLK,3XL,19466114639
WM899,BLK,L,19466114640
WM899,BLK,M,19466114641
WM899,BLK,S,19466114642
WM899,BLK,XL,19466114643
WM899,IND,2XL,19466114644
WM899,IND,3XL,19466114645
WM899,IND,L,19466114646
WM899,IND,M,19466114647
WM899,IND,S,19466114648
WM899,IND,XL,19466114649
WM899,PWT,2XL,19466114650
WM899,PWT,3XL,19466114651
WM899,PWT,L,19466114652
WM899,PWT,M,19466114653
WM899,PWT,S,19466114654
WM899,PWT,XL,19466114655
WM899,WHT,2XL,19466114656
WM899,WHT,3XL,19466114657
WM899,WHT,L,19466114658
WM899,WHT,M,19466114659
WM899,WHT,S,19466114660
WM899,WHT,XL,19466114661
WM084AC14,BLK,ASST,19466114662
WM084AC14,CIE,ASST,19466114663
WM084AC14,DESL,ASST,19466114664
WM084AC14,EGG,ASST,19466114665
WM084AC14,EBW,ASST,19466114666
WM084AC14,IND,ASST,19466114667
WM084AC14,PWT,ASST,19466114668
WM084AC14,WIN,ASST,19466114669
WM084APC14,BLK,ASST,19466114670
WM084APC14,EBW,ASST,19466114671
WM084APC14,IND,ASST,19466114672
WM084APC14,PWT,ASST,19466114673
WM897AC14,BLK,ASST,19466114674
WM897AC14,EGG,ASST,19466114675
WM897AC14,EBW,ASST,19466114676
WM897AC14,IND,ASST,19466114677
WM897AC14,PWT,ASST,19466114678
WM897AC14,WIN,ASST,19466114679
WM897AC14,DESL,ASST,19466114680
WM897AC14,CIE,ASST,19466114681
WM084AP,BLK,S,19466114768
WM084AP,BLK,XL,19466114769
WM084AP,BLK,XS,19466114770
WM084AP,PWT,S,19466114771
WM084AP,PWT,XL,19466114772
WM084AP,PWT,XS,19466114773
WM084AP,IND,S,19466114774
WM084AP,IND,XL,19466114775
WM084AP,IND,XS,19466114776
WM252C12,BLUS,ASST,19466114778
WM252C12,OLVF,ASST,19466114779
WM656C12,BLK,ASST,19466114780
WM656C12,BLUS,ASST,19466114781
WM656C12,OLVF,ASST,19466114782
WM403C10,BLUS,ASST,19466114783
WM403C10,OLVF,ASST,19466114784
WM403C10,BLK,ASST,19466114785
WM745C19C11,MKLR,ASST,19466114786
WM877AC14,BLK,ASST,19466114787
WM877AC14,CIE,ASST,19466114788
WM877AC14,DESL,ASST,19466114789
WM877AC14,EGG,ASST,19466114790
WM877AC14,EBW,ASST,19466114791
WM877AC14,IND,ASST,19466114792
WM877AC14,PWT,ASST,19466114793
WM877AC14,WIN,ASST,19466114794
WM084AP,EBW,S,19466114795
WM084AP,EBW,XL,19466114796
WM084AP,EBW,XS,19466114797
WM738C19,SIMD,2XL,19466114799
WM738C19,SIMD,3XL,19466114800
WM738C19,SIMD,L,19466114801
WM738C19,SIMD,M,19466114802
WM738C19,SIMD,S,19466114803
WM738C19,SIMD,XL,19466114804
WM738C19,CWSH,2XL,19466114805
WM738C19,CWSH,3XL,19466114806
WM738C19,CWSH,L,19466114807
WM738C19,CWSH,M,19466114808
WM738C19,CWSH,S,19466114809
WM738C19,CWSH,XL,19466114810
WM403,WISW,2XL,19466114811
WM403,WISW,3XL,19466114812
WM403,WISW,L,19466114813
WM403,WISW,M,19466114814
WM403,WISW,S,19466114815
WM403,WISW,XL,19466114816
WM403,TLPS,2XL,19466114817
WM403,TLPS,3XL,19466114818
WM403,TLPS,L,19466114819
WM403,TLPS,M,19466114820
WM403,TLPS,S,19466114821
WM403,TLPS,XL,19466114822
WM403,TLPS,XS,19466114823
WM656,WISW,2XL,19466114824
WM656,WISW,3XL,19466114825
WM656,WISW,L,19466114826
WM656,WISW,M,19466114827
WM656,WISW,S,19466114828
WM656,WISW,XL,19466114829
WM656,WISW,XS,19466114830
WM656,TLPS,2XL,19466114831
WM656,TLPS,3XL,19466114832
WM656,TLPS,L,19466114833
WM656,TLPS,M,19466114834
WM656,TLPS,S,19466114835
WM656,TLPS,XL,19466114836
WM656,TLPS,XS,19466114837
WM745C19,MKLX,2XL,19466114838
WM745C19,MKLX,3XL,19466114839
WM745C19,MKLX,L,19466114840
WM745C19,MKLX,M,19466114841
WM745C19,MKLX,S,19466114842
WM745C19,MKLX,XL,19466114843
WM745C19,LKNG,2XL,19466114844
WM745C19,LKNG,3XL,19466114845
WM745C19,LKNG,L,19466114846
WM745C19,LKNG,M,19466114847
WM745C19,LKNG,S,19466114848
WM745C19,LKNG,XL,19466114849
WM252,WISW,2XL,19466114850
WM252,WISW,3XL,19466114851
WM252,WISW,L,19466114852
WM252,WISW,M,19466114853
WM252,WISW,S,19466114854
WM252,WISW,XL,19466114855
WM252,WISW,XS,19466114856
WM252,TLPS,2XL,19466114857
WM252,TLPS,3XL,19466114858
WM252,TLPS,L,19466114859
WM252,TLPS,M,19466114860
WM252,TLPS,S,19466114861
WM252,TLPS,XL,19466114862
WM252,TLPS,XS,19466114863
WM403,WISW,XS,19466114864
WM738C19C11,LVBT,ASST,19466114885
WM738C19C7,LVBT,ASST,19466114886
WM745C19C7,MKLR,ASST,19466114887
WC711X19,PMPM,2XL,19466114920
WC711X19,PMPM,3XL,19466114921
WC711X19,PMPM,L,19466114922
WC711X19,PMPM,M,19466114923
WC711X19,PMPM,S,19466114924
WC711X19,PMPM,XL,19466114925
WC711X19,PMPM,XS,19466114926
WM751C19C11,CRYT,ASST,19466114927
WM751C19C7,CRYT,ASST,19466114928
WM738C19C11,CAHR,ASST,19466114929
WM738C19C7,CAHR,ASST,19466114930
WM252C12,BLK,ASST,19466114931
WM505PK3,BLK,OS,19466115696
WM505PK3,PWT,OS,19466115697
WM504PK2,BLK,OS,19466115698
WM504PK2,IND,OS,19466115699
WM504PK2C10,EBW,ASST,19466115700
WM504PK2C10,IND,ASST,19466115701
WM504PK2C10,PWT,ASST,19466115702
WM504PK2C10,BLK,ASST,19466115703
WM072AC14,BLK,ASST,19466115704
WM072AC14,CIE,ASST,19466115705
WM072AC14,DESL,ASST,19466115706
WM072AC14,EGG,ASST,19466115707
WM072AC14,EBW,ASST,19466115708
WM072AC14,IND,ASST,19466115709
WM072AC14,PWT,ASST,19466115710
WM072AC14,WIN,ASST,19466115711
WM072APC4,BLK,ASST,19466115712
WM072APC4,EBW,ASST,19466115713
WM072APC4,IND,ASST,19466115714
WM072APC4,PWT,ASST,19466115715
WM505PK3C8,BLK,ASST,19466115716
WM505PK3C8,EBW,ASST,19466115717
WM505PK3C8,IND,ASST,19466115718
WM505PK3C8,PWT,ASST,19466115719
WM884C14,BLK,ASST,19466115735
WM884C14,IND,ASST,19466115736
WM884C14,WHT,ASST,19466115737
WM898C14,HTPT,ASST,19466115738
WM899C14,BLK,ASST,19466115739
WM899C14,PWT,ASST,19466115740
WM899C14,IND,ASST,19466115741
WM899C14,WHT,ASST,19466115742
WC035P,BLK,L,19466115833
WC035P,BLK,M,19466115834
WC035P,BLK,S,19466115835
WC035P,BLK,XL,19466115836
WC035P,PWT,L,19466115837
WC035P,PWT,M,19466115838
WC035P,PWT,S,19466115839
WC035P,PWT,XL,19466115840
WC703X19,SFCR,2XL,19466115887
WC703X19,SFCR,3XL,19466115888
WC703X19,SFCR,L,19466115889
WC703X19,SFCR,M,19466115890
WC703X19,SFCR,S,19466115891
WC703X19,SFCR,XL,19466115892
WC703X19,SFCR,XS,19466115893
WC703X19,STTL,2XL,19466115894
WC703X19,STTL,3XL,19466115895
WC703X19,STTL,L,19466115896
WC703X19,STTL,M,19466115897
WC703X19,STTL,S,19466115898
WC703X19,STTL,XL,19466115899
WC703X19,STTL,XS,19466115900
WC703X19,LVIL,2XL,19466115901
WC703X19,LVIL,3XL,19466115902
WC703X19,LVIL,L,19466115903
WC703X19,LVIL,M,19466115904
WC703X19,LVIL,S,19466115905
WC703X19,LVIL,XL,19466115906
WC703X19,LVIL,XS,19466115907
WC711X19,LHBK,2XL,19466115908
WC711X19,LHBK,3XL,19466115909
WC711X19,LHBK,L,19466115910
WC711X19,LHBK,M,19466115911
WC711X19,LHBK,S,19466115912
WC711X19,LHBK,XL,19466115913
WC711X19,LHBK,XS,19466115914
WM745C19C11,PHBH,ASST,19466115917
WM084APC4,BLK,ASST,19466116446
WM084APC4,EBW,ASST,19466116447
WM084APC4,IND,ASST,19466116448
WM084APC4,PWT,ASST,19466116449
WD706X19,BOLB,2XL,19466118335
WD706X19,BOLB,3XL,19466118336
WD706X19,BOLB,L,19466118337
WD706X19,BOLB,M,19466118338
WD706X19,BOLB,S,19466118339
WD706X19,BOLB,XL,19466118340
WD706X19,BOLB,XS,19466118341
WD706X19,PAPS,2XL,19466118342
WD706X19,PAPS,3XL,19466118343
WD706X19,PAPS,L,19466118344
WD706X19,PAPS,M,19466118345
WD706X19,PAPS,S,19466118346
WD706X19,PAPS,XL,19466118347
WD706X19,PAPS,XS,19466118348
WD706X19,SFCR,2XL,19466118349
WD706X19,SFCR,3XL,19466118350
WD706X19,SFCR,L,19466118351
WD706X19,SFCR,M,19466118352
WD706X19,SFCR,S,19466118353
WD706X19,SFCR,XL,19466118354
WD706X19,SFCR,XS,19466118355
WD704X19,LHBK,2XL,19466118363
WD704X19,LHBK,3XL,19466118364
WD704X19,LHBK,L,19466118365
WD704X19,LHBK,M,19466118366
WD704X19,LHBK,S,19466118367
WD704X19,LHBK,XL,19466118368
WD704X19,LHBK,XS,19466118369
WD704X19,PHYY,2XL,19466118370
WD704X19,PHYY,3XL,19466118371
WD704X19,PHYY,L,19466118372
WD704X19,PHYY,M,19466118373
WD704X19,PHYY,S,19466118374
WD704X19,PHYY,XL,19466118375
WD704X19,PHYY,XS,19466118376
WD704X19,PMPM,2XL,19466118377
WD704X19,PMPM,3XL,19466118378
WD704X19,PMPM,L,19466118379
WD704X19,PMPM,M,19466118380
WD704X19,PMPM,S,19466118381
WD704X19,PMPM,XL,19466118382
WD704X19,PMPM,XS,19466118383
WM252C12,WISW,ASST,19466119582
WM252C12,TLPS,ASST,19466119583
WM656C12,TLPS,ASST,19466119584
WM656C12,WISW,ASST,19466119585
WM403C10,WISW,ASST,19466119586
WM403C10,TLPS,ASST,19466119587
WM738C19C11,SIMD,ASST,19466119588
WM738C19C11,CWSH,ASST,19466119589
WM745C19C11,LKNG,ASST,19466119590
WM738C19C7,SIMD,ASST,19466119591
WM738C19C7,CWSH,ASST,19466119592
WM745C19C7,LKNG,ASST,19466119593
WM745C19C11,MKLX,ASST,19466119594
WM745C19C7,MKLX,ASST,19466119595
WM252,TRSA,2XL,19466119597
WM252,TRSA,3XL,19466119598
WM252,TRSA,L,19466119599
WM252,TRSA,M,19466119600
WM252,TRSA,S,19466119601
WM252,TRSA,XL,19466119602
WM252,TRSA,XS,19466119603
WM252,LIMI,2XL,19466119604
WM252,LIMI,3XL,19466119605
WM252,LIMI,L,19466119606
WM252,LIMI,M,19466119607
WM252,LIMI,S,19466119608
WM252,LIMI,XL,19466119609
WM252,LIMI,XS,19466119610
WM252,BBUL,2XL,19466119611
WM252,BBUL,3XL,19466119612
WM252,BBUL,L,19466119613
WM252,BBUL,M,19466119614
WM252,BBUL,S,19466119615
WM252,BBUL,XL,19466119616
WM252,BBUL,XS,19466119617
WM252,PACR,2XL,19466119618
WM252,PACR,3XL,19466119619
WM252,PACR,L,19466119620
WM252,PACR,M,19466119621
WM252,PACR,S,19466119622
WM252,PACR,XL,19466119623
WM252,PACR,XS,19466119624
WM738C19,ARAB,2XL,19466119625
WM738C19,ARAB,3XL,19466119626
WM738C19,ARAB,L,19466119627
WM738C19,ARAB,M,19466119628
WM738C19,ARAB,S,19466119629
WM738C19,ARAB,XL,19466119630
WM738C19,ARAB,XS,19466119631
WM738C19,DLHR,2XL,19466119632
WM738C19,DLHR,3XL,19466119633
WM738C19,DLHR,L,19466119634
WM738C19,DLHR,M,19466119635
WM738C19,DLHR,S,19466119636
WM738C19,DLHR,XL,19466119637
WM738C19,DLHR,XS,19466119638
WM403,TRSA,2XL,19466119639
WM403,TRSA,3XL,19466119640
WM403,TRSA,L,19466119641
WM403,TRSA,M,19466119642
WM403,TRSA,S,19466119643
WM403,TRSA,XL,19466119644
WM403,TRSA,XS,19466119645
WM403,LIMI,2XL,19466119646
WM403,LIMI,3XL,19466119647
WM403,LIMI,L,19466119648
WM403,LIMI,M,19466119649
WM403,LIMI,S,19466119650
WM403,LIMI,XL,19466119651
WM403,LIMI,XS,19466119652
WM754X19,LHVO,2XL,19466119653
WM754X19,LHVO,3XL,19466119654
WM754X19,LHVO,L,19466119655
WM754X19,LHVO,M,19466119656
WM754X19,LHVO,S,19466119657
WM754X19,LHVO,XL,19466119658
WM754X19,LHVO,XS,19466119659
WM745C19,MKKB,2XL,19466119660
WM745C19,MKKB,3XL,19466119661
WM745C19,MKKB,L,19466119662
WM745C19,MKKB,M,19466119663
WM745C19,MKKB,S,19466119664
WM745C19,MKKB,XL,19466119665
WM745C19,MKKB,XS,19466119666
WM751C19,SIGT,2XL,19466119667
WM751C19,SIGT,3XL,19466119668
WM751C19,SIGT,L,19466119669
WM751C19,SIGT,M,19466119670
WM751C19,SIGT,S,19466119671
WM751C19,SIGT,XL,19466119672
WM751C19,SIGT,XS,19466119673
WM738X19,GRVE,2XL,19466119674
WM738X19,GRVE,3XL,19466119675
WM738X19,GRVE,L,19466119676
WM738X19,GRVE,M,19466119677
WM738X19,GRVE,S,19466119678
WM738X19,GRVE,XL,19466119679
WM738X19,GRVE,XS,19466119680
WM403,BBUL,2XL,19466119681
WM403,BBUL,3XL,19466119682
WM403,BBUL,L,19466119683
WM403,BBUL,M,19466119684
WM403,BBUL,S,19466119685
WM403,BBUL,XL,19466119686
WM403,BBUL,XS,19466119687
WM403,PACR,2XL,19466119688
WM403,PACR,3XL,19466119689
WM403,PACR,L,19466119690
WM403,PACR,M,19466119691
WM403,PACR,S,19466119692
WM403,PACR,XL,19466119693
WM403,PACR,XS,19466119694
WM745C19,DPNY,2XL,19466119695
WM745C19,DPNY,3XL,19466119696
WM745C19,DPNY,L,19466119697
WM745C19,DPNY,M,19466119698
WM745C19,DPNY,S,19466119699
WM745C19,DPNY,XL,19466119700
WM745C19,DPNY,XS,19466119701
WM745C19,LTMY,2XL,19466119702
WM745C19,LTMY,3XL,19466119703
WM745C19,LTMY,L,19466119704
WM745C19,LTMY,M,19466119705
WM745C19,LTMY,S,19466119706
WM745C19,LTMY,XL,19466119707
WM745C19,LTMY,XS,19466119708
WM656,BBUL,2XL,19466119709
WM656,BBUL,3XL,19466119710
WM656,BBUL,L,19466119711
WM656,BBUL,M,19466119712
WM656,BBUL,S,19466119713
WM656,BBUL,XL,19466119714
WM656,BBUL,XS,19466119715
WM656,PACR,2XL,19466119716
WM656,PACR,3XL,19466119717
WM656,PACR,L,19466119718
WM656,PACR,M,19466119719
WM656,PACR,S,19466119720
WM656,PACR,XL,19466119721
WM656,PACR,XS,19466119722
WM656,TRSA,2XL,19466119723
WM656,TRSA,3XL,19466119724
WM656,TRSA,L,19466119725
WM656,TRSA,M,19466119726
WM656,TRSA,S,19466119727
WM656,TRSA,XL,19466119728
WM656,TRSA,XS,19466119729
WM656,LIMI,2XL,19466119730
WM656,LIMI,3XL,19466119731
WM656,LIMI,L,19466119732
WM656,LIMI,M,19466119733
WM656,LIMI,S,19466119734
WM656,LIMI,XL,19466119735
WM656,LIMI,XS,19466119736
WM403C10,TRSA,ASST,19466119895
WM403C10,LIMI,ASST,19466119896
WM403C10,BBUL,ASST,19466119897
WM403C10,PACR,ASST,19466119898
WM656C10,BLK,ASST,19466119899
WM656C10,TRSA,ASST,19466119900
WM656C10,LIMI,ASST,19466119901
WM656C10,BBUL,ASST,19466119902
WM656C10,PACR,ASST,19466119903
WM252C10,BLK,ASST,19466119904
WM252C10,TRSA,ASST,19466119905
WM252C10,LIMI,ASST,19466119906
WM252C10,BBUL,ASST,19466119907
WM252C10,PACR,ASST,19466119908
WM754X19C7,LHVO,ASST,19466119909
WM738C19C11,ARAB,ASST,19466119910
WM738C19C7,ARAB,ASST,19466119911
WM738C19C11,DLHR,ASST,19466119912
WM738C19C7,DLHR,ASST,19466119913
WM738X19C11,GRVE,ASST,19466119914
WM738X19C7,GRVE,ASST,19466119915
WM751C19C11,SIGT,ASST,19466119916
WM751C19C7,SIGT,ASST,19466119917
WM754X19C11,LHVO,ASST,19466119918
WM745C19C11,DPNY,ASST,19466119919
WM745C19C11,LTMY,ASST,19466119920
WM745C19C7,DPNY,ASST,19466119921
WM745C19C7,LTMY,ASST,19466119922
WM745C19C11,MKKB,ASST,19466119923
WM745C19C7,MKKB,ASST,19466119924
WM745C19,MKLX,XS,19466120080
WM745C19,LKNG,XS,19466120081
WM738C19,SIMD,XS,19466120082
WM738C19,CWSH,XS,19466120083
WM738C19,LVBT,XS,19466120084
WM738C19,CAHR,XS,19466120085
WM751C19,CRYT,XS,19466120086
WM745C19,MKLR,XS,19466120087
WM884,BLK,XS,19466120152
WM884,IND,XS,19466120153
WM884,WHT,XS,19466120154
WM898,HTPT,XS,19466120155
WM899,BLK,XS,19466120156
WM899,IND,XS,19466120157
WM899,PWT,XS,19466120158
WM899,WHT,XS,19466120159
WC830,YRWM,2XL,19466121119
WC830,YRWM,3XL,19466121120
WC830,YRWM,L,19466121121
WC830,YRWM,M,19466121122
WC830,YRWM,S,19466121123
WC830,YRWM,XL,19466121124
WC830,YRWM,XS,19466121125
WC830,LRWM,2XL,19466121126
WC830,LRWM,3XL,19466121127
WC830,LRWM,L,19466121128
WC830,LRWM,M,19466121129
WC830,LRWM,S,19466121130
WC830,LRWM,XL,19466121131
WC830,LRWM,XS,19466121132
WC029,LRWM,2XL,19466121133
WC029,LRWM,3XL,19466121134
WC029,LRWM,L,19466121135
WC029,LRWM,M,19466121136
WC029,LRWM,S,19466121137
WC029,LRWM,XL,19466121138
WC029,LRWM,XS,19466121139
WC029,YRWM,2XL,19466121140
WC029,YRWM,3XL,19466121141
WC029,YRWM,L,19466121142
WC029,YRWM,M,19466121143
WC029,YRWM,S,19466121144
WC029,YRWM,XL,19466121145
WC029,YRWM,XS,19466121146
WC725X19,MTWC,2XL,19466121147
WC725X19,MTWC,3XL,19466121148
WC725X19,MTWC,L,19466121149
WC725X19,MTWC,M,19466121150
WC725X19,MTWC,S,19466121151
WC725X19,MTWC,XL,19466121152
WC725X19,MTWC,XS,19466121153
WC725X19,PYPT,2XL,19466121154
WC725X19,PYPT,3XL,19466121155
WC725X19,PYPT,L,19466121156
WC725X19,PYPT,M,19466121157
WC725X19,PYPT,S,19466121158
WC725X19,PYPT,XL,19466121159
WC725X19,PYPT,XS,19466121160
WC830,CGW,2XL,19466121393
WC830,CGW,3XL,19466121394
WC830,CGW,L,19466121395
WC830,CGW,M,19466121396
WC830,CGW,S,19466121397
WC830,CGW,XL,19466121398
WC830,CGW,XS,19466121399
WC830,EBW,2XL,19466121400
WC830,EBW,3XL,19466121401
WC830,EBW,L,19466121402
WC830,EBW,M,19466121403
WC830,EBW,S,19466121404
WC830,EBW,XL,19466121405
WC830,EBW,XS,19466121406
WC029,EBW,2XL,19466121407
WC029,EBW,3XL,19466121408
WC029,EBW,L,19466121409
WC029,EBW,M,19466121410
WC029,EBW,S,19466121411
WC029,EBW,XL,19466121412
WC029,EBW,XS,19466121413
WC029,CGW,2XL,19466121414
WC029,CGW,3XL,19466121415
WC029,CGW,L,19466121416
WC029,CGW,M,19466121417
WC029,CGW,S,19466121418
WC029,CGW,XL,19466121419
WC029,CGW,XS,19466121420
WC725C19,TEWO,2XL,19466123183
WC725C19,TEWO,3XL,19466123184
WC725C19,TEWO,L,19466123185
WC725C19,TEWO,M,19466123186
WC725C19,TEWO,S,19466123187
WC725C19,TEWO,XL,19466123188
WC725C19,TEWO,XS,19466123189
WC728X19,MDSY,2XL,19466123190
WC728X19,MDSY,3XL,19466123191
WC728X19,MDSY,L,19466123192
WC728X19,MDSY,M,19466123193
WC728X19,MDSY,S,19466123194
WC728X19,MDSY,XL,19466123195
WC728X19,MDSY,XS,19466123196
WD300,BLK,3XL,19466123769
WD606,BLKW,3XL,19466123770
WD606,PWTW,3XL,19466123771
WD604,BME,3XL,19466123772
WD604,BTME,3XL,19466123773
WD604,IDME,3XL,19466123774
WD604,EBM,3XL,19466123817
WM072AP,BLK,2XL,19466124248
WM072AP,EBW,2XL,19466124249
WM072AP,IND,2XL,19466124250
WM072AP,PWT,2XL,19466124251
WC725X19,PAWT,2XL,19466124252
WC725X19,PAWT,3XL,19466124253
WC725X19,PAWT,L,19466124254
WC725X19,PAWT,M,19466124255
WC725X19,PAWT,S,19466124256
WC725X19,PAWT,XL,19466124257
WC725X19,PAWT,XS,19466124258
WC725X19,CLMO,2XL,19466124259
WC725X19,CLMO,3XL,19466124260
WC725X19,CLMO,L,19466124261
WC725X19,CLMO,M,19466124262
WC725X19,CLMO,S,19466124263
WC725X19,CLMO,XL,19466124264
WC725X19,CLMO,XS,19466124265
WC035,WIN,2XL,19466124266
WC035,WIN,3XL,19466124267
WC035,WIN,L,19466124268
WC035,WIN,M,19466124269
WC035,WIN,S,19466124270
WC035,WIN,XL,19466124271
WC035,WIN,XS,19466124272
WC035,GLMS,2XL,19466124273
WC035,GLMS,3XL,19466124274
WC035,GLMS,L,19466124275
WC035,GLMS,M,19466124276
WC035,GLMS,S,19466124277
WC035,GLMS,XL,19466124278
WC035,GLMS,XS,19466124279
WC035,EBW,2XL,19466124280
WC035,EBW,3XL,19466124281
WC035,EBW,L,19466124282
WC035,EBW,M,19466124283
WC035,EBW,S,19466124284
WC035,EBW,XL,19466124285
WC035,EBW,XS,19466124286
WC836,EBW,2XL,19466124287
WC836,EBW,3XL,19466124288
WC836,EBW,L,19466124289
WC836,EBW,M,19466124290
WC836,EBW,S,19466124291
WC836,EBW,XL,19466124292
WC836,EBW,XS,19466124293
WC836,GLMS,2XL,19466124294
WC836,GLMS,3XL,19466124295
WC836,GLMS,L,19466124296
WC836,GLMS,M,19466124297
WC836,GLMS,S,19466124298
WC836,GLMS,XL,19466124299
WC836,GLMS,XS,19466124300
WC836,WIN,2XL,19466124301
WC836,WIN,3XL,19466124302
WC836,WIN,L,19466124303
WC836,WIN,M,19466124304
WC836,WIN,S,19466124305
WC836,WIN,XL,19466124306
WC836,WIN,XS,19466124307
WC725C19,SPHO,2XL,19466124308
WC725C19,SPHO,3XL,19466124309
WC725C19,SPHO,L,19466124310
WC725C19,SPHO,M,19466124311
WC725C19,SPHO,S,19466124312
WC725C19,SPHO,XL,19466124313
WC725C19,SPHO,XS,19466124314
WC728X19,HKUK,2XL,19466124316
WC728X19,HKUK,3XL,19466124317
WC728X19,HKUK,L,19466124318
WC728X19,HKUK,M,19466124319
WC728X19,HKUK,S,19466124320
WC728X19,HKUK,XL,19466124321
WC728X19,HKUK,XS,19466124322
WC728X19,LKHE,2XL,19466124323
WC728X19,LKHE,3XL,19466124324
WC728X19,LKHE,L,19466124325
WC728X19,LKHE,M,19466124326
WC728X19,LKHE,S,19466124327
WC728X19,LKHE,XL,19466124328
WC728X19,LKHE,XS,19466124329
WC728X19,MKAE,2XL,19466124330
WC728X19,MKAE,3XL,19466124331
WC728X19,MKAE,L,19466124332
WC728X19,MKAE,M,19466124333
WC728X19,MKAE,S,19466124334
WC728X19,MKAE,XL,19466124335
WC728X19,MKAE,XS,19466124336
WC728X19,MKWC,2XL,19466124337
WC728X19,MKWC,3XL,19466124338
WC728X19,MKWC,L,19466124339
WC728X19,MKWC,M,19466124340
WC728X19,MKWC,S,19466124341
WC728X19,MKWC,XL,19466124342
WC728X19,MKWC,XS,19466124343
WC728X19,NCFL,2XL,19466124344
WC728X19,NCFL,3XL,19466124345
WC728X19,NCFL,L,19466124346
WC728X19,NCFL,M,19466124347
WC728X19,NCFL,S,19466124348
WC728X19,NCFL,XL,19466124349
WC728X19,NCFL,XS,19466124350
WD046P,BLK,2XL,19466124357
WD046P,BLK,L,19466124358
WD046P,BLK,M,19466124359
WD046P,BLK,S,19466124360
WD046P,BLK,XL,19466124361
WD046P,BLK,XS,19466124362
WD046P,CGW,2XL,19466124363
WD046P,CGW,L,19466124364
WD046P,CGW,M,19466124365
WD046P,CGW,S,19466124366
WD046P,CGW,XL,19466124367
WD046P,CGW,XS,19466124368
WD046P,CIE,2XL,19466124369
WD046P,CIE,L,19466124370
WD046P,CIE,M,19466124371
WD046P,CIE,S,19466124372
WD046P,CIE,XL,19466124373
WD046P,CIE,XS,19466124374
WD046P,EBW,2XL,19466124375
WD046P,EBW,L,19466124376
WD046P,EBW,M,19466124377
WD046P,EBW,S,19466124378
WD046P,EBW,XL,19466124379
WD046P,EBW,XS,19466124380
WD046P,EGG,2XL,19466124381
WD046P,EGG,L,19466124382
WD046P,EGG,M,19466124383
WD046P,EGG,S,19466124384
WD046P,EGG,XL,19466124385
WD046P,EGG,XS,19466124386
WD046P,IND,2XL,19466124387
WD046P,IND,L,19466124388
WD046P,IND,M,19466124389
WD046P,IND,S,19466124390
WD046P,IND,XL,19466124391
WD046P,IND,XS,19466124392
WD046P,PWT,2XL,19466124393
WD046P,PWT,L,19466124394
WD046P,PWT,M,19466124395
WD046P,PWT,S,19466124396
WD046P,PWT,XL,19466124397
WD046P,PWT,XS,19466124398
WD046T,BLK,L,19466124399
WD046T,BLK,M,19466124400
WD046T,BLK,S,19466124401
WD046T,BLK,XL,19466124402
WD046T,BLK,XS,19466124403
WD046T,EBW,L,19466124404
WD046T,EBW,M,19466124405
WD046T,EBW,S,19466124406
WD046T,EBW,XL,19466124407
WD046T,EBW,XS,19466124408
WD046T,IND,L,19466124409
WD046T,IND,M,19466124410
WD046T,IND,S,19466124411
WD046T,IND,XL,19466124412
WD046T,IND,XS,19466124413
WD046T,PWT,L,19466124414
WD046T,PWT,M,19466124415
WD046T,PWT,S,19466124416
WD046T,PWT,XL,19466124417
WD046T,PWT,XS,19466124418
WD003,BLK,2XL,19466124419
WD003,BLK,L,19466124420
WD003,BLK,M,19466124421
WD003,BLK,S,19466124422
WD003,BLK,XL,19466124423
WD003,BLK,XS,19466124424
WD003,IND,2XL,19466124425
WD003,IND,L,19466124426
WD003,IND,M,19466124427
WD003,IND,S,19466124428
WD003,IND,XL,19466124429
WD003,IND,XS,19466124430
WD003,MEGR,2XL,19466124431
WD003,MEGR,L,19466124432
WD003,MEGR,M,19466124433
WD003,MEGR,S,19466124434
WD003,MEGR,XL,19466124435
WD003,MEGR,XS,19466124436
WD800,BLK,2XL,19466124437
WD800,BLK,3XL,19466124438
WD800,BLK,L,19466124439
WD800,BLK,M,19466124440
WD800,BLK,S,19466124441
WD800,BLK,XL,19466124442
WD800,BLK,XS,19466124443
WD800,IND,2XL,19466124444
WD800,IND,3XL,19466124445
WD800,IND,L,19466124446
WD800,IND,M,19466124447
WD800,IND,S,19466124448
WD800,IND,XL,19466124449
WD800,IND,XS,19466124450
WD000,BLK,2XL,19466124451
WD000,BLK,3XL,19466124452
WD000,BLK,L,19466124453
WD000,BLK,M,19466124454
WD000,BLK,S,19466124455
WD000,BLK,XL,19466124456
WD000,BLK,XS,19466124457
WD000,IND,2XL,19466124458
WD000,IND,3XL,19466124459
WD000,IND,L,19466124460
WD000,IND,M,19466124461
WD000,IND,S,19466124462
WD000,IND,XL,19466124463
WD000,IND,XS,19466124464
WD606,WHTW,2XL,19466124465
WD606,WHTW,3XL,19466124466
WD606,WHTW,L,19466124467
WD606,WHTW,M,19466124468
WD606,WHTW,S,19466124469
WD606,WHTW,XL,19466124470
WD606,WHTW,XS,19466124471
WD838,BLK,2XL,19466124472
WD838,BLK,3XL,19466124473
WD838,BLK,L,19466124474
WD838,BLK,M,19466124475
WD838,BLK,S,19466124476
WD838,BLK,XL,19466124477
WD838,BLK,XS,19466124478
WD047T,WHT,L,19466124479
WD047T,WHT,M,19466124480
WD047T,WHT,S,19466124481
WD047T,WHT,XL,19466124482
WD047T,WHT,XS,19466124483
WD047P,WHT,2XL,19466124484
WD047P,WHT,L,19466124485
WD047P,WHT,M,19466124486
WD047P,WHT,S,19466124487
WD047P,WHT,XL,19466124488
WD047P,WHT,XS,19466124489
WD303X5,DTPR,2XL,19466124490
WD303X5,DTPR,3XL,19466124491
WD303X5,DTPR,L,19466124492
WD303X5,DTPR,M,19466124493
WD303X5,DTPR,S,19466124494
WD303X5,DTPR,XL,19466124495
WD703XB10,LISN,2XL,19466124496
WD703XB10,LISN,3XL,19466124497
WD703XB10,LISN,L,19466124498
WD703XB10,LISN,M,19466124499
WD703XB10,LISN,S,19466124500
WD703XB10,LISN,XL,19466124501
WD703XB10,LISN,XS,19466124502
WD500X5,DTPR,OS,19466124503
WD500X5,LOPS,OS,19466124504
WD500X4,TYPW,OS,19466124505
WD500X4,TOFR,OS,19466124506
WD048AT,BLK,L,19466124507
WD048AT,BLK,M,19466124508
WD048AT,BLK,S,19466124509
WD048AT,BLK,XL,19466124510
WD048AT,BLK,XS,19466124511
WD048AT,EBW,L,19466124512
WD048AT,EBW,M,19466124513
WD048AT,EBW,S,19466124514
WD048AT,EBW,XL,19466124515
WD048AT,EBW,XS,19466124516
WD048AT,IND,L,19466124517
WD048AT,IND,M,19466124518
WD048AT,IND,S,19466124519
WD048AT,IND,XL,19466124520
WD048AT,IND,XS,19466124521
WD048AT,PWT,L,19466124522
WD048AT,PWT,M,19466124523
WD048AT,PWT,S,19466124524
WD048AT,PWT,XL,19466124525
WD048AT,PWT,XS,19466124526
WD703X4,TOFR,2XL,19466124527
WD703X4,TOFR,3XL,19466124528
WD703X4,TOFR,L,19466124529
WD703X4,TOFR,M,19466124530
WD703X4,TOFR,S,19466124531
WD703X4,TOFR,XL,19466124532
WD703X4,TOFR,XS,19466124533
WD703X4,TYPW,2XL,19466124534
WD703X4,TYPW,3XL,19466124535
WD703X4,TYPW,L,19466124536
WD703X4,TYPW,M,19466124537
WD703X4,TYPW,S,19466124538
WD703X4,TYPW,XL,19466124539
WD703X4,TYPW,XS,19466124540
WD803,BLK,2XL,19466124541
WD803,BLK,L,19466124542
WD803,BLK,M,19466124543
WD803,BLK,S,19466124544
WD803,BLK,XL,19466124545
WD803,BLK,XS,19466124546
WD803,IND,2XL,19466124547
WD803,IND,L,19466124548
WD803,IND,M,19466124549
WD803,IND,S,19466124550
WD803,IND,XL,19466124551
WD803,IND,XS,19466124552
WD803,MEGR,2XL,19466124553
WD803,MEGR,L,19466124554
WD803,MEGR,M,19466124555
WD803,MEGR,S,19466124556
WD803,MEGR,XL,19466124557
WD803,MEGR,XS,19466124558
WD038,BLK,2XL,19466124559
WD038,BLK,3XL,19466124560
WD038,BLK,L,19466124561
WD038,BLK,M,19466124562
WD038,BLK,S,19466124563
WD038,BLK,XL,19466124564
WD038,BLK,XS,19466124565
WD709X19,HKUK,2XL,19466125631
WD709X19,HKUK,3XL,19466125632
WD709X19,HKUK,L,19466125633
WD709X19,HKUK,M,19466125634
WD709X19,HKUK,S,19466125635
WD709X19,HKUK,XL,19466125636
WD709X19,HKUK,XS,19466125637
WD709X19,LHCO,2XL,19466125638
WD709X19,LHCO,3XL,19466125639
WD709X19,LHCO,L,19466125640
WD709X19,LHCO,M,19466125641
WD709X19,LHCO,S,19466125642
WD709X19,LHCO,XL,19466125643
WD709X19,LHCO,XS,19466125644
WD709X19,MKIW,2XL,19466125645
WD709X19,MKIW,3XL,19466125646
WD709X19,MKIW,L,19466125647
WD709X19,MKIW,M,19466125648
WD709X19,MKIW,S,19466125649
WD709X19,MKIW,XL,19466125650
WD709X19,MKIW,XS,19466125651
WD709X19,MKWC,2XL,19466125652
WD709X19,MKWC,3XL,19466125653
WD709X19,MKWC,L,19466125654
WD709X19,MKWC,M,19466125655
WD709X19,MKWC,S,19466125656
WD709X19,MKWC,XL,19466125657
WD709X19,MKWC,XS,19466125658
WD711C19,ARPA,2XL,19466125659
WD711C19,ARPA,3XL,19466125660
WD711C19,ARPA,L,19466125661
WD711C19,ARPA,M,19466125662
WD711C19,ARPA,S,19466125663
WD711C19,ARPA,XL,19466125664
WD711C19,ARPA,XS,19466125665
WD710X19,GOWO,2XL,19466125878
WD710X19,GOWO,3XL,19466125879
WD710X19,GOWO,L,19466125880
WD710X19,GOWO,M,19466125881
WD710X19,GOWO,S,19466125882
WD710X19,GOWO,XL,19466125883
WD710X19,GOWO,XS,19466125884
WD710X19,SOSS,2XL,19466125885
WD710X19,SOSS,3XL,19466125886
WD710X19,SOSS,L,19466125887
WD710X19,SOSS,M,19466125888
WD710X19,SOSS,S,19466125889
WD710X19,SOSS,XL,19466125890
WD710X19,SOSS,XS,19466125891
WD710C19,CZTE,2XL,19466125905
WD710C19,CZTE,3XL,19466125906
WD710C19,CZTE,L,19466125907
WD710C19,CZTE,M,19466125908
WD710C19,CZTE,S,19466125909
WD710C19,CZTE,XL,19466125910
WD710C19,CZTE,XS,19466125911
WM745C19,NCJA,2XL,19466125987
WM745C19,NCJA,3XL,19466125988
WM745C19,NCJA,L,19466125989
WM745C19,NCJA,M,19466125990
WM745C19,NCJA,S,19466125991
WM745C19,NCJA,XL,19466125992
WM745C19,NCJA,XS,19466125993
WM745C19,VIVG,2XL,19466125994
WM745C19,VIVG,3XL,19466125995
WM745C19,VIVG,L,19466125996
WM745C19,VIVG,M,19466125997
WM745C19,VIVG,S,19466125998
WM745C19,VIVG,XL,19466125999
WM745C19,VIVG,XS,19466126000
WM745C19,SEGO,2XL,19466126001
WM745C19,SEGO,3XL,19466126002
WM745C19,SEGO,L,19466126003
WM745C19,SEGO,M,19466126004
WM745C19,SEGO,S,19466126005
WM745C19,SEGO,XL,19466126006
WM745C19,SEGO,XS,19466126007
WM745C19,RUOK,2XL,19466126008
WM745C19,RUOK,3XL,19466126009
WM745C19,RUOK,L,19466126010
WM745C19,RUOK,M,19466126011
WM745C19,RUOK,S,19466126012
WM745C19,RUOK,XL,19466126013
WM745C19,RUOK,XS,19466126014
WM738C19,CYCT,2XL,19466126015
WM738C19,CYCT,3XL,19466126016
WM738C19,CYCT,L,19466126017
WM738C19,CYCT,M,19466126018
WM738C19,CYCT,S,19466126019
WM738C19,CYCT,XL,19466126020
WM738C19,CYCT,XS,19466126021
WM738C19,HETE,2XL,19466126022
WM738C19,HETE,3XL,19466126023
WM738C19,HETE,L,19466126024
WM738C19,HETE,M,19466126025
WM738C19,HETE,S,19466126026
WM738C19,HETE,XL,19466126027
WM738C19,HETE,XS,19466126028
77933,GABB,2XL,19466126029
77933,GABB,3XL,19466126030
77933,GABB,L,19466126031
77933,GABB,M,19466126032
77933,GABB,S,19466126033
77933,GABB,XL,19466126034
77933,GABB,XS,19466126035
77933,WNEB,2XL,19466126036
77933,WNEB,3XL,19466126037
77933,WNEB,L,19466126038
77933,WNEB,M,19466126039
77933,WNEB,S,19466126040
77933,WNEB,XL,19466126041
77933,WNEB,XS,19466126042
77933,NVYB,2XL,19466126043
77933,NVYB,3XL,19466126044
77933,NVYB,L,19466126045
77933,NVYB,M,19466126046
77933,NVYB,S,19466126047
77933,NVYB,XL,19466126048
77933,NVYB,XS,19466126049
WD613,BCKH,2XL,19466126050
WD613,BCKH,3XL,19466126051
WD613,BCKH,L,19466126052
WD613,BCKH,M,19466126053
WD613,BCKH,S,19466126054
WD613,BCKH,XL,19466126055
WD613,BCKH,XS,19466126056
WD613,NAYH,2XL,19466126057
WD613,NAYH,3XL,19466126058
WD613,NAYH,L,19466126059
WD613,NAYH,M,19466126060
WD613,NAYH,S,19466126061
WD613,NAYH,XL,19466126062
WD613,NAYH,XS,19466126063
WD613,PEWH,2XL,19466126064
WD613,PEWH,3XL,19466126065
WD613,PEWH,L,19466126066
WD613,PEWH,M,19466126067
WD613,PEWH,S,19466126068
WD613,PEWH,XL,19466126069
WD613,PEWH,XS,19466126070
WD613,WINH,2XL,19466126071
WD613,WINH,3XL,19466126072
WD613,WINH,L,19466126073
WD613,WINH,M,19466126074
WD613,WINH,S,19466126075
WD613,WINH,XL,19466126076
WD613,WINH,XS,19466126077
WD207,BCKH,2XL,19466126078
WD207,BCKH,3XL,19466126079
WD207,BCKH,L,19466126080
WD207,BCKH,M,19466126081
WD207,BCKH,S,19466126082
WD207,BCKH,XL,19466126083
WD207,BCKH,XS,19466126084
WD207,NAYH,2XL,19466126085
WD207,NAYH,3XL,19466126086
WD207,NAYH,L,19466126087
WD207,NAYH,M,19466126088
WD207,NAYH,S,19466126089
WD207,NAYH,XL,19466126090
WD207,NAYH,XS,19466126091
WD207,PEWH,2XL,19466126092
WD207,PEWH,3XL,19466126093
WD207,PEWH,L,19466126094
WD207,PEWH,M,19466126095
WD207,PEWH,S,19466126096
WD207,PEWH,XL,19466126097
WD207,PEWH,XS,19466126098
WD207,WINH,2XL,19466126099
WD207,WINH,3XL,19466126100
WD207,WINH,L,19466126101
WD207,WINH,M,19466126102
WD207,WINH,S,19466126103
WD207,WINH,XL,19466126104
WD207,WINH,XS,19466126105
WD306,BLK,2XL,19466126106
WD306,BLK,L,19466126107
WD306,BLK,M,19466126108
WD306,BLK,S,19466126109
WD306,BLK,XL,19466126110
WD306,BLK,XS,19466126111
WD306,IND,2XL,19466126112
WD306,IND,L,19466126113
WD306,IND,M,19466126114
WD306,IND,S,19466126115
WD306,IND,XL,19466126116
WD306,IND,XS,19466126117
WD306,PWT,2XL,19466126118
WD306,PWT,L,19466126119
WD306,PWT,M,19466126120
WD306,PWT,S,19466126121
WD306,PWT,XL,19466126122
WD306,PWT,XS,19466126123
WD307,BLK,2XL,19466126124
WD307,BLK,L,19466126125
WD307,BLK,M,19466126126
WD307,BLK,S,19466126127
WD307,BLK,XL,19466126128
WD307,BLK,XS,19466126129
WD307,IND,2XL,19466126130
WD307,IND,L,19466126131
WD307,IND,M,19466126132
WD307,IND,S,19466126133
WD307,IND,XL,19466126134
WD307,IND,XS,19466126135
WD307,PWT,2XL,19466126136
WD307,PWT,L,19466126137
WD307,PWT,M,19466126138
WD307,PWT,S,19466126139
WD307,PWT,XL,19466126140
WD307,PWT,XS,19466126141
WD609,BLK,2XL,19466126142
WD609,BLK,L,19466126143
WD609,BLK,M,19466126144
WD609,BLK,S,19466126145
WD609,BLK,XL,19466126146
WD609,BLK,XS,19466126147
WD609,EGG,2XL,19466126148
WD609,EGG,L,19466126149
WD609,EGG,M,19466126150
WD609,EGG,S,19466126151
WD609,EGG,XL,19466126152
WD609,EGG,XS,19466126153
WD609,GAB,2XL,19466126154
WD609,GAB,L,19466126155
WD609,GAB,M,19466126156
WD609,GAB,S,19466126157
WD609,GAB,XL,19466126158
WD609,GAB,XS,19466126159
WD609,NAV,2XL,19466126160
WD609,NAV,L,19466126161
WD609,NAV,M,19466126162
WD609,NAV,S,19466126163
WD609,NAV,XL,19466126164
WD609,NAV,XS,19466126165
WD609,OLV,2XL,19466126166
WD609,OLV,L,19466126167
WD609,OLV,M,19466126168
WD609,OLV,S,19466126169
WD609,OLV,XL,19466126170
WD609,OLV,XS,19466126171
WD609,PWT,2XL,19466126172
WD609,PWT,L,19466126173
WD609,PWT,M,19466126174
WD609,PWT,S,19466126175
WD609,PWT,XL,19466126176
WD609,PWT,XS,19466126177
WD205,BLK,2XL,19466126178
WD205,BLK,L,19466126179
WD205,BLK,M,19466126180
WD205,BLK,S,19466126181
WD205,BLK,XL,19466126182
WD205,BLK,XS,19466126183
WD205,EGG,2XL,19466126184
WD205,EGG,L,19466126185
WD205,EGG,M,19466126186
WD205,EGG,S,19466126187
WD205,EGG,XL,19466126188
WD205,EGG,XS,19466126189
WD205,GAB,2XL,19466126190
WD205,GAB,L,19466126191
WD205,GAB,M,19466126192
WD205,GAB,S,19466126193
WD205,GAB,XL,19466126194
WD205,GAB,XS,19466126195
WD205,NAV,2XL,19466126196
WD205,NAV,L,19466126197
WD205,NAV,M,19466126198
WD205,NAV,S,19466126199
WD205,NAV,XL,19466126200
WD205,NAV,XS,19466126201
WD205,OLV,2XL,19466126202
WD205,OLV,L,19466126203
WD205,OLV,M,19466126204
WD205,OLV,S,19466126205
WD205,OLV,XL,19466126206
WD205,OLV,XS,19466126207
WD205,PWT,2XL,19466126208
WD205,PWT,L,19466126209
WD205,PWT,M,19466126210
WD205,PWT,S,19466126211
WD205,PWT,XL,19466126212
WD205,PWT,XS,19466126213
WD611,BLK,2XL,19466126214
WD611,BLK,L,19466126215
WD611,BLK,M,19466126216
WD611,BLK,S,19466126217
WD611,BLK,XL,19466126218
WD611,BLK,XS,19466126219
WD611,CAR,2XL,19466126220
WD611,CAR,L,19466126221
WD611,CAR,M,19466126222
WD611,CAR,S,19466126223
WD611,CAR,XL,19466126224
WD611,CAR,XS,19466126225
WD611,GAB,2XL,19466126226
WD611,GAB,L,19466126227
WD611,GAB,M,19466126228
WD611,GAB,S,19466126229
WD611,GAB,XL,19466126230
WD611,GAB,XS,19466126231
WD611,NAV,2XL,19466126232
WD611,NAV,L,19466126233
WD611,NAV,M,19466126234
WD611,NAV,S,19466126235
WD611,NAV,XL,19466126236
WD611,NAV,XS,19466126237
WD611,PWT,2XL,19466126238
WD611,PWT,L,19466126239
WD611,PWT,M,19466126240
WD611,PWT,S,19466126241
WD611,PWT,XL,19466126242
WD611,PWT,XS,19466126243
WD203,BLK,2XL,19466126244
WD203,BLK,L,19466126245
WD203,BLK,M,19466126246
WD203,BLK,S,19466126247
WD203,BLK,XL,19466126248
WD203,BLK,XS,19466126249
WD203,CAR,2XL,19466126250
WD203,CAR,L,19466126251
WD203,CAR,M,19466126252
WD203,CAR,S,19466126253
WD203,CAR,XL,19466126254
WD203,CAR,XS,19466126255
WD203,GAB,2XL,19466126256
WD203,GAB,L,19466126257
WD203,GAB,M,19466126258
WD203,GAB,S,19466126259
WD203,GAB,XL,19466126260
WD203,GAB,XS,19466126261
WD203,NAV,2XL,19466126262
WD203,NAV,L,19466126263
WD203,NAV,M,19466126264
WD203,NAV,S,19466126265
WD203,NAV,XL,19466126266
WD203,NAV,XS,19466126267
WD203,PWT,2XL,19466126268
WD203,PWT,L,19466126269
WD203,PWT,M,19466126270
WD203,PWT,S,19466126271
WD203,PWT,XL,19466126272
WD203,PWT,XS,19466126273
WD607,BLK,2XL,19466126274
WD607,BLK,L,19466126275
WD607,BLK,M,19466126276
WD607,BLK,S,19466126277
WD607,BLK,XL,19466126278
WD607,BLK,XS,19466126279
WD607,CAR,2XL,19466126280
WD607,CAR,L,19466126281
WD607,CAR,M,19466126282
WD607,CAR,S,19466126283
WD607,CAR,XL,19466126284
WD607,CAR,XS,19466126285
WD607,GAB,2XL,19466126286
WD607,GAB,L,19466126287
WD607,GAB,M,19466126288
WD607,GAB,S,19466126289
WD607,GAB,XL,19466126290
WD607,GAB,XS,19466126291
WD607,NAV,2XL,19466126292
WD607,NAV,L,19466126293
WD607,NAV,M,19466126294
WD607,NAV,S,19466126295
WD607,NAV,XL,19466126296
WD607,NAV,XS,19466126297
WD607,PWT,2XL,19466126298
WD607,PWT,L,19466126299
WD607,PWT,M,19466126300
WD607,PWT,S,19466126301
WD607,PWT,XL,19466126302
WD607,PWT,XS,19466126303
WD608A,BAPS,2XL,19466126304
WD608A,BAPS,L,19466126305
WD608A,BAPS,M,19466126306
WD608A,BAPS,S,19466126307
WD608A,BAPS,XL,19466126308
WD608A,BAPS,XS,19466126309
WD608A,NYPS,2XL,19466126310
WD608A,NYPS,L,19466126311
WD608A,NYPS,M,19466126312
WD608A,NYPS,S,19466126313
WD608A,NYPS,XL,19466126314
WD608A,NYPS,XS,19466126315
WD608A,OLPS,2XL,19466126316
WD608A,OLPS,L,19466126317
WD608A,OLPS,M,19466126318
WD608A,OLPS,S,19466126319
WD608A,OLPS,XL,19466126320
WD608A,OLPS,XS,19466126321
WD608A,WNPS,2XL,19466126322
WD608A,WNPS,L,19466126323
WD608A,WNPS,M,19466126324
WD608A,WNPS,S,19466126325
WD608A,WNPS,XL,19466126326
WD608A,WNPS,XS,19466126327
WD204A,BAPS,2XL,19466126328
WD204A,BAPS,L,19466126329
WD204A,BAPS,M,19466126330
WD204A,BAPS,S,19466126331
WD204A,BAPS,XL,19466126332
WD204A,BAPS,XS,19466126333
WD204A,NYPS,2XL,19466126334
WD204A,NYPS,L,19466126335
WD204A,NYPS,M,19466126336
WD204A,NYPS,S,19466126337
WD204A,NYPS,XL,19466126338
WD204A,NYPS,XS,19466126339
WD204A,OLPS,2XL,19466126340
WD204A,OLPS,L,19466126341
WD204A,OLPS,M,19466126342
WD204A,OLPS,S,19466126343
WD204A,OLPS,XL,19466126344
WD204A,OLPS,XS,19466126345
WD204A,WNPS,2XL,19466126346
WD204A,WNPS,L,19466126347
WD204A,WNPS,M,19466126348
WD204A,WNPS,S,19466126349
WD204A,WNPS,XL,19466126350
WD204A,WNPS,XS,19466126351
WD610,BLK,2XL,19466126352
WD610,BLK,L,19466126353
WD610,BLK,M,19466126354
WD610,BLK,S,19466126355
WD610,BLK,XL,19466126356
WD610,BLK,XS,19466126357
WD610,EBW,2XL,19466126358
WD610,EBW,L,19466126359
WD610,EBW,M,19466126360
WD610,EBW,S,19466126361
WD610,EBW,XL,19466126362
WD610,EBW,XS,19466126363
WD610,WIN,2XL,19466126364
WD610,WIN,L,19466126365
WD610,WIN,M,19466126366
WD610,WIN,S,19466126367
WD610,WIN,XL,19466126368
WD610,WIN,XS,19466126369
WM738X19,CRTE,2XL,19466126370
WM738X19,CRTE,3XL,19466126371
WM738X19,CRTE,L,19466126372
WM738X19,CRTE,M,19466126373
WM738X19,CRTE,S,19466126374
WM738X19,CRTE,XL,19466126375
WM738X19,CRTE,XS,19466126376
WM738X19,OMSF,2XL,19466126377
WM738X19,OMSF,3XL,19466126378
WM738X19,OMSF,L,19466126379
WM738X19,OMSF,M,19466126380
WM738X19,OMSF,S,19466126381
WM738X19,OMSF,XL,19466126382
WM738X19,OMSF,XS,19466126383
WD206,BLK,2XL,19466126439
WD206,BLK,L,19466126440
WD206,BLK,M,19466126441
WD206,BLK,S,19466126442
WD206,BLK,XL,19466126443
WD206,BLK,XS,19466126444
WD206,EBW,2XL,19466126445
WD206,EBW,L,19466126446
WD206,EBW,M,19466126447
WD206,EBW,S,19466126448
WD206,EBW,XL,19466126449
WD206,EBW,XS,19466126450
WD206,WIN,2XL,19466126451
WD206,WIN,L,19466126452
WD206,WIN,M,19466126453
WD206,WIN,S,19466126454
WD206,WIN,XL,19466126455
WD206,WIN,XS,19466126456
WD309,BLK,2XL,19466126457
WD309,BLK,3XL,19466126458
WD309,BLK,L,19466126459
WD309,BLK,M,19466126460
WD309,BLK,S,19466126461
WD309,BLK,XL,19466126462
WD309,BLK,XS,19466126463
WD309,IND,2XL,19466126464
WD309,IND,3XL,19466126465
WD309,IND,L,19466126466
WD309,IND,M,19466126467
WD309,IND,S,19466126468
WD309,IND,XL,19466126469
WD309,IND,XS,19466126470
WD310,WHT,2XL,19466126471
WD310,WHT,3XL,19466126472
WD310,WHT,L,19466126473
WD310,WHT,M,19466126474
WD310,WHT,S,19466126475
WD310,WHT,XL,19466126476
WD310,WHT,XS,19466126477
WD300,DNVY,2XL,19466127678
WD300,DNVY,3XL,19466127679
WD300,DNVY,L,19466127680
WD300,DNVY,M,19466127681
WD300,DNVY,S,19466127682
WD300,DNVY,XL,19466127683
WD300,DNVY,XS,19466127684
WM902A,EBW,2XL,19466127722
WM902A,EBW,3XL,19466127723
WM902A,EBW,L,19466127724
WM902A,EBW,M,19466127725
WM902A,EBW,S,19466127726
WM902A,EBW,XL,19466127727
WM902A,EBW,XS,19466127728
WM902A,EGG,2XL,19466127729
WM902A,EGG,3XL,19466127730
WM902A,EGG,L,19466127731
WM902A,EGG,M,19466127732
WM902A,EGG,S,19466127733
WM902A,EGG,XL,19466127734
WM902A,EGG,XS,19466127735
WM902A,IND,2XL,19466127736
WM902A,IND,3XL,19466127737
WM902A,IND,L,19466127738
WM902A,IND,M,19466127739
WM902A,IND,S,19466127740
WM902A,IND,XL,19466127741
WM902A,IND,XS,19466127742
WM090A,EBW,2XL,19466127750
WM090A,EBW,3XL,19466127751
WM090A,EBW,L,19466127752
WM090A,EBW,M,19466127753
WM090A,EBW,S,19466127754
WM090A,EBW,XL,19466127755
WM090A,EBW,XS,19466127756
WM090A,EGG,2XL,19466127757
WM090A,EGG,3XL,19466127758
WM090A,EGG,L,19466127759
WM090A,EGG,M,19466127760
WM090A,EGG,S,19466127761
WM090A,EGG,XL,19466127762
WM090A,EGG,XS,19466127763
WM090A,IND,2XL,19466127764
WM090A,IND,3XL,19466127765
WM090A,IND,L,19466127766
WM090A,IND,M,19466127767
WM090A,IND,S,19466127768
WM090A,IND,XL,19466127769
WM090A,IND,XS,19466127770
WM909A,HTEL,2XL,19466127771
WM909A,HTEL,3XL,19466127772
WM909A,HTEL,L,19466127773
WM909A,HTEL,M,19466127774
WM909A,HTEL,S,19466127775
WM909A,HTEL,XL,19466127776
WM909A,HTEL,XS,19466127777
WM909A,HWIN,2XL,19466127785
WM909A,HWIN,3XL,19466127786
WM909A,HWIN,L,19466127787
WM909A,HWIN,M,19466127788
WM909A,HWIN,S,19466127789
WM909A,HWIN,XL,19466127790
WM909A,HWIN,XS,19466127791
WM097A,HTEL,2XL,19466127792
WM097A,HTEL,3XL,19466127793
WM097A,HTEL,L,19466127794
WM097A,HTEL,M,19466127795
WM097A,HTEL,S,19466127796
WM097A,HTEL,XL,19466127797
WM097A,HTEL,XS,19466127798
WM097A,HWIN,2XL,19466127806
WM097A,HWIN,3XL,19466127807
WM097A,HWIN,L,19466127808
WM097A,HWIN,M,19466127809
WM097A,HWIN,S,19466127810
WM097A,HWIN,XL,19466127811
WM097A,HWIN,XS,19466127812
WM403,RBGM,2XL,19466127820
WM403,RBGM,3XL,19466127821
WM403,RBGM,L,19466127822
WM403,RBGM,M,19466127823
WM403,RBGM,S,19466127824
WM403,RBGM,XL,19466127825
WM403,RBGM,XS,19466127826
WM403,GRGS,2XL,19466127827
WM403,GRGS,3XL,19466127828
WM403,GRGS,L,19466127829
WM403,GRGS,M,19466127830
WM403,GRGS,S,19466127831
WM403,GRGS,XL,19466127832
WM403,GRGS,XS,19466127833
WM403,STSG,2XL,19466127834
WM403,STSG,3XL,19466127835
WM403,STSG,L,19466127836
WM403,STSG,M,19466127837
WM403,STSG,S,19466127838
WM403,STSG,XL,19466127839
WM403,STSG,XS,19466127840
WM403,AHGY,2XL,19466127841
WM403,AHGY,3XL,19466127842
WM403,AHGY,L,19466127843
WM403,AHGY,M,19466127844
WM403,AHGY,S,19466127845
WM403,AHGY,XL,19466127846
WM403,AHGY,XS,19466127847
WM664,BLK,2XL,19466127861
WM664,BLK,3XL,19466127862
WM664,BLK,L,19466127863
WM664,BLK,M,19466127864
WM664,BLK,S,19466127865
WM664,BLK,XL,19466127866
WM664,BLK,XS,19466127867
WM664,GRGS,2XL,19466127868
WM664,GRGS,3XL,19466127869
WM664,GRGS,L,19466127870
WM664,GRGS,M,19466127871
WM664,GRGS,S,19466127872
WM664,GRGS,XL,19466127873
WM664,GRGS,XS,19466127874
WM664,RBGM,2XL,19466127875
WM664,RBGM,3XL,19466127876
WM664,RBGM,L,19466127877
WM664,RBGM,M,19466127878
WM664,RBGM,S,19466127879
WM664,RBGM,XL,19466127880
WM664,RBGM,XS,19466127881
WM260,BLK,2XL,19466128115
WM260,BLK,3XL,19466128116
WM260,BLK,L,19466128117
WM260,BLK,M,19466128118
WM260,BLK,S,19466128119
WM260,BLK,XL,19466128120
WM260,BLK,XS,19466128121
WM260,GRGS,2XL,19466128122
WM260,GRGS,3XL,19466128123
WM260,GRGS,L,19466128124
WM260,GRGS,M,19466128125
WM260,GRGS,S,19466128126
WM260,GRGS,XL,19466128127
WM260,GRGS,XS,19466128128
WM260,RBGM,2XL,19466128129
WM260,RBGM,3XL,19466128130
WM260,RBGM,L,19466128131
WM260,RBGM,M,19466128132
WM260,RBGM,S,19466128133
WM260,RBGM,XL,19466128134
WM260,RBGM,XS,19466128135
WM257,AHGY,2XL,19466128136
WM257,AHGY,3XL,19466128137
WM257,AHGY,L,19466128138
WM257,AHGY,M,19466128139
WM257,AHGY,S,19466128140
WM257,AHGY,XL,19466128141
WM257,AHGY,XS,19466128142
WM257,BLK,2XL,19466128143
WM257,BLK,3XL,19466128144
WM257,BLK,L,19466128145
WM257,BLK,M,19466128146
WM257,BLK,S,19466128147
WM257,BLK,XL,19466128148
WM257,BLK,XS,19466128149
WM257,STSG,2XL,19466128150
WM257,STSG,3XL,19466128151
WM257,STSG,L,19466128152
WM257,STSG,M,19466128153
WM257,STSG,S,19466128154
WM257,STSG,XL,19466128155
WM257,STSG,XS,19466128156
WM661,AHGY,2XL,19466128157
WM661,AHGY,3XL,19466128158
WM661,AHGY,L,19466128159
WM661,AHGY,M,19466128160
WM661,AHGY,S,19466128161
WM661,AHGY,XL,19466128162
WM661,AHGY,XS,19466128163
WM661,BLK,2XL,19466128164
WM661,BLK,3XL,19466128165
WM661,BLK,L,19466128166
WM661,BLK,M,19466128167
WM661,BLK,S,19466128168
WM661,BLK,XL,19466128169
WM661,BLK,XS,19466128170
WM661,STSG,2XL,19466128171
WM661,STSG,3XL,19466128172
WM661,STSG,L,19466128173
WM661,STSG,M,19466128174
WM661,STSG,S,19466128175
WM661,STSG,XL,19466128176
WM661,STSG,XS,19466128177
WC728X19,MKFJ,2XL,19466128178
WC728X19,MKFJ,3XL,19466128179
WC728X19,MKFJ,L,19466128180
WC728X19,MKFJ,M,19466128181
WC728X19,MKFJ,S,19466128182
WC728X19,MKFJ,XL,19466128183
WC728X19,MKFJ,XS,19466128184
WC728X19,SEGN,2XL,19466128185
WC728X19,SEGN,3XL,19466128186
WC728X19,SEGN,L,19466128187
WC728X19,SEGN,M,19466128188
WC728X19,SEGN,S,19466128189
WC728X19,SEGN,XL,19466128190
WC728X19,SEGN,XS,19466128191
WC728X19,PHBG,2XL,19466128192
WC728X19,PHBG,3XL,19466128193
WC728X19,PHBG,L,19466128194
WC728X19,PHBG,M,19466128195
WC728X19,PHBG,S,19466128196
WC728X19,PHBG,XL,19466128197
WC728X19,PHBG,XS,19466128198
WC728X19,RUWF,2XL,19466128199
WC728X19,RUWF,3XL,19466128200
WC728X19,RUWF,L,19466128201
WC728X19,RUWF,M,19466128202
WC728X19,RUWF,S,19466128203
WC728X19,RUWF,XL,19466128204
WC728X19,RUWF,XS,19466128205
WC728X19,LHCO,2XL,19466128206
WC728X19,LHCO,3XL,19466128207
WC728X19,LHCO,L,19466128208
WC728X19,LHCO,M,19466128209
WC728X19,LHCO,S,19466128210
WC728X19,LHCO,XL,19466128211
WC728X19,LHCO,XS,19466128212
WC725C19,CZTE,2XL,19466128213
WC725C19,CZTE,3XL,19466128214
WC725C19,CZTE,L,19466128215
WC725C19,CZTE,M,19466128216
WC725C19,CZTE,S,19466128217
WC725C19,CZTE,XL,19466128218
WC725C19,CZTE,XS,19466128219
WC725X19,SOSS,2XL,19466128220
WC725X19,SOSS,3XL,19466128221
WC725X19,SOSS,L,19466128222
WC725X19,SOSS,M,19466128223
WC725X19,SOSS,S,19466128224
WC725X19,SOSS,XL,19466128225
WC725X19,SOSS,XS,19466128226
77934,GABB,2XL,19466128414
77934,GABB,3XL,19466128415
77934,GABB,L,19466128416
77934,GABB,M,19466128417
77934,GABB,S,19466128418
77934,GABB,XL,19466128419
77934,GABB,XS,19466128420
77934,WNEB,2XL,19466128421
77934,WNEB,3XL,19466128422
77934,WNEB,L,19466128423
77934,WNEB,M,19466128424
77934,WNEB,S,19466128425
77934,WNEB,XL,19466128426
77934,WNEB,XS,19466128427
77934,NVYB,2XL,19466128428
77934,NVYB,3XL,19466128429
77934,NVYB,L,19466128430
77934,NVYB,M,19466128431
77934,NVYB,S,19466128432
77934,NVYB,XL,19466128433
77934,NVYB,XS,19466128434
WA704C47,SEGO,2XL,19466128459
WA704C47,SEGO,3XL,19466128460
WA704C47,SEGO,L,19466128461
WA704C47,SEGO,M,19466128462
WA704C47,SEGO,S,19466128463
WA704C47,SEGO,XL,19466128464
WA704C47,SEGO,XS,19466128465
WA704X19,MKIW,2XL,19466128466
WA704X19,MKIW,3XL,19466128467
WA704X19,MKIW,L,19466128468
WA704X19,MKIW,M,19466128469
WA704X19,MKIW,S,19466128470
WA704X19,MKIW,XL,19466128471
WA704X19,MKIW,XS,19466128472
WA704C47,RUOK,2XL,19466128473
WA704C47,RUOK,3XL,19466128474
WA704C47,RUOK,L,19466128475
WA704C47,RUOK,M,19466128476
WA704C47,RUOK,S,19466128477
WA704C47,RUOK,XL,19466128478
WA704C47,RUOK,XS,19466128479
WA704C47,NCJA,2XL,19466128480
WA704C47,NCJA,3XL,19466128481
WA704C47,NCJA,L,19466128482
WA704C47,NCJA,M,19466128483
WA704C47,NCJA,S,19466128484
WA704C47,NCJA,XL,19466128485
WA704C47,NCJA,XS,19466128486
WA704C47,VIVG,2XL,19466128487
WA704C47,VIVG,3XL,19466128488
WA704C47,VIVG,L,19466128489
WA704C47,VIVG,M,19466128490
WA704C47,VIVG,S,19466128491
WA704C47,VIVG,XL,19466128492
WA704C47,VIVG,XS,19466128493
WA705X19,GOWO,2XL,19466128494
WA705X19,GOWO,3XL,19466128495
WA705X19,GOWO,L,19466128496
WA705X19,GOWO,M,19466128497
WA705X19,GOWO,S,19466128498
WA705X19,GOWO,XL,19466128499
WA705X19,GOWO,XS,19466128500
WA706C19,ARPA,2XL,19466128501
WA706C19,ARPA,3XL,19466128502
WA706C19,ARPA,L,19466128503
WA706C19,ARPA,M,19466128504
WA706C19,ARPA,S,19466128505
WA706C19,ARPA,XL,19466128506
WA706C19,ARPA,XS,19466128507
WA707X47,CRTE,2XL,19466128508
WA707X47,CRTE,3XL,19466128509
WA707X47,CRTE,L,19466128510
WA707X47,CRTE,M,19466128511
WA707X47,CRTE,S,19466128512
WA707X47,CRTE,XL,19466128513
WA707X47,CRTE,XS,19466128514
WA707X47,OMSF,2XL,19466128515
WA707X47,OMSF,3XL,19466128516
WA707X47,OMSF,L,19466128517
WA707X47,OMSF,M,19466128518
WA707X47,OMSF,S,19466128519
WA707X47,OMSF,XL,19466128520
WA707X47,OMSF,XS,19466128521
WA705C47,CYCT,2XL,19466128522
WA705C47,CYCT,3XL,19466128523
WA705C47,CYCT,L,19466128524
WA705C47,CYCT,M,19466128525
WA705C47,CYCT,S,19466128526
WA705C47,CYCT,XL,19466128527
WA705C47,CYCT,XS,19466128528
WA705C47,HETE,2XL,19466128529
WA705C47,HETE,3XL,19466128530
WA705C47,HETE,L,19466128531
WA705C47,HETE,M,19466128532
WA705C47,HETE,S,19466128533
WA705C47,HETE,XL,19466128534
WA705C47,HETE,XS,19466128535
WD308,HGRY,2XL,19466128540
WD308,HGRY,3XL,19466128541
WD308,HGRY,L,19466128542
WD308,HGRY,M,19466128543
WD308,HGRY,S,19466128544
WD308,HGRY,XL,19466128545
WD308,HGRY,XS,19466128546
WM090AC14,EGG,ASST,19466128548
WM090AC14,EBW,ASST,19466128549
WM090AC14,IND,ASST,19466128550
WM097AC14,HTEL,ASST,19466128551
WM097AC14,HWIN,ASST,19466128553
WM902AC14,EBW,ASST,19466128555
WM902AC14,EGG,ASST,19466128556
WM902AC14,IND,ASST,19466128557
WM909AC14,HTEL,ASST,19466128558
WM909AC14,HWIN,ASST,19466128560
WM257C10,AHGY,ASST,19466128561
WM257C10,STSG,ASST,19466128562
WM257C10,BLK,ASST,19466128563
WM661C10,AHGY,ASST,19466128564
WM661C10,STSG,ASST,19466128565
WM661C10,BLK,ASST,19466128566
WM403C10,AHGY,ASST,19466128567
WM403C10,STSG,ASST,19466128568
WM745C19C11,NCJA,ASST,19466128569
WM745C19C11,VIVG,ASST,19466128570
WM738C19C11,CYCT,ASST,19466128571
WM738C19C11,HETE,ASST,19466128572
WM745C19C7,NCJA,ASST,19466128573
WM745C19C7,VIVG,ASST,19466128574
WM738C19C7,CYCT,ASST,19466128575
WM738C19C7,HETE,ASST,19466128576
WM894,WHT,2XL,19466129169
WM894,WHT,3XL,19466129170
WM894,WHT,L,19466129171
WM894,WHT,M,19466129172
WM894,WHT,S,19466129173
WM894,WHT,XL,19466129174
WM081,WHT,2XL,19466129175
WM081,WHT,3XL,19466129176
WM081,WHT,L,19466129177
WM081,WHT,M,19466129178
WM081,WHT,S,19466129179
WM081,WHT,XL,19466129180
WM893,AQBU,2XL,19466129181
WM893,AQBU,3XL,19466129182
WM893,AQBU,L,19466129183
WM893,AQBU,M,19466129184
WM893,AQBU,S,19466129185
WM893,AQBU,XL,19466129186
WM893,BLK,2XL,19466129187
WM893,BLK,3XL,19466129188
WM893,BLK,L,19466129189
WM893,BLK,M,19466129190
WM893,BLK,S,19466129191
WM893,BLK,XL,19466129192
WM893,CGW,2XL,19466129193
WM893,CGW,3XL,19466129194
WM893,CGW,L,19466129195
WM893,CGW,M,19466129196
WM893,CGW,S,19466129197
WM893,CGW,XL,19466129198
WM893,CIE,2XL,19466129199
WM893,CIE,3XL,19466129200
WM893,CIE,L,19466129201
WM893,CIE,M,19466129202
WM893,CIE,S,19466129203
WM893,CIE,XL,19466129204
WM893,EBW,2XL,19466129205
WM893,EBW,3XL,19466129206
WM893,EBW,L,19466129207
WM893,EBW,M,19466129208
WM893,EBW,S,19466129209
WM893,EBW,XL,19466129210
WM893,EGG,2XL,19466129211
WM893,EGG,3XL,19466129212
WM893,EGG,L,19466129213
WM893,EGG,M,19466129214
WM893,EGG,S,19466129215
WM893,EGG,XL,19466129216
WM893,IND,2XL,19466129217
WM893,IND,3XL,19466129218
WM893,IND,L,19466129219
WM893,IND,M,19466129220
WM893,IND,S,19466129221
WM893,IND,XL,19466129222
WM893,PWT,2XL,19466129223
WM893,PWT,3XL,19466129224
WM893,PWT,L,19466129225
WM893,PWT,M,19466129226
WM893,PWT,S,19466129227
WM893,PWT,XL,19466129228
WM893,WIN,2XL,19466129229
WM893,WIN,3XL,19466129230
WM893,WIN,L,19466129231
WM893,WIN,M,19466129232
WM893,WIN,S,19466129233
WM893,WIN,XL,19466129234
WM080,AQBU,2XL,19466129235
WM080,AQBU,3XL,19466129236
WM080,AQBU,L,19466129237
WM080,AQBU,M,19466129238
WM080,AQBU,S,19466129239
WM080,AQBU,XL,19466129240
WM080,BLK,2XL,19466129241
WM080,BLK,3XL,19466129242
WM080,BLK,L,19466129243
WM080,BLK,M,19466129244
WM080,BLK,S,19466129245
WM080,BLK,XL,19466129246
WM080,CGW,2XL,19466129247
WM080,CGW,3XL,19466129248
WM080,CGW,L,19466129249
WM080,CGW,M,19466129250
WM080,CGW,S,19466129251
WM080,CGW,XL,19466129252
WM080,CIE,2XL,19466129253
WM080,CIE,3XL,19466129254
WM080,CIE,L,19466129255
WM080,CIE,M,19466129256
WM080,CIE,S,19466129257
WM080,CIE,XL,19466129258
WM080,EBW,2XL,19466129259
WM080,EBW,3XL,19466129260
WM080,EBW,L,19466129261
WM080,EBW,M,19466129262
WM080,EBW,S,19466129263
WM080,EBW,XL,19466129264
WM080,EGG,2XL,19466129265
WM080,EGG,3XL,19466129266
WM080,EGG,L,19466129267
WM080,EGG,M,19466129268
WM080,EGG,S,19466129269
WM080,EGG,XL,19466129270
WM080,IND,2XL,19466129271
WM080,IND,3XL,19466129272
WM080,IND,L,19466129273
WM080,IND,M,19466129274
WM080,IND,S,19466129275
WM080,IND,XL,19466129276
WM080,PWT,2XL,19466129277
WM080,PWT,3XL,19466129278
WM080,PWT,L,19466129279
WM080,PWT,M,19466129280
WM080,PWT,S,19466129281
WM080,PWT,XL,19466129282
WM080,WIN,2XL,19466129283
WM080,WIN,3XL,19466129284
WM080,WIN,L,19466129285
WM080,WIN,M,19466129286
WM080,WIN,S,19466129287
WM080,WIN,XL,19466129288
WM894,WHT,XS,19466129681
WM081,WHT,XS,19466129682
WM893,AQBU,XS,19466129683
WM893,BLK,XS,19466129684
WM893,CGW,XS,19466129685
WM893,CIE,XS,19466129686
WM893,EBW,XS,19466129687
WM893,EGG,XS,19466129688
WM893,IND,XS,19466129689
WM893,PWT,XS,19466129690
WM893,WIN,XS,19466129691
WM080,AQBU,XS,19466129692
WM080,BLK,XS,19466129693
WM080,CIE,XS,19466129694
WM080,EBW,XS,19466129695
WM080,CGW,XS,19466129696
WM080,EGG,XS,19466129697
WM080,IND,XS,19466129698
WM080,PWT,XS,19466129699
WM080,WIN,XS,19466129700
WM403C10,RBGM,ASST,19466130105
WM403C10,GRGS,ASST,19466130106
WM260C10,RBGM,ASST,19466130107
WM260C10,GRGS,ASST,19466130108
WM260C10,BLK,ASST,19466130109
WM664C10,BLK,ASST,19466130110
WM664C10,RBGM,ASST,19466130111
WM664C10,GRGS,ASST,19466130112
WM745C19C11,SEGO,ASST,19466130113
WM745C19C11,RUOK,ASST,19466130114
WM745C19C7,SEGO,ASST,19466130115
WM745C19C7,RUOK,ASST,19466130116
WM738X19C11,OMSF,ASST,19466130117
WM738X19C11,CRTE,ASST,19466130118
WM738X19C7,OMSF,ASST,19466130119
WM738X19C7,CRTE,ASST,19466130120
WM738X19,PSDT,2XL,19466130128
WM738X19,PSDT,3XL,19466130129
WM738X19,PSDT,L,19466130130
WM738X19,PSDT,M,19466130131
WM738X19,PSDT,S,19466130132
WM738X19,PSDT,XL,19466130133
WM738X19,PSDT,XS,19466130134
WM738X19,CFCM,2XL,19466130136
WM738X19,CFCM,3XL,19466130137
WM738X19,CFCM,L,19466130138
WM738X19,CFCM,M,19466130139
WM738X19,CFCM,S,19466130140
WM738X19,CFCM,XL,19466130141
WM738X19,CFCM,XS,19466130142
WM080C12,AQBU,ASST,19466130151
WM080C12,BLK,ASST,19466130152
WM080C12,CGW,ASST,19466130153
WM080C12,CIE,ASST,19466130154
WM080C12,EBW,ASST,19466130155
WM080C12,EGG,ASST,19466130156
WM080C12,IND,ASST,19466130157
WM080C12,PWT,ASST,19466130158
WM080C12,WIN,ASST,19466130159
WM081C12,WHT,ASST,19466130160
WM893C12,AQBU,ASST,19466130161
WM893C12,BLK,ASST,19466130162
WM893C12,CGW,ASST,19466130163
WM893C12,CIE,ASST,19466130164
WM893C12,EBW,ASST,19466130165
WM893C12,EGG,ASST,19466130166
WM893C12,IND,ASST,19466130167
WM893C12,PWT,ASST,19466130168
WM893C12,WIN,ASST,19466130169
WM894C12,WHT,ASST,19466130170
WM738X19C11,CFCM,ASST,19466130292
WM738X19C11,PSDT,ASST,19466130293
WC838,BLK,2XL,19466132100
WC838,BLK,3XL,19466132101
WC838,BLK,L,19466132102
WC838,BLK,M,19466132103
WC838,BLK,S,19466132104
WC838,BLK,XL,19466132105
WC838,BLK,XS,19466132106
WC838,IND,2XL,19466132107
WC838,IND,3XL,19466132108
WC838,IND,L,19466132109
WC838,IND,M,19466132110
WC838,IND,S,19466132111
WC838,IND,XL,19466132112
WC838,IND,XS,19466132113
WC838,PWT,2XL,19466132114
WC838,PWT,3XL,19466132115
WC838,PWT,L,19466132116
WC838,PWT,M,19466132117
WC838,PWT,S,19466132118
WC838,PWT,XL,19466132119
WC838,PWT,XS,19466132120
WC838,WIN,2XL,19466132121
WC838,WIN,3XL,19466132122
WC838,WIN,L,19466132123
WC838,WIN,M,19466132124
WC838,WIN,S,19466132125
WC838,WIN,XL,19466132126
WC838,WIN,XS,19466132127
WC840,WHT,2XL,19466132128
WC840,WHT,3XL,19466132129
WC840,WHT,L,19466132130
WC840,WHT,M,19466132131
WC840,WHT,S,19466132132
WC840,WHT,XL,19466132133
WC840,WHT,XS,19466132134
WC037,BLK,2XL,19466132135
WC037,BLK,3XL,19466132136
WC037,BLK,L,19466132137
WC037,BLK,M,19466132138
WC037,BLK,S,19466132139
WC037,BLK,XL,19466132140
WC037,BLK,XS,19466132141
WC037,IND,2XL,19466132142
WC037,IND,3XL,19466132143
WC037,IND,L,19466132144
WC037,IND,M,19466132145
WC037,IND,S,19466132146
WC037,IND,XL,19466132147
WC037,IND,XS,19466132148
WC037,PWT,2XL,19466132149
WC037,PWT,3XL,19466132150
WC037,PWT,L,19466132151
WC037,PWT,M,19466132152
WC037,PWT,S,19466132153
WC037,PWT,XL,19466132154
WC037,PWT,XS,19466132155
WC037,WIN,2XL,19466132156
WC037,WIN,3XL,19466132157
WC037,WIN,L,19466132158
WC037,WIN,M,19466132159
WC037,WIN,S,19466132160
WC037,WIN,XL,19466132161
WC037,WIN,XS,19466132162
WC038,WHT,2XL,19466132163
WC038,WHT,3XL,19466132164
WC038,WHT,L,19466132165
WC038,WHT,M,19466132166
WC038,WHT,S,19466132167
WC038,WHT,XL,19466132168
WC038,WHT,XS,19466132169
WA405,WHT,2XL,19466132963
WA405,WHT,3XL,19466132964
WA405,WHT,L,19466132965
WA405,WHT,M,19466132966
WA405,WHT,S,19466132967
WA405,WHT,XL,19466132968
WA405,WHT,XS,19466132969
WC725X47,PANF,2XL,19466133565
WC725X47,PANF,3XL,19466133566
WC725X47,PANF,L,19466133567
WC725X47,PANF,M,19466133568
WC725X47,PANF,S,19466133569
WC725X47,PANF,XL,19466133570
WC725X47,PANF,XS,19466133571
WC725X19,ABTD,2XL,19466133572
WC725X19,ABTD,3XL,19466133573
WC725X19,ABTD,L,19466133574
WC725X19,ABTD,M,19466133575
WC725X19,ABTD,S,19466133576
WC725X19,ABTD,XL,19466133577
WC725X19,ABTD,XS,19466133578
WC725X19,ABTY,2XL,19466133579
WC725X19,ABTY,3XL,19466133580
WC725X19,ABTY,L,19466133581
WC725X19,ABTY,M,19466133582
WC725X19,ABTY,S,19466133583
WC725X19,ABTY,XL,19466133584
WC725X19,ABTY,XS,19466133585
WC725X19,MLBU,2XL,19466133586
WC725X19,MLBU,3XL,19466133587
WC725X19,MLBU,L,19466133588
WC725X19,MLBU,M,19466133589
WC725X19,MLBU,S,19466133590
WC725X19,MLBU,XL,19466133591
WC725X19,MLBU,XS,19466133592
WC035,DESL,2XL,19466133848
WC035,DESL,3XL,19466133849
WC035,DESL,L,19466133850
WC035,DESL,M,19466133851
WC035,DESL,S,19466133852
WC035,DESL,XL,19466133853
WC035,DESL,XS,19466133854
WC035,EGG,2XL,19466133855
WC035,EGG,3XL,19466133856
WC035,EGG,L,19466133857
WC035,EGG,M,19466133858
WC035,EGG,S,19466133859
WC035,EGG,XL,19466133860
WC035,EGG,XS,19466133861
WC836,DESL,2XL,19466133862
WC836,DESL,3XL,19466133863
WC836,DESL,L,19466133864
WC836,DESL,M,19466133865
WC836,DESL,S,19466133866
WC836,DESL,XL,19466133867
WC836,DESL,XS,19466133868
WC836,EGG,2XL,19466133869
WC836,EGG,3XL,19466133870
WC836,EGG,L,19466133871
WC836,EGG,M,19466133872
WC836,EGG,S,19466133873
WC836,EGG,XL,19466133874
WC836,EGG,XS,19466133875
WD710X19,ABTD,2XL,19466133913
WD710X19,ABTD,3XL,19466133914
WD710X19,ABTD,L,19466133915
WD710X19,ABTD,M,19466133916
WD710X19,ABTD,S,19466133917
WD710X19,ABTD,XL,19466133918
WD710X19,ABTD,XS,19466133919
WD521,BLK,2XL,19466133920
WD521,BLK,L,19466133921
WD521,BLK,M,19466133922
WD521,BLK,S,19466133923
WD521,BLK,XL,19466133924
WD521,BLK,XS,19466133925
WD521,EBW,2XL,19466133926
WD521,EBW,L,19466133927
WD521,EBW,M,19466133928
WD521,EBW,S,19466133929
WD521,EBW,XL,19466133930
WD521,EBW,XS,19466133931
WD521,WIN,2XL,19466133932
WD521,WIN,L,19466133933
WD521,WIN,M,19466133934
WD521,WIN,S,19466133935
WD521,WIN,XL,19466133936
WD521,WIN,XS,19466133937
WD522,ABTD,2XL,19466133938
WD522,ABTD,3XL,19466133939
WD522,ABTD,L,19466133940
WD522,ABTD,M,19466133941
WD522,ABTD,S,19466133942
WD522,ABTD,XL,19466133943
WD522,ABTD,XS,19466133944
WD522,MKIW,2XL,19466133945
WD522,MKIW,3XL,19466133946
WD522,MKIW,L,19466133947
WD522,MKIW,M,19466133948
WD522,MKIW,S,19466133949
WD522,MKIW,XL,19466133950
WD522,MKIW,XS,19466133951
WD523,CZTE,2XL,19466133952
WD523,CZTE,3XL,19466133953
WD523,CZTE,L,19466133954
WD523,CZTE,M,19466133955
WD523,CZTE,S,19466133956
WD523,CZTE,XL,19466133957
WD523,CZTE,XS,19466133958
WD522,MKAB,2XL,19466133959
WD522,MKAB,3XL,19466133960
WD522,MKAB,L,19466133961
WD522,MKAB,M,19466133962
WD522,MKAB,S,19466133963
WD522,MKAB,XL,19466133964
WD522,MKAB,XS,19466133965
WD523,CZRB,2XL,19466133966
WD523,CZRB,3XL,19466133967
WD523,CZRB,L,19466133968
WD523,CZRB,M,19466133969
WD523,CZRB,S,19466133970
WD523,CZRB,XL,19466133971
WD523,CZRB,XS,19466133972
WD710X19,RBPA,2XL,19466133973
WD710X19,RBPA,3XL,19466133974
WD710X19,RBPA,L,19466133975
WD710X19,RBPA,M,19466133976
WD710X19,RBPA,S,19466133977
WD710X19,RBPA,XL,19466133978
WD710X19,RBPA,XS,19466133979
WM403,IND,2XL,19466134154
WM403,IND,3XL,19466134155
WM403,IND,L,19466134156
WM403,IND,M,19466134157
WM403,IND,S,19466134158
WM403,IND,XL,19466134159
WM403,IND,XS,19466134160
WM738X47,CABM,2XL,19466134161
WM738X47,CABM,3XL,19466134162
WM738X47,CABM,L,19466134163
WM738X47,CABM,M,19466134164
WM738X47,CABM,S,19466134165
WM738X47,CABM,XL,19466134166
WM738X47,CABM,XS,19466134167
WM751C47,SHAE,2XL,19466134168
WM751C47,SHAE,3XL,19466134169
WM751C47,SHAE,L,19466134170
WM751C47,SHAE,M,19466134171
WM751C47,SHAE,S,19466134172
WM751C47,SHAE,XL,19466134173
WM751C47,SHAE,XS,19466134174
WM668,BLK,2XL,19466134175
WM668,BLK,3XL,19466134176
WM668,BLK,L,19466134177
WM668,BLK,M,19466134178
WM668,BLK,S,19466134179
WM668,BLK,XL,19466134180
WM668,BLK,XS,19466134181
WM668,PNGU,2XL,19466134182
WM668,PNGU,3XL,19466134183
WM668,PNGU,L,19466134184
WM668,PNGU,M,19466134185
WM668,PNGU,S,19466134186
WM668,PNGU,XL,19466134187
WM668,PNGU,XS,19466134188
WM261,BLK,2XL,19466134189
WM261,BLK,3XL,19466134190
WM261,BLK,L,19466134191
WM261,BLK,M,19466134192
WM261,BLK,S,19466134193
WM261,BLK,XL,19466134194
WM261,BLK,XS,19466134195
WM261,PNGU,2XL,19466134196
WM261,PNGU,3XL,19466134197
WM261,PNGU,L,19466134198
WM261,PNGU,M,19466134199
WM261,PNGU,S,19466134200
WM261,PNGU,XL,19466134201
WM261,PNGU,XS,19466134202
WM745C47,MKYF,2XL,19466134203
WM745C47,MKYF,3XL,19466134204
WM745C47,MKYF,L,19466134205
WM745C47,MKYF,M,19466134206
WM745C47,MKYF,S,19466134207
WM745C47,MKYF,XL,19466134208
WM745C47,MKYF,XS,19466134209
WM745X47,PNSF,2XL,19466134210
WM745X47,PNSF,3XL,19466134211
WM745X47,PNSF,L,19466134212
WM745X47,PNSF,M,19466134213
WM745X47,PNSF,S,19466134214
WM745X47,PNSF,XL,19466134215
WM745X47,PNSF,XS,19466134216
WM668,GRPE,2XL,19466134217
WM668,GRPE,3XL,19466134218
WM668,GRPE,L,19466134219
WM668,GRPE,M,19466134220
WM668,GRPE,S,19466134221
WM668,GRPE,XL,19466134222
WM668,GRPE,XS,19466134223
WM403,GRPE,2XL,19466134224
WM403,GRPE,3XL,19466134225
WM403,GRPE,L,19466134226
WM403,GRPE,M,19466134227
WM403,GRPE,S,19466134228
WM403,GRPE,XL,19466134229
WM403,GRPE,XS,19466134230
WM261,GRPE,2XL,19466134231
WM261,GRPE,3XL,19466134232
WM261,GRPE,L,19466134233
WM261,GRPE,M,19466134234
WM261,GRPE,S,19466134235
WM261,GRPE,XL,19466134236
WM261,GRPE,XS,19466134237
WM104A,AQBU,2XL,19466134238
WM104A,AQBU,3XL,19466134239
WM104A,AQBU,L,19466134240
WM104A,AQBU,M,19466134241
WM104A,AQBU,S,19466134242
WM104A,AQBU,XL,19466134243
WM104A,AQBU,XS,19466134244
WM104A,BLK,2XL,19466134245
WM104A,BLK,3XL,19466134246
WM104A,BLK,L,19466134247
WM104A,BLK,M,19466134248
WM104A,BLK,S,19466134249
WM104A,BLK,XL,19466134250
WM104A,BLK,XS,19466134251
WM104A,DESL,2XL,19466134252
WM104A,DESL,3XL,19466134253
WM104A,DESL,L,19466134254
WM104A,DESL,M,19466134255
WM104A,DESL,S,19466134256
WM104A,DESL,XL,19466134257
WM104A,DESL,XS,19466134258
WM104A,EBW,2XL,19466134259
WM104A,EBW,3XL,19466134260
WM104A,EBW,L,19466134261
WM104A,EBW,M,19466134262
WM104A,EBW,S,19466134263
WM104A,EBW,XL,19466134264
WM104A,EBW,XS,19466134265
WM104A,EGG,2XL,19466134266
WM104A,EGG,3XL,19466134267
WM104A,EGG,L,19466134268
WM104A,EGG,M,19466134269
WM104A,EGG,S,19466134270
WM104A,EGG,XL,19466134271
WM104A,EGG,XS,19466134272
WM104A,IND,2XL,19466134273
WM104A,IND,3XL,19466134274
WM104A,IND,L,19466134275
WM104A,IND,M,19466134276
WM104A,IND,S,19466134277
WM104A,IND,XL,19466134278
WM104A,IND,XS,19466134279
WM104A,PWT,2XL,19466134280
WM104A,PWT,3XL,19466134281
WM104A,PWT,L,19466134282
WM104A,PWT,M,19466134283
WM104A,PWT,S,19466134284
WM104A,PWT,XL,19466134285
WM104A,PWT,XS,19466134286
WM104A,WIN,2XL,19466134287
WM104A,WIN,3XL,19466134288
WM104A,WIN,L,19466134289
WM104A,WIN,M,19466134290
WM104A,WIN,S,19466134291
WM104A,WIN,XL,19466134292
WM104A,WIN,XS,19466134293
WM104AP,BLK,L,19466134294
WM104AP,BLK,M,19466134295
WM104AP,BLK,S,19466134296
WM104AP,BLK,XL,19466134297
WM104AP,BLK,XS,19466134298
WM104AP,EBW,L,19466134299
WM104AP,EBW,M,19466134300
WM104AP,EBW,S,19466134301
WM104AP,EBW,XL,19466134302
WM104AP,EBW,XS,19466134303
WM104AP,IND,L,19466134304
WM104AP,IND,M,19466134305
WM104AP,IND,S,19466134306
WM104AP,IND,XL,19466134307
WM104AP,IND,XS,19466134308
WM104AP,PWT,L,19466134309
WM104AP,PWT,M,19466134310
WM104AP,PWT,S,19466134311
WM104AP,PWT,XL,19466134312
WM104AP,PWT,XS,19466134313
WM900A,AQBU,2XL,19466134447
WM900A,AQBU,3XL,19466134448
WM900A,AQBU,L,19466134449
WM900A,AQBU,M,19466134450
WM900A,AQBU,S,19466134451
WM900A,AQBU,XL,19466134452
WM900A,AQBU,XS,19466134453
WM900A,BLK,2XL,19466134454
WM900A,BLK,3XL,19466134455
WM900A,BLK,L,19466134456
WM900A,BLK,M,19466134457
WM900A,BLK,S,19466134458
WM900A,BLK,XL,19466134459
WM900A,BLK,XS,19466134460
WM900A,DESL,2XL,19466134461
WM900A,DESL,3XL,19466134462
WM900A,DESL,L,19466134463
WM900A,DESL,M,19466134464
WM900A,DESL,S,19466134465
WM900A,DESL,XL,19466134466
WM900A,DESL,XS,19466134467
WM900A,EBW,2XL,19466134468
WM900A,EBW,3XL,19466134469
WM900A,EBW,L,19466134470
WM900A,EBW,M,19466134471
WM900A,EBW,S,19466134472
WM900A,EBW,XL,19466134473
WM900A,EBW,XS,19466134474
WM900A,EGG,2XL,19466134475
WM900A,EGG,3XL,19466134476
WM900A,EGG,L,19466134477
WM900A,EGG,M,19466134478
WM900A,EGG,S,19466134479
WM900A,EGG,XL,19466134480
WM900A,EGG,XS,19466134481
WM900A,IND,2XL,19466134482
WM900A,IND,3XL,19466134483
WM900A,IND,L,19466134484
WM900A,IND,M,19466134485
WM900A,IND,S,19466134486
WM900A,IND,XL,19466134487
WM900A,IND,XS,19466134488
WM900A,PWT,2XL,19466134489
WM900A,PWT,3XL,19466134490
WM900A,PWT,L,19466134491
WM900A,PWT,M,19466134492
WM900A,PWT,S,19466134493
WM900A,PWT,XL,19466134494
WM900A,PWT,XS,19466134495
WM900A,WIN,2XL,19466134496
WM900A,WIN,3XL,19466134497
WM900A,WIN,L,19466134498
WM900A,WIN,M,19466134499
WM900A,WIN,S,19466134500
WM900A,WIN,XL,19466134501
WM900A,WIN,XS,19466134502
WM900AC14,IND,ASST,19466134533
WM900AC14,WIN,ASST,19466134534
WM900AC14,PWT,ASST,19466134535
WM900AC14,EGG,ASST,19466134536
WM900AC14,DESL,ASST,19466134537
WM900AC14,EBW,ASST,19466134538
WM900AC14,BLK,ASST,19466134539
WM900AC14,AQBU,ASST,19466134540
WM104AC14,IND,ASST,19466134541
WM104AC14,WIN,ASST,19466134542
WM104AC14,PWT,ASST,19466134543
WM104AC14,EGG,ASST,19466134544
WM104AC14,DESL,ASST,19466134545
WM104AC14,EBW,ASST,19466134546
WM104AC14,BLK,ASST,19466134547
WM104AC14,AQBU,ASST,19466134548
WM104APC4,IND,ASST,19466134549
WM104APC4,PWT,ASST,19466134550
WM104APC4,EBW,ASST,19466134551
WM104APC4,BLK,ASST,19466134552
WM745C47C11,MKYF,ASST,19466135407
WM745X47C11,PNSF,ASST,19466135408
WM745C47C11,SHAE,ASST,19466135409
WM745C47C7,MKYF,ASST,19466135410
WM745C47C7,SHAE,ASST,19466135411
WM738X47C11,CABM,ASST,19466135412
WM738X47C7,CABM,ASST,19466135413
WM745X47,PHYG,2XL,19466135432
WM745X47,PHYG,3XL,19466135433
WM745X47,PHYG,L,19466135434
WM745X47,PHYG,M,19466135435
WM745X47,PHYG,S,19466135436
WM745X47,PHYG,XL,19466135437
WM745X47,PHYG,XS,19466135438
WM745X47,LTAW,2XL,19466135439
WM745X47,LTAW,3XL,19466135440
WM745X47,LTAW,L,19466135441
WM745X47,LTAW,M,19466135442
WM745X47,LTAW,S,19466135443
WM745X47,LTAW,XL,19466135444
WM745X47,LTAW,XS,19466135445
WM738X47,DLFU,2XL,19466135446
WM738X47,DLFU,3XL,19466135447
WM738X47,DLFU,L,19466135448
WM738X47,DLFU,M,19466135449
WM738X47,DLFU,S,19466135450
WM738X47,DLFU,XL,19466135451
WM738X47,DLFU,XS,19466135452
WM738C47,DLCH,2XL,19466135453
WM738C47,DLCH,3XL,19466135454
WM738C47,DLCH,L,19466135455
WM738C47,DLCH,M,19466135456
WM738C47,DLCH,S,19466135457
WM738C47,DLCH,XL,19466135458
WM738C47,DLCH,XS,19466135459
WM668,DTDW,2XL,19466135460
WM668,DTDW,3XL,19466135461
WM668,DTDW,L,19466135462
WM668,DTDW,M,19466135463
WM668,DTDW,S,19466135464
WM668,DTDW,XL,19466135465
WM668,DTDW,XS,19466135466
WM261,DTDW,2XL,19466135467
WM261,DTDW,3XL,19466135468
WM261,DTDW,L,19466135469
WM261,DTDW,M,19466135470
WM261,DTDW,S,19466135471
WM261,DTDW,XL,19466135472
WM261,DTDW,XS,19466135473
WM261,EGRN,2XL,19466135474
WM261,EGRN,3XL,19466135475
WM261,EGRN,L,19466135476
WM261,EGRN,M,19466135477
WM261,EGRN,S,19466135478
WM261,EGRN,XL,19466135479
WM261,EGRN,XS,19466135480
WM668,EGRN,2XL,19466135481
WM668,EGRN,3XL,19466135482
WM668,EGRN,L,19466135483
WM668,EGRN,M,19466135484
WM668,EGRN,S,19466135485
WM668,EGRN,XL,19466135486
WM668,EGRN,XS,19466135487
WC041,BLK,2XL,19466135815
WC041,BLK,3XL,19466135816
WC041,BLK,L,19466135817
WC041,BLK,M,19466135818
WC041,BLK,S,19466135819
WC041,BLK,XL,19466135820
WC041,BLK,XS,19466135821
WC041,EGG,2XL,19466135822
WC041,EGG,3XL,19466135823
WC041,EGG,L,19466135824
WC041,EGG,M,19466135825
WC041,EGG,S,19466135826
WC041,EGG,XL,19466135827
WC041,EGG,XS,19466135828
WC041,IND,2XL,19466135829
WC041,IND,3XL,19466135830
WC041,IND,L,19466135831
WC041,IND,M,19466135832
WC041,IND,S,19466135833
WC041,IND,XL,19466135834
WC041,IND,XS,19466135835
WC845,BLK,2XL,19466135836
WC845,BLK,3XL,19466135837
WC845,BLK,L,19466135838
WC845,BLK,M,19466135839
WC845,BLK,S,19466135840
WC845,BLK,XL,19466135841
WC845,BLK,XS,19466135842
WC845,EGG,2XL,19466135843
WC845,EGG,3XL,19466135844
WC845,EGG,L,19466135845
WC845,EGG,M,19466135846
WC845,EGG,S,19466135847
WC845,EGG,XL,19466135848
WC845,EGG,XS,19466135849
WC845,IND,2XL,19466135850
WC845,IND,3XL,19466135851
WC845,IND,L,19466135852
WC845,IND,M,19466135853
WC845,IND,S,19466135854
WC845,IND,XL,19466135855
WC845,IND,XS,19466135856
WD313,WHT,2XL,19466137149
WD313,WHT,3XL,19466137150
WD313,WHT,L,19466137151
WD313,WHT,M,19466137152
WD313,WHT,S,19466137153
WD313,WHT,XL,19466137154
WD313,WHT,XS,19466137155
WD313,WHT,4XL,19466137156
WD313,WHT,5XL,19466137157
WD058,BLK,2XL,19466137158
WD058,BLK,3XL,19466137159
WD058,BLK,L,19466137160
WD058,BLK,M,19466137161
WD058,BLK,S,19466137162
WD058,BLK,XL,19466137163
WD058,BLK,XS,19466137164
WD058,EBW,2XL,19466137165
WD058,EBW,3XL,19466137166
WD058,EBW,L,19466137167
WD058,EBW,M,19466137168
WD058,EBW,S,19466137169
WD058,EBW,XL,19466137170
WD058,EBW,XS,19466137171
WD058,IND,2XL,19466137172
WD058,IND,3XL,19466137173
WD058,IND,L,19466137174
WD058,IND,M,19466137175
WD058,IND,S,19466137176
WD058,IND,XL,19466137177
WD058,IND,XS,19466137178
WD058,PWT,2XL,19466137179
WD058,PWT,3XL,19466137180
WD058,PWT,L,19466137181
WD058,PWT,M,19466137182
WD058,PWT,S,19466137183
WD058,PWT,XL,19466137184
WD058,PWT,XS,19466137185
WD856,BLK,2XL,19466137186
WD856,BLK,3XL,19466137187
WD856,BLK,L,19466137188
WD856,BLK,M,19466137189
WD856,BLK,S,19466137190
WD856,BLK,XL,19466137191
WD856,BLK,XS,19466137192
WD856,EBW,2XL,19466137193
WD856,EBW,3XL,19466137194
WD856,EBW,L,19466137195
WD856,EBW,M,19466137196
WD856,EBW,S,19466137197
WD856,EBW,XL,19466137198
WD856,EBW,XS,19466137199
WD856,IND,2XL,19466137200
WD856,IND,3XL,19466137201
WD856,IND,L,19466137202
WD856,IND,M,19466137203
WD856,IND,S,19466137204
WD856,IND,XL,19466137205
WD856,IND,XS,19466137206
WD856,PWT,2XL,19466137207
WD856,PWT,3XL,19466137208
WD856,PWT,L,19466137209
WD856,PWT,M,19466137210
WD856,PWT,S,19466137211
WD856,PWT,XL,19466137212
WD856,PWT,XS,19466137213
WD854A,BLK,2XL,19466137214
WD854A,BLK,3XL,19466137215
WD854A,BLK,L,19466137216
WD854A,BLK,M,19466137217
WD854A,BLK,S,19466137218
WD854A,BLK,XL,19466137219
WD854A,BLK,XS,19466137220
WD854A,HTPT,2XL,19466137221
WD854A,HTPT,3XL,19466137222
WD854A,HTPT,L,19466137223
WD854A,HTPT,M,19466137224
WD854A,HTPT,S,19466137225
WD854A,HTPT,XL,19466137226
WD854A,HTPT,XS,19466137227
WD854A,IND,2XL,19466137228
WD854A,IND,3XL,19466137229
WD854A,IND,L,19466137230
WD854A,IND,M,19466137231
WD854A,IND,S,19466137232
WD854A,IND,XL,19466137233
WD854A,IND,XS,19466137234
WD854A,EBW,2XL,19466137235
WD854A,EBW,3XL,19466137236
WD854A,EBW,L,19466137237
WD854A,EBW,M,19466137238
WD854A,EBW,S,19466137239
WD854A,EBW,XL,19466137240
WD854A,EBW,XS,19466137241
WD066A,BLK,2XL,19466137242
WD066A,BLK,3XL,19466137243
WD066A,BLK,L,19466137244
WD066A,BLK,M,19466137245
WD066A,BLK,S,19466137246
WD066A,BLK,XL,19466137247
WD066A,BLK,XS,19466137248
WD066A,EBW,2XL,19466137249
WD066A,EBW,3XL,19466137250
WD066A,EBW,L,19466137251
WD066A,EBW,M,19466137252
WD066A,EBW,S,19466137253
WD066A,EBW,XL,19466137254
WD066A,EBW,XS,19466137255
WD066A,HTPT,2XL,19466137256
WD066A,HTPT,3XL,19466137257
WD066A,HTPT,L,19466137258
WD066A,HTPT,M,19466137259
WD066A,HTPT,S,19466137260
WD066A,HTPT,XL,19466137261
WD066A,HTPT,XS,19466137262
WD066A,HTPT,5XL,19466137263
WD066A,HTPT,4XL,19466137264
WD066A,IND,2XL,19466137265
WD066A,IND,3XL,19466137266
WD066A,IND,L,19466137267
WD066A,IND,M,19466137268
WD066A,IND,S,19466137269
WD066A,IND,XL,19466137270
WD066A,IND,XS,19466137271
WD318A,BLK,2XL,19466137272
WD318A,BLK,3XL,19466137273
WD318A,BLK,L,19466137274
WD318A,BLK,M,19466137275
WD318A,BLK,S,19466137276
WD318A,BLK,XL,19466137277
WD318A,BLK,XS,19466137278
WD318A,EBW,2XL,19466137279
WD318A,EBW,3XL,19466137280
WD318A,EBW,L,19466137281
WD318A,EBW,M,19466137282
WD318A,EBW,S,19466137283
WD318A,EBW,XL,19466137284
WD318A,EBW,XS,19466137285
WD318A,HTPT,2XL,19466137286
WD318A,HTPT,3XL,19466137287
WD318A,HTPT,L,19466137288
WD318A,HTPT,M,19466137289
WD318A,HTPT,S,19466137290
WD318A,HTPT,XL,19466137291
WD318A,HTPT,XS,19466137292
WD318A,IND,2XL,19466137293
WD318A,IND,3XL,19466137294
WD318A,IND,L,19466137295
WD318A,IND,M,19466137296
WD318A,IND,S,19466137297
WD318A,IND,XL,19466137298
WD318A,IND,XS,19466137299
WD316A,BLK,2XL,19466137300
WD316A,BLK,3XL,19466137301
WD316A,BLK,L,19466137302
WD316A,BLK,M,19466137303
WD316A,BLK,S,19466137304
WD316A,BLK,XL,19466137305
WD316A,BLK,XS,19466137306
WC725X47,FCFE,2XL,19466137346
WC725X47,FCFE,3XL,19466137347
WC725X47,FCFE,L,19466137348
WC725X47,FCFE,M,19466137349
WC725X47,FCFE,S,19466137350
WC725X47,FCFE,XL,19466137351
WC725X47,FCFE,XS,19466137352
WC725X47,SPBR,2XL,19466137353
WC725X47,SPBR,3XL,19466137354
WC725X47,SPBR,L,19466137355
WC725X47,SPBR,M,19466137356
WC725X47,SPBR,S,19466137357
WC725X47,SPBR,XL,19466137358
WC725X47,SPBR,XS,19466137359
WC725X47,WATD,2XL,19466137360
WC725X47,WATD,3XL,19466137361
WC725X47,WATD,L,19466137362
WC725X47,WATD,M,19466137363
WC725X47,WATD,S,19466137364
WC725X47,WATD,XL,19466137365
WC725X47,WATD,XS,19466137366
WC728X47,LTWT,2XL,19466137367
WC728X47,LTWT,3XL,19466137368
WC728X47,LTWT,L,19466137369
WC728X47,LTWT,M,19466137370
WC728X47,LTWT,S,19466137371
WC728X47,LTWT,XL,19466137372
WC728X47,LTWT,XS,19466137373
WC728X47,MARM,2XL,19466137374
WC728X47,MARM,3XL,19466137375
WC728X47,MARM,L,19466137376
WC728X47,MARM,M,19466137377
WC728X47,MARM,S,19466137378
WC728X47,MARM,XL,19466137379
WC728X47,MARM,XS,19466137380
WC728X47,MKNG,2XL,19466137381
WC728X47,MKNG,3XL,19466137382
WC728X47,MKNG,L,19466137383
WC728X47,MKNG,M,19466137384
WC728X47,MKNG,S,19466137385
WC728X47,MKNG,XL,19466137386
WC728X47,MKNG,XS,19466137387
WM668,VOCH,2XL,19466137404
WM668,VOCH,3XL,19466137405
WM668,VOCH,L,19466137406
WM668,VOCH,M,19466137407
WM668,VOCH,S,19466137408
WM668,VOCH,XL,19466137409
WM668,VOCH,XS,19466137410
WM668,TROT,2XL,19466137411
WM668,TROT,3XL,19466137412
WM668,TROT,L,19466137413
WM668,TROT,M,19466137414
WM668,TROT,S,19466137415
WM668,TROT,XL,19466137416
WM668,TROT,XS,19466137417
WM261,TROT,2XL,19466137418
WM261,TROT,3XL,19466137419
WM261,TROT,L,19466137420
WM261,TROT,M,19466137421
WM261,TROT,S,19466137422
WM261,TROT,XL,19466137423
WM261,TROT,XS,19466137424
WM261,VOCH,2XL,19466137425
WM261,VOCH,3XL,19466137426
WM261,VOCH,L,19466137427
WM261,VOCH,M,19466137428
WM261,VOCH,S,19466137429
WM261,VOCH,XL,19466137430
WM261,VOCH,XS,19466137431
WD614A,BLK,2XL,19466137529
WD614A,BLK,3XL,19466137530
WD614A,BLK,L,19466137531
WD614A,BLK,M,19466137532
WD614A,BLK,S,19466137533
WD614A,BLK,XL,19466137534
WD614A,BLK,XS,19466137535
WD614A,PWT,2XL,19466137536
WD614A,PWT,3XL,19466137537
WD614A,PWT,L,19466137538
WD614A,PWT,M,19466137539
WD614A,PWT,S,19466137540
WD614A,PWT,XL,19466137541
WD614A,PWT,XS,19466137542
WD723C47,MKHE,2XL,19466137543
WD723C47,MKHE,3XL,19466137544
WD723C47,MKHE,L,19466137545
WD723C47,MKHE,M,19466137546
WD723C47,MKHE,S,19466137547
WD723C47,MKHE,XL,19466137548
WD723C47,MKHE,XS,19466137549
WD315A,BLK,2XL,19466137550
WD315A,BLK,3XL,19466137551
WD315A,BLK,L,19466137552
WD315A,BLK,M,19466137553
WD315A,BLK,S,19466137554
WD315A,BLK,XL,19466137555
WD315A,BLK,XS,19466137556
WD315A,PWT,2XL,19466137557
WD315A,PWT,3XL,19466137558
WD315A,PWT,L,19466137559
WD315A,PWT,M,19466137560
WD315A,PWT,S,19466137561
WD315A,PWT,XL,19466137562
WD315A,PWT,XS,19466137563
WD617,BLK,2XL,19466137564
WD617,BLK,3XL,19466137565
WD617,BLK,L,19466137566
WD617,BLK,M,19466137567
WD617,BLK,S,19466137568
WD617,BLK,XL,19466137569
WD617,BLK,XS,19466137570
WD617,PWT,2XL,19466137571
WD617,PWT,3XL,19466137572
WD617,PWT,L,19466137573
WD617,PWT,M,19466137574
WD617,PWT,S,19466137575
WD617,PWT,XL,19466137576
WD617,PWT,XS,19466137577
WD208A,BLK,2XL,19466137578
WD208A,BLK,3XL,19466137579
WD208A,BLK,L,19466137580
WD208A,BLK,M,19466137581
WD208A,BLK,S,19466137582
WD208A,BLK,XL,19466137583
WD208A,BLK,XS,19466137584
WD208A,PWT,2XL,19466137585
WD208A,PWT,3XL,19466137586
WD208A,PWT,L,19466137587
WD208A,PWT,M,19466137588
WD208A,PWT,S,19466137589
WD208A,PWT,XL,19466137590
WD208A,PWT,XS,19466137591
WD000,HTPT,2XL,19466137602
WD000,HTPT,3XL,19466137603
WD000,HTPT,L,19466137604
WD000,HTPT,M,19466137605
WD000,HTPT,S,19466137606
WD000,HTPT,XL,19466137607
WD000,HTPT,XS,19466137608
WD800,HTPT,2XL,19466137609
WD800,HTPT,3XL,19466137610
WD800,HTPT,L,19466137611
WD800,HTPT,M,19466137612
WD800,HTPT,S,19466137613
WD800,HTPT,XL,19466137614
WD800,HTPT,XS,19466137615
WM261C10,DTDW,ASST,19466137626
WM261C10,EGRN,ASST,19466137627
WM668C10,DTDW,ASST,19466137628
WM668C10,EGRN,ASST,19466137661
WM745X47C11,PHYG,ASST,19466137662
WM745X47C7,LTAW,ASST,19466137664
WM745X47C7,PHYG,ASST,19466137665
WM745X47C11,LTAW,ASST,19466137666
WM745X47C7,PNSF,ASST,19466137667
WM738X47C11,DLFU,ASST,19466137668
WM738X47C7,DLFU,ASST,19466137669
WM745X47,LTYT,2XL,19466137670
WM745X47,LTYT,3XL,19466137671
WM745X47,LTYT,L,19466137672
WM745X47,LTYT,M,19466137673
WM745X47,LTYT,S,19466137674
WM745X47,LTYT,XL,19466137675
WM745X47,LTYT,XS,19466137676
WM745X47,MKRI,2XL,19466137677
WM745X47,MKRI,3XL,19466137678
WM745X47,MKRI,L,19466137679
WM745X47,MKRI,M,19466137680
WM745X47,MKRI,S,19466137681
WM745X47,MKRI,XL,19466137682
WM745X47,MKRI,XS,19466137683
WM738C47,FURS,2XL,19466137684
WM738C47,FURS,3XL,19466137685
WM738C47,FURS,L,19466137686
WM738C47,FURS,M,19466137687
WM738C47,FURS,S,19466137688
WM738C47,FURS,XL,19466137689
WM738C47,FURS,XS,19466137690
WM738X47,TETY,2XL,19466137691
WM738X47,TETY,3XL,19466137692
WM738X47,TETY,L,19466137693
WM738X47,TETY,M,19466137694
WM738X47,TETY,S,19466137695
WM738X47,TETY,XL,19466137696
WM738X47,TETY,XS,19466137697
WM738X47,CNAT,2XL,19466137698
WM738X47,CNAT,3XL,19466137699
WM738X47,CNAT,L,19466137700
WM738X47,CNAT,M,19466137701
WM738X47,CNAT,S,19466137702
WM738X47,CNAT,XL,19466137703
WM738X47,CNAT,XS,19466137704
WM751C47,FAMR,2XL,19466137705
WM751C47,FAMR,3XL,19466137706
WM751C47,FAMR,L,19466137707
WM751C47,FAMR,M,19466137708
WM751C47,FAMR,S,19466137709
WM751C47,FAMR,XL,19466137710
WM751C47,FAMR,XS,19466137711
WM738C47C11,DLCH,ASST,19466137712
WM738C47C7,DLCH,ASST,19466137713
WC654,BME,2XL,19466137714
WC654,BME,3XL,19466137715
WC654,BME,L,19466137716
WC654,BME,M,19466137717
WC654,BME,S,19466137718
WC654,BME,XL,19466137719
WC654,BME,XS,19466137720
WC654,IDME,2XL,19466137721
WC654,IDME,3XL,19466137722
WC654,IDME,L,19466137723
WC654,IDME,M,19466137724
WC654,IDME,S,19466137725
WC654,IDME,XL,19466137726
WC654,IDME,XS,19466137727
WC654,TRML,2XL,19466137728
WC654,TRML,3XL,19466137729
WC654,TRML,L,19466137730
WC654,TRML,M,19466137731
WC654,TRML,S,19466137732
WC654,TRML,XL,19466137733
WC654,TRML,XS,19466137734
WC649,BLKW,2XL,19466137735
WC649,BLKW,3XL,19466137736
WC649,BLKW,L,19466137737
WC649,BLKW,M,19466137738
WC649,BLKW,S,19466137739
WC649,BLKW,XL,19466137740
WC649,BLKW,XS,19466137741
WC649,WHTW,2XL,19466137742
WC649,WHTW,3XL,19466137743
WC649,WHTW,L,19466137744
WC649,WHTW,M,19466137745
WC649,WHTW,S,19466137746
WC649,WHTW,XL,19466137747
WC649,WHTW,XS,19466137748
WC653,HIND,2XL,19466138084
WC653,HIND,3XL,19466138085
WC653,HIND,L,19466138086
WC653,HIND,M,19466138087
WC653,HIND,S,19466138088
WC653,HIND,XL,19466138089
WC653,HIND,XS,19466138090
WC653,TLPS,2XL,19466138091
WC653,TLPS,3XL,19466138092
WC653,TLPS,L,19466138093
WC653,TLPS,M,19466138094
WC653,TLPS,S,19466138095
WC653,TLPS,XL,19466138096
WC653,TLPS,XS,19466138097
WC653,VOCH,2XL,19466138098
WC653,VOCH,3XL,19466138099
WC653,VOCH,L,19466138100
WC653,VOCH,M,19466138101
WC653,VOCH,S,19466138102
WC653,VOCH,XL,19466138103
WC653,VOCH,XS,19466138104
WC249,HIND,2XL,19466138105
WC249,HIND,3XL,19466138106
WC249,HIND,L,19466138107
WC249,HIND,M,19466138108
WC249,HIND,S,19466138109
WC249,HIND,XL,19466138110
WC249,HIND,XS,19466138111
WC249,TLPS,2XL,19466138112
WC249,TLPS,3XL,19466138113
WC249,TLPS,L,19466138114
WC249,TLPS,M,19466138115
WC249,TLPS,S,19466138116
WC249,TLPS,XL,19466138117
WC249,TLPS,XS,19466138118
WC249,VOCH,2XL,19466138119
WC249,VOCH,3XL,19466138120
WC249,VOCH,L,19466138121
WC249,VOCH,M,19466138122
WC249,VOCH,S,19466138123
WC249,VOCH,XL,19466138124
WC249,VOCH,XS,19466138125
WM745C47,JWDI,2XL,19466138469
WM745C47,JWDI,3XL,19466138470
WM745C47,JWDI,L,19466138471
WM745C47,JWDI,M,19466138472
WM745C47,JWDI,S,19466138473
WM745C47,JWDI,XL,19466138474
WM745C47,JWDI,XS,19466138475
WM745C47,LKPA,2XL,19466138476
WM745C47,LKPA,3XL,19466138477
WM745C47,LKPA,L,19466138478
WM745C47,LKPA,M,19466138479
WM745C47,LKPA,S,19466138480
WM745C47,LKPA,XL,19466138481
WM745C47,LKPA,XS,19466138482
WC725X47,FIFL,2XL,19466138500
WC725X47,FIFL,3XL,19466138501
WC725X47,FIFL,L,19466138502
WC725X47,FIFL,M,19466138503
WC725X47,FIFL,S,19466138504
WC725X47,FIFL,XL,19466138505
WC725X47,FIFL,XS,19466138506
WC725X47,SUPS,2XL,19466138507
WC725X47,SUPS,3XL,19466138508
WC725X47,SUPS,L,19466138509
WC725X47,SUPS,M,19466138510
WC725X47,SUPS,S,19466138511
WC725X47,SUPS,XL,19466138512
WC725X47,SUPS,XS,19466138513
WC725X47,BVHA,2XL,19466138514
WC725X47,BVHA,3XL,19466138515
WC725X47,BVHA,L,19466138516
WC725X47,BVHA,M,19466138517
WC725X47,BVHA,S,19466138518
WC725X47,BVHA,XL,19466138519
WC725X47,BVHA,XS,19466138520
WC725X47,CNDR,2XL,19466138521
WC725X47,CNDR,3XL,19466138522
WC725X47,CNDR,L,19466138523
WC725X47,CNDR,M,19466138524
WC725X47,CNDR,S,19466138525
WC725X47,CNDR,XL,19466138526
WC725X47,CNDR,XS,19466138527
WC725X47,CAOV,2XL,19466138528
WC725X47,CAOV,3XL,19466138529
WC725X47,CAOV,L,19466138530
WC725X47,CAOV,M,19466138531
WC725X47,CAOV,S,19466138532
WC725X47,CAOV,XL,19466138533
WC725X47,CAOV,XS,19466138534
WC728X47,PHBL,2XL,19466138535
WC728X47,PHBL,3XL,19466138536
WC728X47,PHBL,L,19466138537
WC728X47,PHBL,M,19466138538
WC728X47,PHBL,S,19466138539
WC728X47,PHBL,XL,19466138540
WC728X47,PHBL,XS,19466138541
WC728X47,LHGW,2XL,19466138542
WC728X47,LHGW,3XL,19466138543
WC728X47,LHGW,L,19466138544
WC728X47,LHGW,M,19466138545
WC728X47,LHGW,S,19466138546
WC728X47,LHGW,XL,19466138547
WC728X47,LHGW,XS,19466138548
WC728X47,MKEV,2XL,19466138549
WC728X47,MKEV,3XL,19466138550
WC728X47,MKEV,L,19466138551
WC728X47,MKEV,M,19466138552
WC728X47,MKEV,S,19466138553
WC728X47,MKEV,XL,19466138554
WC728X47,MKEV,XS,19466138555
WD053,BLK,2XL,19466139059
WD053,BLK,3XL,19466139060
WD053,BLK,L,19466139061
WD053,BLK,M,19466139062
WD053,BLK,S,19466139063
WD053,BLK,XL,19466139064
WD053,BLK,XS,19466139065
WD053,DNVY,2XL,19466139066
WD053,DNVY,3XL,19466139067
WD053,DNVY,L,19466139068
WD053,DNVY,M,19466139069
WD053,DNVY,S,19466139070
WD053,DNVY,XL,19466139071
WD053,DNVY,XS,19466139072
WD311,BLK,2XL,19466139073
WD311,BLK,3XL,19466139074
WD311,BLK,L,19466139075
WD311,BLK,M,19466139076
WD311,BLK,S,19466139077
WD311,BLK,XL,19466139078
WD311,BLK,XS,19466139079
WD311,DNVY,2XL,19466139080
WD311,DNVY,3XL,19466139081
WD311,DNVY,L,19466139082
WD311,DNVY,M,19466139083
WD311,DNVY,S,19466139084
WD311,DNVY,XL,19466139085
WD311,DNVY,XS,19466139086
WD311,HGRY,2XL,19466139087
WD311,HGRY,3XL,19466139088
WD311,HGRY,L,19466139089
WD311,HGRY,M,19466139090
WD311,HGRY,S,19466139091
WD311,HGRY,XL,19466139092
WD311,HGRY,XS,19466139093
WD053,HGRY,2XL,19466139094
WD053,HGRY,3XL,19466139095
WD053,HGRY,L,19466139096
WD053,HGRY,M,19466139097
WD053,HGRY,S,19466139098
WD053,HGRY,XL,19466139099
WD053,HGRY,XS,19466139100
WD518X47,MKHE,OS,19466139101
WD730X47,METX,2XL,19466139102
WD730X47,METX,3XL,19466139103
WD730X47,METX,L,19466139104
WD730X47,METX,M,19466139105
WD730X47,METX,S,19466139106
WD730X47,METX,XL,19466139107
WD730X47,METX,XS,19466139108
WD724X47,JWKC,2XL,19466139109
WD724X47,JWKC,3XL,19466139110
WD724X47,JWKC,L,19466139111
WD724X47,JWKC,M,19466139112
WD724X47,JWKC,S,19466139113
WD724X47,JWKC,XL,19466139114
WD724X47,JWKC,XS,19466139115
WD709X47,MARM,2XL,19466139116
WD709X47,MARM,3XL,19466139117
WD709X47,MARM,L,19466139118
WD709X47,MARM,M,19466139119
WD709X47,MARM,S,19466139120
WD709X47,MARM,XL,19466139121
WD709X47,MARM,XS,19466139122
WD709X47,LHGW,2XL,19466139123
WD709X47,LHGW,3XL,19466139124
WD709X47,LHGW,L,19466139125
WD709X47,LHGW,M,19466139126
WD709X47,LHGW,S,19466139127
WD709X47,LHGW,XL,19466139128
WD709X47,LHGW,XS,19466139129
WD709X47,MKEV,2XL,19466139130
WD709X47,MKEV,3XL,19466139131
WD709X47,MKEV,L,19466139132
WD709X47,MKEV,M,19466139133
WD709X47,MKEV,S,19466139134
WD709X47,MKEV,XL,19466139135
WD709X47,MKEV,XS,19466139136
WD709X47,MKNG,2XL,19466139137
WD709X47,MKNG,3XL,19466139138
WD709X47,MKNG,L,19466139139
WD709X47,MKNG,M,19466139140
WD709X47,MKNG,S,19466139141
WD709X47,MKNG,XL,19466139142
WD709X47,MKNG,XS,19466139143
WD710X47,CAOV,2XL,19466139144
WD710X47,CAOV,3XL,19466139145
WD710X47,CAOV,L,19466139146
WD710X47,CAOV,M,19466139147
WD710X47,CAOV,S,19466139148
WD710X47,CAOV,XL,19466139149
WD710X47,CAOV,XS,19466139150
WD710X47,FCFE,2XL,19466139151
WD710X47,FCFE,3XL,19466139152
WD710X47,FCFE,L,19466139153
WD710X47,FCFE,M,19466139154
WD710X47,FCFE,S,19466139155
WD710X47,FCFE,XL,19466139156
WD710X47,FCFE,XS,19466139157
WD710X47,SPBR,2XL,19466139158
WD710X47,SPBR,3XL,19466139159
WD710X47,SPBR,L,19466139160
WD710X47,SPBR,M,19466139161
WD710X47,SPBR,S,19466139162
WD710X47,SPBR,XL,19466139163
WD710X47,SPBR,XS,19466139164
WD710X47,SUPS,2XL,19466139165
WD710X47,SUPS,3XL,19466139166
WD710X47,SUPS,L,19466139167
WD710X47,SUPS,M,19466139168
WD710X47,SUPS,S,19466139169
WD710X47,SUPS,XL,19466139170
WD710X47,SUPS,XS,19466139171
WD724X47,DMYB,2XL,19466139172
WD724X47,DMYB,3XL,19466139173
WD724X47,DMYB,L,19466139174
WD724X47,DMYB,M,19466139175
WD724X47,DMYB,S,19466139176
WD724X47,DMYB,XL,19466139177
WD724X47,DMYB,XS,19466139178
WD724X47,MATG,2XL,19466139179
WD724X47,MATG,3XL,19466139180
WD724X47,MATG,L,19466139181
WD724X47,MATG,M,19466139182
WD724X47,MATG,S,19466139183
WD724X47,MATG,XL,19466139184
WD724X47,MATG,XS,19466139185
WA707X47,CNAT,2XL,19466139186
WA707X47,CNAT,3XL,19466139187
WA707X47,CNAT,L,19466139188
WA707X47,CNAT,M,19466139189
WA707X47,CNAT,S,19466139190
WA707X47,CNAT,XL,19466139191
WA707X47,CNAT,XS,19466139192
WA707X47,TETY,2XL,19466139193
WA707X47,TETY,3XL,19466139194
WA707X47,TETY,L,19466139195
WA707X47,TETY,M,19466139196
WA707X47,TETY,S,19466139197
WA707X47,TETY,XL,19466139198
WA707X47,TETY,XS,19466139199
WA704C47,LKPA,2XL,19466139200
WA704C47,LKPA,3XL,19466139201
WA704C47,LKPA,L,19466139202
WA704C47,LKPA,M,19466139203
WA704C47,LKPA,S,19466139204
WA704C47,LKPA,XL,19466139205
WA704C47,LKPA,XS,19466139206
WM261C10,BLK,ASST,19466139232
WM261C10,GRPE,ASST,19466139233
WM261C10,PNGU,ASST,19466139234
WM668C10,GRPE,ASST,19466139235
WM668C10,PNGU,ASST,19466139236
WM668C10,BLK,ASST,19466139237
WM738C47C11,FURS,ASST,19466139262
WM745C47C7,LTYT,ASST,19466139263
WM738X47C11,TETY,ASST,19466139264
WM738X47C7,TETY,ASST,19466139265
WM745C47C11,JWDI,ASST,19466139266
WM745C47C7,JWDI,ASST,19466139267
WM738X47C11,CNAT,ASST,19466139268
WM738X47C7,CNAT,ASST,19466139269
WM403C10,IND,ASST,19466139270
WM403C10,GRPE,ASST,19466139271
WM745X47C11,LTYT,ASST,19466139272
WM745X47C7,LTYT,ASST,19466139273
WM745X47C11,MKRI,ASST,19466139274
WM745X47C7,MKRI,ASST,19466139275
WM738C47C7,FURS,ASST,19466139276
WM745C47C11,LKPA,ASST,19466139277
WM745C47C7,LKPA,ASST,19466139278
WM751C47C11,FAMR,ASST,19466139279
WM751C47C7,FAMR,ASST,19466139280
WM261C10,VOCH,ASST,19466139281
WM261C10,TROT,ASST,19466139282
WM668C10,VOCH,ASST,19466139283
WM668C10,TROT,ASST,19466139284
WD525,FCSP,OS,19466139583
WD525,CASU,OS,19466139584
WD525,FCSB,OS,19466139585
WPL000A,BLK,2XL,19466139749
WPL000A,BLK,3XL,19466139750
WPL000A,BLK,4XL,19466139751
WPL000A,BLK,5XL,19466139752
WPL000A,BLK,6XL,19466139753
WPL000A,BLK,L,19466139754
WPL000A,BLK,M,19466139755
WPL000A,BLK,S,19466139756
WPL000A,BLK,XL,19466139757
WPL000A,BLK,XS,19466139758
WPL001A,BLK,2XL,19466139759
WPL001A,BLK,3XL,19466139760
WPL001A,BLK,4XL,19466139761
WPL001A,BLK,5XL,19466139762
WPL001A,BLK,6XL,19466139763
WPL001A,BLK,L,19466139764
WPL001A,BLK,M,19466139765
WPL001A,BLK,S,19466139766
WPL001A,BLK,XL,19466139767
WPL001A,BLK,XS,19466139768
WPL001AP,BLK,2XL,19466139769
WPL001AP,BLK,3XL,19466139770
WPL001AP,BLK,4XL,19466139771
WPL001AP,BLK,5XL,19466139772
WPL001AP,BLK,6XL,19466139773
WPL001AP,BLK,L,19466139774
WPL001AP,BLK,M,19466139775
WPL001AP,BLK,S,19466139776
WPL001AP,BLK,XL,19466139777
WPL001AP,BLK,XS,19466139778
WPL001AT,BLK,2XL,19466139779
WPL001AT,BLK,3XL,19466139780
WPL001AT,BLK,4XL,19466139781
WPL001AT,BLK,5XL,19466139782
WPL001AT,BLK,6XL,19466139783
WPL001AT,BLK,L,19466139784
WPL001AT,BLK,M,19466139785
WPL001AT,BLK,S,19466139786
WPL001AT,BLK,XL,19466139787
WPL001AT,BLK,XS,19466139788
WPL002A,BLK,2XL,19466139789
WPL002A,BLK,3XL,19466139790
WPL002A,BLK,4XL,19466139791
WPL002A,BLK,5XL,19466139792
WPL002A,BLK,6XL,19466139793
WPL002A,BLK,L,19466139794
WPL002A,BLK,M,19466139795
WPL002A,BLK,S,19466139796
WPL002A,BLK,XL,19466139797
WPL002A,BLK,XS,19466139798
WPL002AP,BLK,2XL,19466139799
WPL002AP,BLK,3XL,19466139800
WPL002AP,BLK,4XL,19466139801
WPL002AP,BLK,5XL,19466139802
WPL002AP,BLK,6XL,19466139803
WPL002AP,BLK,L,19466139804
WPL002AP,BLK,M,19466139805
WPL002AP,BLK,S,19466139806
WPL002AP,BLK,XL,19466139807
WPL002AP,BLK,XS,19466139808
WPL002AT,BLK,2XL,19466139809
WPL002AT,BLK,3XL,19466139810
WPL002AT,BLK,4XL,19466139811
WPL002AT,BLK,5XL,19466139812
WPL002AT,BLK,6XL,19466139813
WPL002AT,BLK,L,19466139814
WPL002AT,BLK,M,19466139815
WPL002AT,BLK,S,19466139816
WPL002AT,BLK,XL,19466139817
WPL002AT,BLK,XS,19466139818
WPL003A,BLK,2XL,19466139819
WPL003A,BLK,3XL,19466139820
WPL003A,BLK,4XL,19466139821
WPL003A,BLK,5XL,19466139822
WPL003A,BLK,6XL,19466139823
WPL003A,BLK,L,19466139824
WPL003A,BLK,M,19466139825
WPL003A,BLK,S,19466139826
WPL003A,BLK,XL,19466139827
WPL003A,BLK,XS,19466139828
WPL000AP,BLK,2XL,19466139845
WPL000AP,BLK,3XL,19466139846
WPL000AP,BLK,4XL,19466139847
WPL000AP,BLK,5XL,19466139848
WPL000AP,BLK,6XL,19466139849
WPL000AP,BLK,L,19466139850
WPL000AP,BLK,M,19466139851
WPL000AP,BLK,S,19466139852
WPL000AP,BLK,XL,19466139853
WPL000AP,BLK,XS,19466139854
WPL000AT,BLK,2XL,19466139855
WPL000AT,BLK,3XL,19466139856
WPL000AT,BLK,4XL,19466139857
WPL000AT,BLK,5XL,19466139858
WPL000AT,BLK,6XL,19466139859
WPL000AT,BLK,L,19466139860
WPL000AT,BLK,M,19466139861
WPL000AT,BLK,S,19466139862
WPL000AT,BLK,XL,19466139863
WPL000AT,BLK,XS,19466139864
WPL003AS,BLK,2XL,19466139865
WPL003AS,BLK,3XL,19466139866
WPL003AS,BLK,4XL,19466139867
WPL003AS,BLK,5XL,19466139868
WPL003AS,BLK,6XL,19466139869
WPL003AS,BLK,L,19466139870
WPL003AS,BLK,M,19466139871
WPL003AS,BLK,S,19466139872
WPL003AS,BLK,XL,19466139873
WPL003AS,BLK,XS,19466139874
WPL003AT,BLK,2XL,19466139875
WPL003AT,BLK,3XL,19466139876
WPL003AT,BLK,4XL,19466139877
WPL003AT,BLK,5XL,19466139878
WPL003AT,BLK,6XL,19466139879
WPL003AT,BLK,L,19466139880
WPL003AT,BLK,M,19466139881
WPL003AT,BLK,S,19466139882
WPL003AT,BLK,XL,19466139883
WPL003AT,BLK,XS,19466139884
WPL800A,BLK,2XL,19466140323
WPL800A,BLK,3XL,19466140324
WPL800A,BLK,4XL,19466140325
WPL800A,BLK,5XL,19466140326
WPL800A,BLK,6XL,19466140327
WPL800A,BLK,L,19466140328
WPL800A,BLK,M,19466140329
WPL800A,BLK,S,19466140330
WPL800A,BLK,XL,19466140331
WPL800A,BLK,XS,19466140332
WPL801A,BLK,2XL,19466140333
WPL801A,BLK,3XL,19466140334
WPL801A,BLK,4XL,19466140335
WPL801A,BLK,5XL,19466140336
WPL801A,BLK,6XL,19466140337
WPL801A,BLK,L,19466140338
WPL801A,BLK,M,19466140339
WPL801A,BLK,S,19466140340
WPL801A,BLK,XL,19466140341
WPL801A,BLK,XS,19466140342
WPL802A,BLK,2XL,19466140343
WPL802A,BLK,3XL,19466140344
WPL802A,BLK,4XL,19466140345
WPL802A,BLK,5XL,19466140346
WPL802A,BLK,6XL,19466140347
WPL802A,BLK,L,19466140348
WPL802A,BLK,M,19466140349
WPL802A,BLK,S,19466140350
WPL802A,BLK,XL,19466140351
WPL802A,BLK,XS,19466140352
WPL300,BLK,2XL,19466140353
WPL300,BLK,3XL,19466140354
WPL300,BLK,4XL,19466140355
WPL300,BLK,5XL,19466140356
WPL300,BLK,6XL,19466140357
WPL300,BLK,L,19466140358
WPL300,BLK,M,19466140359
WPL300,BLK,S,19466140360
WPL300,BLK,XL,19466140361
WPL300,BLK,XS,19466140362
WPL301,WHT,2XL,19466140363
WPL301,WHT,3XL,19466140364
WPL301,WHT,4XL,19466140365
WPL301,WHT,5XL,19466140366
WPL301,WHT,6XL,19466140367
WPL301,WHT,L,19466140368
WPL301,WHT,M,19466140369
WPL301,WHT,S,19466140370
WPL301,WHT,XL,19466140371
WPL301,WHT,XS,19466140372
WPL302,WHT,2XL,19466140373
WPL302,WHT,3XL,19466140374
WPL302,WHT,4XL,19466140375
WPL302,WHT,5XL,19466140376
WPL302,WHT,6XL,19466140377
WPL302,WHT,L,19466140378
WPL302,WHT,M,19466140379
WPL302,WHT,S,19466140380
WPL302,WHT,XL,19466140381
WPL302,WHT,XS,19466140382
WPL303,WHT,2XL,19466140393
WPL303,WHT,3XL,19466140394
WPL303,WHT,4XL,19466140395
WPL303,WHT,5XL,19466140396
WPL303,WHT,6XL,19466140397
WPL303,WHT,L,19466140398
WPL303,WHT,M,19466140399
WPL303,WHT,S,19466140400
WPL303,WHT,XL,19466140401
WPL303,WHT,XS,19466140402
WC725X47,MERB,2XL,19466141732
WC725X47,MERB,3XL,19466141733
WC725X47,MERB,L,19466141734
WC725X47,MERB,M,19466141735
WC725X47,MERB,S,19466141736
WC725X47,MERB,XL,19466141737
WC725X47,MERB,XS,19466141738
WC725X47,PWVE,2XL,19466141739
WC725X47,PWVE,3XL,19466141740
WC725X47,PWVE,L,19466141741
WC725X47,PWVE,M,19466141742
WC725X47,PWVE,S,19466141743
WC725X47,PWVE,XL,19466141744
WC725X47,PWVE,XS,19466141745
WC725X47,FADS,2XL,19466141746
WC725X47,FADS,3XL,19466141747
WC725X47,FADS,L,19466141748
WC725X47,FADS,M,19466141749
WC725X47,FADS,S,19466141750
WC725X47,FADS,XL,19466141751
WC725X47,FADS,XS,19466141752
WC725X47,PGLM,2XL,19466141753
WC725X47,PGLM,3XL,19466141754
WC725X47,PGLM,L,19466141755
WC725X47,PGLM,M,19466141756
WC725X47,PGLM,S,19466141757
WC725X47,PGLM,XL,19466141758
WC725X47,PGLM,XS,19466141759
WC725X47,PULZ,2XL,19466141760
WC725X47,PULZ,3XL,19466141761
WC725X47,PULZ,L,19466141762
WC725X47,PULZ,M,19466141763
WC725X47,PULZ,S,19466141764
WC725X47,PULZ,XL,19466141765
WC725X47,PULZ,XS,19466141766
WC728X47,LHJU,2XL,19466141767
WC728X47,LHJU,3XL,19466141768
WC728X47,LHJU,L,19466141769
WC728X47,LHJU,M,19466141770
WC728X47,LHJU,S,19466141771
WC728X47,LHJU,XL,19466141772
WC728X47,LHJU,XS,19466141773
WC728X47,IEFH,2XL,19466141774
WC728X47,IEFH,3XL,19466141775
WC728X47,IEFH,L,19466141776
WC728X47,IEFH,M,19466141777
WC728X47,IEFH,S,19466141778
WC728X47,IEFH,XL,19466141779
WC728X47,IEFH,XS,19466141780
WC728X47,HKNF,2XL,19466141781
WC728X47,HKNF,3XL,19466141782
WC728X47,HKNF,L,19466141783
WC728X47,HKNF,M,19466141784
WC728X47,HKNF,S,19466141785
WC728X47,HKNF,XL,19466141786
WC728X47,HKNF,XS,19466141787
WC728X47,PNNV,2XL,19466141788
WC728X47,PNNV,3XL,19466141789
WC728X47,PNNV,L,19466141790
WC728X47,PNNV,M,19466141791
WC728X47,PNNV,S,19466141792
WC728X47,PNNV,XL,19466141793
WC728X47,PNNV,XS,19466141794
WC728X47,NCPK,2XL,19466141795
WC728X47,NCPK,3XL,19466141796
WC728X47,NCPK,L,19466141797
WC728X47,NCPK,M,19466141798
WC728X47,NCPK,S,19466141799
WC728X47,NCPK,XL,19466141800
WC728X47,NCPK,XS,19466141801
WC728X47,LKFC,2XL,19466141802
WC728X47,LKFC,3XL,19466141803
WC728X47,LKFC,L,19466141804
WC728X47,LKFC,M,19466141805
WC728X47,LKFC,S,19466141806
WC728X47,LKFC,XL,19466141807
WC728X47,LKFC,XS,19466141808
WC728X47,PHFH,2XL,19466141809
WC728X47,PHFH,3XL,19466141810
WC728X47,PHFH,L,19466141811
WC728X47,PHFH,M,19466141812
WC728X47,PHFH,S,19466141813
WC728X47,PHFH,XL,19466141814
WC728X47,PHFH,XS,19466141815
WC728X47,LHAW,2XL,19466141816
WC728X47,LHAW,3XL,19466141817
WC728X47,LHAW,L,19466141818
WC728X47,LHAW,M,19466141819
WC728X47,LHAW,S,19466141820
WC728X47,LHAW,XL,19466141821
WC728X47,LHAW,XS,19466141822
WC728X47,MKYH,2XL,19466141823
WC728X47,MKYH,3XL,19466141824
WC728X47,MKYH,L,19466141825
WC728X47,MKYH,M,19466141826
WC728X47,MKYH,S,19466141827
WC728X47,MKYH,XL,19466141828
WC728X47,MKYH,XS,19466141829
WC728X47,SEUS,2XL,19466141830
WC728X47,SEUS,3XL,19466141831
WC728X47,SEUS,L,19466141832
WC728X47,SEUS,M,19466141833
WC728X47,SEUS,S,19466141834
WC728X47,SEUS,XL,19466141835
WC728X47,SEUS,XS,19466141836
WC728X47,FRPD,2XL,19466141837
WC728X47,FRPD,3XL,19466141838
WC728X47,FRPD,L,19466141839
WC728X47,FRPD,M,19466141840
WC728X47,FRPD,S,19466141841
WC728X47,FRPD,XL,19466141842
WC728X47,FRPD,XS,19466141843
WC728X47,PHWJ,2XL,19466141844
WC728X47,PHWJ,3XL,19466141845
WC728X47,PHWJ,L,19466141846
WC728X47,PHWJ,M,19466141847
WC728X47,PHWJ,S,19466141848
WC728X47,PHWJ,XL,19466141849
WC728X47,PHWJ,XS,19466141850
WC725X47,GRFL,2XL,19466141851
WC725X47,GRFL,3XL,19466141852
WC725X47,GRFL,L,19466141853
WC725X47,GRFL,M,19466141854
WC725X47,GRFL,S,19466141855
WC725X47,GRFL,XL,19466141856
WC725X47,GRFL,XS,19466141857
WC728X47,MNLM,2XL,19466141969
WC728X47,MNLM,3XL,19466141970
WC728X47,MNLM,L,19466141971
WC728X47,MNLM,M,19466141972
WC728X47,MNLM,S,19466141973
WC728X47,MNLM,XL,19466141974
WC728X47,MNLM,XS,19466141975
WC725X47,ABWR,2XL,19466141976
WC725X47,ABWR,3XL,19466141977
WC725X47,ABWR,L,19466141978
WC725X47,ABWR,M,19466141979
WC725X47,ABWR,S,19466141980
WC725X47,ABWR,XL,19466141981
WC725X47,ABWR,XS,19466141982
WC725X47,DIYF,2XL,19466141983
WC725X47,DIYF,3XL,19466141984
WC725X47,DIYF,L,19466141985
WC725X47,DIYF,M,19466141986
WC725X47,DIYF,S,19466141987
WC725X47,DIYF,XL,19466141988
WC725X47,DIYF,XS,19466141989
WM745X47,SEMX,2XL,19466142026
WM745X47,SEMX,3XL,19466142027
WM745X47,SEMX,L,19466142028
WM745X47,SEMX,M,19466142029
WM745X47,SEMX,S,19466142030
WM745X47,SEMX,XL,19466142031
WM745X47,SEMX,XS,19466142032
WM738X47,PULZ,2XL,19466142033
WM738X47,PULZ,3XL,19466142034
WM738X47,PULZ,L,19466142035
WM738X47,PULZ,M,19466142036
WM738X47,PULZ,S,19466142037
WM738X47,PULZ,XL,19466142038
WM738X47,PULZ,XS,19466142039
WM738X47,HACR,2XL,19466142040
WM738X47,HACR,3XL,19466142041
WM738X47,HACR,L,19466142042
WM738X47,HACR,M,19466142043
WM738X47,HACR,S,19466142044
WM738X47,HACR,XL,19466142045
WM738X47,HACR,XS,19466142046
WM738X47,AUSF,2XL,19466142047
WM738X47,AUSF,3XL,19466142048
WM738X47,AUSF,L,19466142049
WM738X47,AUSF,M,19466142050
WM738X47,AUSF,S,19466142051
WM738X47,AUSF,XL,19466142052
WM738X47,AUSF,XS,19466142053
WM738X47,PGLM,2XL,19466142054
WM738X47,PGLM,3XL,19466142055
WM738X47,PGLM,L,19466142056
WM738X47,PGLM,M,19466142057
WM738X47,PGLM,S,19466142058
WM738X47,PGLM,XL,19466142059
WM738X47,PGLM,XS,19466142060
WM745X47,HKNF,2XL,19466142061
WM745X47,HKNF,3XL,19466142062
WM745X47,HKNF,L,19466142063
WM745X47,HKNF,M,19466142064
WM745X47,HKNF,S,19466142065
WM745X47,HKNF,XL,19466142066
WM745X47,HKNF,XS,19466142067
WM745X47,NCFG,2XL,19466142068
WM745X47,NCFG,3XL,19466142069
WM745X47,NCFG,L,19466142070
WM745X47,NCFG,M,19466142071
WM745X47,NCFG,S,19466142072
WM745X47,NCFG,XL,19466142073
WM745X47,NCFG,XS,19466142074
WM745X47,FRPD,2XL,19466142075
WM745X47,FRPD,3XL,19466142076
WM745X47,FRPD,L,19466142077
WM745X47,FRPD,M,19466142078
WM745X47,FRPD,S,19466142079
WM745X47,FRPD,XL,19466142080
WM745X47,FRPD,XS,19466142081
WC656,HEGG,2XL,19466142082
WC656,HEGG,3XL,19466142083
WC656,HEGG,L,19466142084
WC656,HEGG,M,19466142085
WC656,HEGG,S,19466142086
WC656,HEGG,XL,19466142087
WC656,HEGG,XS,19466142088
WC656,GRGS,2XL,19466142089
WC656,GRGS,3XL,19466142090
WC656,GRGS,L,19466142091
WC656,GRGS,M,19466142092
WC656,GRGS,S,19466142093
WC656,GRGS,XL,19466142094
WC656,GRGS,XS,19466142095
WC656,RBGM,2XL,19466142096
WC656,RBGM,3XL,19466142097
WC656,RBGM,L,19466142098
WC656,RBGM,M,19466142099
WC656,RBGM,S,19466142100
WC656,RBGM,XL,19466142101
WC656,RBGM,XS,19466142102
WC251,GRGS,2XL,19466142103
WC251,GRGS,3XL,19466142104
WC251,GRGS,L,19466142105
WC251,GRGS,M,19466142106
WC251,GRGS,S,19466142107
WC251,GRGS,XL,19466142108
WC251,GRGS,XS,19466142109
WC251,HEGG,2XL,19466142110
WC251,HEGG,3XL,19466142111
WC251,HEGG,L,19466142112
WC251,HEGG,M,19466142113
WC251,HEGG,S,19466142114
WC251,HEGG,XL,19466142115
WC251,HEGG,XS,19466142116
WC251,RBGM,2XL,19466142117
WC251,RBGM,3XL,19466142118
WC251,RBGM,L,19466142119
WC251,RBGM,M,19466142120
WC251,RBGM,S,19466142121
WC251,RBGM,XL,19466142122
WC251,RBGM,XS,19466142123
WC844A,HTEL,2XL,19466142124
WC844A,HTEL,3XL,19466142125
WC844A,HTEL,L,19466142126
WC844A,HTEL,M,19466142127
WC844A,HTEL,S,19466142128
WC844A,HTEL,XL,19466142129
WC844A,HTEL,XS,19466142130
WC844A,HTPT,2XL,19466142131
WC844A,HTPT,3XL,19466142132
WC844A,HTPT,L,19466142133
WC844A,HTPT,M,19466142134
WC844A,HTPT,S,19466142135
WC844A,HTPT,XL,19466142136
WC844A,HTPT,XS,19466142137
WC040A,HTEL,2XL,19466142138
WC040A,HTEL,3XL,19466142139
WC040A,HTEL,L,19466142140
WC040A,HTEL,M,19466142141
WC040A,HTEL,S,19466142142
WC040A,HTEL,XL,19466142143
WC040A,HTEL,XS,19466142144
WC040A,HTPT,2XL,19466142145
WC040A,HTPT,3XL,19466142146
WC040A,HTPT,L,19466142147
WC040A,HTPT,M,19466142148
WC040A,HTPT,S,19466142149
WC040A,HTPT,XL,19466142150
WC040A,HTPT,XS,19466142151
WC654,EGGM,2XL,19466142194
WC654,EGGM,3XL,19466142195
WC654,EGGM,L,19466142196
WC654,EGGM,M,19466142197
WC654,EGGM,S,19466142198
WC654,EGGM,XL,19466142199
WC654,EGGM,XS,19466142200
WC728X47,TSGB,2XL,19466142460
WC728X47,TSGB,3XL,19466142461
WC728X47,TSGB,L,19466142462
WC728X47,TSGB,M,19466142463
WC728X47,TSGB,S,19466142464
WC728X47,TSGB,XL,19466142465
WC728X47,TSGB,XS,19466142466
WM738X47C11,PULZ,ASST,19466142467
WM738X47C11,HACR,ASST,19466142468
WM738X47C11,AUSF,ASST,19466142469
WM738X47C11,PGLM,ASST,19466142470
WM738X47C7,PULZ,ASST,19466142471
WM738X47C7,HACR,ASST,19466142472
WM738X47C7,AUSF,ASST,19466142473
WM738X47C7,PGLM,ASST,19466142474
WM745X47C11,NCFG,ASST,19466142475
WM745X47C11,HKNF,ASST,19466142476
WM745X47C11,SEMX,ASST,19466142477
WM745X47C11,FRPD,ASST,19466142478
WM745X47C7,NCFG,ASST,19466142479
WM745X47C7,HKNF,ASST,19466142480
WM745X47C7,SEMX,ASST,19466142481
WM745X47C7,FRPD,ASST,19466142482
WM671,PBRS,2XL,19466142484
WM671,PBRS,3XL,19466142485
WM671,PBRS,L,19466142486
WM671,PBRS,M,19466142487
WM671,PBRS,S,19466142488
WM671,PBRS,XL,19466142489
WM671,PBRS,XS,19466142490
WM266,PBRS,2XL,19466142491
WM266,PBRS,3XL,19466142492
WM266,PBRS,L,19466142493
WM266,PBRS,M,19466142494
WM266,PBRS,S,19466142495
WM266,PBRS,XL,19466142496
WM266,PBRS,XS,19466142497
WM671,BLK,2XL,19466142498
WM671,BLK,3XL,19466142499
WM671,BLK,L,19466142500
WM671,BLK,M,19466142501
WM671,BLK,S,19466142502
WM671,BLK,XL,19466142503
WM671,BLK,XS,19466142504
WM671,HTPT,2XL,19466142505
WM671,HTPT,3XL,19466142506
WM671,HTPT,L,19466142507
WM671,HTPT,M,19466142508
WM671,HTPT,S,19466142509
WM671,HTPT,XL,19466142510
WM671,HTPT,XS,19466142511
WM266,BLK,2XL,19466142512
WM266,BLK,3XL,19466142513
WM266,BLK,L,19466142514
WM266,BLK,M,19466142515
WM266,BLK,S,19466142516
WM266,BLK,XL,19466142517
WM266,BLK,XS,19466142518
WM266,HTPT,2XL,19466142519
WM266,HTPT,3XL,19466142520
WM266,HTPT,L,19466142521
WM266,HTPT,M,19466142522
WM266,HTPT,S,19466142523
WM266,HTPT,XL,19466142524
WM266,HTPT,XS,19466142525
WM266C10,BLK,ASST,19466142605
WM266C10,HTPT,ASST,19466142606
WM266C10,PBRS,ASST,19466142607
WM671C10,BLK,ASST,19466142608
WM671C10,HTPT,ASST,19466142609
WM671C10,PBRS,ASST,19466142610
WC728X47,PHEK,2XL,19466142633
WC728X47,PHEK,3XL,19466142634
WC728X47,PHEK,L,19466142635
WC728X47,PHEK,M,19466142636
WC728X47,PHEK,S,19466142637
WC728X47,PHEK,XL,19466142638
WC728X47,PHEK,XS,19466142639
WC728X47,HKNE,2XL,19466142640
WC728X47,HKNE,3XL,19466142641
WC728X47,HKNE,L,19466142642
WC728X47,HKNE,M,19466142643
WC728X47,HKNE,S,19466142644
WC728X47,HKNE,XL,19466142645
WC728X47,HKNE,XS,19466142646
WC725X47,CNFO,2XL,19466142647
WC725X47,CNFO,3XL,19466142648
WC725X47,CNFO,L,19466142649
WC725X47,CNFO,M,19466142650
WC725X47,CNFO,S,19466142651
WC725X47,CNFO,XL,19466142652
WC725X47,CNFO,XS,19466142653
WC252A,BLK,2XL,19466142654
WC252A,BLK,3XL,19466142655
WC252A,BLK,L,19466142656
WC252A,BLK,M,19466142657
WC252A,BLK,S,19466142658
WC252A,BLK,XL,19466142659
WC252A,BLK,XS,19466142660
WC657A,BLK,2XL,19466142661
WC657A,BLK,3XL,19466142662
WC657A,BLK,L,19466142663
WC657A,BLK,M,19466142664
WC657A,BLK,S,19466142665
WC657A,BLK,XL,19466142666
WC657A,BLK,XS,19466142667
WM738,GRRW,2XL,19466143624
WM738,GRRW,3XL,19466143625
WM738,GRRW,L,19466143626
WM738,GRRW,M,19466143627
WM738,GRRW,S,19466143628
WM738,GRRW,XL,19466143629
WM738,GRRW,XS,19466143630
WM738,TYHE,2XL,19466143631
WM738,TYHE,3XL,19466143632
WM738,TYHE,L,19466143633
WM738,TYHE,M,19466143634
WM738,TYHE,S,19466143635
WM738,TYHE,XL,19466143636
WM738,TYHE,XS,19466143637
WM745,TJOV,2XL,19466143638
WM745,TJOV,3XL,19466143639
WM745,TJOV,L,19466143640
WM745,TJOV,M,19466143641
WM745,TJOV,S,19466143642
WM745,TJOV,XL,19466143643
WM745,TJOV,XS,19466143644
WM745,PHHT,2XL,19466143645
WM745,PHHT,3XL,19466143646
WM745,PHHT,L,19466143647
WM745,PHHT,M,19466143648
WM745,PHHT,S,19466143649
WM745,PHHT,XL,19466143650
WM745,PHHT,XS,19466143651
WM266,OCBL,2XL,19466145314
WM266,OCBL,3XL,19466145315
WM266,OCBL,L,19466145316
WM266,OCBL,M,19466145317
WM266,OCBL,S,19466145318
WM266,OCBL,XL,19466145319
WM266,OCBL,XS,19466145320
WM266,ORBS,2XL,19466145321
WM266,ORBS,3XL,19466145322
WM266,ORBS,L,19466145323
WM266,ORBS,M,19466145324
WM266,ORBS,S,19466145325
WM266,ORBS,XL,19466145326
WM266,ORBS,XS,19466145327
WM671,OCBL,2XL,19466145328
WM671,OCBL,3XL,19466145329
WM671,OCBL,L,19466145330
WM671,OCBL,M,19466145331
WM671,OCBL,S,19466145332
WM671,OCBL,XL,19466145333
WM671,OCBL,XS,19466145334
WM671,ORBS,2XL,19466145335
WM671,ORBS,3XL,19466145336
WM671,ORBS,L,19466145337
WM671,ORBS,M,19466145338
WM671,ORBS,S,19466145339
WM671,ORBS,XL,19466145340
WM671,ORBS,XS,19466145341
WM745C11,TJOV,ASST,19466145342
WM745C11,PHHT,ASST,19466145343
WM738C11,TYHE,ASST,19466145344
WM266C10,OCBL,ASST,19466145346
WM266C10,ORBS,ASST,19466145347
WM671C10,OCBL,ASST,19466145348
WM671C10,ORBS,ASST,19466145349
WM738C11,GRRW,ASST,19466145416
WC654,LVMG,2XL,19466145996
WC654,LVMG,3XL,19466145997
WC654,LVMG,L,19466145998
WC654,LVMG,M,19466145999
WC654,LVMG,S,19466146000
WC654,LVMG,XL,19466146001
WC654,LVMG,XS,19466146002
WC845,PWT,2XL,19466146003
WC845,PWT,3XL,19466146004
WC845,PWT,L,19466146005
WC845,PWT,M,19466146006
WC845,PWT,S,19466146007
WC845,PWT,XL,19466146008
WC845,PWT,XS,19466146009
WC845A,CIE,2XL,19466146010
WC845A,CIE,3XL,19466146011
WC845A,CIE,L,19466146012
WC845A,CIE,M,19466146013
WC845A,CIE,S,19466146014
WC845A,CIE,XL,19466146015
WC845A,CIE,XS,19466146016
WC041A,CIE,2XL,19466146017
WC041A,CIE,3XL,19466146018
WC041A,CIE,L,19466146019
WC041A,CIE,M,19466146020
WC041A,CIE,S,19466146021
WC041A,CIE,XL,19466146022
WC041A,CIE,XS,19466146023
WC041A,PWT,2XL,19466146024
WC041A,PWT,3XL,19466146025
WC041A,PWT,L,19466146026
WC041A,PWT,M,19466146027
WC041A,PWT,S,19466146028
WC041A,PWT,XL,19466146029
WC041A,PWT,XS,19466146030
WC654,EVML,2XL,19466146031
WC654,EVML,3XL,19466146032
WC654,EVML,L,19466146033
WC654,EVML,M,19466146034
WC654,EVML,S,19466146035
WC654,EVML,XL,19466146036
WC654,EVML,XS,19466146037
WC845A,PWT,2XL,19466146038
WC845A,PWT,3XL,19466146039
WC845A,PWT,L,19466146040
WC845A,PWT,M,19466146041
WC845A,PWT,S,19466146042
WC845A,PWT,XL,19466146043
WC845A,PWT,XS,19466146044
WC658,EGRN,2XL,19466146045
WC658,EGRN,3XL,19466146046
WC658,EGRN,L,19466146047
WC658,EGRN,M,19466146048
WC658,EGRN,S,19466146049
WC658,EGRN,XL,19466146050
WC658,EGRN,XS,19466146051
WC658,HLVI,2XL,19466146052
WC658,HLVI,3XL,19466146053
WC658,HLVI,L,19466146054
WC658,HLVI,M,19466146055
WC658,HLVI,S,19466146056
WC658,HLVI,XL,19466146057
WC658,HLVI,XS,19466146058
WC658,HTUQ,2XL,19466146059
WC658,HTUQ,3XL,19466146060
WC658,HTUQ,L,19466146061
WC658,HTUQ,M,19466146062
WC658,HTUQ,S,19466146063
WC658,HTUQ,XL,19466146064
WC658,HTUQ,XS,19466146065
WC253,EGRN,2XL,19466146066
WC253,EGRN,3XL,19466146067
WC253,EGRN,L,19466146068
WC253,EGRN,M,19466146069
WC253,EGRN,S,19466146070
WC253,EGRN,XL,19466146071
WC253,EGRN,XS,19466146072
WC253,HLVI,2XL,19466146073
WC253,HLVI,3XL,19466146074
WC253,HLVI,L,19466146075
WC253,HLVI,M,19466146076
WC253,HLVI,S,19466146077
WC253,HLVI,XL,19466146078
WC253,HLVI,XS,19466146079
WC253,HTUQ,2XL,19466146080
WC253,HTUQ,3XL,19466146081
WC253,HTUQ,L,19466146082
WC253,HTUQ,M,19466146083
WC253,HTUQ,S,19466146084
WC253,HTUQ,XL,19466146085
WC253,HTUQ,XS,19466146086
WC728,LTOV,2XL,19466146087
WC728,LTOV,3XL,19466146088
WC728,LTOV,L,19466146089
WC728,LTOV,M,19466146090
WC728,LTOV,S,19466146091
WC728,LTOV,XL,19466146092
WC728,LTOV,XS,19466146093
WC728,MKRB,2XL,19466146094
WC728,MKRB,3XL,19466146095
WC728,MKRB,L,19466146096
WC728,MKRB,M,19466146097
WC728,MKRB,S,19466146098
WC728,MKRB,XL,19466146099
WC728,MKRB,XS,19466146100
WC728,PMMO,2XL,19466146101
WC728,PMMO,3XL,19466146102
WC728,PMMO,L,19466146103
WC728,PMMO,M,19466146104
WC728,PMMO,S,19466146105
WC728,PMMO,XL,19466146106
WC728,PMMO,XS,19466146107
WC725,FERD,2XL,19466146108
WC725,FERD,3XL,19466146109
WC725,FERD,L,19466146110
WC725,FERD,M,19466146111
WC725,FERD,S,19466146112
WC725,FERD,XL,19466146113
WC725,FERD,XS,19466146114
WC725,PLBT,2XL,19466146115
WC725,PLBT,3XL,19466146116
WC725,PLBT,L,19466146117
WC725,PLBT,M,19466146118
WC725,PLBT,S,19466146119
WC725,PLBT,XL,19466146120
WC725,PLBT,XS,19466146121
WC728,ACSW,2XL,19466146122
WC728,ACSW,3XL,19466146123
WC728,ACSW,L,19466146124
WC728,ACSW,M,19466146125
WC728,ACSW,S,19466146126
WC728,ACSW,XL,19466146127
WC728,ACSW,XS,19466146128
WC725,GWFO,2XL,19466146129
WC725,GWFO,3XL,19466146130
WC725,GWFO,L,19466146131
WC725,GWFO,M,19466146132
WC725,GWFO,S,19466146133
WC725,GWFO,XL,19466146134
WC725,GWFO,XS,19466146135
WC725,SULB,2XL,19466146136
WC725,SULB,3XL,19466146137
WC725,SULB,L,19466146138
WC725,SULB,M,19466146139
WC725,SULB,S,19466146140
WC725,SULB,XL,19466146141
WC725,SULB,XS,19466146142
WC725,CLFC,2XL,19466146143
WC725,CLFC,3XL,19466146144
WC725,CLFC,L,19466146145
WC725,CLFC,M,19466146146
WC725,CLFC,S,19466146147
WC725,CLFC,XL,19466146148
WC725,CLFC,XS,19466146149
WC725,FTLO,2XL,19466146150
WC725,FTLO,3XL,19466146151
WC725,FTLO,L,19466146152
WC725,FTLO,M,19466146153
WC725,FTLO,S,19466146154
WC725,FTLO,XL,19466146155
WC725,FTLO,XS,19466146156
WC725,AMHG,2XL,19466146157
WC725,AMHG,3XL,19466146158
WC725,AMHG,L,19466146159
WC725,AMHG,M,19466146160
WC725,AMHG,S,19466146161
WC725,AMHG,XL,19466146162
WC725,AMHG,XS,19466146163
WC728,PHAG,2XL,19466146164
WC728,PHAG,3XL,19466146165
WC728,PHAG,L,19466146166
WC728,PHAG,M,19466146167
WC728,PHAG,S,19466146168
WC728,PHAG,XL,19466146169
WC728,PHAG,XS,19466146170
WC728,KUKU,2XL,19466146171
WC728,KUKU,3XL,19466146172
WC728,KUKU,L,19466146173
WC728,KUKU,M,19466146174
WC728,KUKU,S,19466146175
WC728,KUKU,XL,19466146176
WC728,KUKU,XS,19466146177
WC725,PATA,2XL,19466146178
WC725,PATA,3XL,19466146179
WC725,PATA,L,19466146180
WC725,PATA,M,19466146181
WC725,PATA,S,19466146182
WC725,PATA,XL,19466146183
WC725,PATA,XS,19466146184
WC725,GRVB,2XL,19466146185
WC725,GRVB,3XL,19466146186
WC725,GRVB,L,19466146187
WC725,GRVB,M,19466146188
WC725,GRVB,S,19466146189
WC725,GRVB,XL,19466146190
WC725,GRVB,XS,19466146191
WC728,LHSR,2XL,19466146192
WC728,LHSR,3XL,19466146193
WC728,LHSR,L,19466146194
WC728,LHSR,M,19466146195
WC728,LHSR,S,19466146196
WC728,LHSR,XL,19466146197
WC728,LHSR,XS,19466146198
WC728,DAAD,2XL,19466146199
WC728,DAAD,3XL,19466146200
WC728,DAAD,L,19466146201
WC728,DAAD,M,19466146202
WC728,DAAD,S,19466146203
WC728,DAAD,XL,19466146204
WC728,DAAD,XS,19466146205
WC728X47,IEPU,2XL,19466146206
WC728X47,IEPU,3XL,19466146207
WC728X47,IEPU,L,19466146208
WC728X47,IEPU,M,19466146209
WC728X47,IEPU,S,19466146210
WC728X47,IEPU,XL,19466146211
WC728X47,IEPU,XS,19466146212
WC728X47,LKSK,2XL,19466146213
WC728X47,LKSK,3XL,19466146214
WC728X47,LKSK,L,19466146215
WC728X47,LKSK,M,19466146216
WC728X47,LKSK,S,19466146217
WC728X47,LKSK,XL,19466146218
WC728X47,LKSK,XS,19466146219
WC728,IEPU,2XL,19466146220
WC728,IEPU,3XL,19466146221
WC728,IEPU,L,19466146222
WC728,IEPU,M,19466146223
WC728,IEPU,S,19466146224
WC728,IEPU,XL,19466146225
WC728,IEPU,XS,19466146226
WC728,LKSK,2XL,19466146227
WC728,LKSK,3XL,19466146228
WC728,LKSK,L,19466146229
WC728,LKSK,M,19466146230
WC728,LKSK,S,19466146231
WC728,LKSK,XL,19466146232
WC728,LKSK,XS,19466146233
WC728,DCRX,2XL,19466146251
WC728,DCRX,3XL,19466146252
WC728,DCRX,L,19466146253
WC728,DCRX,M,19466146254
WC728,DCRX,S,19466146255
WC728,DCRX,XL,19466146256
WC728,DCRX,XS,19466146257
WC728,FNLI,2XL,19466146258
WC728,FNLI,3XL,19466146259
WC728,FNLI,L,19466146260
WC728,FNLI,M,19466146261
WC728,FNLI,S,19466146262
WC728,FNLI,XL,19466146263
WC728,FNLI,XS,19466146264
WM745C7,PHHT,ASST,19466146281
WM738C7,TYHE,ASST,19466146282
WM738C7,GRRW,ASST,19466146283
WC728,MNSF,2XL,19466146301
WC728,MNSF,3XL,19466146302
WC728,MNSF,L,19466146303
WC728,MNSF,M,19466146304
WC728,MNSF,S,19466146305
WC728,MNSF,XL,19466146306
WC728,MNSF,XS,19466146307
WC728,ALCR,2XL,19466146308
WC728,ALCR,3XL,19466146309
WC728,ALCR,L,19466146310
WC728,ALCR,M,19466146311
WC728,ALCR,S,19466146312
WC728,ALCR,XL,19466146313
WC728,ALCR,XS,19466146314
WC728,DPWR,2XL,19466146315
WC728,DPWR,3XL,19466146316
WC728,DPWR,L,19466146317
WC728,DPWR,M,19466146318
WC728,DPWR,S,19466146319
WC728,DPWR,XL,19466146320
WC728,DPWR,XS,19466146321
WC042,BLK,2XL,19466146345
WC042,BLK,3XL,19466146346
WC042,BLK,L,19466146347
WC042,BLK,M,19466146348
WC042,BLK,S,19466146349
WC042,BLK,XL,19466146350
WC042,BLK,XS,19466146351
WC042,EBW,2XL,19466146352
WC042,EBW,3XL,19466146353
WC042,EBW,L,19466146354
WC042,EBW,M,19466146355
WC042,EBW,S,19466146356
WC042,EBW,XL,19466146357
WC042,EBW,XS,19466146358
WC848,BLK,2XL,19466146359
WC848,BLK,3XL,19466146360
WC848,BLK,L,19466146361
WC848,BLK,M,19466146362
WC848,BLK,S,19466146363
WC848,BLK,XL,19466146364
WC848,BLK,XS,19466146365
WC848,IND,2XL,19466146366
WC848,IND,3XL,19466146367
WC848,IND,L,19466146368
WC848,IND,M,19466146369
WC848,IND,S,19466146370
WC848,IND,XL,19466146371
WC848,IND,XS,19466146372
WC848,PWT,2XL,19466146373
WC848,PWT,3XL,19466146374
WC848,PWT,L,19466146375
WC848,PWT,M,19466146376
WC848,PWT,S,19466146377
WC848,PWT,XL,19466146378
WC848,PWT,XS,19466146379
WC848,WIN,2XL,19466146380
WC848,WIN,3XL,19466146381
WC848,WIN,L,19466146382
WC848,WIN,M,19466146383
WC848,WIN,S,19466146384
WC848,WIN,XL,19466146385
WC848,WIN,XS,19466146386
WC045,BLK,2XL,19466146387
WC045,BLK,3XL,19466146388
WC045,BLK,L,19466146389
WC045,BLK,M,19466146390
WC045,BLK,S,19466146391
WC045,BLK,XL,19466146392
WC045,BLK,XS,19466146393
WC045,PWT,2XL,19466146394
WC045,PWT,3XL,19466146395
WC045,PWT,L,19466146396
WC045,PWT,M,19466146397
WC045,PWT,S,19466146398
WC045,PWT,XL,19466146399
WC045,PWT,XS,19466146400
WC045P,BLK,L,19466146401
WC045P,BLK,M,19466146402
WC045P,BLK,S,19466146403
WC045P,BLK,XL,19466146404
WC045P,PWT,L,19466146405
WC045P,PWT,M,19466146406
WC045P,PWT,S,19466146407
WC045P,PWT,XL,19466146408
WC846,BLK,2XL,19466146409
WC846,BLK,3XL,19466146410
WC846,BLK,L,19466146411
WC846,BLK,M,19466146412
WC846,BLK,S,19466146413
WC846,BLK,XL,19466146414
WC846,BLK,XS,19466146415
WC846,EBW,2XL,19466146416
WC846,EBW,3XL,19466146417
WC846,EBW,L,19466146418
WC846,EBW,M,19466146419
WC846,EBW,S,19466146420
WC846,EBW,XL,19466146421
WC846,EBW,XS,19466146422
WC044,BLK,2XL,19466146423
WC044,BLK,3XL,19466146424
WC044,BLK,L,19466146425
WC044,BLK,M,19466146426
WC044,BLK,S,19466146427
WC044,BLK,XL,19466146428
WC044,BLK,XS,19466146429
WC044,IND,2XL,19466146430
WC044,IND,3XL,19466146431
WC044,IND,L,19466146432
WC044,IND,M,19466146433
WC044,IND,S,19466146434
WC044,IND,XL,19466146435
WC044,IND,XS,19466146436
WC044,PWT,2XL,19466146437
WC044,PWT,3XL,19466146438
WC044,PWT,L,19466146439
WC044,PWT,M,19466146440
WC044,PWT,S,19466146441
WC044,PWT,XL,19466146442
WC044,PWT,XS,19466146443
WC044,WIN,2XL,19466146444
WC044,WIN,3XL,19466146445
WC044,WIN,L,19466146446
WC044,WIN,M,19466146447
WC044,WIN,S,19466146448
WC044,WIN,XL,19466146449
WC044,WIN,XS,19466146450
WC042S,BLK,L,19466146451
WC042S,BLK,M,19466146452
WC042S,BLK,S,19466146453
WC042S,BLK,XL,19466146454
WC042S,EBW,L,19466146455
WC042S,EBW,M,19466146456
WC042S,EBW,S,19466146457
WC042S,EBW,XL,19466146458
WC849,BLK,2XL,19466146459
WC849,BLK,3XL,19466146460
WC849,BLK,L,19466146461
WC849,BLK,M,19466146462
WC849,BLK,S,19466146463
WC849,BLK,XL,19466146464
WC849,BLK,XS,19466146465
WC849,PWT,2XL,19466146466
WC849,PWT,3XL,19466146467
WC849,PWT,L,19466146468
WC849,PWT,M,19466146469
WC849,PWT,S,19466146470
WC849,PWT,XL,19466146471
WC849,PWT,XS,19466146472
WC042SC8,EBW,ASST,19466146583
WC042SC15,EBW,ASST,19466146584
WC042SC21,EBW,ASST,19466146585
WC046,WHT,2XL,19466146586
WC046,WHT,3XL,19466146587
WC046,WHT,L,19466146588
WC046,WHT,M,19466146589
WC046,WHT,S,19466146590
WC046,WHT,XL,19466146591
WC046,WHT,XS,19466146592
WC850,WHT,2XL,19466146593
WC850,WHT,3XL,19466146594
WC850,WHT,L,19466146595
WC850,WHT,M,19466146596
WC850,WHT,S,19466146597
WC850,WHT,XL,19466146598
WC850,WHT,XS,19466146599
WM745,LTNE,2XL,19466146628
WM745,LTNE,3XL,19466146629
WM745,LTNE,L,19466146630
WM745,LTNE,M,19466146631
WM745,LTNE,S,19466146632
WM745,LTNE,XL,19466146633
WM745,LTNE,XS,19466146634
WM745,SEHF,2XL,19466146635
WM745,SEHF,3XL,19466146636
WM745,SEHF,L,19466146637
WM745,SEHF,M,19466146638
WM745,SEHF,S,19466146639
WM745,SEHF,XL,19466146640
WM745,SEHF,XS,19466146641
WM738,CNBL,2XL,19466146642
WM738,CNBL,3XL,19466146643
WM738,CNBL,L,19466146644
WM738,CNBL,M,19466146645
WM738,CNBL,S,19466146646
WM738,CNBL,XL,19466146647
WM738,CNBL,XS,19466146648
WM738,GLGF,2XL,19466146649
WM738,GLGF,3XL,19466146650
WM738,GLGF,L,19466146651
WM738,GLGF,M,19466146652
WM738,GLGF,S,19466146653
WM738,GLGF,XL,19466146654
WM738,GLGF,XS,19466146655
WM117,AQBU,2XL,19466146656
WM117,AQBU,3XL,19466146657
WM117,AQBU,L,19466146658
WM117,AQBU,M,19466146659
WM117,AQBU,S,19466146660
WM117,AQBU,XL,19466146661
WM117,AQBU,XS,19466146662
WM117,BLK,2XL,19466146663
WM117,BLK,3XL,19466146664
WM117,BLK,L,19466146665
WM117,BLK,M,19466146666
WM117,BLK,S,19466146667
WM117,BLK,XL,19466146668
WM117,BLK,XS,19466146669
WM117,CIE,2XL,19466146670
WM117,CIE,3XL,19466146671
WM117,CIE,L,19466146672
WM117,CIE,M,19466146673
WM117,CIE,S,19466146674
WM117,CIE,XL,19466146675
WM117,CIE,XS,19466146676
WM117,EBW,2XL,19466146677
WM117,EBW,3XL,19466146678
WM117,EBW,L,19466146679
WM117,EBW,M,19466146680
WM117,EBW,S,19466146681
WM117,EBW,XL,19466146682
WM117,EBW,XS,19466146683
WM117,IND,2XL,19466146684
WM117,IND,3XL,19466146685
WM117,IND,L,19466146686
WM117,IND,M,19466146687
WM117,IND,S,19466146688
WM117,IND,XL,19466146689
WM117,IND,XS,19466146690
WM117,PWT,2XL,19466146691
WM117,PWT,3XL,19466146692
WM117,PWT,L,19466146693
WM117,PWT,M,19466146694
WM117,PWT,S,19466146695
WM117,PWT,XL,19466146696
WM117,PWT,XS,19466146697
WM117,WIN,2XL,19466146698
WM117,WIN,3XL,19466146699
WM117,WIN,L,19466146700
WM117,WIN,M,19466146701
WM117,WIN,S,19466146702
WM117,WIN,XL,19466146703
WM117,WIN,XS,19466146704
WM918,AQBU,2XL,19466146705
WM918,AQBU,3XL,19466146706
WM918,AQBU,L,19466146707
WM918,AQBU,M,19466146708
WM918,AQBU,S,19466146709
WM918,AQBU,XL,19466146710
WM918,AQBU,XS,19466146711
WM918,BLK,2XL,19466146712
WM918,BLK,3XL,19466146713
WM918,BLK,L,19466146714
WM918,BLK,M,19466146715
WM918,BLK,S,19466146716
WM918,BLK,XL,19466146717
WM918,BLK,XS,19466146718
WM918,CIE,2XL,19466146719
WM918,CIE,3XL,19466146720
WM918,CIE,L,19466146721
WM918,CIE,M,19466146722
WM918,CIE,S,19466146723
WM918,CIE,XL,19466146724
WM918,CIE,XS,19466146725
WM918,EBW,2XL,19466146726
WM918,EBW,3XL,19466146727
WM918,EBW,L,19466146728
WM918,EBW,M,19466146729
WM918,EBW,S,19466146730
WM918,EBW,XL,19466146731
WM918,EBW,XS,19466146732
WM918,IND,2XL,19466146733
WM918,IND,3XL,19466146734
WM918,IND,L,19466146735
WM918,IND,M,19466146736
WM918,IND,S,19466146737
WM918,IND,XL,19466146738
WM918,IND,XS,19466146739
WM918,PWT,2XL,19466146740
WM918,PWT,3XL,19466146741
WM918,PWT,L,19466146742
WM918,PWT,M,19466146743
WM918,PWT,S,19466146744
WM918,PWT,XL,19466146745
WM918,PWT,XS,19466146746
WM918,WIN,2XL,19466146747
WM918,WIN,3XL,19466146748
WM918,WIN,L,19466146749
WM918,WIN,M,19466146750
WM918,WIN,S,19466146751
WM918,WIN,XL,19466146752
WM918,WIN,XS,19466146753
WM120,AQBU,2XL,19466146754
WM120,AQBU,3XL,19466146755
WM120,AQBU,L,19466146756
WM120,AQBU,M,19466146757
WM120,AQBU,S,19466146758
WM120,AQBU,XL,19466146759
WM120,AQBU,XS,19466146760
WM120,BLK,2XL,19466146761
WM120,BLK,3XL,19466146762
WM120,BLK,L,19466146763
WM120,BLK,M,19466146764
WM120,BLK,S,19466146765
WM120,BLK,XL,19466146766
WM120,BLK,XS,19466146767
WM120,CIE,2XL,19466146768
WM120,CIE,3XL,19466146769
WM120,CIE,L,19466146770
WM120,CIE,M,19466146771
WM120,CIE,S,19466146772
WM120,CIE,XL,19466146773
WM120,CIE,XS,19466146774
WM120,EBW,2XL,19466146775
WM120,EBW,3XL,19466146776
WM120,EBW,L,19466146777
WM120,EBW,M,19466146778
WM120,EBW,S,19466146779
WM120,EBW,XL,19466146780
WM120,EBW,XS,19466146781
WM120,IND,2XL,19466146782
WM120,IND,3XL,19466146783
WM120,IND,L,19466146784
WM120,IND,M,19466146785
WM120,IND,S,19466146786
WM120,IND,XL,19466146787
WM120,IND,XS,19466146788
WM120,PWT,2XL,19466146789
WM120,PWT,3XL,19466146790
WM120,PWT,L,19466146791
WM120,PWT,M,19466146792
WM120,PWT,S,19466146793
WM120,PWT,XL,19466146794
WM120,PWT,XS,19466146795
WM120,WIN,2XL,19466146796
WM120,WIN,3XL,19466146797
WM120,WIN,L,19466146798
WM120,WIN,M,19466146799
WM120,WIN,S,19466146800
WM120,WIN,XL,19466146801
WM120,WIN,XS,19466146802
WM921,AQBU,2XL,19466146803
WM921,AQBU,3XL,19466146804
WM921,AQBU,L,19466146805
WM921,AQBU,M,19466146806
WM921,AQBU,S,19466146807
WM921,AQBU,XL,19466146808
WM921,AQBU,XS,19466146809
WM921,BLK,2XL,19466146810
WM921,BLK,3XL,19466146811
WM921,BLK,L,19466146812
WM921,BLK,M,19466146813
WM921,BLK,S,19466146814
WM921,BLK,XL,19466146815
WM921,BLK,XS,19466146816
WM921,CIE,2XL,19466146817
WM921,CIE,3XL,19466146818
WM921,CIE,L,19466146819
WM921,CIE,M,19466146820
WM921,CIE,S,19466146821
WM921,CIE,XL,19466146822
WM921,CIE,XS,19466146823
WM921,EBW,2XL,19466146824
WM921,EBW,3XL,19466146825
WM921,EBW,L,19466146826
WM921,EBW,M,19466146827
WM921,EBW,S,19466146828
WM921,EBW,XL,19466146829
WM921,EBW,XS,19466146830
WM921,IND,2XL,19466146831
WM921,IND,3XL,19466146832
WM921,IND,L,19466146833
WM921,IND,M,19466146834
WM921,IND,S,19466146835
WM921,IND,XL,19466146836
WM921,IND,XS,19466146837
WM921,PWT,2XL,19466146838
WM921,PWT,3XL,19466146839
WM921,PWT,L,19466146840
WM921,PWT,M,19466146841
WM921,PWT,S,19466146842
WM921,PWT,XL,19466146843
WM921,PWT,XS,19466146844
WM921,WIN,2XL,19466146845
WM921,WIN,3XL,19466146846
WM921,WIN,L,19466146847
WM921,WIN,M,19466146848
WM921,WIN,S,19466146849
WM921,WIN,XL,19466146850
WM921,WIN,XS,19466146851
WM117C12,BLK,ASST,19466146852
WM117C12,CIE,ASST,19466146853
WM117C12,EBW,ASST,19466146854
WM117C12,IND,ASST,19466146855
WM117C12,WIN,ASST,19466146856
WM117C12,AQBU,ASST,19466146857
WM117C12,PWT,ASST,19466146858
WM120C12,BLK,ASST,19466146859
WM120C12,CIE,ASST,19466146860
WM120C12,EBW,ASST,19466146861
WM120C12,IND,ASST,19466146862
WM120C12,WIN,ASST,19466146863
WM120C12,AQBU,ASST,19466146864
WM120C12,PWT,ASST,19466146865
WM918C12,BLK,ASST,19466146866
WM918C12,CIE,ASST,19466146867
WM918C12,EBW,ASST,19466146868
WM918C12,IND,ASST,19466146869
WM918C12,WIN,ASST,19466146870
WM918C12,AQBU,ASST,19466146871
WM918C12,PWT,ASST,19466146872
WM921C12,BLK,ASST,19466146873
WM921C12,CIE,ASST,19466146874
WM921C12,EBW,ASST,19466146875
WM921C12,IND,ASST,19466146876
WM921C12,WIN,ASST,19466146877
WM921C12,AQBU,ASST,19466146878
WM921C12,PWT,ASST,19466146879
WM745C7,TJOV,ASST,19466146880
WM902A,BLK,2XL,19466146883
WM902A,BLK,3XL,19466146884
WM902A,BLK,L,19466146885
WM902A,BLK,M,19466146886
WM902A,BLK,S,19466146887
WM902A,BLK,XL,19466146888
WM902A,BLK,XS,19466146889
WM090A,BLK,2XL,19466146890
WM090A,BLK,3XL,19466146891
WM090A,BLK,L,19466146892
WM090A,BLK,M,19466146893
WM090A,BLK,S,19466146894
WM090A,BLK,XL,19466146895
WM090A,BLK,XS,19466146896
WM909A,HTPT,2XL,19466146897
WM909A,HTPT,3XL,19466146898
WM909A,HTPT,L,19466146899
WM909A,HTPT,M,19466146900
WM909A,HTPT,S,19466146901
WM909A,HTPT,XL,19466146902
WM909A,HTPT,XS,19466146903
WM097A,HTPT,2XL,19466146904
WM097A,HTPT,3XL,19466146905
WM097A,HTPT,L,19466146906
WM097A,HTPT,M,19466146907
WM097A,HTPT,S,19466146908
WM097A,HTPT,XL,19466146909
WM097A,HTPT,XS,19466146910
WM745C11,SEHF,ASST,19466146953
WM745C11,LTNE,ASST,19466146954
WM745C7,SEHF,ASST,19466146955
WM745C7,LTNE,ASST,19466146956
WM738C11,CNBL,ASST,19466146957
WM738C11,GLGF,ASST,19466146958
WM738C7,CNBL,ASST,19466146959
WM738C7,GLGF,ASST,19466146960
WM745,FNRT,2XL,19466147321
WM745,FNRT,3XL,19466147322
WM745,FNRT,L,19466147323
WM745,FNRT,M,19466147324
WM745,FNRT,S,19466147325
WM745,FNRT,XL,19466147326
WM745,FNRT,XS,19466147327
WM745,LKSK,2XL,19466147328
WM745,LKSK,3XL,19466147329
WM745,LKSK,L,19466147330
WM745,LKSK,M,19466147331
WM745,LKSK,S,19466147332
WM745,LKSK,XL,19466147333
WM745,LKSK,XS,19466147334
WM745,PRSE,2XL,19466147335
WM745,PRSE,3XL,19466147336
WM745,PRSE,L,19466147337
WM745,PRSE,M,19466147338
WM745,PRSE,S,19466147339
WM745,PRSE,XL,19466147340
WM745,PRSE,XS,19466147341
WM745,LHMM,2XL,19466147342
WM745,LHMM,3XL,19466147343
WM745,LHMM,L,19466147344
WM745,LHMM,M,19466147345
WM745,LHMM,S,19466147346
WM745,LHMM,XL,19466147347
WM745,LHMM,XS,19466147348
WM738,CAUL,2XL,19466147349
WM738,CAUL,3XL,19466147350
WM738,CAUL,L,19466147351
WM738,CAUL,M,19466147352
WM738,CAUL,S,19466147353
WM738,CAUL,XL,19466147354
WM738,CAUL,XS,19466147355
WM738,PSTX,2XL,19466147356
WM738,PSTX,3XL,19466147357
WM738,PSTX,L,19466147358
WM738,PSTX,M,19466147359
WM738,PSTX,S,19466147360
WM738,PSTX,XL,19466147361
WM738,PSTX,XS,19466147362
WM738,CLBF,2XL,19466147363
WM738,CLBF,3XL,19466147364
WM738,CLBF,L,19466147365
WM738,CLBF,M,19466147366
WM738,CLBF,S,19466147367
WM738,CLBF,XL,19466147368
WM738,CLBF,XS,19466147369
WM738,RBWR,2XL,19466147370
WM738,RBWR,3XL,19466147371
WM738,RBWR,L,19466147372
WM738,RBWR,M,19466147373
WM738,RBWR,S,19466147374
WM738,RBWR,XL,19466147375
WM738,RBWR,XS,19466147376
WM666,BLK,2XL,19466147514
WM666,BLK,3XL,19466147515
WM666,BLK,L,19466147516
WM666,BLK,M,19466147517
WM666,BLK,S,19466147518
WM666,BLK,XL,19466147519
WM666,BLK,XS,19466147520
WM666,CUBR,2XL,19466147521
WM666,CUBR,3XL,19466147522
WM666,CUBR,L,19466147523
WM666,CUBR,M,19466147524
WM666,CUBR,S,19466147525
WM666,CUBR,XL,19466147526
WM666,CUBR,XS,19466147527
WM666,HLVI,2XL,19466147528
WM666,HLVI,3XL,19466147529
WM666,HLVI,L,19466147530
WM666,HLVI,M,19466147531
WM666,HLVI,S,19466147532
WM666,HLVI,XL,19466147533
WM666,HLVI,XS,19466147534
WM265,BLK,2XL,19466147535
WM265,BLK,3XL,19466147536
WM265,BLK,L,19466147537
WM265,BLK,M,19466147538
WM265,BLK,S,19466147539
WM265,BLK,XL,19466147540
WM265,BLK,XS,19466147541
WM265,CUBR,2XL,19466147542
WM265,CUBR,3XL,19466147543
WM265,CUBR,L,19466147544
WM265,CUBR,M,19466147545
WM265,CUBR,S,19466147546
WM265,CUBR,XL,19466147547
WM265,CUBR,XS,19466147548
WM265,HLVI,2XL,19466147549
WM265,HLVI,3XL,19466147550
WM265,HLVI,L,19466147551
WM265,HLVI,M,19466147552
WM265,HLVI,S,19466147553
WM265,HLVI,XL,19466147554
WM265,HLVI,XS,19466147555
WM670,BLK,2XL,19466147556
WM670,BLK,3XL,19466147557
WM670,BLK,L,19466147558
WM670,BLK,M,19466147559
WM670,BLK,S,19466147560
WM670,BLK,XL,19466147561
WM670,BLK,XS,19466147562
WM670,BOND,2XL,19466147563
WM670,BOND,3XL,19466147564
WM670,BOND,L,19466147565
WM670,BOND,M,19466147566
WM670,BOND,S,19466147567
WM670,BOND,XL,19466147568
WM670,BOND,XS,19466147569
WM670,FCBL,2XL,19466147570
WM670,FCBL,3XL,19466147571
WM670,FCBL,L,19466147572
WM670,FCBL,M,19466147573
WM670,FCBL,S,19466147574
WM670,FCBL,XL,19466147575
WM670,FCBL,XS,19466147576
WM267,BLK,2XL,19466147577
WM267,BLK,3XL,19466147578
WM267,BLK,L,19466147579
WM267,BLK,M,19466147580
WM267,BLK,S,19466147581
WM267,BLK,XL,19466147582
WM267,BLK,XS,19466147583
WM267,BOND,2XL,19466147584
WM267,BOND,3XL,19466147585
WM267,BOND,L,19466147586
WM267,BOND,M,19466147587
WM267,BOND,S,19466147588
WM267,BOND,XL,19466147589
WM267,BOND,XS,19466147590
WM267,FCBL,2XL,19466147591
WM267,FCBL,3XL,19466147592
WM267,FCBL,L,19466147593
WM267,FCBL,M,19466147594
WM267,FCBL,S,19466147595
WM267,FCBL,XL,19466147596
WM267,FCBL,XS,19466147597
WM738C11,CLBF,ASST,19466152090
WM738C11,RBWR,ASST,19466152091
WM745C11,PRSE,ASST,19466152092
WM745C11,LHMM,ASST,19466152093
WC728,PNMT,2XL,19466152110
WC728,PNMT,3XL,19466152111
WC728,PNMT,L,19466152112
WC728,PNMT,M,19466152113
WC728,PNMT,S,19466152114
WC728,PNMT,XL,19466152115
WC728,PNMT,XS,19466152116
WC728,MKCB,2XL,19466152117
WC728,MKCB,3XL,19466152118
WC728,MKCB,L,19466152119
WC728,MKCB,M,19466152120
WC728,MKCB,S,19466152121
WC728,MKCB,XL,19466152122
WC728,MKCB,XS,19466152123
WC728,SEMM,2XL,19466152124
WC728,SEMM,3XL,19466152125
WC728,SEMM,L,19466152126
WC728,SEMM,M,19466152127
WC728,SEMM,S,19466152128
WC728,SEMM,XL,19466152129
WC728,SEMM,XS,19466152130
WC728,EFEF,2XL,19466152131
WC728,EFEF,3XL,19466152132
WC728,EFEF,L,19466152133
WC728,EFEF,M,19466152134
WC728,EFEF,S,19466152135
WC728,EFEF,XL,19466152136
WC728,EFEF,XS,19466152137
WC728,RUKS,2XL,19466152138
WC728,RUKS,3XL,19466152139
WC728,RUKS,L,19466152140
WC728,RUKS,M,19466152141
WC728,RUKS,S,19466152142
WC728,RUKS,XL,19466152143
WC728,RUKS,XS,19466152144
WC728,LHNT,2XL,19466152145
WC728,LHNT,3XL,19466152146
WC728,LHNT,L,19466152147
WC728,LHNT,M,19466152148
WC728,LHNT,S,19466152149
WC728,LHNT,XL,19466152150
WC728,LHNT,XS,19466152151
WC725,PUSR,2XL,19466152152
WC725,PUSR,3XL,19466152153
WC725,PUSR,L,19466152154
WC725,PUSR,M,19466152155
WC725,PUSR,S,19466152156
WC725,PUSR,XL,19466152157
WC725,PUSR,XS,19466152158
WC725,LOVS,2XL,19466152159
WC725,LOVS,3XL,19466152160
WC725,LOVS,L,19466152161
WC725,LOVS,M,19466152162
WC725,LOVS,S,19466152163
WC725,LOVS,XL,19466152164
WC725,LOVS,XS,19466152165
WC725,HETR,2XL,19466152166
WC725,HETR,3XL,19466152167
WC725,HETR,L,19466152168
WC725,HETR,M,19466152169
WC725,HETR,S,19466152170
WC725,HETR,XL,19466152171
WC725,HETR,XS,19466152172
WC725,MECM,2XL,19466152173
WC725,MECM,3XL,19466152174
WC725,MECM,L,19466152175
WC725,MECM,M,19466152176
WC725,MECM,S,19466152177
WC725,MECM,XL,19466152178
WC725,MECM,XS,19466152179
WC725,WLPY,2XL,19466152180
WC725,WLPY,3XL,19466152181
WC725,WLPY,L,19466152182
WC725,WLPY,M,19466152183
WC725,WLPY,S,19466152184
WC725,WLPY,XL,19466152185
WC725,WLPY,XS,19466152186
WC725,PLRY,2XL,19466152187
WC725,PLRY,3XL,19466152188
WC725,PLRY,L,19466152189
WC725,PLRY,M,19466152190
WC725,PLRY,S,19466152191
WC725,PLRY,XL,19466152192
WC725,PLRY,XS,19466152193
WC725,FPWS,2XL,19466152194
WC725,FPWS,3XL,19466152195
WC725,FPWS,L,19466152196
WC725,FPWS,M,19466152197
WC725,FPWS,S,19466152198
WC725,FPWS,XL,19466152199
WC725,FPWS,XS,19466152200
WC725,NATT,2XL,19466152201
WC725,NATT,3XL,19466152202
WC725,NATT,L,19466152203
WC725,NATT,M,19466152204
WC725,NATT,S,19466152205
WC725,NATT,XL,19466152206
WC725,NATT,XS,19466152207
WC728,TOKH,2XL,19466152208
WC728,TOKH,3XL,19466152209
WC728,TOKH,L,19466152210
WC728,TOKH,M,19466152211
WC728,TOKH,S,19466152212
WC728,TOKH,XL,19466152213
WC728,TOKH,XS,19466152214
WC728,MNRS,2XL,19466152215
WC728,MNRS,3XL,19466152216
WC728,MNRS,L,19466152217
WC728,MNRS,M,19466152218
WC728,MNRS,S,19466152219
WC728,MNRS,XL,19466152220
WC728,MNRS,XS,19466152221
WC728,SWMI,2XL,19466152222
WC728,SWMI,3XL,19466152223
WC728,SWMI,L,19466152224
WC728,SWMI,M,19466152225
WC728,SWMI,S,19466152226
WC728,SWMI,XL,19466152227
WC728,SWMI,XS,19466152228
WC728,FZOM,2XL,19466152229
WC728,FZOM,3XL,19466152230
WC728,FZOM,L,19466152231
WC728,FZOM,M,19466152232
WC728,FZOM,S,19466152233
WC728,FZOM,XL,19466152234
WC728,FZOM,XS,19466152235
WC728,IEIC,2XL,19466152236
WC728,IEIC,3XL,19466152237
WC728,IEIC,L,19466152238
WC728,IEIC,M,19466152239
WC728,IEIC,S,19466152240
WC728,IEIC,XL,19466152241
WC728,IEIC,XS,19466152242
WC728,LTHM,2XL,19466152243
WC728,LTHM,3XL,19466152244
WC728,LTHM,L,19466152245
WC728,LTHM,M,19466152246
WC728,LTHM,S,19466152247
WC728,LTHM,XL,19466152248
WC728,LTHM,XS,19466152249
WC728,PHYE,2XL,19466152250
WC728,PHYE,3XL,19466152251
WC728,PHYE,L,19466152252
WC728,PHYE,M,19466152253
WC728,PHYE,S,19466152254
WC728,PHYE,XL,19466152255
WC728,PHYE,XS,19466152256
WC728,NCAU,2XL,19466152257
WC728,NCAU,3XL,19466152258
WC728,NCAU,L,19466152259
WC728,NCAU,M,19466152260
WC728,NCAU,S,19466152261
WC728,NCAU,XL,19466152262
WC728,NCAU,XS,19466152263
WC728,LKJG,2XL,19466152264
WC728,LKJG,3XL,19466152265
WC728,LKJG,L,19466152266
WC728,LKJG,M,19466152267
WC728,LKJG,S,19466152268
WC728,LKJG,XL,19466152269
WC728,LKJG,XS,19466152270
WC728,PHNR,2XL,19466152271
WC728,PHNR,3XL,19466152272
WC728,PHNR,L,19466152273
WC728,PHNR,M,19466152274
WC728,PHNR,S,19466152275
WC728,PHNR,XL,19466152276
WC728,PHNR,XS,19466152277
WC844A,IND,2XL,19466152280
WC844A,IND,3XL,19466152281
WC844A,IND,L,19466152282
WC844A,IND,M,19466152283
WC844A,IND,S,19466152284
WC844A,IND,XL,19466152285
WC844A,IND,XS,19466152286
WC040A,IND,2XL,19466152287
WC040A,IND,3XL,19466152288
WC040A,IND,L,19466152289
WC040A,IND,M,19466152290
WC040A,IND,S,19466152291
WC040A,IND,XL,19466152292
WC040A,IND,XS,19466152293
WC663,BOND,2XL,19466152363
WC663,BOND,3XL,19466152364
WC663,BOND,L,19466152365
WC663,BOND,M,19466152366
WC663,BOND,S,19466152367
WC663,BOND,XL,19466152368
WC663,BOND,XS,19466152369
WC258,BOND,2XL,19466152370
WC258,BOND,3XL,19466152371
WC258,BOND,L,19466152372
WC258,BOND,M,19466152373
WC258,BOND,S,19466152374
WC258,BOND,XL,19466152375
WC258,BOND,XS,19466152376
WC664,WIN,2XL,19466152377
WC664,WIN,3XL,19466152378
WC664,WIN,L,19466152379
WC664,WIN,M,19466152380
WC664,WIN,S,19466152381
WC664,WIN,XL,19466152382
WC664,WIN,XS,19466152383
WC259,WIN,2XL,19466152384
WC259,WIN,3XL,19466152385
WC259,WIN,L,19466152386
WC259,WIN,M,19466152387
WC259,WIN,S,19466152388
WC259,WIN,XL,19466152389
WC259,WIN,XS,19466152390
WC663,HTPT,2XL,19466152391
WC663,HTPT,3XL,19466152392
WC663,HTPT,L,19466152393
WC663,HTPT,M,19466152394
WC663,HTPT,S,19466152395
WC663,HTPT,XL,19466152396
WC663,HTPT,XS,19466152397
WC258,HTPT,2XL,19466152398
WC258,HTPT,3XL,19466152399
WC258,HTPT,L,19466152400
WC258,HTPT,M,19466152401
WC258,HTPT,S,19466152402
WC258,HTPT,XL,19466152403
WC258,HTPT,XS,19466152404
WC662,PBRS,2XL,19466152405
WC662,PBRS,3XL,19466152406
WC662,PBRS,L,19466152407
WC662,PBRS,M,19466152408
WC662,PBRS,S,19466152409
WC662,PBRS,XL,19466152410
WC662,PBRS,XS,19466152411
WC257,PBRS,2XL,19466152412
WC257,PBRS,3XL,19466152413
WC257,PBRS,L,19466152414
WC257,PBRS,M,19466152415
WC257,PBRS,S,19466152416
WC257,PBRS,XL,19466152417
WC257,PBRS,XS,19466152418
WC654,PUME,2XL,19466152419
WC654,PUME,3XL,19466152420
WC654,PUME,L,19466152421
WC654,PUME,M,19466152422
WC654,PUME,S,19466152423
WC654,PUME,XL,19466152424
WC654,PUME,XS,19466152425
WM267C10,BLK,ASST,19466152426
WM267C10,BOND,ASST,19466152427
WM267C10,FCBL,ASST,19466152428
WM670C10,BLK,ASST,19466152429
WM670C10,BOND,ASST,19466152430
WM670C10,FCBL,ASST,19466152431
WM738C11,CAUL,ASST,19466152432
WM738C11,PSTX,ASST,19466152433
WM745C11,FNRT,ASST,19466152434
WM745C11,LKSK,ASST,19466152435
WM090AC14,BLK,ASST,19466153781
WM097AC14,HTPT,ASST,19466153782
WM902AC14,BLK,ASST,19466153783
WM909AC14,HTPT,ASST,19466153784
WC654,ROME,2XL,19466154276
WC654,ROME,3XL,19466154277
WC654,ROME,L,19466154278
WC654,ROME,M,19466154279
WC654,ROME,S,19466154280
WC654,ROME,XL,19466154281
WC654,ROME,XS,19466154282
WM738,WNCH,2XL,19466154381
WM738,WNCH,3XL,19466154382
WM738,WNCH,L,19466154383
WM738,WNCH,M,19466154384
WM738,WNCH,S,19466154385
WM738,WNCH,XL,19466154386
WM738,WNCH,XS,19466154387
WM745,SEGH,2XL,19466154388
WM745,SEGH,3XL,19466154389
WM745,SEGH,L,19466154390
WM745,SEGH,M,19466154391
WM745,SEGH,S,19466154392
WM745,SEGH,XL,19466154393
WM745,SEGH,XS,19466154394
WM745,LHCS,2XL,19466154395
WM745,LHCS,3XL,19466154396
WM745,LHCS,L,19466154397
WM745,LHCS,M,19466154398
WM745,LHCS,S,19466154399
WM745,LHCS,XL,19466154400
WM745,LHCS,XS,19466154401
WM738,SSWS,2XL,19466154402
WM738,SSWS,3XL,19466154403
WM738,SSWS,L,19466154404
WM738,SSWS,M,19466154405
WM738,SSWS,S,19466154406
WM738,SSWS,XL,19466154407
WM738,SSWS,XS,19466154408
WM745,NCWL,2XL,19466154409
WM745,NCWL,3XL,19466154410
WM745,NCWL,L,19466154411
WM745,NCWL,M,19466154412
WM745,NCWL,S,19466154413
WM745,NCWL,XL,19466154414
WM745,NCWL,XS,19466154415
WM745,HKNF,2XL,19466154416
WM745,HKNF,3XL,19466154417
WM745,HKNF,L,19466154418
WM745,HKNF,M,19466154419
WM745,HKNF,S,19466154420
WM745,HKNF,XL,19466154421
WM745,HKNF,XS,19466154422
WM738,HACR,2XL,19466154423
WM738,HACR,3XL,19466154424
WM738,HACR,L,19466154425
WM738,HACR,M,19466154426
WM738,HACR,S,19466154427
WM738,HACR,XL,19466154428
WM738,HACR,XS,19466154429
WM745,FZCK,2XL,19466154430
WM745,FZCK,3XL,19466154431
WM745,FZCK,L,19466154432
WM745,FZCK,M,19466154433
WM745,FZCK,S,19466154434
WM745,FZCK,XL,19466154435
WM745,FZCK,XS,19466154436
WM745C11,NCWL,ASST,19466154443
WM745C7,NCWL,ASST,19466154444
WM738C7,SSWS,ASST,19466154445
WM745C11,SEGH,ASST,19466154446
WM745C7,SEGH,ASST,19466154447
WM745C11,LHCS,ASST,19466154448
WM745C7,LHCS,ASST,19466154449
WM738C11,WNCH,ASST,19466154450
WM738C7,WNCH,ASST,19466154451
WM745C7,FZCK,ASST,19466154452
WM745C11,FZCK,ASST,19466154453
WD870,PWT,2XL,19466154910
WD870,PWT,3XL,19466154911
WD870,PWT,L,19466154912
WD870,PWT,M,19466154913
WD870,PWT,S,19466154914
WD870,PWT,XL,19466154915
WD870,PWT,XS,19466154916
WD870,BLK,"",19466154917
WD870,BLK,2XL,19466154918
WD870,BLK,3XL,19466154919
WD870,BLK,L,19466154920
WD870,BLK,M,19466154921
WD870,BLK,S,19466154922
WD870,BLK,XL,19466154923
WD870,BLK,XS,19466154924
WD870,BLK,XXS,19466154925
WD870,IND,2XL,19466154926
WD870,IND,3XL,19466154927
WD870,IND,L,19466154928
WD870,IND,M,19466154929
WD870,IND,S,19466154930
WD870,IND,XL,19466154931
WD870,IND,XS,19466154932
WD870,EBW,2XL,19466154933
WD870,EBW,3XL,19466154934
WD870,EBW,L,19466154935
WD870,EBW,M,19466154936
WD870,EBW,S,19466154937
WD870,EBW,XL,19466154938
WD870,EBW,XS,19466154939
WD870,WIN,2XL,19466154940
WD870,WIN,3XL,19466154941
WD870,WIN,L,19466154942
WD870,WIN,M,19466154943
WD870,WIN,S,19466154944
WD870,WIN,XL,19466154945
WD870,WIN,XS,19466154946
WD870,CIE,2XL,19466154947
WD870,CIE,3XL,19466154948
WD870,CIE,L,19466154949
WD870,CIE,M,19466154950
WD870,CIE,S,19466154951
WD870,CIE,XL,19466154952
WD870,CIE,XS,19466154953
WD074,BLK,2XL,19466154954
WD074,BLK,3XL,19466154955
WD074,BLK,L,19466154956
WD074,BLK,M,19466154957
WD074,BLK,S,19466154958
WD074,BLK,XL,19466154959
WD074,BLK,XS,19466154960
WD074,IND,2XL,19466154961
WD074,IND,3XL,19466154962
WD074,IND,L,19466154963
WD074,IND,M,19466154964
WD074,IND,S,19466154965
WD074,IND,XL,19466154966
WD074,IND,XS,19466154967
WD074,EBW,2XL,19466154968
WD074,EBW,3XL,19466154969
WD074,EBW,L,19466154970
WD074,EBW,M,19466154971
WD074,EBW,S,19466154972
WD074,EBW,XL,19466154973
WD074,EBW,XS,19466154974
WD074,WIN,2XL,19466154975
WD074,WIN,3XL,19466154976
WD074,WIN,L,19466154977
WD074,WIN,M,19466154978
WD074,WIN,S,19466154979
WD074,WIN,XL,19466154980
WD074,WIN,XS,19466154981
WD074,CIE,2XL,19466154982
WD074,CIE,3XL,19466154983
WD074,CIE,L,19466154984
WD074,CIE,M,19466154985
WD074,CIE,S,19466154986
WD074,CIE,XL,19466154987
WD074,CIE,XS,19466154988
WD074,PWT,2XL,19466154989
WD074,PWT,3XL,19466154990
WD074,PWT,L,19466154991
WD074,PWT,M,19466154992
WD074,PWT,S,19466154993
WD074,PWT,XL,19466154994
WD074,PWT,XS,19466154995
WD869A,IND,2XL,19466154996
WD869A,IND,3XL,19466154997
WD869A,IND,L,19466154998
WD869A,IND,M,19466154999
WD869A,IND,S,19466155000
WD869A,IND,XL,19466155001
WD869A,IND,XS,19466155002
WD869A,WIN,2XL,19466155003
WD869A,WIN,3XL,19466155004
WD869A,WIN,L,19466155005
WD869A,WIN,M,19466155006
WD869A,WIN,S,19466155007
WD869A,WIN,XL,19466155008
WD869A,WIN,XS,19466155009
WD869A,PWT,2XL,19466155010
WD869A,PWT,3XL,19466155011
WD869A,PWT,L,19466155012
WD869A,PWT,M,19466155013
WD869A,PWT,S,19466155014
WD869A,PWT,XL,19466155015
WD869A,PWT,XS,19466155016
WD869A,EGG,2XL,19466155017
WD869A,EGG,3XL,19466155018
WD869A,EGG,L,19466155019
WD869A,EGG,M,19466155020
WD869A,EGG,S,19466155021
WD869A,EGG,XL,19466155022
WD869A,EGG,XS,19466155023
WD869A,DESL,2XL,19466155024
WD869A,DESL,3XL,19466155025
WD869A,DESL,L,19466155026
WD869A,DESL,M,19466155027
WD869A,DESL,S,19466155028
WD869A,DESL,XL,19466155029
WD869A,DESL,XS,19466155030
WD869A,EBW,2XL,19466155031
WD869A,EBW,3XL,19466155032
WD869A,EBW,L,19466155033
WD869A,EBW,M,19466155034
WD869A,EBW,S,19466155035
WD869A,EBW,XL,19466155036
WD869A,EBW,XS,19466155037
WD869A,BLK,2XL,19466155038
WD869A,BLK,3XL,19466155039
WD869A,BLK,L,19466155040
WD869A,BLK,M,19466155041
WD869A,BLK,S,19466155042
WD869A,BLK,XL,19466155043
WD869A,BLK,XS,19466155044
WD869A,AQBU,2XL,19466155045
WD869A,AQBU,3XL,19466155046
WD869A,AQBU,L,19466155047
WD869A,AQBU,M,19466155048
WD869A,AQBU,S,19466155049
WD869A,AQBU,XL,19466155050
WD869A,AQBU,XS,19466155051
WD073A,AQBU,2XL,19466155052
WD073A,AQBU,3XL,19466155053
WD073A,AQBU,L,19466155054
WD073A,AQBU,M,19466155055
WD073A,AQBU,S,19466155056
WD073A,AQBU,XL,19466155057
WD073A,AQBU,XS,19466155058
WD073A,BLK,2XL,19466155059
WD073A,BLK,3XL,19466155060
WD073A,BLK,L,19466155061
WD073A,BLK,M,19466155062
WD073A,BLK,S,19466155063
WD073A,BLK,XL,19466155064
WD073A,BLK,XS,19466155065
WD073A,DESL,2XL,19466155066
WD073A,DESL,3XL,19466155067
WD073A,DESL,L,19466155068
WD073A,DESL,M,19466155069
WD073A,DESL,S,19466155070
WD073A,DESL,XL,19466155071
WD073A,DESL,XS,19466155072
WD073A,EBW,2XL,19466155073
WD073A,EBW,3XL,19466155074
WD073A,EBW,L,19466155075
WD073A,EBW,M,19466155076
WD073A,EBW,S,19466155077
WD073A,EBW,XL,19466155078
WD073A,EBW,XS,19466155079
WD073A,EGG,2XL,19466155080
WD073A,EGG,3XL,19466155081
WD073A,EGG,L,19466155082
WD073A,EGG,M,19466155083
WD073A,EGG,S,19466155084
WD073A,EGG,XL,19466155085
WD073A,EGG,XS,19466155086
WD073A,IND,2XL,19466155087
WD073A,IND,3XL,19466155088
WD073A,IND,L,19466155089
WD073A,IND,M,19466155090
WD073A,IND,S,19466155091
WD073A,IND,XL,19466155092
WD073A,IND,XS,19466155093
WD073A,PWT,2XL,19466155094
WD073A,PWT,3XL,19466155095
WD073A,PWT,L,19466155096
WD073A,PWT,M,19466155097
WD073A,PWT,S,19466155098
WD073A,PWT,XL,19466155099
WD073A,PWT,XS,19466155100
WD073A,WIN,2XL,19466155101
WD073A,WIN,3XL,19466155102
WD073A,WIN,L,19466155103
WD073A,WIN,M,19466155104
WD073A,WIN,S,19466155105
WD073A,WIN,XL,19466155106
WD073A,WIN,XS,19466155107
WD872A,BLK,2XL,19466155108
WD872A,BLK,3XL,19466155109
WD872A,BLK,L,19466155110
WD872A,BLK,M,19466155111
WD872A,BLK,S,19466155112
WD872A,BLK,XL,19466155113
WD872A,BLK,XS,19466155114
WD872A,DESL,2XL,19466155115
WD872A,DESL,3XL,19466155116
WD872A,DESL,L,19466155117
WD872A,DESL,M,19466155118
WD872A,DESL,S,19466155119
WD872A,DESL,XL,19466155120
WD872A,DESL,XS,19466155121
WD872A,EBW,2XL,19466155122
WD872A,EBW,3XL,19466155123
WD872A,EBW,L,19466155124
WD872A,EBW,M,19466155125
WD872A,EBW,S,19466155126
WD872A,EBW,XL,19466155127
WD872A,EBW,XS,19466155128
WD872A,EGG,2XL,19466155129
WD872A,EGG,3XL,19466155130
WD872A,EGG,L,19466155131
WD872A,EGG,M,19466155132
WD872A,EGG,S,19466155133
WD872A,EGG,XL,19466155134
WD872A,EGG,XS,19466155135
WD872A,IND,2XL,19466155136
WD872A,IND,3XL,19466155137
WD872A,IND,L,19466155138
WD872A,IND,M,19466155139
WD872A,IND,S,19466155140
WD872A,IND,XL,19466155141
WD872A,IND,XS,19466155142
WD872A,IND,"",19466155143
WD872A,PWT,2XL,19466155144
WD872A,PWT,3XL,19466155145
WD872A,PWT,L,19466155146
WD872A,PWT,M,19466155147
WD872A,PWT,S,19466155148
WD872A,PWT,XL,19466155149
WD872A,PWT,XS,19466155150
WD872A,WIN,2XL,19466155151
WD872A,WIN,3XL,19466155152
WD872A,WIN,L,19466155153
WD872A,WIN,M,19466155154
WD872A,WIN,S,19466155155
WD872A,WIN,XL,19466155156
WD872A,WIN,XS,19466155157
WD071A,BLK,2XL,19466155158
WD071A,BLK,3XL,19466155159
WD071A,BLK,L,19466155160
WD071A,BLK,M,19466155161
WD071A,BLK,S,19466155162
WD071A,BLK,XL,19466155163
WD071A,BLK,XS,19466155164
WD071A,DESL,2XL,19466155165
WD071A,DESL,3XL,19466155166
WD071A,DESL,L,19466155167
WD071A,DESL,M,19466155168
WD071A,DESL,S,19466155169
WD071A,DESL,XL,19466155170
WD071A,DESL,XS,19466155171
WD071A,EBW,2XL,19466155172
WD071A,EBW,3XL,19466155173
WD071A,EBW,L,19466155174
WD071A,EBW,M,19466155175
WD071A,EBW,S,19466155176
WD071A,EBW,XL,19466155177
WD071A,EBW,XS,19466155178
WD071A,EGG,2XL,19466155179
WD071A,EGG,3XL,19466155180
WD071A,EGG,L,19466155181
WD071A,EGG,M,19466155182
WD071A,EGG,S,19466155183
WD071A,EGG,XL,19466155184
WD071A,EGG,XS,19466155185
WD071A,IND,2XL,19466155186
WD071A,IND,3XL,19466155187
WD071A,IND,L,19466155188
WD071A,IND,M,19466155189
WD071A,IND,S,19466155190
WD071A,IND,XL,19466155191
WD071A,IND,XS,19466155192
WD071A,PWT,2XL,19466155193
WD071A,PWT,3XL,19466155194
WD071A,PWT,L,19466155195
WD071A,PWT,M,19466155196
WD071A,PWT,S,19466155197
WD071A,PWT,XL,19466155198
WD071A,PWT,XS,19466155199
WD071A,WIN,2XL,19466155200
WD071A,WIN,3XL,19466155201
WD071A,WIN,L,19466155202
WD071A,WIN,M,19466155203
WD071A,WIN,S,19466155204
WD071A,WIN,XL,19466155205
WD071A,WIN,XS,19466155206
WD855A,BLK,2XL,19466155207
WD855A,BLK,3XL,19466155208
WD855A,BLK,L,19466155209
WD855A,BLK,M,19466155210
WD855A,BLK,S,19466155211
WD855A,BLK,XL,19466155212
WD855A,BLK,XS,19466155213
WD855A,DESL,2XL,19466155214
WD855A,DESL,3XL,19466155215
WD855A,DESL,L,19466155216
WD855A,DESL,M,19466155217
WD855A,DESL,S,19466155218
WD855A,DESL,XL,19466155219
WD855A,DESL,XS,19466155220
WD855A,EBW,2XL,19466155221
WD855A,EBW,3XL,19466155222
WD855A,EBW,L,19466155223
WD855A,EBW,M,19466155224
WD855A,EBW,S,19466155225
WD855A,EBW,XL,19466155226
WD855A,EBW,XS,19466155227
WD855A,EGG,2XL,19466155228
WD855A,EGG,3XL,19466155229
WD855A,EGG,L,19466155230
WD855A,EGG,M,19466155231
WD855A,EGG,S,19466155232
WD855A,EGG,XL,19466155233
WD855A,EGG,XS,19466155234
WD855A,IND,2XL,19466155235
WD855A,IND,3XL,19466155236
WD855A,IND,L,19466155237
WD855A,IND,M,19466155238
WD855A,IND,S,19466155239
WD855A,IND,XL,19466155240
WD855A,IND,XS,19466155241
WD855A,PWT,2XL,19466155242
WD855A,PWT,3XL,19466155243
WD855A,PWT,L,19466155244
WD855A,PWT,M,19466155245
WD855A,PWT,S,19466155246
WD855A,PWT,XL,19466155247
WD855A,PWT,XS,19466155248
WD855A,WIN,2XL,19466155249
WD855A,WIN,3XL,19466155250
WD855A,WIN,L,19466155251
WD855A,WIN,M,19466155252
WD855A,WIN,S,19466155253
WD855A,WIN,XL,19466155254
WD855A,WIN,XS,19466155255
WD067A,BLK,2XL,19466155256
WD067A,BLK,3XL,19466155257
WD067A,BLK,L,19466155258
WD067A,BLK,M,19466155259
WD067A,BLK,S,19466155260
WD067A,BLK,XL,19466155261
WD067A,BLK,XS,19466155262
WD067A,DESL,2XL,19466155263
WD067A,DESL,3XL,19466155264
WD067A,DESL,L,19466155265
WD067A,DESL,M,19466155266
WD067A,DESL,S,19466155267
WD067A,DESL,XL,19466155268
WD067A,DESL,XS,19466155269
WD067A,EBW,2XL,19466155270
WD067A,EBW,3XL,19466155271
WD067A,EBW,L,19466155272
WD067A,EBW,M,19466155273
WD067A,EBW,S,19466155274
WD067A,EBW,XL,19466155275
WD067A,EBW,XS,19466155276
WD067A,EGG,2XL,19466155277
WD067A,EGG,3XL,19466155278
WD067A,EGG,L,19466155279
WD067A,EGG,M,19466155280
WD067A,EGG,S,19466155281
WD067A,EGG,XL,19466155282
WD067A,EGG,XS,19466155283
WD067A,PWT,2XL,19466155284
WD067A,PWT,3XL,19466155285
WD067A,PWT,L,19466155286
WD067A,PWT,M,19466155287
WD067A,PWT,S,19466155288
WD067A,PWT,XL,19466155289
WD067A,PWT,XS,19466155290
WD067A,WIN,2XL,19466155291
WD067A,WIN,3XL,19466155292
WD067A,WIN,L,19466155293
WD067A,WIN,M,19466155294
WD067A,WIN,S,19466155295
WD067A,WIN,XL,19466155296
WD067A,WIN,XS,19466155297
WD067A,IND,2XL,19466156569
WD067A,IND,3XL,19466156570
WD067A,IND,L,19466156571
WD067A,IND,M,19466156572
WD067A,IND,S,19466156573
WD067A,IND,XL,19466156574
WD067A,IND,XS,19466156575
WM738,BUER,2XL,19466156851
WM738,BUER,3XL,19466156852
WM738,BUER,L,19466156853
WM738,BUER,M,19466156854
WM738,BUER,S,19466156855
WM738,BUER,XL,19466156856
WM738,BUER,XS,19466156857
WM738,BOAS,2XL,19466156858
WM738,BOAS,3XL,19466156859
WM738,BOAS,L,19466156860
WM738,BOAS,M,19466156861
WM738,BOAS,S,19466156862
WM738,BOAS,XL,19466156863
WM738,BOAS,XS,19466156864
WM745,PHNR,2XL,19466156865
WM745,PHNR,3XL,19466156866
WM745,PHNR,L,19466156867
WM745,PHNR,M,19466156868
WM745,PHNR,S,19466156869
WM745,PHNR,XL,19466156870
WM745,PHNR,XS,19466156871
WM745,MKVV,2XL,19466156872
WM745,MKVV,3XL,19466156873
WM745,MKVV,L,19466156874
WM745,MKVV,M,19466156875
WM745,MKVV,S,19466156876
WM745,MKVV,XL,19466156877
WM745,MKVV,XS,19466156878
WM674,BLK,XS,19466157306
WM674,BLK,2XL,19466157307
WM674,BLK,3XL,19466157308
WM674,BLK,L,19466157309
WM674,BLK,M,19466157310
WM674,BLK,S,19466157311
WM674,BLK,XL,19466157312
WM269,BLK,XS,19466157313
WM269,BLK,2XL,19466157314
WM269,BLK,3XL,19466157315
WM269,BLK,L,19466157316
WM269,BLK,M,19466157317
WM269,BLK,S,19466157318
WM269,BLK,XL,19466157319
WM674,DTGR,2XL,19466158325
WM674,DTGR,3XL,19466158326
WM674,DTGR,L,19466158327
WM674,DTGR,M,19466158328
WM674,DTGR,S,19466158329
WM674,DTGR,XL,19466158330
WM674,DTGR,XS,19466158331
WM674,EMGR,2XL,19466158332
WM674,EMGR,3XL,19466158333
WM674,EMGR,L,19466158334
WM674,EMGR,M,19466158335
WM674,EMGR,S,19466158336
WM674,EMGR,XL,19466158337
WM674,EMGR,XS,19466158338
WM269,DTGR,2XL,19466159824
WM269,DTGR,3XL,19466159825
WM269,DTGR,L,19466159826
WM269,DTGR,M,19466159827
WM269,DTGR,S,19466159828
WM269,DTGR,XL,19466159829
WM269,DTGR,XS,19466159830
WM269,EMGR,2XL,19466159831
WM269,EMGR,3XL,19466159832
WM269,EMGR,L,19466159833
WM269,EMGR,M,19466159834
WM269,EMGR,S,19466159835
WM269,EMGR,XL,19466159836
WM269,EMGR,XS,19466159837
WM745C11,MKVV,ASST,19466160673
WM745C11,PHNR,ASST,19466160674
WM738C11,BUER,ASST,19466160675
WM738C11,BOAS,ASST,19466160676
WM674C10,EMGR,ASST,19466160677
WM674C10,DTGR,ASST,19466160678
WM269C10,EMGR,ASST,19466160679
WM269C10,DTGR,ASST,19466160680
WM269C10,BLK,ASST,19466160681
WM674C10,BLK,ASST,19466160682
WC728,ACPP,2XL,19466166316
WC728,ACPP,3XL,19466166317
WC728,ACPP,L,19466166318
WC728,ACPP,M,19466166319
WC728,ACPP,S,19466166320
WC728,ACPP,XL,19466166321
WC728,ACPP,XS,19466166322
WC728,PHEK,2XL,19466166323
WC728,PHEK,3XL,19466166324
WC728,PHEK,L,19466166325
WC728,PHEK,M,19466166326
WC728,PHEK,S,19466166327
WC728,PHEK,XL,19466166328
WC728,PHEK,XS,19466166329
WC728,DAYS,2XL,19466166330
WC728,DAYS,3XL,19466166331
WC728,DAYS,L,19466166332
WC728,DAYS,M,19466166333
WC728,DAYS,S,19466166334
WC728,DAYS,XL,19466166335
WC728,DAYS,XS,19466166336
WC728,HKSF,2XL,19466166337
WC728,HKSF,3XL,19466166338
WC728,HKSF,L,19466166339
WC728,HKSF,M,19466166340
WC728,HKSF,S,19466166341
WC728,HKSF,XL,19466166342
WC728,HKSF,XS,19466166343
WC728,LHSD,2XL,19466166344
WC728,LHSD,3XL,19466166345
WC728,LHSD,L,19466166346
WC728,LHSD,M,19466166347
WC728,LHSD,S,19466166348
WC728,LHSD,XL,19466166349
WC728,LHSD,XS,19466166350
WC728,LAYE,2XL,19466166351
WC728,LAYE,3XL,19466166352
WC728,LAYE,L,19466166353
WC728,LAYE,M,19466166354
WC728,LAYE,S,19466166355
WC728,LAYE,XL,19466166356
WC728,LAYE,XS,19466166357
WC725,CNFO,2XL,19466166358
WC725,CNFO,3XL,19466166359
WC725,CNFO,L,19466166360
WC725,CNFO,M,19466166361
WC725,CNFO,S,19466166362
WC725,CNFO,XL,19466166363
WC725,CNFO,XS,19466166364
WC743,FTUS,2XL,19466166818
WC743,FTUS,3XL,19466166819
WC743,FTUS,L,19466166820
WC743,FTUS,M,19466166821
WC743,FTUS,S,19466166822
WC743,FTUS,XL,19466166823
WC743,FTUS,XS,19466166824
WC728,MKVD,2XL,19466166825
WC728,MKVD,3XL,19466166826
WC728,MKVD,L,19466166827
WC728,MKVD,M,19466166828
WC728,MKVD,S,19466166829
WC728,MKVD,XL,19466166830
WC728,MKVD,XS,19466166831
WM745C12,PHNR,2XL,19466166974
WM745C12,PHNR,3XL,19466166975
WM745C12,PHNR,L,19466166976
WM745C12,PHNR,M,19466166977
WM745C12,PHNR,S,19466166978
WM745C12,PHNR,XL,19466166979
WM745C12,PHNR,XS,19466166980
WM745C12,PHNR,XXS,19466166981
WM745C12,MKVV,2XL,19466167009
WM745C12,MKVV,3XL,19466167010
WM745C12,MKVV,L,19466167011
WM745C12,MKVV,M,19466167012
WM745C12,MKVV,S,19466167013
WM745C12,MKVV,XL,19466167014
WM745C12,MKVV,XS,19466167015
WM745C12,MKVV,XXS,19466167016
WM738C12,BUER,2XL,19466167017
WM738C12,BUER,3XL,19466167018
WM738C12,BUER,L,19466167019
WM738C12,BUER,M,19466167020
WM738C12,BUER,S,19466167021
WM738C12,BUER,XL,19466167022
WM738C12,BUER,XS,19466167023
WM738C12,BOAS,2XL,19466167024
WM738C12,BOAS,3XL,19466167025
WM738C12,BOAS,L,19466167026
WM738C12,BOAS,M,19466167027
WM738C12,BOAS,S,19466167028
WM738C12,BOAS,XL,19466167029
WM738C12,BOAS,XS,19466167030
WM269C12,EMGR,2XL,19466167031
WM269C12,EMGR,3XL,19466167032
WM269C12,EMGR,L,19466167033
WM269C12,EMGR,M,19466167034
WM269C12,EMGR,S,19466167035
WM269C12,EMGR,XL,19466167036
WM269C12,EMGR,XS,19466167037
WM269C12,DTGR,2XL,19466167038
WM269C12,DTGR,3XL,19466167039
WM269C12,DTGR,L,19466167040
WM269C12,DTGR,M,19466167041
WM269C12,DTGR,S,19466167042
WM269C12,DTGR,XL,19466167043
WM269C12,DTGR,XS,19466167044
WM269C12,BLK,2XL,19466167045
WM269C12,BLK,3XL,19466167046
WM269C12,BLK,L,19466167047
WM269C12,BLK,M,19466167048
WM269C12,BLK,S,19466167049
WM269C12,BLK,XL,19466167050
WM269C12,BLK,XS,19466167051
WM674C12,EMGR,2XL,19466167052
WM674C12,EMGR,3XL,19466167053
WM674C12,EMGR,L,19466167054
WM674C12,EMGR,M,19466167055
WM674C12,EMGR,S,19466167056
WM674C12,EMGR,XL,19466167057
WM674C12,EMGR,XS,19466167058
WM674C12,EMGR,XXS,19466167059
WM674C12,DTGR,2XL,19466167060
WM674C12,DTGR,3XL,19466167061
WM674C12,DTGR,L,19466167062
WM674C12,DTGR,M,19466167063
WM674C12,DTGR,S,19466167064
WM674C12,DTGR,XL,19466167065
WM674C12,DTGR,XS,19466167066
WM674C12,DTGR,XXS,19466167067
WM674C12,BLK,2XL,19466167068
WM674C12,BLK,3XL,19466167069
WM674C12,BLK,L,19466167070
WM674C12,BLK,M,19466167071
WM674C12,BLK,S,19466167072
WM674C12,BLK,XL,19466167073
WM674C12,BLK,XS,19466167074
WM674C12,BLK,XXS,19466167075
WM922A,AQBU,2XL,19466167809
WM922A,AQBU,3XL,19466167810
WM922A,AQBU,L,19466167811
WM922A,AQBU,M,19466167812
WM922A,AQBU,S,19466167813
WM922A,AQBU,XL,19466167814
WM922A,AQBU,XS,19466167815
WM922A,BLK,2XL,19466167816
WM922A,BLK,3XL,19466167817
WM922A,BLK,L,19466167818
WM922A,BLK,M,19466167819
WM922A,BLK,S,19466167820
WM922A,BLK,XL,19466167821
WM922A,BLK,XS,19466167822
WM922A,DESL,2XL,19466167823
WM922A,DESL,3XL,19466167824
WM922A,DESL,L,19466167825
WM922A,DESL,M,19466167826
WM922A,DESL,S,19466167827
WM922A,DESL,XL,19466167828
WM922A,DESL,XS,19466167829
WM922A,EBW,2XL,19466167830
WM922A,EBW,3XL,19466167831
WM922A,EBW,L,19466167832
WM922A,EBW,M,19466167833
WM922A,EBW,S,19466167834
WM922A,EBW,XL,19466167835
WM922A,EBW,XS,19466167836
WM922A,IND,2XL,19466167837
WM922A,IND,3XL,19466167838
WM922A,IND,L,19466167839
WM922A,IND,M,19466167840
WM922A,IND,S,19466167841
WM922A,IND,XL,19466167842
WM922A,IND,XS,19466167843
WM922A,PWT,2XL,19466167844
WM922A,PWT,3XL,19466167845
WM922A,PWT,L,19466167846
WM922A,PWT,M,19466167847
WM922A,PWT,S,19466167848
WM922A,PWT,XL,19466167849
WM922A,PWT,XS,19466167850
WM922A,WIN,2XL,19466167851
WM922A,WIN,3XL,19466167852
WM922A,WIN,L,19466167853
WM922A,WIN,M,19466167854
WM922A,WIN,S,19466167855
WM922A,WIN,XL,19466167856
WM922A,WIN,XS,19466167857
WM121A,AQBU,2XL,19466167858
WM121A,AQBU,3XL,19466167859
WM121A,AQBU,L,19466167860
WM121A,AQBU,M,19466167861
WM121A,AQBU,S,19466167862
WM121A,AQBU,XL,19466167863
WM121A,AQBU,XS,19466167864
WM121A,BLK,2XL,19466167865
WM121A,BLK,3XL,19466167866
WM121A,BLK,L,19466167867
WM121A,BLK,M,19466167868
WM121A,BLK,S,19466167869
WM121A,BLK,XL,19466167870
WM121A,BLK,XS,19466167871
WM121A,DESL,2XL,19466167872
WM121A,DESL,3XL,19466167873
WM121A,DESL,L,19466167874
WM121A,DESL,M,19466167875
WM121A,DESL,S,19466167876
WM121A,DESL,XL,19466167877
WM121A,DESL,XS,19466167878
WM121A,EBW,2XL,19466167879
WM121A,EBW,3XL,19466167880
WM121A,EBW,L,19466167881
WM121A,EBW,M,19466167882
WM121A,EBW,S,19466167883
WM121A,EBW,XL,19466167884
WM121A,EBW,XS,19466167885
WM121A,IND,2XL,19466167886
WM121A,IND,3XL,19466167887
WM121A,IND,L,19466167888
WM121A,IND,M,19466167889
WM121A,IND,S,19466167890
WM121A,IND,XL,19466167891
WM121A,IND,XS,19466167892
WM121A,PWT,2XL,19466167893
WM121A,PWT,3XL,19466167894
WM121A,PWT,L,19466167895
WM121A,PWT,M,19466167896
WM121A,PWT,S,19466167897
WM121A,PWT,XL,19466167898
WM121A,PWT,XS,19466167899
WM121A,WIN,2XL,19466167900
WM121A,WIN,3XL,19466167901
WM121A,WIN,L,19466167902
WM121A,WIN,M,19466167903
WM121A,WIN,S,19466167904
WM121A,WIN,XL,19466167905
WM121A,WIN,XS,19466167906
WM931A,AQBU,2XL,19466167907
WM931A,AQBU,3XL,19466167908
WM931A,AQBU,L,19466167909
WM931A,AQBU,M,19466167910
WM931A,AQBU,S,19466167911
WM931A,AQBU,XL,19466167912
WM931A,AQBU,XS,19466167913
WM931A,BLK,2XL,19466167914
WM931A,BLK,3XL,19466167915
WM931A,BLK,L,19466167916
WM931A,BLK,M,19466167917
WM931A,BLK,S,19466167918
WM931A,BLK,XL,19466167919
WM931A,BLK,XS,19466167920
WM931A,DESL,2XL,19466167921
WM931A,DESL,3XL,19466167922
WM931A,DESL,L,19466167923
WM931A,DESL,M,19466167924
WM931A,DESL,S,19466167925
WM931A,DESL,XL,19466167926
WM931A,DESL,XS,19466167927
WM931A,EBW,2XL,19466167928
WM931A,EBW,3XL,19466167929
WM931A,EBW,L,19466167930
WM931A,EBW,M,19466167931
WM931A,EBW,S,19466167932
WM931A,EBW,XL,19466167933
WM931A,EBW,XS,19466167934
WM931A,EGG,2XL,19466167935
WM931A,EGG,3XL,19466167936
WM931A,EGG,L,19466167937
WM931A,EGG,M,19466167938
WM931A,EGG,S,19466167939
WM931A,EGG,XL,19466167940
WM931A,EGG,XS,19466167941
WM931A,IND,2XL,19466167942
WM931A,IND,3XL,19466167943
WM931A,IND,L,19466167944
WM931A,IND,M,19466167945
WM931A,IND,S,19466167946
WM931A,IND,XL,19466167947
WM931A,IND,XS,19466167948
WM931A,PWT,2XL,19466167949
WM931A,PWT,3XL,19466167950
WM931A,PWT,L,19466167951
WM931A,PWT,M,19466167952
WM931A,PWT,S,19466167953
WM931A,PWT,XL,19466167954
WM931A,PWT,XS,19466167955
WM931A,WIN,2XL,19466167956
WM931A,WIN,3XL,19466167957
WM931A,WIN,L,19466167958
WM931A,WIN,M,19466167959
WM931A,WIN,S,19466167960
WM931A,WIN,XL,19466167961
WM931A,WIN,XS,19466167962
WM122A,AQBU,2XL,19466167963
WM122A,AQBU,3XL,19466167964
WM122A,AQBU,L,19466167965
WM122A,AQBU,M,19466167966
WM122A,AQBU,S,19466167967
WM122A,AQBU,XL,19466167968
WM122A,AQBU,XS,19466167969
WM122A,BLK,2XL,19466167970
WM122A,BLK,3XL,19466167971
WM122A,BLK,L,19466167972
WM122A,BLK,M,19466167973
WM122A,BLK,S,19466167974
WM122A,BLK,XL,19466167975
WM122A,BLK,XS,19466167976
WM122A,DESL,2XL,19466167977
WM122A,DESL,3XL,19466167978
WM122A,DESL,L,19466167979
WM122A,DESL,M,19466167980
WM122A,DESL,S,19466167981
WM122A,DESL,XL,19466167982
WM122A,DESL,XS,19466167983
WM122A,EBW,2XL,19466167984
WM122A,EBW,3XL,19466167985
WM122A,EBW,L,19466167986
WM122A,EBW,M,19466167987
WM122A,EBW,S,19466167988
WM122A,EBW,XL,19466167989
WM122A,EBW,XS,19466167990
WM122A,EGG,2XL,19466167991
WM122A,EGG,3XL,19466167992
WM122A,EGG,L,19466167993
WM122A,EGG,M,19466167994
WM122A,EGG,S,19466167995
WM122A,EGG,XL,19466167996
WM122A,EGG,XS,19466167997
WM122A,IND,2XL,19466167998
WM122A,IND,3XL,19466167999
WM122A,IND,L,19466168000
WM122A,IND,M,19466168001
WM122A,IND,S,19466168002
WM122A,IND,XL,19466168003
WM122A,IND,XS,19466168004
WM122A,PWT,2XL,19466168005
WM122A,PWT,3XL,19466168006
WM122A,PWT,L,19466168007
WM122A,PWT,M,19466168008
WM122A,PWT,S,19466168009
WM122A,PWT,XL,19466168010
WM122A,PWT,XS,19466168011
WM122A,WIN,2XL,19466168012
WM122A,WIN,3XL,19466168013
WM122A,WIN,L,19466168014
WM122A,WIN,M,19466168015
WM122A,WIN,S,19466168016
WM122A,WIN,XL,19466168017
WM122A,WIN,XS,19466168018
WM122AP,BLK,L,19466168019
WM122AP,BLK,M,19466168020
WM122AP,EBW,L,19466168021
WM122AP,EBW,M,19466168022
WM122AP,EBW,2XL,19466168023
WM122AP,IND,L,19466168024
WM122AP,IND,M,19466168025
WM122AP,PWT,L,19466168026
WM122AP,PWT,M,19466168027
WM122AP,PWT,2XL,19466168028
WM121AP,BLK,L,19466168029
WM121AP,BLK,M,19466168030
WM121AP,EBW,L,19466168031
WM121AP,EBW,M,19466168032
WM121AP,IND,L,19466168033
WM121AP,IND,M,19466168034
WM121AP,PWT,L,19466168035
WM121AP,PWT,M,19466168036
WM931AC14,BLK,ASST,19466168334
WM931AC14,IND,ASST,19466168335
WM931AC14,PWT,ASST,19466168336
WM931AC14,EBW,ASST,19466168337
WM931AC14,WIN,ASST,19466168338
WM931AC14,DESL,ASST,19466168339
WM931AC14,EGG,ASST,19466168340
WM931AC14,AQBU,ASST,19466168341
WM122AC14,BLK,ASST,19466168350
WM122AC14,IND,ASST,19466168351
WM122AC14,PWT,ASST,19466168352
WM122AC14,EBW,ASST,19466168353
WM122AC14,WIN,ASST,19466168354
WM122AC14,DESL,ASST,19466168355
WM122AC14,EGG,ASST,19466168356
WM122AC14,AQBU,ASST,19466168357
WM122APC14,BLK,ASST,19466168358
WM122APC14,IND,ASST,19466168359
WM122APC4,BLK,ASST,19466168360
WM122APC4,IND,ASST,19466168361
WM122APC4,PWT,ASST,19466168362
WM122APC4,EBW,ASST,19466168363
WM922AC14,AQBU,ASST,19466168365
WM922AC14,BLK,ASST,19466168366
WM922AC14,IND,ASST,19466168367
WM922AC14,PWT,ASST,19466168368
WM922AC14,EBW,ASST,19466168369
WM922AC14,WIN,ASST,19466168370
WM922AC14,DESL,ASST,19466168371
WM121AC14,BLK,ASST,19466168372
WM121AC14,IND,ASST,19466168373
WM121AC14,PWT,ASST,19466168374
WM121AC14,EBW,ASST,19466168375
WM121AC14,WIN,ASST,19466168376
WM121AC14,DESL,ASST,19466168377
WM121AC14,AQBU,ASST,19466168378
WM121APC4,BLK,ASST,19466168380
WM121APC4,IND,ASST,19466168381
WM121APC4,PWT,ASST,19466168382
WM121APC4,EBW,ASST,19466168383
WM121AP,BLK,"",19466170704
WM121AP,BLK,2XL,19466170705
WM121AP,BLK,3XL,19466170706
WM121AP,BLK,S,19466170707
WM121AP,BLK,XL,19466170708
WM121AP,BLK,XS,19466170709
WM121AP,EBW,2XL,19466170710
WM121AP,EBW,3XL,19466170711
WM121AP,EBW,S,19466170712
WM121AP,EBW,XL,19466170713
WM121AP,EBW,XS,19466170714
WM121AP,IND,2XL,19466170715
WM121AP,IND,3XL,19466170716
WM121AP,IND,S,19466170717
WM121AP,IND,XL,19466170718
WM121AP,IND,XS,19466170719
WM121AP,PWT,"",19466170720
WM121AP,PWT,2XL,19466170721
WM121AP,PWT,3XL,19466170722
WM121AP,PWT,S,19466170723
WM121AP,PWT,XL,19466170724
WM121AP,PWT,XS,19466170725
WM122AP,BLK,2XL,19466170726
WM122AP,BLK,3XL,19466170727
WM122AP,BLK,S,19466170728
WM122AP,BLK,XL,19466170729
WM122AP,BLK,XS,19466170730
WM122AP,EBW,3XL,19466170731
WM122AP,EBW,S,19466170732
WM122AP,EBW,XL,19466170733
WM122AP,EBW,XS,19466170734
WM122AP,IND,2XL,19466170735
WM122AP,IND,3XL,19466170736
WM122AP,IND,S,19466170737
WM122AP,IND,XL,19466170738
WM122AP,IND,XS,19466170739
WM122AP,PWT,3XL,19466170740
WM122AP,PWT,S,19466170741
WM122AP,PWT,XL,19466170742
WM122AP,PWT,XS,19466170743
WM122AP,PWT,1XL,19466170744
WM745,MKXT,2XL,19466174597
WM745,MKXT,3XL,19466174598
WM745,MKXT,L,19466174599
WM745,MKXT,M,19466174600
WM745,MKXT,S,19466174601
WM745,MKXT,XL,19466174602
WM745,MKXT,XS,19466174603
WM745,DAPT,2XL,19466174604
WM745,DAPT,3XL,19466174605
WM745,DAPT,L,19466174606
WM745,DAPT,M,19466174607
WM745,DAPT,S,19466174608
WM745,DAPT,XL,19466174609
WM745,DAPT,XS,19466174610
WM745,LKKF,2XL,19466174611
WM745,LKKF,3XL,19466174612
WM745,LKKF,L,19466174613
WM745,LKKF,M,19466174614
WM745,LKKF,S,19466174615
WM745,LKKF,XL,19466174616
WM745,LKKF,XS,19466174617
WM745C12,MKXT,2XL,19466174638
WM745C12,MKXT,3XL,19466174639
WM745C12,MKXT,L,19466174640
WM745C12,MKXT,M,19466174641
WM745C12,MKXT,S,19466174642
WM745C12,MKXT,XL,19466174643
WM745C12,MKXT,XS,19466174644
WM745C12,MKXT,XXS,19466174645
WM745C12,DAPT,2XL,19466174646
WM745C12,DAPT,3XL,19466174647
WM745C12,DAPT,L,19466174648
WM745C12,DAPT,M,19466174649
WM745C12,DAPT,S,19466174650
WM745C12,DAPT,XL,19466174651
WM745C12,DAPT,XS,19466174652
WM745C12,DAPT,XXS,19466174653
WM745C12,LKKF,2XL,19466174654
WM745C12,LKKF,3XL,19466174655
WM745C12,LKKF,L,19466174656
WM745C12,LKKF,M,19466174657
WM745C12,LKKF,S,19466174658
WM745C12,LKKF,XL,19466174659
WM745C12,LKKF,XS,19466174660
WM745C12,LKKF,XXS,19466174661
WM745C11,DAPT,ASST,19466174704
WM745C11,MEGE,ASST,19466174705
WM738,MEGE,2XL,19466174706
WM738,MEGE,3XL,19466174707
WM738,MEGE,L,19466174708
WM738,MEGE,M,19466174709
WM738,MEGE,S,19466174710
WM738,MEGE,XL,19466174711
WM738,MEGE,XS,19466174712
WM738C11,MEGE,ASST,19466174713
WM745C11,MKXT,ASST,19466174714
WM745C11,LKKF,ASST,19466174715
WM738C12,MEGE,S,19466174716
WM738C12,MEGE,2XL,19466174717
WM738C12,MEGE,3XL,19466174718
WM738C12,MEGE,L,19466174719
WM738C12,MEGE,M,19466174720
WM738C12,MEGE,XL,19466174721
WM738C12,MEGE,XS,19466174770
WC854A,BLK,2XL,19466174852
WC854A,BLK,3XL,19466174853
WC854A,BLK,L,19466174854
WC854A,BLK,M,19466174855
WC854A,BLK,S,19466174856
WC854A,BLK,XL,19466174857
WC854A,BLK,XS,19466174858
WC854A,EGG,2XL,19466174859
WC854A,EGG,3XL,19466174860
WC854A,EGG,L,19466174861
WC854A,EGG,M,19466174862
WC854A,EGG,S,19466174863
WC854A,EGG,XL,19466174864
WC854A,EGG,XS,19466174865
WC854A,IND,2XL,19466174866
WC854A,IND,3XL,19466174867
WC854A,IND,L,19466174868
WC854A,IND,M,19466174869
WC854A,IND,S,19466174870
WC854A,IND,XL,19466174871
WC854A,IND,XS,19466174872
WC854A,WNNE,2XL,19466174873
WC854A,WNNE,3XL,19466174874
WC854A,WNNE,L,19466174875
WC854A,WNNE,M,19466174876
WC854A,WNNE,S,19466174877
WC854A,WNNE,XL,19466174878
WC854A,WNNE,XS,19466174879
WC047A,BLK,2XL,19466174880
WC047A,BLK,3XL,19466174881
WC047A,BLK,L,19466174882
WC047A,BLK,M,19466174883
WC047A,BLK,S,19466174884
WC047A,BLK,XL,19466174885
WC047A,BLK,XS,19466174886
WC047A,EGG,2XL,19466174887
WC047A,EGG,3XL,19466174888
WC047A,EGG,L,19466174889
WC047A,EGG,M,19466174890
WC047A,EGG,S,19466174891
WC047A,EGG,XL,19466174892
WC047A,EGG,XS,19466174893
WC047A,IND,2XL,19466174894
WC047A,IND,3XL,19466174895
WC047A,IND,L,19466174896
WC047A,IND,M,19466174897
WC047A,IND,S,19466174898
WC047A,IND,XL,19466174899
WC047A,IND,XS,19466174900
WC047A,IND,1XL,19466174901
WC047A,WNNE,2XL,19466174902
WC047A,WNNE,3XL,19466174903
WC047A,WNNE,L,19466174904
WC047A,WNNE,M,19466174905
WC047A,WNNE,S,19466174906
WC047A,WNNE,XL,19466174907
WC047A,WNNE,XS,19466174908
WC728,MKZP,2XL,19466176975
WC728,MKZP,3XL,19466176976
WC728,MKZP,L,19466176977
WC728,MKZP,M,19466176978
WC728,MKZP,S,19466176979
WC728,MKZP,XL,19466176980
WC728,MKZP,XS,19466176981
WC728,SEGX,2XL,19466176982
WC728,SEGX,3XL,19466176983
WC728,SEGX,L,19466176984
WC728,SEGX,M,19466176985
WC728,SEGX,S,19466176986
WC728,SEGX,XL,19466176987
WC728,SEGX,XS,19466176988
WC728,FROO,2XL,19466176989
WC728,FROO,3XL,19466176990
WC728,FROO,L,19466176991
WC728,FROO,M,19466176992
WC728,FROO,S,19466176993
WC728,FROO,XL,19466176994
WC728,FROO,XS,19466176995
WC728,RUZY,2XL,19466176996
WC728,RUZY,3XL,19466176997
WC728,RUZY,L,19466176998
WC728,RUZY,M,19466176999
WC728,RUZY,S,19466177000
WC728,RUZY,XL,19466177001
WC728,RUZY,XS,19466177002
WC728,PHWZ,2XL,19466177003
WC728,PHWZ,3XL,19466177004
WC728,PHWZ,L,19466177005
WC728,PHWZ,M,19466177006
WC728,PHWZ,S,19466177007
WC728,PHWZ,XL,19466177008
WC728,PHWZ,XS,19466177009
WC728,SWDC,2XL,19466177010
WC728,SWDC,3XL,19466177011
WC728,SWDC,L,19466177012
WC728,SWDC,M,19466177013
WC728,SWDC,S,19466177014
WC728,SWDC,XL,19466177015
WC728,SWDC,XS,19466177016
WC728,SWDC,1XL,19466177017
WC728,MKOZ,2XL,19466177018
WC728,MKOZ,3XL,19466177019
WC728,MKOZ,L,19466177020
WC728,MKOZ,M,19466177021
WC728,MKOZ,S,19466177022
WC728,MKOZ,XL,19466177023
WC728,MKOZ,XS,19466177024
WC728,MKOZ,1XL,19466177025
WC728,VIBM,2XL,19466177026
WC728,VIBM,3XL,19466177027
WC728,VIBM,L,19466177028
WC728,VIBM,M,19466177029
WC728,VIBM,S,19466177030
WC728,VIBM,XL,19466177031
WC728,VIBM,XS,19466177032
WC728,PNZK,2XL,19466177033
WC728,PNZK,3XL,19466177034
WC728,PNZK,L,19466177035
WC728,PNZK,M,19466177036
WC728,PNZK,S,19466177037
WC728,PNZK,XL,19466177038
WC728,PNZK,XS,19466177039
WC728,NCLH,2XL,19466177040
WC728,NCLH,3XL,19466177041
WC728,NCLH,L,19466177042
WC728,NCLH,M,19466177043
WC728,NCLH,S,19466177044
WC728,NCLH,XL,19466177045
WC728,NCLH,XS,19466177046
WC743,FYNE,2XL,19466177047
WC743,FYNE,3XL,19466177048
WC743,FYNE,L,19466177049
WC743,FYNE,M,19466177050
WC743,FYNE,S,19466177051
WC743,FYNE,XL,19466177052
WC743,FYNE,XS,19466177053
WC743,TWRP,2XL,19466177054
WC743,TWRP,3XL,19466177055
WC743,TWRP,L,19466177056
WC743,TWRP,M,19466177057
WC743,TWRP,S,19466177058
WC743,TWRP,XL,19466177059
WC743,TWRP,XS,19466177060
WC743,TWRP,1XL,19466177061
WC743,PATW,2XL,19466177062
WC743,PATW,3XL,19466177063
WC743,PATW,L,19466177064
WC743,PATW,M,19466177065
WC743,PATW,S,19466177066
WC743,PATW,XL,19466177067
WC743,PATW,XS,19466177068
WC743,PATW,1XL,19466177069
WC743,CLGU,2XL,19466177070
WC743,CLGU,3XL,19466177071
WC743,CLGU,L,19466177072
WC743,CLGU,M,19466177073
WC743,CLGU,S,19466177074
WC743,CLGU,XL,19466177075
WC743,CLGU,XS,19466177076
WC265A,HTPT,2XL,19466177077
WC265A,HTPT,3XL,19466177078
WC265A,HTPT,L,19466177079
WC265A,HTPT,M,19466177080
WC265A,HTPT,S,19466177081
WC265A,HTPT,XL,19466177082
WC265A,HTPT,XS,19466177083
WC672A,HTPT,2XL,19466177084
WC672A,HTPT,3XL,19466177085
WC672A,HTPT,L,19466177086
WC672A,HTPT,M,19466177087
WC672A,HTPT,S,19466177088
WC672A,HTPT,XL,19466177089
WC672A,HTPT,XS,19466177090
WC672A,DESL,2XL,19466177091
WC672A,DESL,3XL,19466177092
WC672A,DESL,L,19466177093
WC672A,DESL,M,19466177094
WC672A,DESL,S,19466177095
WC672A,DESL,XL,19466177096
WC672A,DESL,XS,19466177097
WC672A,DESL,1XL,19466177098
WC670A,RDCY,2XL,19466177099
WC670A,RDCY,3XL,19466177100
WC670A,RDCY,L,19466177101
WC670A,RDCY,M,19466177102
WC670A,RDCY,S,19466177103
WC670A,RDCY,XL,19466177104
WC670A,RDCY,XS,19466177105
WC267A,DESL,2XL,19466177106
WC267A,DESL,3XL,19466177107
WC267A,DESL,L,19466177108
WC267A,DESL,M,19466177109
WC267A,DESL,S,19466177110
WC267A,DESL,XL,19466177111
WC267A,DESL,XS,19466177112
WD732,LHTI,2XL,19466177113
WD732,LHTI,3XL,19466177114
WD732,LHTI,L,19466177115
WD732,LHTI,M,19466177116
WD732,LHTI,S,19466177117
WD732,LHTI,XL,19466177118
WD732,LHTI,XS,19466177119
WC264A,RDCY,2XL,19466177137
WC264A,RDCY,3XL,19466177138
WC264A,RDCY,L,19466177139
WC264A,RDCY,M,19466177140
WC264A,RDCY,S,19466177141
WC264A,RDCY,XL,19466177142
WC264A,RDCY,XS,19466177143
WC670AC9,RDCY,ASST,19466177268
WC264AC9,RDCY,ASST,19466177269
WC672AC9,HTPT,ASST,19466177270
WC265AC9,HTPT,ASST,19466177271
WC743C11,PATW,ASST,19466177272
WC728C11,SWDC,ASST,19466177273
WC728C11,MKOZ,ASST,19466177274
WC728C11,VIBM,ASST,19466177275
WC728C11,PNZK,ASST,19466177276
WC728C11,NCLH,ASST,19466177277
WC743C11,FYNE,ASST,19466177278
WC743C11,TWRP,ASST,19466177279
WM121AC12,BLK,2XL,19466177345
WM121AC12,BLK,3XL,19466177346
WM121AC12,BLK,L,19466177347
WM121AC12,BLK,M,19466177348
WM121AC12,BLK,S,19466177349
WM121AC12,BLK,XL,19466177350
WM121AC12,BLK,XS,19466177351
WM121AC12,IND,2XL,19466177352
WM121AC12,IND,3XL,19466177353
WM121AC12,IND,L,19466177354
WM121AC12,IND,M,19466177355
WM121AC12,IND,S,19466177356
WM121AC12,IND,XL,19466177357
WM121AC12,IND,XS,19466177358
WM121AC12,PWT,2XL,19466177359
WM121AC12,PWT,3XL,19466177360
WM121AC12,PWT,L,19466177361
WM121AC12,PWT,M,19466177362
WM121AC12,PWT,S,19466177363
WM121AC12,PWT,XL,19466177364
WM121AC12,PWT,XS,19466177365
WM121AC12,EBW,2XL,19466177366
WM121AC12,EBW,3XL,19466177367
WM121AC12,EBW,L,19466177368
WM121AC12,EBW,M,19466177369
WM121AC12,EBW,S,19466177370
WM121AC12,EBW,XL,19466177371
WM121AC12,EBW,XS,19466177372
WM121AC12,WIN,2XL,19466177373
WM121AC12,WIN,3XL,19466177374
WM121AC12,WIN,L,19466177375
WM121AC12,WIN,M,19466177376
WM121AC12,WIN,S,19466177377
WM121AC12,WIN,XL,19466177378
WM121AC12,WIN,XS,19466177379
WM121APC12,BLK,"",19466177380
WM121APC12,BLK,2XL,19466177381
WM121APC12,BLK,3XL,19466177382
WM121APC12,BLK,L,19466177383
WM121APC12,BLK,M,19466177384
WM121APC12,BLK,S,19466177385
WM121APC12,BLK,XL,19466177386
WM121APC12,BLK,XS,19466177387
WM121APC12,BLK,1XL,19466177388
WM121APC12,IND,"",19466177389
WM121APC12,IND,2XL,19466177390
WM121APC12,IND,3XL,19466177391
WM121APC12,IND,L,19466177392
WM121APC12,IND,M,19466177393
WM121APC12,IND,S,19466177394
WM121APC12,IND,XL,19466177395
WM121APC12,IND,XS,19466177396
WM121APC12,IND,1XL,19466177397
WM121APC12,PWT,"",19466177398
WM121APC12,PWT,2XL,19466177399
WM121APC12,PWT,3XL,19466177400
WM121APC12,PWT,L,19466177401
WM121APC12,PWT,M,19466177402
WM121APC12,PWT,S,19466177403
WM121APC12,PWT,XL,19466177404
WM121APC12,PWT,XS,19466177405
WM121APC12,PWT,1XL,19466177406
WM121APC12,EBW,"",19466177407
WM121APC12,EBW,2XL,19466177408
WM121APC12,EBW,3XL,19466177409
WM121APC12,EBW,L,19466177410
WM121APC12,EBW,M,19466177411
WM121APC12,EBW,S,19466177412
WM121APC12,EBW,XL,19466177413
WM121APC12,EBW,XS,19466177414
WM121APC12,EBW,1XL,19466177415
WM121AC12,AQBU,XS,19466177416
WM121AC12,AQBU,2XL,19466177417
WM121AC12,AQBU,3XL,19466177418
WM121AC12,AQBU,L,19466177419
WM121AC12,AQBU,M,19466177420
WM121AC12,AQBU,S,19466177421
WM121AC12,AQBU,XL,19466177422
WM121AC12,DESL,XS,19466177423
WM121AC12,DESL,1XL,19466177424
WM121AC12,DESL,2XL,19466177425
WM121AC12,DESL,3XL,19466177426
WM121AC12,DESL,L,19466177427
WM121AC12,DESL,M,19466177428
WM121AC12,DESL,S,19466177429
WM121AC12,DESL,XL,19466177430
WM122AC12,BLK,XS,19466177431
WM122AC12,BLK,2XL,19466177432
WM122AC12,BLK,3XL,19466177433
WM122AC12,BLK,L,19466177434
WM122AC12,BLK,M,19466177435
WM122AC12,BLK,S,19466177436
WM122AC12,BLK,XL,19466177437
WM122AC12,IND,XS,19466177438
WM122AC12,IND,2XL,19466177439
WM122AC12,IND,3XL,19466177440
WM122AC12,IND,L,19466177441
WM122AC12,IND,M,19466177442
WM122AC12,IND,S,19466177443
WM122AC12,IND,XL,19466177444
WM122AC12,PWT,XS,19466177445
WM122AC12,PWT,2XL,19466177446
WM122AC12,PWT,3XL,19466177447
WM122AC12,PWT,L,19466177448
WM122AC12,PWT,M,19466177449
WM122AC12,PWT,S,19466177450
WM122AC12,PWT,XL,19466177451
WM122AC12,EBW,XS,19466177452
WM122AC12,EBW,2XL,19466177453
WM122AC12,EBW,3XL,19466177454
WM122AC12,EBW,L,19466177455
WM122AC12,EBW,M,19466177456
WM122AC12,EBW,S,19466177457
WM122AC12,EBW,XL,19466177458
WM122AC12,WIN,XS,19466177459
WM122AC12,WIN,2XL,19466177460
WM122AC12,WIN,3XL,19466177461
WM122AC12,WIN,L,19466177462
WM122AC12,WIN,M,19466177463
WM122AC12,WIN,S,19466177464
WM122AC12,WIN,XL,19466177465
WM122AC12,DESL,XS,19466177466
WM122AC12,DESL,2XL,19466177467
WM122AC12,DESL,3XL,19466177468
WM122AC12,DESL,L,19466177469
WM122AC12,DESL,M,19466177470
WM122AC12,DESL,S,19466177471
WM122AC12,DESL,XL,19466177472
WM122AC12,AQBU,XS,19466177473
WM122AC12,AQBU,2XL,19466177474
WM122AC12,AQBU,3XL,19466177475
WM122AC12,AQBU,L,19466177476
WM122AC12,AQBU,M,19466177477
WM122AC12,AQBU,S,19466177478
WM122AC12,AQBU,XL,19466177479
WM122AC12,EGG,XS,19466177480
WM122AC12,EGG,2XL,19466177481
WM122AC12,EGG,3XL,19466177482
WM122AC12,EGG,L,19466177483
WM122AC12,EGG,M,19466177484
WM122AC12,EGG,S,19466177485
WM122AC12,EGG,XL,19466177486
WM122APC12,BLK,M,19466177487
WM122APC12,BLK,L,19466177488
WM122APC12,IND,M,19466177489
WM122APC12,IND,L,19466177490
WM122APC12,PWT,M,19466177491
WM122APC12,PWT,L,19466177492
WM122APC12,EBW,M,19466177493
WM122APC12,EBW,L,19466177494
WM922AC12,BLK,XS,19466177495
WM922AC12,BLK,2XL,19466177496
WM922AC12,BLK,3XL,19466177497
WM922AC12,BLK,L,19466177498
WM922AC12,BLK,M,19466177499
WM922AC12,BLK,S,19466177500
WM922AC12,BLK,XL,19466177501
WM922AC12,IND,XS,19466177502
WM922AC12,IND,2XL,19466177503
WM922AC12,IND,3XL,19466177504
WM922AC12,IND,L,19466177505
WM922AC12,IND,M,19466177506
WM922AC12,IND,S,19466177507
WM922AC12,IND,XL,19466177508
WM922AC12,PWT,XS,19466177509
WM922AC12,PWT,2XL,19466177510
WM922AC12,PWT,3XL,19466177511
WM922AC12,PWT,L,19466177512
WM922AC12,PWT,M,19466177513
WM922AC12,PWT,S,19466177514
WM922AC12,PWT,XL,19466177515
WM922AC12,EBW,XS,19466177516
WM922AC12,EBW,2XL,19466177517
WM922AC12,EBW,3XL,19466177518
WM922AC12,EBW,L,19466177519
WM922AC12,EBW,M,19466177520
WM922AC12,EBW,S,19466177521
WM922AC12,EBW,XL,19466177522
WM922AC12,WIN,XS,19466177523
WM922AC12,WIN,2XL,19466177524
WM922AC12,WIN,3XL,19466177525
WM922AC12,WIN,L,19466177526
WM922AC12,WIN,M,19466177527
WM922AC12,WIN,S,19466177528
WM922AC12,WIN,XL,19466177529
WM922AC12,DESL,XS,19466177530
WM922AC12,DESL,2XL,19466177531
WM922AC12,DESL,3XL,19466177532
WM922AC12,DESL,L,19466177533
WM922AC12,DESL,M,19466177534
WM922AC12,DESL,S,19466177535
WM922AC12,DESL,XL,19466177536
WM922AC12,AQBU,XS,19466177537
WM922AC12,AQBU,2XL,19466177538
WM922AC12,AQBU,3XL,19466177539
WM922AC12,AQBU,L,19466177540
WM922AC12,AQBU,M,19466177541
WM922AC12,AQBU,S,19466177542
WM922AC12,AQBU,XL,19466177543
WM931AC12,BLK,XS,19466177544
WM931AC12,BLK,2XL,19466177545
WM931AC12,BLK,3XL,19466177546
WM931AC12,BLK,L,19466177547
WM931AC12,BLK,M,19466177548
WM931AC12,BLK,S,19466177549
WM931AC12,BLK,XL,19466177550
WM931AC12,IND,XS,19466177551
WM931AC12,IND,2XL,19466177552
WM931AC12,IND,3XL,19466177553
WM931AC12,IND,L,19466177554
WM931AC12,IND,M,19466177555
WM931AC12,IND,S,19466177556
WM931AC12,IND,XL,19466177557
WM931AC12,PWT,XS,19466177558
WM931AC12,PWT,2XL,19466177559
WM931AC12,PWT,3XL,19466177560
WM931AC12,PWT,L,19466177561
WM931AC12,PWT,M,19466177562
WM931AC12,PWT,S,19466177563
WM931AC12,PWT,XL,19466177564
WM931AC12,EBW,XS,19466177565
WM931AC12,EBW,2XL,19466177566
WM931AC12,EBW,3XL,19466177567
WM931AC12,EBW,L,19466177568
WM931AC12,EBW,M,19466177569
WM931AC12,EBW,S,19466177570
WM931AC12,EBW,XL,19466177571
WM931AC12,WIN,XS,19466177572
WM931AC12,WIN,2XL,19466177573
WM931AC12,WIN,3XL,19466177574
WM931AC12,WIN,L,19466177575
WM931AC12,WIN,M,19466177576
WM931AC12,WIN,S,19466177577
WM931AC12,WIN,XL,19466177578
WM931AC12,DESL,XS,19466177579
WM931AC12,DESL,2XL,19466177580
WM931AC12,DESL,3XL,19466177581
WM931AC12,DESL,L,19466177582
WM931AC12,DESL,M,19466177583
WM931AC12,DESL,S,19466177584
WM931AC12,DESL,XL,19466177585
WM931AC12,EGG,XS,19466177586
WM931AC12,EGG,2XL,19466177587
WM931AC12,EGG,3XL,19466177588
WM931AC12,EGG,L,19466177589
WM931AC12,EGG,M,19466177590
WM931AC12,EGG,S,19466177591
WM931AC12,EGG,XL,19466177592
WM931AC12,AQBU,XS,19466177593
WM931AC12,AQBU,2XL,19466177594
WM931AC12,AQBU,3XL,19466177595
WM931AC12,AQBU,L,19466177596
WM931AC12,AQBU,M,19466177597
WM931AC12,AQBU,S,19466177598
WM931AC12,AQBU,XL,19466177599
WM117EC12,BLK,XS,19466177600
WM117EC12,BLK,2XL,19466177601
WM117EC12,BLK,3XL,19466177602
WM117EC12,BLK,L,19466177603
WM117EC12,BLK,M,19466177604
WM117EC12,BLK,S,19466177605
WM117EC12,BLK,XL,19466177606
WM117EC12,IND,XS,19466177607
WM117EC12,IND,2XL,19466177608
WM117EC12,IND,3XL,19466177609
WM117EC12,IND,L,19466177610
WM117EC12,IND,M,19466177611
WM117EC12,IND,S,19466177612
WM117EC12,IND,XL,19466177613
WM117EC12,EBW,XS,19466177614
WM117EC12,EBW,2XL,19466177615
WM117EC12,EBW,3XL,19466177616
WM117EC12,EBW,L,19466177617
WM117EC12,EBW,M,19466177618
WM117EC12,EBW,S,19466177619
WM117EC12,EBW,XL,19466177620
WM117EC12,WIN,XS,19466177621
WM117EC12,WIN,2XL,19466177622
WM117EC12,WIN,3XL,19466177623
WM117EC12,WIN,L,19466177624
WM117EC12,WIN,M,19466177625
WM117EC12,WIN,S,19466177626
WM117EC12,WIN,XL,19466177627
WM117EC12,CIE,XS,19466177628
WM117EC12,CIE,2XL,19466177629
WM117EC12,CIE,3XL,19466177630
WM117EC12,CIE,L,19466177631
WM117EC12,CIE,M,19466177632
WM117EC12,CIE,S,19466177633
WM117EC12,CIE,XL,19466177634
WM117EC12,PWT,XS,19466177635
WM117EC12,PWT,2XL,19466177636
WM117EC12,PWT,3XL,19466177637
WM117EC12,PWT,L,19466177638
WM117EC12,PWT,M,19466177639
WM117EC12,PWT,S,19466177640
WM117EC12,PWT,XL,19466177641
WM117EC12,AQBU,XS,19466177642
WM117EC12,AQBU,2XL,19466177643
WM117EC12,AQBU,3XL,19466177644
WM117EC12,AQBU,L,19466177645
WM117EC12,AQBU,M,19466177646
WM117EC12,AQBU,S,19466177647
WM117EC12,AQBU,XL,19466177648
WM918EC12,BLK,XS,19466177649
WM918EC12,BLK,2XL,19466177650
WM918EC12,BLK,3XL,19466177651
WM918EC12,BLK,L,19466177652
WM918EC12,BLK,M,19466177653
WM918EC12,BLK,S,19466177654
WM918EC12,BLK,XL,19466177655
WM918EC12,IND,XS,19466177656
WM918EC12,IND,2XL,19466177657
WM918EC12,IND,3XL,19466177658
WM918EC12,IND,L,19466177659
WM918EC12,IND,M,19466177660
WM918EC12,IND,S,19466177661
WM918EC12,IND,XL,19466177662
WM918EC12,EBW,XS,19466177663
WM918EC12,EBW,2XL,19466177664
WM918EC12,EBW,3XL,19466177665
WM918EC12,EBW,L,19466177666
WM918EC12,EBW,M,19466177667
WM918EC12,EBW,S,19466177668
WM918EC12,EBW,XL,19466177669
WM918EC12,WIN,XS,19466177670
WM918EC12,WIN,2XL,19466177671
WM918EC12,WIN,3XL,19466177672
WM918EC12,WIN,L,19466177673
WM918EC12,WIN,M,19466177674
WM918EC12,WIN,S,19466177675
WM918EC12,WIN,XL,19466177676
WM918EC12,CIE,XS,19466177677
WM918EC12,CIE,2XL,19466177678
WM918EC12,CIE,3XL,19466177679
WM918EC12,CIE,L,19466177680
WM918EC12,CIE,M,19466177681
WM918EC12,CIE,S,19466177682
WM918EC12,CIE,XL,19466177683
WM918EC12,PWT,XS,19466177684
WM918EC12,PWT,2XL,19466177685
WM918EC12,PWT,3XL,19466177686
WM918EC12,PWT,L,19466177687
WM918EC12,PWT,M,19466177688
WM918EC12,PWT,S,19466177689
WM918EC12,PWT,XL,19466177690
WM918EC12,AQBU,XS,19466177691
WM918EC12,AQBU,2XL,19466177692
WM918EC12,AQBU,3XL,19466177693
WM918EC12,AQBU,L,19466177694
WM918EC12,AQBU,M,19466177695
WM918EC12,AQBU,S,19466177696
WM918EC12,AQBU,XL,19466177697
WM120EC12,BLK,XS,19466177698
WM120EC12,BLK,2XL,19466177699
WM120EC12,BLK,3XL,19466177700
WM120EC12,BLK,L,19466177701
WM120EC12,BLK,M,19466177702
WM120EC12,BLK,S,19466177703
WM120EC12,BLK,XL,19466177704
WM120EC12,IND,XS,19466177705
WM120EC12,IND,2XL,19466177706
WM120EC12,IND,3XL,19466177707
WM120EC12,IND,L,19466177708
WM120EC12,IND,M,19466177709
WM120EC12,IND,S,19466177710
WM120EC12,IND,XL,19466177711
WM120EC12,EBW,XS,19466177712
WM120EC12,EBW,2XL,19466177713
WM120EC12,EBW,3XL,19466177714
WM120EC12,EBW,L,19466177715
WM120EC12,EBW,M,19466177716
WM120EC12,EBW,S,19466177717
WM120EC12,EBW,XL,19466177718
WM120EC12,WIN,XS,19466177719
WM120EC12,WIN,2XL,19466177720
WM120EC12,WIN,3XL,19466177721
WM120EC12,WIN,L,19466177722
WM120EC12,WIN,M,19466177723
WM120EC12,WIN,S,19466177724
WM120EC12,WIN,XL,19466177725
WM120EC12,CIE,XS,19466177726
WM120EC12,CIE,2XL,19466177727
WM120EC12,CIE,3XL,19466177728
WM120EC12,CIE,L,19466177729
WM120EC12,CIE,M,19466177730
WM120EC12,CIE,S,19466177731
WM120EC12,CIE,XL,19466177732
WM120EC12,PWT,XS,19466177733
WM120EC12,PWT,2XL,19466177734
WM120EC12,PWT,3XL,19466177735
WM120EC12,PWT,L,19466177736
WM120EC12,PWT,M,19466177737
WM120EC12,PWT,S,19466177738
WM120EC12,PWT,XL,19466177739
WM120EC12,AQBU,XS,19466177740
WM120EC12,AQBU,2XL,19466177741
WM120EC12,AQBU,3XL,19466177742
WM120EC12,AQBU,L,19466177743
WM120EC12,AQBU,M,19466177744
WM120EC12,AQBU,S,19466177745
WM120EC12,AQBU,XL,19466177746
WM921EC12,WIN,XS,19466177747
WM921EC12,WIN,2XL,19466177748
WM921EC12,WIN,3XL,19466177749
WM921EC12,WIN,L,19466177750
WM921EC12,WIN,M,19466177751
WM921EC12,WIN,S,19466177752
WM921EC12,WIN,XL,19466177753
WM921EC12,BLK,XS,19466177754
WM921EC12,BLK,2XL,19466177755
WM921EC12,BLK,3XL,19466177756
WM921EC12,BLK,L,19466177757
WM921EC12,BLK,M,19466177758
WM921EC12,BLK,S,19466177759
WM921EC12,BLK,XL,19466177760
WM921EC12,EBW,XS,19466177761
WM921EC12,EBW,2XL,19466177762
WM921EC12,EBW,3XL,19466177763
WM921EC12,EBW,L,19466177764
WM921EC12,EBW,M,19466177765
WM921EC12,EBW,S,19466177766
WM921EC12,EBW,XL,19466177767
WM921EC12,CIE,XS,19466177768
WM921EC12,CIE,2XL,19466177769
WM921EC12,CIE,3XL,19466177770
WM921EC12,CIE,L,19466177771
WM921EC12,CIE,M,19466177772
WM921EC12,CIE,S,19466177773
WM921EC12,CIE,XL,19466177774
WM921EC12,PWT,XS,19466177775
WM921EC12,PWT,2XL,19466177776
WM921EC12,PWT,3XL,19466177777
WM921EC12,PWT,L,19466177778
WM921EC12,PWT,M,19466177779
WM921EC12,PWT,S,19466177780
WM921EC12,PWT,XL,19466177781
WM921EC12,AQBU,XS,19466177782
WM921EC12,AQBU,2XL,19466177783
WM921EC12,AQBU,3XL,19466177784
WM921EC12,AQBU,L,19466177785
WM921EC12,AQBU,M,19466177786
WM921EC12,AQBU,S,19466177787
WM921EC12,AQBU,XL,19466177788
WM921EC12,IND,XS,19466177789
WM921EC12,IND,2XL,19466177790
WM921EC12,IND,3XL,19466177791
WM921EC12,IND,L,19466177792
WM921EC12,IND,M,19466177793
WM921EC12,IND,S,19466177794
WM921EC12,IND,XL,19466177795
WM122APC12,BLK,S,19466177796
WM122APC12,BLK,XL,19466177797
WM122APC12,EBW,S,19466177798
WM122APC12,EBW,1XL,19466177799
WM122APC12,EBW,XL,19466177800
WM122APC12,IND,S,19466177801
WM122APC12,IND,XL,19466177802
WM122APC12,PWT,S,19466177803
WM122APC12,PWT,XL,19466177804
WC728C11,MKZP,ASST,19466178141
WC728C11,SEGX,ASST,19466178142
WC728C11,FROO,ASST,19466178143
WC728C11,RUZY,ASST,19466178144
WC728C11,PHWZ,ASST,19466178145
WC728C11,CLGU,ASST,19466178146
WC743C11,CLGU,ASST,19466178147
WC672AC9,DESL,ASST,19466178148
WC267AC9,DESL,ASST,19466178149
WDK116,BLK,2XL,19466178251
WDK116,BLK,3XL,19466178252
WDK116,BLK,L,19466178253
WDK116,BLK,M,19466178254
WDK116,BLK,S,19466178255
WDK116,BLK,XL,19466178256
WDK116,BLK,XS,19466178257
WDK116,EBW,2XL,19466178258
WDK116,EBW,3XL,19466178259
WDK116,EBW,L,19466178260
WDK116,EBW,M,19466178261
WDK116,EBW,S,19466178262
WDK116,EBW,XL,19466178263
WDK116,EBW,XS,19466178264
WDK116,IND,2XL,19466178265
WDK116,IND,3XL,19466178266
WDK116,IND,L,19466178267
WDK116,IND,M,19466178268
WDK116,IND,S,19466178269
WDK116,IND,XL,19466178270
WDK116,IND,XS,19466178271
WDK116,PWT,2XL,19466178272
WDK116,PWT,3XL,19466178273
WDK116,PWT,L,19466178274
WDK116,PWT,M,19466178275
WDK116,PWT,S,19466178276
WDK116,PWT,XL,19466178277
WDK116,PWT,XS,19466178278
WD216,BLK,2XL,19466178279
WD216,BLK,3XL,19466178280
WD216,BLK,L,19466178281
WD216,BLK,M,19466178282
WD216,BLK,S,19466178283
WD216,BLK,XL,19466178284
WD216,BLK,XS,19466178285
WD216,IND,2XL,19466178286
WD216,IND,3XL,19466178287
WD216,IND,L,19466178288
WD216,IND,M,19466178289
WD216,IND,S,19466178290
WD216,IND,XL,19466178291
WD216,IND,XS,19466178292
WD216,PWT,2XL,19466178293
WD216,PWT,3XL,19466178294
WD216,PWT,L,19466178295
WD216,PWT,M,19466178296
WD216,PWT,S,19466178297
WD216,PWT,XL,19466178298
WD216,PWT,XS,19466178299
WD630,BLK,2XL,19466178300
WD630,BLK,3XL,19466178301
WD630,BLK,L,19466178302
WD630,BLK,M,19466178303
WD630,BLK,S,19466178304
WD630,BLK,XL,19466178305
WD630,BLK,XS,19466178306
WD630,IND,2XL,19466178307
WD630,IND,3XL,19466178308
WD630,IND,L,19466178309
WD630,IND,M,19466178310
WD630,IND,S,19466178311
WD630,IND,XL,19466178312
WD630,IND,XS,19466178313
WD630,PWT,2XL,19466178314
WD630,PWT,3XL,19466178315
WD630,PWT,L,19466178316
WD630,PWT,M,19466178317
WD630,PWT,S,19466178318
WD630,PWT,XL,19466178319
WD630,PWT,XS,19466178320
WM738,FGDS,2XL,19466179348
WM738,FGDS,3XL,19466179349
WM738,FGDS,L,19466179350
WM738,FGDS,M,19466179351
WM738,FGDS,S,19466179352
WM738,FGDS,XL,19466179353
WM745,PNOY,2XL,19466179355
WM745,PNOY,3XL,19466179356
WM745,PNOY,L,19466179357
WM745,PNOY,M,19466179358
WM745,PNOY,S,19466179359
WM745,PNOY,XL,19466179360
WM745,NCKG,2XL,19466179361
WM745,NCKG,3XL,19466179362
WM745,NCKG,L,19466179363
WM745,NCKG,M,19466179364
WM745,NCKG,S,19466179365
WM745,NCKG,XL,19466179366
WM745,MKYC,2XL,19466179367
WM745,MKYC,3XL,19466179368
WM745,MKYC,L,19466179369
WM745,MKYC,M,19466179370
WM745,MKYC,S,19466179371
WM745,MKYC,XL,19466179372
WM745,NCKG,XS,19466179445
WM745,MKYC,XS,19466179446
WM745,PNOY,XS,19466179447
WM738,FGDS,XS,19466179448
WM745IC11,NCKG,ASST,19466179449
WM745IC11,MKYC,ASST,19466179450
WM745IC11,PNOY,ASST,19466179451
WM738IC11,FGDS,ASST,19466179452
WM410,IND,2XL,19466179453
WM410,IND,3XL,19466179454
WM410,IND,L,19466179455
WM410,IND,M,19466179456
WM410,IND,S,19466179457
WM410,IND,XL,19466179458
WM410,IND,XS,19466179459
WM410,PWT,2XL,19466179460
WM410,PWT,3XL,19466179461
WM410,PWT,L,19466179462
WM410,PWT,M,19466179463
WM410,PWT,S,19466179464
WM410,PWT,XL,19466179465
WM410,PWT,XS,19466179466
WM272,BLK,2XL,19466179467
WM272,BLK,3XL,19466179468
WM272,BLK,L,19466179469
WM272,BLK,M,19466179470
WM272,BLK,S,19466179471
WM272,BLK,XL,19466179472
WM272,BLK,XS,19466179473
WM272,HEDC,2XL,19466179474
WM272,HEDC,3XL,19466179475
WM272,HEDC,L,19466179476
WM272,HEDC,M,19466179477
WM272,HEDC,S,19466179478
WM272,HEDC,XL,19466179479
WM272,HEDC,XS,19466179480
WM272,HTEL,2XL,19466179481
WM272,HTEL,3XL,19466179482
WM272,HTEL,L,19466179483
WM272,HTEL,M,19466179484
WM272,HTEL,S,19466179485
WM272,HTEL,XL,19466179486
WM272,HTEL,XS,19466179487
WM679,BLK,2XL,19466179488
WM679,BLK,3XL,19466179489
WM679,BLK,L,19466179490
WM679,BLK,M,19466179491
WM679,BLK,S,19466179492
WM679,BLK,XL,19466179493
WM679,BLK,XS,19466179494
WM679,HEDC,2XL,19466179495
WM679,HEDC,3XL,19466179496
WM679,HEDC,L,19466179497
WM679,HEDC,M,19466179498
WM679,HEDC,S,19466179499
WM679,HEDC,XL,19466179500
WM679,HEDC,XS,19466179501
WM679,HTEL,2XL,19466179502
WM679,HTEL,3XL,19466179503
WM679,HTEL,L,19466179504
WM679,HTEL,M,19466179505
WM679,HTEL,S,19466179506
WM679,HTEL,XL,19466179507
WM679,HTEL,XS,19466179508
WM951,BLK,2XL,19466179612
WM951,BLK,3XL,19466179613
WM951,BLK,L,19466179614
WM951,BLK,M,19466179615
WM951,BLK,S,19466179616
WM951,BLK,XL,19466179617
WM951,BLK,XS,19466179618
WM951,EBW,2XL,19466179619
WM951,EBW,3XL,19466179620
WM951,EBW,L,19466179621
WM951,EBW,M,19466179622
WM951,EBW,S,19466179623
WM951,EBW,XL,19466179624
WM951,EBW,XS,19466179625
WM951,IND,2XL,19466179626
WM951,IND,3XL,19466179627
WM951,IND,L,19466179628
WM951,IND,M,19466179629
WM951,IND,S,19466179630
WM951,IND,XL,19466179631
WM951,IND,XS,19466179632
WM951,PWT,2XL,19466179633
WM951,PWT,3XL,19466179634
WM951,PWT,L,19466179635
WM951,PWT,M,19466179636
WM951,PWT,S,19466179637
WM951,PWT,XL,19466179638
WM951,PWT,XS,19466179639
WM145,BLK,2XL,19466179640
WM145,BLK,3XL,19466179641
WM145,BLK,L,19466179642
WM145,BLK,M,19466179643
WM145,BLK,S,19466179644
WM145,BLK,XL,19466179645
WM145,BLK,XS,19466179646
WM145,EBW,2XL,19466179647
WM145,EBW,3XL,19466179648
WM145,EBW,L,19466179649
WM145,EBW,M,19466179650
WM145,EBW,S,19466179651
WM145,EBW,XL,19466179652
WM145,EBW,XS,19466179653
WM145,IND,2XL,19466179654
WM145,IND,3XL,19466179655
WM145,IND,L,19466179656
WM145,IND,M,19466179657
WM145,IND,S,19466179658
WM145,IND,XL,19466179659
WM145,IND,XS,19466179660
WM145,PWT,2XL,19466179661
WM145,PWT,3XL,19466179662
WM145,PWT,L,19466179663
WM145,PWT,M,19466179664
WM145,PWT,S,19466179665
WM145,PWT,XL,19466179666
WM145,PWT,XS,19466179667
WM145P,BLK,L,19466179668
WM145P,BLK,M,19466179669
WM145P,BLK,S,19466179670
WM145P,BLK,XL,19466179671
WM145P,BLK,XS,19466179672
WM145P,EBW,L,19466179673
WM145P,EBW,M,19466179674
WM145P,EBW,S,19466179675
WM145P,EBW,XL,19466179676
WM145P,EBW,XS,19466179677
WM145P,IND,L,19466179678
WM145P,IND,M,19466179679
WM145P,IND,S,19466179680
WM145P,IND,XL,19466179681
WM145P,IND,XS,19466179682
WM145P,PWT,L,19466179683
WM145P,PWT,M,19466179684
WM145P,PWT,S,19466179685
WM145P,PWT,XL,19466179686
WM145P,PWT,XS,19466179687
WM951IC14,BLK,ASST,19466179748
WM951IC14,IND,ASST,19466179749
WM951IC14,PWT,ASST,19466179750
WM951IC14,EBW,ASST,19466179751
WM145IC14,BLK,ASST,19466179752
WM145IC14,IND,ASST,19466179753
WM145IC14,PWT,ASST,19466179754
WM145IC14,EBW,ASST,19466179755
WM145PIC4,BLK,ASST,19466179756
WM145PIC4,IND,ASST,19466179757
WM145PIC4,PWT,ASST,19466179758
WM145PIC4,EBW,ASST,19466179759
WM745RC12,NCKG,2XL,19466179760
WM745RC12,NCKG,3XL,19466179761
WM745RC12,NCKG,L,19466179762
WM745RC12,NCKG,M,19466179763
WM745RC12,NCKG,S,19466179764
WM745RC12,NCKG,XL,19466179765
WM745RC12,NCKG,XS,19466179766
WM951RC12,BLK,2XL,19466179767
WM951RC12,BLK,3XL,19466179768
WM951RC12,BLK,L,19466179769
WM951RC12,BLK,M,19466179770
WM951RC12,BLK,S,19466179771
WM951RC12,BLK,XL,19466179772
WM951RC12,BLK,XS,19466179773
WM951RC12,BLK,XXS,19466179774
WM951RC12,IND,2XL,19466179775
WM951RC12,IND,3XL,19466179776
WM951RC12,IND,L,19466179777
WM951RC12,IND,M,19466179778
WM951RC12,IND,S,19466179779
WM951RC12,IND,XL,19466179780
WM951RC12,IND,XS,19466179781
WM951RC12,IND,XXS,19466179782
WM951RC12,EBW,2XL,19466179783
WM951RC12,EBW,3XL,19466179784
WM951RC12,EBW,L,19466179785
WM951RC12,EBW,M,19466179786
WM951RC12,EBW,S,19466179787
WM951RC12,EBW,XL,19466179788
WM951RC12,EBW,XS,19466179789
WM951RC12,EBW,XXS,19466179790
WM951RC12,PWT,2XL,19466179791
WM951RC12,PWT,3XL,19466179792
WM951RC12,PWT,L,19466179793
WM951RC12,PWT,M,19466179794
WM951RC12,PWT,S,19466179795
WM951RC12,PWT,XL,19466179796
WM951RC12,PWT,XS,19466179797
WM951RC12,PWT,XXS,19466179798
WM145RC12,BLK,2XL,19466179799
WM145RC12,BLK,3XL,19466179800
WM145RC12,BLK,L,19466179801
WM145RC12,BLK,M,19466179802
WM145RC12,BLK,S,19466179803
WM145RC12,BLK,XL,19466179804
WM145RC12,BLK,XS,19466179805
WM145RC12,BLK,XXS,19466179806
WM145RC12,IND,2XL,19466179807
WM145RC12,IND,3XL,19466179808
WM145RC12,IND,L,19466179809
WM145RC12,IND,M,19466179810
WM145RC12,IND,S,19466179811
WM145RC12,IND,XL,19466179812
WM145RC12,IND,XS,19466179813
WM145RC12,IND,XXS,19466179814
WM145RC12,PWT,2XL,19466179815
WM145RC12,PWT,3XL,19466179816
WM145RC12,PWT,L,19466179817
WM145RC12,PWT,M,19466179818
WM145RC12,PWT,S,19466179819
WM145RC12,PWT,XL,19466179820
WM145RC12,PWT,XS,19466179821
WM145RC12,PWT,XXS,19466179822
WM145RC12,EBW,2XL,19466179823
WM145RC12,EBW,3XL,19466179824
WM145RC12,EBW,L,19466179825
WM145RC12,EBW,M,19466179826
WM145RC12,EBW,S,19466179827
WM145RC12,EBW,XL,19466179828
WM145RC12,EBW,XS,19466179829
WM145RC12,EBW,XXS,19466179830
WM145PRC12,BLK,2XL,19466179831
WM145PRC12,BLK,3XL,19466179832
WM145PRC12,BLK,L,19466179833
WM145PRC12,BLK,M,19466179834
WM145PRC12,BLK,S,19466179835
WM145PRC12,BLK,XL,19466179836
WM145PRC12,BLK,XS,19466179837
WM145PRC12,BLK,XXS,19466179838
WM145PRC12,IND,2XL,19466179839
WM145PRC12,IND,3XL,19466179840
WM145PRC12,IND,L,19466179841
WM145PRC12,IND,M,19466179842
WM145PRC12,IND,S,19466179843
WM145PRC12,IND,XL,19466179844
WM145PRC12,IND,XS,19466179845
WM145PRC12,IND,XXS,19466179846
WM145PRC12,EBW,2XL,19466179847
WM145PRC12,EBW,3XL,19466179848
WM145PRC12,EBW,L,19466179849
WM145PRC12,EBW,M,19466179850
WM145PRC12,EBW,S,19466179851
WM145PRC12,EBW,XL,19466179852
WM145PRC12,EBW,XS,19466179853
WM145PRC12,EBW,XXS,19466179854
WM145PRC12,PWT,2XL,19466179855
WM145PRC12,PWT,3XL,19466179856
WM145PRC12,PWT,L,19466179857
WM145PRC12,PWT,M,19466179858
WM145PRC12,PWT,S,19466179859
WM145PRC12,PWT,XL,19466179860
WM145PRC12,PWT,XS,19466179861
WM145PRC12,PWT,XXS,19466179862
WM272RC12,BLK,XS,19466179863
WM272RC12,BLK,2XL,19466179864
WM272RC12,BLK,3XL,19466179865
WM272RC12,BLK,L,19466179866
WM272RC12,BLK,M,19466179867
WM272RC12,BLK,S,19466179868
WM272RC12,BLK,XL,19466179869
WM272IC11,BLK,ASST,19466179870
WM272IC11,HTEL,ASST,19466179871
WM272IC11,HEDC,ASST,19466179872
WM679IC11,BLK,ASST,19466179873
WM679IC11,HEDC,ASST,19466179874
WM679IC11,HTEL,ASST,19466179875
WM679RC12,BLK,XS,19466179876
WM679RC12,BLK,2XL,19466179877
WM679RC12,BLK,3XL,19466179878
WM679RC12,BLK,L,19466179879
WM679RC12,BLK,M,19466179880
WM679RC12,BLK,S,19466179881
WM679RC12,BLK,XL,19466179882
WM410,BLK,2XL,19466179883
WM410,BLK,3XL,19466179884
WM410,BLK,L,19466179885
WM410,BLK,M,19466179886
WM410,BLK,S,19466179887
WM410,BLK,XL,19466179888
WM410,BLK,XS,19466179889
WM410,BLK,1XL,19466179890
WM745RC12,PNOY,XS,19466179891
WM745RC12,PNOY,2XL,19466179892
WM745RC12,PNOY,3XL,19466179893
WM745RC12,PNOY,L,19466179894
WM745RC12,PNOY,M,19466179895
WM745RC12,PNOY,S,19466179896
WM745RC12,PNOY,XL,19466179897
WM410IC14,BLK,ASST,19466181123
WM410IC14,IND,ASST,19466181124
WM410IC14,PWT,ASST,19466181125
WM410RC12,BLK,XS,19466181126
WM410RC12,BLK,2XL,19466181127
WM410RC12,BLK,3XL,19466181128
WM410RC12,BLK,L,19466181129
WM410RC12,BLK,M,19466181130
WM410RC12,BLK,S,19466181131
WM410RC12,BLK,XL,19466181132
WM410RC12,IND,XS,19466181133
WM410RC12,IND,2XL,19466181134
WM410RC12,IND,3XL,19466181135
WM410RC12,IND,L,19466181136
WM410RC12,IND,M,19466181137
WM410RC12,IND,S,19466181138
WM410RC12,IND,XL,19466181139
WM410RC12,PWT,XS,19466181140
WM410RC12,PWT,2XL,19466181141
WM410RC12,PWT,3XL,19466181142
WM410RC12,PWT,L,19466181143
WM410RC12,PWT,M,19466181144
WM410RC12,PWT,S,19466181145
WM410RC12,PWT,XL,19466181146
WD732RC12,LHTI,XS,19466181487
WD732RC12,LHTI,2XL,19466181488
WD732RC12,LHTI,3XL,19466181489
WD732RC12,LHTI,L,19466181490
WD732RC12,LHTI,M,19466181491
WD732RC12,LHTI,S,19466181492
WD732RC12,LHTI,XL,19466181493
WM745,RUZY,2XL,19466181831
WM745,RUZY,3XL,19466181832
WM745,RUZY,L,19466181833
WM745,RUZY,M,19466181834
WM745,RUZY,S,19466181835
WM745,RUZY,XL,19466181836
WM745,RUZY,XS,19466181837
WM745,PHWZ,2XL,19466181838
WM745,PHWZ,3XL,19466181839
WM745,PHWZ,L,19466181840
WM745,PHWZ,M,19466181841
WM745,PHWZ,S,19466181842
WM745,PHWZ,XL,19466181843
WM745,PHWZ,XS,19466181844
WM745,FROO,2XL,19466181845
WM745,FROO,3XL,19466181846
WM745,FROO,L,19466181847
WM745,FROO,M,19466181848
WM745,FROO,S,19466181849
WM745,FROO,XL,19466181850
WM745,FROO,XS,19466181851
WM745,BYWB,2XL,19466181852
WM745,BYWB,3XL,19466181853
WM745,BYWB,L,19466181854
WM745,BYWB,M,19466181855
WM745,BYWB,S,19466181856
WM745,BYWB,XL,19466181857
WM745,BYWB,XS,19466181858
WC728,BYWB,2XL,19466182043
WC728,BYWB,3XL,19466182044
WC728,BYWB,L,19466182045
WC728,BYWB,M,19466182046
WC728,BYWB,S,19466182047
WC728,BYWB,XL,19466182048
WC728,BYWB,XS,19466182049
WM117RC12,AQBU,XS,19466182059
WM117RC12,AQBU,2XL,19466182060
WM117RC12,AQBU,3XL,19466182061
WM117RC12,AQBU,L,19466182062
WM117RC12,AQBU,M,19466182063
WM117RC12,AQBU,S,19466182064
WM117RC12,AQBU,XL,19466182065
WM117RC12,BLK,XS,19466182066
WM117RC12,BLK,2XL,19466182067
WM117RC12,BLK,3XL,19466182068
WM117RC12,BLK,L,19466182069
WM117RC12,BLK,M,19466182070
WM117RC12,BLK,S,19466182071
WM117RC12,BLK,XL,19466182072
WM117RC12,CIE,XS,19466182073
WM117RC12,CIE,2XL,19466182074
WM117RC12,CIE,3XL,19466182075
WM117RC12,CIE,L,19466182076
WM117RC12,CIE,M,19466182077
WM117RC12,CIE,S,19466182078
WM117RC12,CIE,XL,19466182079
WM117RC12,EBW,XS,19466182080
WM117RC12,EBW,2XL,19466182081
WM117RC12,EBW,3XL,19466182082
WM117RC12,EBW,L,19466182083
WM117RC12,EBW,M,19466182084
WM117RC12,EBW,S,19466182085
WM117RC12,EBW,XL,19466182086
WM117RC12,IND,XS,19466182087
WM117RC12,IND,2XL,19466182088
WM117RC12,IND,3XL,19466182089
WM117RC12,IND,L,19466182090
WM117RC12,IND,M,19466182091
WM117RC12,IND,S,19466182092
WM117RC12,IND,XL,19466182093
WM117RC12,PWT,XS,19466182094
WM117RC12,PWT,2XL,19466182095
WM117RC12,PWT,3XL,19466182096
WM117RC12,PWT,L,19466182097
WM117RC12,PWT,M,19466182098
WM117RC12,PWT,S,19466182099
WM117RC12,PWT,XL,19466182100
WM117RC12,WIN,XS,19466182101
WM117RC12,WIN,2XL,19466182102
WM117RC12,WIN,3XL,19466182103
WM117RC12,WIN,L,19466182104
WM117RC12,WIN,M,19466182105
WM117RC12,WIN,S,19466182106
WM117RC12,WIN,XL,19466182107
WM120RC12,AQBU,XS,19466182108
WM120RC12,AQBU,2XL,19466182109
WM120RC12,AQBU,3XL,19466182110
WM120RC12,AQBU,L,19466182111
WM120RC12,AQBU,M,19466182112
WM120RC12,AQBU,S,19466182113
WM120RC12,AQBU,XL,19466182114
WM120RC12,BLK,XS,19466182115
WM120RC12,BLK,2XL,19466182116
WM120RC12,BLK,3XL,19466182117
WM120RC12,BLK,L,19466182118
WM120RC12,BLK,M,19466182119
WM120RC12,BLK,S,19466182120
WM120RC12,BLK,XL,19466182121
WM120RC12,CIE,XS,19466182122
WM120RC12,CIE,2XL,19466182123
WM120RC12,CIE,3XL,19466182124
WM120RC12,CIE,L,19466182125
WM120RC12,CIE,M,19466182126
WM120RC12,CIE,S,19466182127
WM120RC12,CIE,XL,19466182128
WM120RC12,EBW,XS,19466182129
WM120RC12,EBW,2XL,19466182130
WM120RC12,EBW,3XL,19466182131
WM120RC12,EBW,L,19466182132
WM120RC12,EBW,M,19466182133
WM120RC12,EBW,S,19466182134
WM120RC12,EBW,XL,19466182135
WM120RC12,IND,XS,19466182136
WM120RC12,IND,2XL,19466182137
WM120RC12,IND,3XL,19466182138
WM120RC12,IND,L,19466182139
WM120RC12,IND,M,19466182140
WM120RC12,IND,S,19466182141
WM120RC12,IND,XL,19466182142
WM120RC12,PWT,XS,19466182143
WM120RC12,PWT,2XL,19466182144
WM120RC12,PWT,3XL,19466182145
WM120RC12,PWT,L,19466182146
WM120RC12,PWT,M,19466182147
WM120RC12,PWT,S,19466182148
WM120RC12,PWT,XL,19466182149
WM120RC12,WIN,XS,19466182150
WM120RC12,WIN,2XL,19466182151
WM120RC12,WIN,3XL,19466182152
WM120RC12,WIN,L,19466182153
WM120RC12,WIN,M,19466182154
WM120RC12,WIN,S,19466182155
WM120RC12,WIN,XL,19466182156
WM918RC12,WIN,XS,19466182157
WM918RC12,WIN,2XL,19466182158
WM918RC12,WIN,3XL,19466182159
WM918RC12,WIN,L,19466182160
WM918RC12,WIN,M,19466182161
WM918RC12,WIN,S,19466182162
WM918RC12,WIN,XL,19466182163
WM918RC12,AQBU,XS,19466182164
WM918RC12,AQBU,2XL,19466182165
WM918RC12,AQBU,3XL,19466182166
WM918RC12,AQBU,L,19466182167
WM918RC12,AQBU,M,19466182168
WM918RC12,AQBU,S,19466182169
WM918RC12,AQBU,XL,19466182170
WM918RC12,BLK,XS,19466182171
WM918RC12,BLK,2XL,19466182172
WM918RC12,BLK,3XL,19466182173
WM918RC12,BLK,L,19466182174
WM918RC12,BLK,M,19466182175
WM918RC12,BLK,S,19466182176
WM918RC12,BLK,XL,19466182177
WM918RC12,CIE,XS,19466182178
WM918RC12,CIE,2XL,19466182179
WM918RC12,CIE,3XL,19466182180
WM918RC12,CIE,L,19466182181
WM918RC12,CIE,M,19466182182
WM918RC12,CIE,S,19466182183
WM918RC12,CIE,XL,19466182184
WM918RC12,EBW,XS,19466182185
WM918RC12,EBW,2XL,19466182186
WM918RC12,EBW,3XL,19466182187
WM918RC12,EBW,L,19466182188
WM918RC12,EBW,M,19466182189
WM918RC12,EBW,S,19466182190
WM918RC12,EBW,XL,19466182191
WM918RC12,IND,XS,19466182192
WM918RC12,IND,2XL,19466182193
WM918RC12,IND,3XL,19466182194
WM918RC12,IND,L,19466182195
WM918RC12,IND,M,19466182196
WM918RC12,IND,S,19466182197
WM918RC12,IND,XL,19466182198
WM918RC12,PWT,XS,19466182199
WM918RC12,PWT,2XL,19466182200
WM918RC12,PWT,3XL,19466182201
WM918RC12,PWT,L,19466182202
WM918RC12,PWT,M,19466182203
WM918RC12,PWT,S,19466182204
WM918RC12,PWT,XL,19466182205
WM921RC12,AQBU,XS,19466182206
WM921RC12,AQBU,2XL,19466182207
WM921RC12,AQBU,3XL,19466182208
WM921RC12,AQBU,L,19466182209
WM921RC12,AQBU,M,19466182210
WM921RC12,AQBU,S,19466182211
WM921RC12,AQBU,XL,19466182212
WM921RC12,BLK,2XL,19466182213
WM921RC12,BLK,3XL,19466182214
WM921RC12,BLK,L,19466182215
WM921RC12,BLK,M,19466182216
WM921RC12,BLK,S,19466182217
WM921RC12,BLK,XL,19466182218
WM921RC12,BLK,XS,19466182219
WM921RC12,CIE,2XL,19466182220
WM921RC12,CIE,3XL,19466182221
WM921RC12,CIE,L,19466182222
WM921RC12,CIE,M,19466182223
WM921RC12,CIE,S,19466182224
WM921RC12,CIE,XL,19466182225
WM921RC12,CIE,XS,19466182226
WM921RC12,EBW,2XL,19466182227
WM921RC12,EBW,3XL,19466182228
WM921RC12,EBW,L,19466182229
WM921RC12,EBW,M,19466182230
WM921RC12,EBW,S,19466182231
WM921RC12,EBW,XL,19466182232
WM921RC12,EBW,XS,19466182233
WM921RC12,IND,2XL,19466182234
WM921RC12,IND,3XL,19466182235
WM921RC12,IND,L,19466182236
WM921RC12,IND,M,19466182237
WM921RC12,IND,S,19466182238
WM921RC12,IND,XL,19466182239
WM921RC12,IND,XS,19466182240
WM921RC12,PWT,2XL,19466182241
WM921RC12,PWT,3XL,19466182242
WM921RC12,PWT,L,19466182243
WM921RC12,PWT,M,19466182244
WM921RC12,PWT,S,19466182245
WM921RC12,PWT,XL,19466182246
WM921RC12,PWT,XS,19466182247
WM921RC12,WIN,2XL,19466182248
WM921RC12,WIN,3XL,19466182249
WM921RC12,WIN,L,19466182250
WM921RC12,WIN,M,19466182251
WM921RC12,WIN,S,19466182252
WM921RC12,WIN,XL,19466182253
WM921RC12,WIN,XS,19466182254
WM121ARC12,AQBU,XS,19466182255
WM121ARC12,AQBU,2XL,19466182256
WM121ARC12,AQBU,3XL,19466182257
WM121ARC12,AQBU,L,19466182258
WM121ARC12,AQBU,M,19466182259
WM121ARC12,AQBU,S,19466182260
WM121ARC12,AQBU,XL,19466182261
WM121ARC12,BLK,XS,19466182262
WM121ARC12,BLK,2XL,19466182263
WM121ARC12,BLK,3XL,19466182264
WM121ARC12,BLK,L,19466182265
WM121ARC12,BLK,M,19466182266
WM121ARC12,BLK,S,19466182267
WM121ARC12,BLK,XL,19466182268
WM121ARC12,DESL,XS,19466182269
WM121ARC12,DESL,2XL,19466182270
WM121ARC12,DESL,3XL,19466182271
WM121ARC12,DESL,L,19466182272
WM121ARC12,DESL,M,19466182273
WM121ARC12,DESL,S,19466182274
WM121ARC12,DESL,XL,19466182275
WM121ARC12,EBW,XS,19466182276
WM121ARC12,EBW,2XL,19466182277
WM121ARC12,EBW,3XL,19466182278
WM121ARC12,EBW,L,19466182279
WM121ARC12,EBW,M,19466182280
WM121ARC12,EBW,S,19466182281
WM121ARC12,EBW,XL,19466182282
WM121ARC12,IND,XS,19466182283
WM121ARC12,IND,2XL,19466182284
WM121ARC12,IND,3XL,19466182285
WM121ARC12,IND,L,19466182286
WM121ARC12,IND,M,19466182287
WM121ARC12,IND,S,19466182288
WM121ARC12,IND,XL,19466182289
WM121ARC12,PWT,XS,19466182290
WM121ARC12,PWT,2XL,19466182291
WM121ARC12,PWT,3XL,19466182292
WM121ARC12,PWT,L,19466182293
WM121ARC12,PWT,M,19466182294
WM121ARC12,PWT,S,19466182295
WM121ARC12,PWT,XL,19466182296
WM121ARC12,WIN,XS,19466182297
WM121ARC12,WIN,2XL,19466182298
WM121ARC12,WIN,3XL,19466182299
WM121ARC12,WIN,L,19466182300
WM121ARC12,WIN,M,19466182301
WM121ARC12,WIN,S,19466182302
WM121ARC12,WIN,XL,19466182303
WM121APRC12,BLK,XS,19466182304
WM121APRC12,BLK,L,19466182305
WM121APRC12,BLK,M,19466182306
WM121APRC12,BLK,S,19466182307
WM121APRC12,BLK,XL,19466182308
WM121APRC12,EBW,XS,19466182309
WM121APRC12,EBW,L,19466182310
WM121APRC12,EBW,M,19466182311
WM121APRC12,EBW,S,19466182312
WM121APRC12,EBW,XL,19466182313
WM121APRC12,IND,XS,19466182314
WM121APRC12,IND,L,19466182315
WM121APRC12,IND,M,19466182316
WM121APRC12,IND,S,19466182317
WM121APRC12,IND,XL,19466182318
WM121APRC12,PWT,XS,19466182319
WM121APRC12,PWT,L,19466182320
WM121APRC12,PWT,M,19466182321
WM121APRC12,PWT,S,19466182322
WM121APRC12,PWT,XL,19466182323
WM922ARC12,AQBU,XS,19466182324
WM922ARC12,AQBU,L,19466182325
WM922ARC12,AQBU,M,19466182326
WM922ARC12,AQBU,S,19466182327
WM922ARC12,AQBU,XL,19466182328
WM922ARC12,AQBU,2XL,19466182329
WM922ARC12,AQBU,3XL,19466182330
WM922ARC12,BLK,XS,19466182331
WM922ARC12,BLK,L,19466182332
WM922ARC12,BLK,M,19466182333
WM922ARC12,BLK,S,19466182334
WM922ARC12,BLK,XL,19466182335
WM922ARC12,BLK,2XL,19466182336
WM922ARC12,BLK,3XL,19466182337
WM922ARC12,DESL,XS,19466182338
WM922ARC12,DESL,L,19466182339
WM922ARC12,DESL,M,19466182340
WM922ARC12,DESL,S,19466182341
WM922ARC12,DESL,XL,19466182342
WM922ARC12,DESL,2XL,19466182343
WM922ARC12,DESL,3XL,19466182344
WM922ARC12,EBW,XS,19466182345
WM922ARC12,EBW,L,19466182346
WM922ARC12,EBW,M,19466182347
WM922ARC12,EBW,S,19466182348
WM922ARC12,EBW,XL,19466182349
WM922ARC12,EBW,2XL,19466182350
WM922ARC12,EBW,3XL,19466182351
WM922ARC12,IND,XS,19466182352
WM922ARC12,IND,L,19466182353
WM922ARC12,IND,M,19466182354
WM922ARC12,IND,S,19466182355
WM922ARC12,IND,XL,19466182356
WM922ARC12,IND,2XL,19466182357
WM922ARC12,IND,3XL,19466182358
WM922ARC12,PWT,XS,19466182359
WM922ARC12,PWT,L,19466182360
WM922ARC12,PWT,M,19466182361
WM922ARC12,PWT,S,19466182362
WM922ARC12,PWT,XL,19466182363
WM922ARC12,PWT,2XL,19466182364
WM922ARC12,PWT,3XL,19466182365
WM922ARC12,WIN,XS,19466182366
WM922ARC12,WIN,L,19466182367
WM922ARC12,WIN,M,19466182368
WM922ARC12,WIN,S,19466182369
WM922ARC12,WIN,XL,19466182370
WM922ARC12,WIN,2XL,19466182371
WM922ARC12,WIN,3XL,19466182372
WM122ARC12,AQBU,XS,19466182373
WM122ARC12,AQBU,L,19466182374
WM122ARC12,AQBU,M,19466182375
WM122ARC12,AQBU,S,19466182376
WM122ARC12,AQBU,XL,19466182377
WM122ARC12,AQBU,2XL,19466182378
WM122ARC12,AQBU,3XL,19466182379
WM122ARC12,BLK,XS,19466182380
WM122ARC12,BLK,L,19466182381
WM122ARC12,BLK,M,19466182382
WM122ARC12,BLK,S,19466182383
WM122ARC12,BLK,XL,19466182384
WM122ARC12,BLK,2XL,19466182385
WM122ARC12,BLK,3XL,19466182386
WM122ARC12,DESL,2XL,19466182387
WM122ARC12,DESL,3XL,19466182388
WM122ARC12,DESL,L,19466182389
WM122ARC12,DESL,M,19466182390
WM122ARC12,DESL,S,19466182391
WM122ARC12,DESL,XL,19466182392
WM122ARC12,DESL,XS,19466182393
WM122ARC12,EBW,2XL,19466182394
WM122ARC12,EBW,3XL,19466182395
WM122ARC12,EBW,L,19466182396
WM122ARC12,EBW,M,19466182397
WM122ARC12,EBW,S,19466182398
WM122ARC12,EBW,XL,19466182399
WM122ARC12,EBW,XS,19466182400
WM122ARC12,EGG,2XL,19466182401
WM122ARC12,EGG,3XL,19466182402
WM122ARC12,EGG,L,19466182403
WM122ARC12,EGG,M,19466182404
WM122ARC12,EGG,S,19466182405
WM122ARC12,EGG,XL,19466182406
WM122ARC12,EGG,XS,19466182407
WM122ARC12,IND,2XL,19466182408
WM122ARC12,IND,3XL,19466182409
WM122ARC12,IND,L,19466182410
WM122ARC12,IND,M,19466182411
WM122ARC12,IND,S,19466182412
WM122ARC12,IND,XL,19466182413
WM122ARC12,IND,XS,19466182414
WM122ARC12,PWT,2XL,19466182415
WM122ARC12,PWT,3XL,19466182416
WM122ARC12,PWT,L,19466182417
WM122ARC12,PWT,M,19466182418
WM122ARC12,PWT,S,19466182419
WM122ARC12,PWT,XL,19466182420
WM122ARC12,PWT,XS,19466182421
WM122ARC12,WIN,2XL,19466182422
WM122ARC12,WIN,3XL,19466182423
WM122ARC12,WIN,L,19466182424
WM122ARC12,WIN,M,19466182425
WM122ARC12,WIN,S,19466182426
WM122ARC12,WIN,XL,19466182427
WM122ARC12,WIN,XS,19466182428
WM122APRC12,EBW,2XL,19466182429
WM122APRC12,EBW,3XL,19466182430
WM122APRC12,EBW,L,19466182431
WM122APRC12,EBW,M,19466182432
WM122APRC12,EBW,S,19466182433
WM122APRC12,EBW,XL,19466182434
WM122APRC12,EBW,XS,19466182435
WM122APRC12,IND,2XL,19466182436
WM122APRC12,IND,3XL,19466182437
WM122APRC12,IND,L,19466182438
WM122APRC12,IND,M,19466182439
WM122APRC12,IND,S,19466182440
WM122APRC12,IND,XL,19466182441
WM122APRC12,IND,XS,19466182442
WM122APRC12,PWT,2XL,19466182443
WM122APRC12,PWT,3XL,19466182444
WM122APRC12,PWT,L,19466182445
WM122APRC12,PWT,M,19466182446
WM122APRC12,PWT,S,19466182447
WM122APRC12,PWT,XL,19466182448
WM122APRC12,PWT,XS,19466182449
WM931ARC12,AQBU,XS,19466182450
WM931ARC12,AQBU,S,19466182451
WM931ARC12,AQBU,M,19466182452
WM931ARC12,AQBU,1XL,19466182453
WM931ARC12,AQBU,2XL,19466182454
WM931ARC12,AQBU,3XL,19466182455
WM931ARC12,AQBU,L,19466182456
WM931ARC12,AQBU,XL,19466182457
WM931ARC12,BLK,XS,19466182458
WM931ARC12,BLK,S,19466182459
WM931ARC12,BLK,M,19466182460
WM931ARC12,BLK,1XL,19466182461
WM931ARC12,BLK,2XL,19466182462
WM931ARC12,BLK,3XL,19466182463
WM931ARC12,BLK,L,19466182464
WM931ARC12,BLK,XL,19466182465
WM931ARC12,DESL,XS,19466182466
WM931ARC12,DESL,S,19466182467
WM931ARC12,DESL,M,19466182468
WM931ARC12,DESL,1XL,19466182469
WM931ARC12,DESL,2XL,19466182470
WM931ARC12,DESL,3XL,19466182471
WM931ARC12,DESL,L,19466182472
WM931ARC12,DESL,XL,19466182473
WM931ARC12,EBW,XS,19466182474
WM931ARC12,EBW,S,19466182475
WM931ARC12,EBW,M,19466182476
WM931ARC12,EBW,1XL,19466182477
WM931ARC12,EBW,2XL,19466182478
WM931ARC12,EBW,3XL,19466182479
WM931ARC12,EBW,L,19466182480
WM931ARC12,EBW,XL,19466182481
WM931ARC12,EGG,XS,19466182482
WM931ARC12,EGG,S,19466182483
WM931ARC12,EGG,M,19466182484
WM931ARC12,EGG,1XL,19466182485
WM931ARC12,EGG,2XL,19466182486
WM931ARC12,EGG,3XL,19466182487
WM931ARC12,EGG,L,19466182488
WM931ARC12,EGG,XL,19466182489
WM931ARC12,IND,XS,19466182490
WM931ARC12,IND,S,19466182491
WM931ARC12,IND,M,19466182492
WM931ARC12,IND,1XL,19466182493
WM931ARC12,IND,2XL,19466182494
WM931ARC12,IND,3XL,19466182495
WM931ARC12,IND,L,19466182496
WM931ARC12,IND,XL,19466182497
WM931ARC12,PWT,XS,19466182498
WM931ARC12,PWT,S,19466182499
WM931ARC12,PWT,M,19466182500
WM931ARC12,PWT,1XL,19466182501
WM931ARC12,PWT,2XL,19466182502
WM931ARC12,PWT,3XL,19466182503
WM931ARC12,PWT,L,19466182504
WM931ARC12,PWT,XL,19466182505
WM931ARC12,WIN,XS,19466182506
WM931ARC12,WIN,S,19466182507
WM931ARC12,WIN,M,19466182508
WM931ARC12,WIN,1XL,19466182509
WM931ARC12,WIN,2XL,19466182510
WM931ARC12,WIN,3XL,19466182511
WM931ARC12,WIN,L,19466182512
WM931ARC12,WIN,XL,19466182513
WM122APRC12,BLK,2XL,19466182570
WM122APRC12,BLK,3XL,19466182571
WM122APRC12,BLK,L,19466182572
WM122APRC12,BLK,M,19466182573
WM122APRC12,BLK,S,19466182574
WM122APRC12,BLK,XL,19466182575
WM122APRC12,BLK,XS,19466182576
WM745IC11,FROO,ASST,19466182619
WM745IC11,RUZY,ASST,19466182620
WM745IC11,PHWZ,ASST,19466182621
WM745IC11,BYWB,ASST,19466182622
WM745RC12,RUZY,XS,19466182730
WM745RC12,RUZY,2XL,19466182731
WM745RC12,RUZY,3XL,19466182732
WM745RC12,RUZY,L,19466182733
WM745RC12,RUZY,M,19466182734
WM745RC12,RUZY,S,19466182735
WM745RC12,RUZY,XL,19466182736
WM745RC12,PHWZ,2XL,19466182737
WM745RC12,PHWZ,3XL,19466182738
WM745RC12,PHWZ,L,19466182739
WM745RC12,PHWZ,M,19466182740
WM745RC12,PHWZ,S,19466182741
WM745RC12,PHWZ,XL,19466182742
WM745RC12,PHWZ,XS,19466182743
WM745RC12,FROO,2XL,19466182744
WM745RC12,FROO,3XL,19466182745
WM745RC12,FROO,L,19466182746
WM745RC12,FROO,M,19466182747
WM745RC12,FROO,S,19466182748
WM745RC12,FROO,XL,19466182749
WM745RC12,FROO,XS,19466182750
WM745RC12,BYWB,2XL,19466182751
WM745RC12,BYWB,3XL,19466182752
WM745RC12,BYWB,L,19466182753
WM745RC12,BYWB,M,19466182754
WM745RC12,BYWB,S,19466182755
WM745RC12,BYWB,XL,19466182756
WM745RC12,BYWB,XS,19466182757
WC675A,DTGR,2XL,19466188533
WC675A,DTGR,3XL,19466188534
WC675A,DTGR,L,19466188535
WC675A,DTGR,M,19466188536
WC675A,DTGR,S,19466188537
WC675A,DTGR,XL,19466188538
WC675A,DTGR,XS,19466188539
WC675A,EMBL,2XL,19466188540
WC675A,EMBL,3XL,19466188541
WC675A,EMBL,L,19466188542
WC675A,EMBL,M,19466188543
WC675A,EMBL,S,19466188544
WC675A,EMBL,XL,19466188545
WC675A,EMBL,XS,19466188546
WC269A,EMBL,2XL,19466188547
WC269A,EMBL,3XL,19466188548
WC269A,EMBL,L,19466188549
WC269A,EMBL,M,19466188550
WC269A,EMBL,S,19466188551
WC269A,EMBL,XL,19466188552
WC269A,EMBL,XS,19466188553
WC269A,DTGR,2XL,19466188554
WC269A,DTGR,3XL,19466188555
WC269A,DTGR,L,19466188556
WC269A,DTGR,M,19466188557
WC269A,DTGR,S,19466188558
WC269A,DTGR,XL,19466188559
WC269A,DTGR,XS,19466188560
WC678A,DTDW,2XL,19466188561
WC678A,DTDW,3XL,19466188562
WC678A,DTDW,L,19466188563
WC678A,DTDW,M,19466188564
WC678A,DTDW,S,19466188565
WC678A,DTDW,XL,19466188566
WC678A,DTDW,XS,19466188567
WC678A,SGLF,2XL,19466188568
WC678A,SGLF,3XL,19466188569
WC678A,SGLF,L,19466188570
WC678A,SGLF,M,19466188571
WC678A,SGLF,S,19466188572
WC678A,SGLF,XL,19466188573
WC678A,SGLF,XS,19466188574
WC728,ACCK,2XL,19466188575
WC728,ACCK,3XL,19466188576
WC728,ACCK,L,19466188577
WC728,ACCK,M,19466188578
WC728,ACCK,S,19466188579
WC728,ACCK,XL,19466188580
WC728,ACCK,XS,19466188581
WC728,SMLS,2XL,19466188582
WC728,SMLS,3XL,19466188583
WC728,SMLS,L,19466188584
WC728,SMLS,M,19466188585
WC728,SMLS,S,19466188586
WC728,SMLS,XL,19466188587
WC728,SMLS,XS,19466188588
WC728,DAXD,2XL,19466188589
WC728,DAXD,3XL,19466188590
WC728,DAXD,L,19466188591
WC728,DAXD,M,19466188592
WC728,DAXD,S,19466188593
WC728,DAXD,XL,19466188594
WC728,DAXD,XS,19466188595
WC728,PHCS,2XL,19466188596
WC728,PHCS,3XL,19466188597
WC728,PHCS,L,19466188598
WC728,PHCS,M,19466188599
WC728,PHCS,S,19466188600
WC728,PHCS,XL,19466188601
WC728,PHCS,XS,19466188602
WC728,SWKD,2XL,19466188603
WC728,SWKD,3XL,19466188604
WC728,SWKD,L,19466188605
WC728,SWKD,M,19466188606
WC728,SWKD,S,19466188607
WC728,SWKD,XL,19466188608
WC728,SWKD,XS,19466188609
WC743,LPHT,2XL,19466188610
WC743,LPHT,3XL,19466188611
WC743,LPHT,L,19466188612
WC743,LPHT,M,19466188613
WC743,LPHT,S,19466188614
WC743,LPHT,XL,19466188615
WC743,LPHT,XS,19466188616
WC743,WNIC,2XL,19466188617
WC743,WNIC,3XL,19466188618
WC743,WNIC,L,19466188619
WC743,WNIC,M,19466188620
WC743,WNIC,S,19466188621
WC743,WNIC,XL,19466188622
WC743,WNIC,XS,19466188623
WC743,PSGN,2XL,19466188624
WC743,PSGN,3XL,19466188625
WC743,PSGN,L,19466188626
WC743,PSGN,M,19466188627
WC743,PSGN,S,19466188628
WC743,PSGN,XL,19466188629
WC743,PSGN,XS,19466188630
WC728,FNFH,2XL,19466188631
WC728,FNFH,3XL,19466188632
WC728,FNFH,L,19466188633
WC728,FNFH,M,19466188634
WC728,FNFH,S,19466188635
WC728,FNFH,XL,19466188636
WC728,FNFH,XS,19466188637
WC728,PNXL,2XL,19466188638
WC728,PNXL,3XL,19466188639
WC728,PNXL,L,19466188640
WC728,PNXL,M,19466188641
WC728,PNXL,S,19466188642
WC728,PNXL,XL,19466188643
WC728,PNXL,XS,19466188644
WC728,BYSV,2XL,19466188645
WC728,BYSV,3XL,19466188646
WC728,BYSV,L,19466188647
WC728,BYSV,M,19466188648
WC728,BYSV,S,19466188649
WC728,BYSV,XL,19466188650
WC728,BYSV,XS,19466188651
WC728,LKUB,2XL,19466188652
WC728,LKUB,3XL,19466188653
WC728,LKUB,L,19466188654
WC728,LKUB,M,19466188655
WC728,LKUB,S,19466188656
WC728,LKUB,XL,19466188657
WC728,LKUB,XS,19466188658
WC728,LHSF,2XL,19466188659
WC728,LHSF,3XL,19466188660
WC728,LHSF,L,19466188661
WC728,LHSF,M,19466188662
WC728,LHSF,S,19466188663
WC728,LHSF,XL,19466188664
WC728,LHSF,XS,19466188665
WC728,MKXF,2XL,19466188666
WC728,MKXF,3XL,19466188667
WC728,MKXF,L,19466188668
WC728,MKXF,M,19466188669
WC728,MKXF,S,19466188670
WC728,MKXF,XL,19466188671
WC728,MKXF,XS,19466188672
WC728,PHSX,2XL,19466188673
WC728,PHSX,3XL,19466188674
WC728,PHSX,L,19466188675
WC728,PHSX,M,19466188676
WC728,PHSX,S,19466188677
WC728,PHSX,XL,19466188678
WC728,PHSX,XS,19466188679
WC743,SPSR,2XL,19466188680
WC743,SPSR,3XL,19466188681
WC743,SPSR,L,19466188682
WC743,SPSR,M,19466188683
WC743,SPSR,S,19466188684
WC743,SPSR,XL,19466188685
WC743,SPSR,XS,19466188686
WC743,TDPT,2XL,19466188687
WC743,TDPT,3XL,19466188688
WC743,TDPT,L,19466188689
WC743,TDPT,M,19466188690
WC743,TDPT,S,19466188691
WC743,TDPT,XL,19466188692
WC743,TDPT,XS,19466188693
WC743,BBUB,2XL,19466188694
WC743,BBUB,3XL,19466188695
WC743,BBUB,L,19466188696
WC743,BBUB,M,19466188697
WC743,BBUB,S,19466188698
WC743,BBUB,XL,19466188699
WC743,BBUB,XS,19466188700
WC743,PUAY,2XL,19466188701
WC743,PUAY,3XL,19466188702
WC743,PUAY,L,19466188703
WC743,PUAY,M,19466188704
WC743,PUAY,S,19466188705
WC743,PUAY,XL,19466188706
WC743,PUAY,XS,19466188707
WC743,FTDA,2XL,19466188708
WC743,FTDA,3XL,19466188709
WC743,FTDA,L,19466188710
WC743,FTDA,M,19466188711
WC743,FTDA,S,19466188712
WC743,FTDA,XL,19466188713
WC743,FTDA,XS,19466188714
WC870,BLK,2XL,19466188715
WC870,BLK,3XL,19466188716
WC870,BLK,L,19466188717
WC870,BLK,M,19466188718
WC870,BLK,S,19466188719
WC870,BLK,XL,19466188720
WC870,BLK,XS,19466188721
WC270A,DTDW,2XL,19466188722
WC270A,DTDW,3XL,19466188723
WC270A,DTDW,L,19466188724
WC270A,DTDW,M,19466188725
WC270A,DTDW,S,19466188726
WC270A,DTDW,XL,19466188727
WC270A,DTDW,XS,19466188728
WC270A,SGLF,2XL,19466188729
WC270A,SGLF,3XL,19466188730
WC270A,SGLF,L,19466188731
WC270A,SGLF,M,19466188732
WC270A,SGLF,S,19466188733
WC270A,SGLF,XL,19466188734
WC270A,SGLF,XS,19466188735
WC728,BAFT,2XL,19466188800
WC728,BAFT,3XL,19466188801
WC728,BAFT,L,19466188802
WC728,BAFT,M,19466188803
WC728,BAFT,S,19466188804
WC728,BAFT,XL,19466188805
WC728,BAFT,XS,19466188806
WC728,LAKS,2XL,19466188807
WC728,LAKS,3XL,19466188808
WC728,LAKS,L,19466188809
WC728,LAKS,M,19466188810
WC728,LAKS,S,19466188811
WC728,LAKS,XL,19466188812
WC728,LAKS,XS,19466188813
WC728,MKWE,2XL,19466188814
WC728,MKWE,3XL,19466188815
WC728,MKWE,L,19466188816
WC728,MKWE,M,19466188817
WC728,MKWE,S,19466188818
WC728,MKWE,XL,19466188819
WC728,MKWE,XS,19466188820
WM745,PHSX,2XL,19466188978
WM745,PHSX,3XL,19466188979
WM745,PHSX,L,19466188980
WM745,PHSX,M,19466188981
WM745,PHSX,S,19466188982
WM745,PHSX,XL,19466188983
WM745,PHSX,XS,19466188984
WM745,DAPG,2XL,19466188985
WM745,DAPG,3XL,19466188986
WM745,DAPG,L,19466188987
WM745,DAPG,M,19466188988
WM745,DAPG,S,19466188989
WM745,DAPG,XL,19466188990
WM745,DAPG,XS,19466188991
WM745,MKLZ,2XL,19466188992
WM745,MKLZ,3XL,19466188993
WM745,MKLZ,L,19466188994
WM745,MKLZ,M,19466188995
WM745,MKLZ,S,19466188996
WM745,MKLZ,XL,19466188997
WM745,MKLZ,XS,19466188998
WM738,DELY,2XL,19466188999
WM738,DELY,3XL,19466189000
WM738,DELY,L,19466189001
WM738,DELY,M,19466189002
WM738,DELY,S,19466189003
WM738,DELY,XL,19466189004
WM738,DELY,XS,19466189005
WC728,LHBC,2XL,19466189238
WC728,LHBC,3XL,19466189239
WC728,LHBC,L,19466189240
WC728,LHBC,M,19466189241
WC728,LHBC,S,19466189242
WC728,LHBC,XL,19466189243
WC728,LHBC,XS,19466189244
WM738IC11,DELY,ASST,19466189246
WM738IC7,DELY,ASST,19466189247
WM745IC11,PHSX,ASST,19466189248
WM745IC11,DAPG,ASST,19466189249
WM745IC11,MKLZ,ASST,19466189250
WM745IC7,PHSX,ASST,19466189251
WM745IC7,DAPG,ASST,19466189252
WM745IC7,MKLZ,ASST,19466189253
WC860,BLK,2XL,19466189601
WC860,BLK,3XL,19466189602
WC860,BLK,L,19466189603
WC860,BLK,M,19466189604
WC860,BLK,S,19466189605
WC860,BLK,XL,19466189606
WC860,BLK,XS,19466189607
WC860,IND,2XL,19466189608
WC860,IND,3XL,19466189609
WC860,IND,L,19466189610
WC860,IND,M,19466189611
WC860,IND,S,19466189612
WC860,IND,XL,19466189613
WC860,IND,XS,19466189614
WC860W,WHT,2XL,19466189615
WC860W,WHT,3XL,19466189616
WC860W,WHT,L,19466189617
WC860W,WHT,M,19466189618
WC860W,WHT,S,19466189619
WC860W,WHT,XL,19466189620
WC860W,WHT,XS,19466189621
WC053,BLK,2XL,19466189622
WC053,BLK,3XL,19466189623
WC053,BLK,L,19466189624
WC053,BLK,M,19466189625
WC053,BLK,S,19466189626
WC053,BLK,XL,19466189627
WC053,BLK,XS,19466189628
WC053,IND,2XL,19466189629
WC053,IND,3XL,19466189630
WC053,IND,L,19466189631
WC053,IND,M,19466189632
WC053,IND,S,19466189633
WC053,IND,XL,19466189634
WC053,IND,XS,19466189635
WC053W,WHT,2XL,19466189636
WC053W,WHT,3XL,19466189637
WC053W,WHT,L,19466189638
WC053W,WHT,M,19466189639
WC053W,WHT,S,19466189640
WC053W,WHT,XL,19466189641
WC053W,WHT,XS,19466189642
WC871A,BLK,2XL,19466189643
WC871A,BLK,3XL,19466189644
WC871A,BLK,L,19466189645
WC871A,BLK,M,19466189646
WC871A,BLK,S,19466189647
WC871A,BLK,XL,19466189648
WC871A,BLK,XS,19466189649
WC871A,PWT,2XL,19466189650
WC871A,PWT,3XL,19466189651
WC871A,PWT,L,19466189652
WC871A,PWT,M,19466189653
WC871A,PWT,S,19466189654
WC871A,PWT,XL,19466189655
WC871A,PWT,XS,19466189656
WC056A,BLK,2XL,19466189657
WC056A,BLK,3XL,19466189658
WC056A,BLK,L,19466189659
WC056A,BLK,M,19466189660
WC056A,BLK,S,19466189661
WC056A,BLK,XL,19466189662
WC056A,BLK,XS,19466189663
WC056A,PWT,2XL,19466189664
WC056A,PWT,3XL,19466189665
WC056A,PWT,L,19466189666
WC056A,PWT,M,19466189667
WC056A,PWT,S,19466189668
WC056A,PWT,XL,19466189669
WC056A,PWT,XS,19466189670
WC056AP,BLK,L,19466189671
WC056AP,BLK,M,19466189672
WC056AP,BLK,S,19466189673
WC056AP,BLK,XL,19466189674
WC056AP,PWT,L,19466189675
WC056AP,PWT,M,19466189676
WC056AP,PWT,S,19466189677
WC056AP,PWT,XL,19466189678
WC302A,BLK,2XL,19466189679
WC302A,BLK,3XL,19466189680
WC302A,BLK,L,19466189681
WC302A,BLK,M,19466189682
WC302A,BLK,S,19466189683
WC302A,BLK,XL,19466189684
WC302A,BLK,XS,19466189685
WM685,BLK,2XL,19466190879
WM685,BLK,3XL,19466190880
WM685,BLK,L,19466190881
WM685,BLK,M,19466190882
WM685,BLK,S,19466190883
WM685,BLK,XL,19466190884
WM685,BLK,XS,19466190885
WM685,MVHZ,2XL,19466190886
WM685,MVHZ,3XL,19466190887
WM685,MVHZ,L,19466190888
WM685,MVHZ,M,19466190889
WM685,MVHZ,S,19466190890
WM685,MVHZ,XL,19466190891
WM685,MVHZ,XS,19466190892
WM685,SGLF,2XL,19466190893
WM685,SGLF,3XL,19466190894
WM685,SGLF,L,19466190895
WM685,SGLF,M,19466190896
WM685,SGLF,S,19466190897
WM685,SGLF,XL,19466190898
WM685,SGLF,XS,19466190899
WM280,BLK,2XL,19466190900
WM280,BLK,3XL,19466190901
WM280,BLK,L,19466190902
WM280,BLK,M,19466190903
WM280,BLK,S,19466190904
WM280,BLK,XL,19466190905
WM280,BLK,XS,19466190906
WM280,MVHZ,2XL,19466190907
WM280,MVHZ,3XL,19466190908
WM280,MVHZ,L,19466190909
WM280,MVHZ,M,19466190910
WM280,MVHZ,S,19466190911
WM280,MVHZ,XL,19466190912
WM280,MVHZ,XS,19466190913
WM280,SGLF,2XL,19466190914
WM280,SGLF,3XL,19466190915
WM280,SGLF,L,19466190916
WM280,SGLF,M,19466190917
WM280,SGLF,S,19466190918
WM280,SGLF,XL,19466190919
WM280,SGLF,XS,19466190920
WM745,LHCI,2XL,19466190921
WM745,LHCI,3XL,19466190922
WM745,LHCI,L,19466190923
WM745,LHCI,M,19466190924
WM745,LHCI,S,19466190925
WM745,LHCI,XL,19466190926
WM745,LHCI,XS,19466190927
WM745,LKTG,2XL,19466190928
WM745,LKTG,3XL,19466190929
WM745,LKTG,L,19466190930
WM745,LKTG,M,19466190931
WM745,LKTG,S,19466190932
WM745,LKTG,XL,19466190933
WM745,LKTG,XS,19466190934
WM738,NWGH,2XL,19466190935
WM738,NWGH,3XL,19466190936
WM738,NWGH,L,19466190937
WM738,NWGH,M,19466190938
WM738,NWGH,S,19466190939
WM738,NWGH,XL,19466190940
WM738,NWGH,XS,19466190941
WM745RC12,PHSX,2XL,19466191558
WM745RC12,PHSX,3XL,19466191559
WM745RC12,PHSX,L,19466191560
WM745RC12,PHSX,M,19466191561
WM745RC12,PHSX,S,19466191562
WM745RC12,PHSX,XL,19466191563
WM745RC12,PHSX,XS,19466191564
WM745RC12,DAPG,2XL,19466191565
WM745RC12,DAPG,3XL,19466191566
WM745RC12,DAPG,L,19466191567
WM745RC12,DAPG,M,19466191568
WM745RC12,DAPG,S,19466191569
WM745RC12,DAPG,XL,19466191570
WM745RC12,DAPG,XS,19466191571
WM745RC12,MKLZ,2XL,19466191572
WM745RC12,MKLZ,3XL,19466191573
WM745RC12,MKLZ,L,19466191574
WM745RC12,MKLZ,M,19466191575
WM745RC12,MKLZ,S,19466191576
WM745RC12,MKLZ,XL,19466191577
WM745RC12,MKLZ,XS,19466191578
WM738RC12,DELY,S,19466191579
WM738RC12,DELY,M,19466191580
WM738RC12,DELY,2XL,19466191581
WM738RC12,DELY,3XL,19466191582
WM738RC12,DELY,L,19466191583
WM738RC12,DELY,XL,19466191584
WM280IC11,BLK,ASST,19466196620
WM280IC11,MVHZ,ASST,19466196621
WM280IC11,SGLF,ASST,19466196622
WM685IC11,BLK,ASST,19466196623
WM685IC11,MVHZ,ASST,19466196624
WM685IC11,SGLF,ASST,19466196625
WC272A,MTPR,2XL,19466199953
WC272A,MTPR,3XL,19466199954
WC272A,MTPR,L,19466199955
WC272A,MTPR,M,19466199956
WC272A,MTPR,S,19466199957
WC272A,MTPR,XL,19466199958
WC272A,MTPR,XS,19466199959
WC272A,SPBL,2XL,19466199960
WC272A,SPBL,3XL,19466199961
WC272A,SPBL,L,19466199962
WC272A,SPBL,M,19466199963
WC272A,SPBL,S,19466199964
WC272A,SPBL,XL,19466199965
WC272A,SPBL,XS,19466199966
WC679A,MTPR,2XL,19466199967
WC679A,MTPR,3XL,19466199968
WC679A,MTPR,L,19466199969
WC679A,MTPR,M,19466199970
WC679A,MTPR,S,19466199971
WC679A,MTPR,XL,19466199972
WC679A,MTPR,XS,19466199973
WC679A,SPBL,2XL,19466199974
WC679A,SPBL,3XL,19466199975
WC679A,SPBL,L,19466199976
WC679A,SPBL,M,19466199977
WC679A,SPBL,S,19466199978
WC679A,SPBL,XL,19466199979
WC679A,SPBL,XS,19466199980
7971C13,BFBQ,ASST,40002983515
7951C13,WAGA,ASST,40002983522
7861C13,ACPK,ASST,40002983529
7851C13,MKLB,ASST,40002983536
7852C13,HKSA,ASST,40002983543
7871C13,DADP,ASST,40002983550
7951C13,ECLO,ASST,40002983557
7951C13,GEDA,ASST,40002983564
7990C13,FTCL,ASST,40002983977
7851C13,BADE,ASST,40002987442
7872C13,SDSO,ASST,40002987449
7971C13,DDTS,ASST,40002994715
7960C13,STIC,ASST,40002994722
7951C13,HRSP,ASST,40002994729
7971C13,SHHE,ASST,40002994736
7871C13,PHPO,ASST,40002994743
7203C13,PEPE,ASST,40002994750
7050C13,JAST,ASST,40002994757
7500C13,JAST,ASST,40002994764
7960C13,GIGA,ASST,40002994778
7861C13,TBRT,ASST,40002994785
7852C13,PNSY,ASST,40002994792
7872C13,BEPR,ASST,40002994799
7881C13,PHEL,ASST,40002994806
7951C13,BUWA,ASST,40002994813
7960C13,LUFL,ASST,40002994820
7922C13,CADO,ASST,40002995548
7500C13,PEPE,ASST,40002995555
7861C13,TBSN,ASST,40003401413
7951C13,SRWR,ASST,40003401420
7881C13,MKHJ,ASST,40003401427
7050C13,RECU,ASST,40003401441
7872C13,PNOL,ASST,40003415813
7990C13,FLBT,ASST,40003415820
7951C13,DODA,ASST,40003415827
7971C13,FLCU,ASST,40003415834
7951C13,HTIM,ASST,40003415841
7871C13,PHST,ASST,40003415848
7852C13,PNBA,ASST,40003415855
7960C13,GLDS,ASST,40003415862
7872C13,BEDQ,ASST,40003415869
7500C13,PUIS,ASST,40003415876
7050C13,PUIS,ASST,40003415883
7203C13,COBS,ASST,40003415890
7851C13,TBDR,ASST,40003417220
7500C13,ALOW,ASST,40003456784
7201C13,ALOW,ASST,40003456791
7500C13,RURD,ASST,40003458415
7050C13,RURD,ASST,40003458422
7960C13,CISQ,ASST,40003465296
7951C13,BBOO,ASST,40003465303
7871C13,TBTB,ASST,40003465310
7852C13,BEDV,ASST,40003465317
7851C13,MKON,ASST,40003465324
7951C13,BUSW,ASST,40003471463
7951C13,PRGA,ASST,40003471470
7951C13,SFLR,ASST,40003471477
7851C13,PHBF,ASST,40003471484
7872C13,HKLD,ASST,40003471491
7852C13,PNCW,ASST,40003475642
7500C13,GLBL,ASST,40003475649
7050C13,GLBL,ASST,40003475656
7862C13,HKCP,ASST,40003480234
7951C13,BMPA,ASST,40003480241
7971C13,BMPA,ASST,40003480248
7050C13,MYPE,ASST,40003480255
7500C13,CRNN,ASST,40003480262
7203C13,CRNN,ASST,40003480269
7951C13,FARO,ASST,40003480276
7951C13,CESD,ASST,40003480283
7871C13,MKSW,ASST,40003480290
7851C13,PHPA,ASST,40003480297
7852C13,BEPS,ASST,40003480304
7050C13,PERW,ASST,40003481753
7500C13,PERW,ASST,40003481760
7971C13,OUHE,ASST,40003481767
7951C13,CADI,ASST,40003481774
7951C13,FGAR,ASST,40003481781
7852C13,PNOS,ASST,40003481788
7851C13,TBFP,ASST,40003481795
7851C13,PHBB,ASST,40003481802
7951C13,CIRI,ASST,40003481809
7960C13,FLLE,ASST,40003484567
7960C13,DYBU,ASST,40003484574
7872C13,PNEG,ASST,40003484581
7861C13,MKFF,ASST,40003484588
7861C13,TBCT,ASST,40003484595
7500C13,TGEM,ASST,40003484602
7203C13,TGEM,ASST,40003484609
7050C13,GPGM,ASST,40003484616
7050C13,DPF2,ASST,40003484623
7960C13,BOGN,ASST,40003496159
7851C13,DAPW,ASST,40003496166
7960C13,HOLO,ASST,40003496173
7861C13,PHYH,ASST,40003496180
7050C13,SOKE,ASST,40003496187
7960C13,BFRI,ASST,40003498119
7971C13,FWDL,ASST,40003498126
7951C13,WNBC,ASST,40003498133
7862C13,BETB,ASST,40003498140
7862C13,HKDE,ASST,40003498147
WC725X47C9,FADS,ASST,40030001517
7710C9,AHWC,ASST,40030001548
7940C9,DLDS,ASST,40030001549
7804C9,FZME,ASST,40030001550
7926C9,CUPW,ASST,40030001553
7813C9,MNIC,ASST,40030001566
7813C9,DAPS,ASST,40030001567
WC251C9,RBGM,ASST,40030001624
7013C9,ROWC,ASST,40030001651
7937C9,CRCV,ASST,40030001652
7930C9,UNCT,ASST,40030001654
7928C9,WDFR,ASST,40030001655
7832C9,ACOH,ASST,40030001656
7813C9,PHBZ,ASST,40030001657
7806C9,HKOT,ASST,40030001658
7710C9,ROWC,ASST,40030001672
7013C9,AHWC,ASST,40030001674
WC703X5C9,DRBU,ASST,40030001720
WC728X47C9,FRPD,ASST,40030003155
WC656C9,RBGM,ASST,40030003173
WC654C9,EGGM,ASST,40030004132
WC728X47C9,TSGB,ASST,40030004247
WC728X47C9,LHAW,ASST,40030004251
WC728X47C9,MKYH,ASST,40030004261
WC728X47C9,SEUS,ASST,40030004273
WC711X5C9,DUSR,ASST,40030004528
WC711X5C9,PNSI,ASST,40030004547
WC836C9,DESL,ASST,40030025279
WC035C9,DESL,ASST,40030025284
WC035C9,EGG,ASST,40030025285
WC836C9,EGG,ASST,40030025288
WC725X19C9,ABTY,ASST,40030025291
WC725X47C9,PANF,ASST,40030025370
WC725X19C9,ABTD,ASST,40030025372
WC725X19C9,MLBU,ASST,40030025377
7605C12,TRQW,ASST,40030029141
7605C12,SHPW,ASST,40030029142
7014C12,SHPW,ASST,40030029145
7014C12,TRQW,ASST,40030029157
WC703X5C9,PYCH,ASST,40030029921
WC230C9,RADZ,ASST,40030029924
WC637C9,RADZ,ASST,40030029930
WC230C9,IND,ASST,40030030035
WC711X4C9,MKVC,ASST,40030030062
WC703X5C9,SOYO,ASST,40030030063
WC711X4C9,LHWA,ASST,40030043984
7960C13,BFBU,ASST,40030050341
7960C13,DTBF,ASST,40030050342
7971C13,ARTB,ASST,40030050345
7971C13,GDSW,ASST,40030050346
7871C13,DADE,ASST,40030050347
7872C13,HKHH,ASST,40030050348
7851C13,MKPB,ASST,40030050364
7852C13,SDAS,ASST,40030050412
7500C13,OLIW,ASST,40030052884
7050C13,OLIW,ASST,40030052887
7502C12,EGWM,ASST,40030059423
WC204C9,ISWM,ASST,40030063911
WC725C9,PATA,ASST,40030076038
WC725C9,GRVB,ASST,40030076058
WC253C9,HLVI,ASST,40030076061
WC041AC9,CIE,ASST,40030076356
WC658C9,HLVI,ASST,40030076361
WC845AC9,CIE,ASST,40030076365
WC725C9,AMHG,ASST,40030076367
WC728C9,KUKU,ASST,40030076368
WC728C9,DCRX,ASST,40030076369
WC725C9,SULB,ASST,40030076408
WC725C9,FTLO,ASST,40030076410
WC725C9,CLFC,ASST,40030076411
WC728C9,FNLI,ASST,40030076844
WC728C9,MNSF,ASST,40030078477
WC728C9,DPWR,ASST,40030078478
WC728C9,LHSR,ASST,40030078513
WC728C9,ALCR,ASST,40030078678
WC728C9,PHAG,ASST,40030079065
WC711X4C9,SREM,ASST,40030086765
WC606C9,EGG,ASST,40030087150
WC826C14,WHT,ASST,40030108837
WC022C14,IND,ASST,40030108838
WC023C12,BLK,ASST,40030108944
WC023C12,EBW,ASST,40030108967
WC025C14,WHT,ASST,40030109347
WC021C12,WIN,ASST,40030109924
WC021C12,BLK,ASST,40030110155
WC021C12,PWT,ASST,40030110157
WC022C14,BLK,ASST,40030110159
WC822C12,WIN,ASST,40030110864
WC824C12,EBW,ASST,40030110866
WC822C12,PWT,ASST,40030121805
7813C9,MNHS,ASST,40030139247
7930C9,SQAW,ASST,40030139754
7806C9,HKBW,ASST,40030139898
7843C9,DATS,ASST,40030141986
7930C9,GNGD,ASST,40030141998
7815C9,LTOD,ASST,40030142605
7815C9,PNCM,ASST,40030142778
7930C9,AFFT,ASST,40030143863
7804C9,TBXD,ASST,40030144123
7500C9,GRAN,ASST,40030145041
7050C9,GRAN,ASST,40030145042
7500C9,NEMA,ASST,40030145143
7203C9,NEMA,ASST,40030145145
7971C9,BUMO,ASST,40030145149
7971C9,AOCL,ASST,40030145153
7960C9,STAD,ASST,40030145155
7960C9,DIAM,ASST,40030145157
7871C9,PHFO,ASST,40030145162
7861C9,MKPS,ASST,40030145163
7862C9,HKSE,ASST,40030145167
7872C9,PNIL,ASST,40030145174
7880C9,SWIL,ASST,40030145176
7851C9,ALMO,ASST,40030145177
7880C9,BEFU,ASST,40030145178
7861C9,TBFK,ASST,40030145191
WC204C9,HPKZ,ASST,40030164771
WC604C9,HPKZ,ASST,40030164780
WC604C9,ISWM,ASST,40030165144
7500C9,RUR1,ASST,40030168504
7050C9,RUR1,ASST,40030168505
7500C9,PIS3,ASST,40030168507
7050C9,PIS3,ASST,40030168508
7871C9,MKCC,ASST,40030168509
7960C9,BOXR,ASST,40030168510
7990C9,BUTP,ASST,40030168511
7990C9,POPO,ASST,40030168512
7960C9,FLIF,ASST,40030168515
7851C9,PHLU,ASST,40030168710
7881C9,BADB,ASST,40030168724
7881C9,MKEH,ASST,40030168726
7862C9,SDTR,ASST,40030168789
7990C9,HSPO,ASST,40030168792
7990C9,PBPA,ASST,40030168795
7960C9,HOLC,ASST,40030168797
7852C9,PNOW,ASST,40030168810
7881C9,MUCK,ASST,40030168848
7990C9,HOHT,ASST,40030168850
WC703X5C9,MXNM,ASST,40030169377
WC711X4C9,DPRU,ASST,40030169552
7851C9,MUMU,ASST,40030172125
7990C9,SFDO,ASST,40030172989
WC711X4C9,LTMD,ASST,40030175768
WC703X5C9,OWTF,ASST,40030177638
WC228C14,VVIN,ASST,40030193034
WC629C14,VVIN,ASST,40030193035
WC820C14,BLK,ASST,40030193036
WC820C14,IND,ASST,40030193037
WC822C12,BLK,ASST,40030193086
WC618C9,INCU,ASST,40030194319
WC618C9,BLK,ASST,40030194322
WC217C9,INCU,ASST,40030194323
WC217C9,BLK,ASST,40030198010
WC711X4C9,LKWY,ASST,40030198014
WC703X5C9,BOBQ,ASST,40030198108
WC703X5C9,HWPD,ASST,40030198109
WC824C12,PWT,ASST,40030210501
WC711X4C9,MNKD,ASST,40030214719
WC703X5C9,WOVA,ASST,40030214780
WC711X4C9,TOTT,ASST,40030214812
WC632C9,PWT,ASST,40030214834
WC632C9,BTAT,ASST,40030215332
WC644C9,HERB,ASST,40030215336
WC242C9,BLK,ASST,40030215340
WC703X5C9,FOFN,ASST,40030215344
WC243C9,HERB,ASST,40030215345
WC031C14,WHT,ASST,40030215351
WC822C14,IND,ASST,40030215352
WC832C14,WHT,ASST,40030215359
WC830C14,IND,ASST,40030215360
WC830C14,BLK,ASST,40030215361
WC830C14,EGG,ASST,40030215362
WC029C14,IND,ASST,40030215364
WC029C14,EGG,ASST,40030215365
7990C9,SOMS,ASST,40030228665
7960C9,LACB,ASST,40030228666
7971C9,SQDA,ASST,40030228667
7951C9,CIDO,ASST,40030228676
7851C9,BAMO,ASST,40030228678
7881C9,MKIL,ASST,40030228680
7872C9,HKPI,ASST,40030228681
7861C9,PHEA,ASST,40030228682
7971C9,DRTH,ASST,40030228689
7852C9,PNUD,ASST,40030228690
7009C12,EGWM,ASST,40030256745
7000C9,BUSP,ASST,40030277964
7000C9,KIWC,ASST,40030277965
7700C9,BUSP,ASST,40030277969
7700C9,KIWC,ASST,40030277970
7905C9,FLWW,ASST,40030277971
7906C9,SQIB,ASST,40030277996
7907C9,FASF,ASST,40030277997
7804C9,MKES,ASST,40030277998
7803C9,TBOP,ASST,40030277999
7813C9,PHOJ,ASST,40030278000
7907C9,HRTI,ASST,40030278001
7803C9,ALAD,ASST,40030278004
7907C9,DTOL,ASST,40030278005
7904C9,VBBO,ASST,40030278006
7815C9,BECF,ASST,40030278007
7905C9,LOVP,ASST,40030278008
7812C9,LAPU,ASST,40030278009
WM620C9,PWT,ASST,40030288833
WM217C9,PWT,ASST,40030288835
WM727X5C9,PLPE,ASST,40030288839
7806C9,MDMD,ASST,40030297005
7904C9,LBUB,ASST,40030299702
7904C9,LIBU,ASST,40030299703
7907C9,INTB,ASST,40030299704
7906C9,QUBU,ASST,40030299705
7806C9,SETI,ASST,40030299706
7812C9,BAEZ,ASST,40030299707
7813C9,MNWT,ASST,40030299708
7805C9,HKIH,ASST,40030299711
WC208C9,EGG,ASST,40030314890
WC608C9,EGG,ASST,40030314905
WC617C9,HIND,ASST,40030314913
WC216C9,HIND,ASST,40030314931
WC703X5C9,GREC,ASST,40030314935
7904C9,PABO,ASST,40030318601
WC711X4C9,DMEE,ASST,40030324777
WC711X4C9,PHKE,ASST,40030327153
WC711X4C9,SRMM,ASST,40030327926
WC703X5C9,MEYR,ASST,40030328114
WC703X5C9,MLUN,ASST,40030328115
7701C9,PWWC,ASST,40030336223
7701C9,CAWC,ASST,40030336227
7001C9,PWWC,ASST,40030336246
7001C9,CAWC,ASST,40030336247
7905C9,CRCF,ASST,40030336254
7907C9,BFSH,ASST,40030336256
7905C9,PZCE,ASST,40030336260
7905C9,BBBL,ASST,40030336261
7905C9,WOSC,ASST,40030336264
7806C9,SWGR,ASST,40030336272
7813C9,MNLO,ASST,40030336276
7804C9,ACMR,ASST,40030336277
7804C9,SNIM,ASST,40030336278
7804C9,TBEE,ASST,40030336280
7803C9,PHJB,ASST,40030336293
7701C9,TRWC,ASST,40030348407
7001C9,TRWC,ASST,40030348408
7905C9,PBON,ASST,40030348409
7815C9,HKIK,ASST,40030348411
7905C9,SYNI,ASST,40030348529
7815C9,BEIT,ASST,40030369467
7907C9,DTOS,ASST,40030369469
7001C9,VPWC,ASST,40030369480
7904C9,MTMO,ASST,40030369483
7815C9,PNAN,ASST,40030369484
7806C9,SECO,ASST,40030369486
7806C9,SEMA,ASST,40030369487
7905C9,STLE,ASST,40030369488
WC038C14,WHT,ASST,40030374563
7804C9,BARG,ASST,40030380139
7804C9,MNNG,ASST,40030380141
7804C9,TBCC,ASST,40030380146
7904C9,WIWO,ASST,40030380463
7907C9,VVFL,ASST,40030380464
7806C9,RUON,ASST,40030380465
7905C9,CHRG,ASST,40030380491
7806C9,HKAT,ASST,40030380492
7906C9,PGOO,ASST,40030380494
WC037C14,IND,ASST,40030382821
WC037C14,WIN,ASST,40030382841
WC037C14,PWT,ASST,40030382923
WC840C14,WHT,ASST,40030382924
WC838C14,IND,ASST,40030382926
WC037C14,BLK,ASST,40030382945
WC838C14,WIN,ASST,40030383138
WC838C14,PWT,ASST,40030383561
WC838C14,BLK,ASST,40030383562
7701C9,VPWC,ASST,40030389937
WC004C12,LRWM,ASST,40030417675
WC004C12,RWWM,ASST,40030417700
WC006C14,CRWM,ASST,40030417727
WC006C14,EGG,ASST,40030417846
WC804C12,LRWM,ASST,40030417847
WC804C12,RWWM,ASST,40030417848
WC806C14,CRWM,ASST,40030417852
WC806C14,EGG,ASST,40030417977
WC806C14,RIWM,ASST,40030417981
WC006C14,RIWM,ASST,40030428474
7907C9,TTRT,ASST,40030443509
7904C9,KTOM,ASST,40030448974
7702C9,KKWC,ASST,40030460388
7803C9,BANC,ASST,40030460389
7804C9,SNNA,ASST,40030460489
7805C9,LTTS,ASST,40030460490
7806C9,BEMF,ASST,40030460491
7814C9,SERO,ASST,40030460497
7813C9,ACMM,ASST,40030460499
7806C9,LTPE,ASST,40030460501
7904C9,FLTP,ASST,40030460504
7905C9,GEOP,ASST,40030460508
7905C9,BOBY,ASST,40030460509
7905C9,SOAV,ASST,40030460510
7905C9,STGL,ASST,40030460516
7907C9,STIG,ASST,40030460526
7002C9,GRAN,ASST,40030460528
7702C9,GRAN,ASST,40030460539
7002C9,KKWC,ASST,40030460540
7966C9,DRMW,ASST,40030472284
7966C9,FUDL,ASST,40030472767
7812C9,TBSH,ASST,40030475423
7803C9,MNWM,ASST,40030475425
7803C9,PHFU,ASST,40030475427
7816C9,PHOP,ASST,40030475429
7806C9,HKHE,ASST,40030483765
7904C9,BUCH,ASST,40030483766
7907C9,DCRA,ASST,40030483771
7904C9,FLDL,ASST,40030483773
7905C9,GOMT,ASST,40030483776
7905C9,EEEA,ASST,40030489116
7815C9,PNAM,ASST,40030489125
7003C9,GRAN,ASST,40030534121
7003C9,LEWC,ASST,40030534125
7703C9,GRAN,ASST,40030534129
7703C9,LEWC,ASST,40030534345
7003C9,PUIS,ASST,40030534346
7907C9,IVMM,ASST,40030534351
7703C9,PUIS,ASST,40030534370
7905C9,SUSC,ASST,40030534371
7905C9,MNGO,ASST,40030534373
7904C9,BTPZ,ASST,40030534374
7813C9,MKSU,ASST,40030534383
7813C9,DAFP,ASST,40030534385
7806C9,SEGR,ASST,40030534386
7907C9,GRNS,ASST,40030534390
7905C9,PSRG,ASST,40030534391
7804C9,PHLE,ASST,40030534392
7905C9,LELV,ASST,40030534395
7812C9,BAGG,ASST,40030534396
7806C9,SWSV,ASST,40030534399
7815C9,LTTC,ASST,40030567643
7804C9,TBWW,ASST,40030581620
7004C9,CLWC,ASST,40030610752
7004C9,PWWC,ASST,40030610753
7704C9,CLWC,ASST,40030610755
7704C9,PWWC,ASST,40030610756
7804C9,TBKL,ASST,40030610757
7806C9,BELP,ASST,40030610759
7812C9,PHTP,ASST,40030610760
7813C9,BALA,ASST,40030610762
7905C9,BTFS,ASST,40030610763
7906C9,BHTS,ASST,40030610764
7907C9,IOGO,ASST,40030610765
7906C9,NTSN,ASST,40030610767
7813C9,ALWW,ASST,40030610768
7806C9,HKHA,ASST,40030610769
7815C9,PNBY,ASST,40030610771
7806C9,SWLE,ASST,40030610772
7905C9,APAP,ASST,40030610773
7004C9,RUR2,ASST,40030661856
7804C9,LASM,ASST,40030661859
7704C9,RUR2,ASST,40030661868
7813C9,MKAL,ASST,40030661901
7806C9,LTTW,ASST,40030661907
7813C9,MKMO,ASST,40030661910
7905C9,LCYD,ASST,40030661912
7813C9,PRMS,ASST,40030661920
7905C9,FYFL,ASST,40030661925
7907C9,OWFR,ASST,40030661931
7907C9,RBFE,ASST,40030661933
WC815C12,LRWM,ASST,40030678823
WC813C14,CRWM,ASST,40030685282
WC013C14,EGG,ASST,40030685670
7813C9,BAWI,ASST,40030694284
WC813C14,EGG,ASST,40030695881
WC013C14,RIWM,ASST,40030695974
WC813C14,RIWM,ASST,40030696055
7813C9,MKHD,ASST,40030727455
7813C9,MKJM,ASST,40030727456
7813C9,PHFI,ASST,40030727457
WM731X5C9,FEFM,ASST,40030732323
7907C9,HTNN,ASST,40030737149
WC815C12,RWWM,ASST,40030741331
7006C9,PSWC,ASST,40030742419
7006C9,PWWC,ASST,40030742420
7006C9,RUR2,ASST,40030742421
7706C9,MJWC,ASST,40030742422
7706C9,GRAN,ASST,40030742423
7706C9,PSWC,ASST,40030742424
7706C9,PWWC,ASST,40030742425
7806C9,HKVA,ASST,40030742426
7804C9,BAIN,ASST,40030742427
7706C9,RUR2,ASST,40030742428
7806C9,PNAU,ASST,40030742429
7813C9,MNAL,ASST,40030742430
7813C9,LADD,ASST,40030742431
7815C9,SEWT,ASST,40030742432
7905C9,DTLV,ASST,40030742433
7817C9,PHAL,ASST,40030742434
7905C9,JBUT,ASST,40030742435
7905C9,WLLV,ASST,40030742436
7907C9,BUBA,ASST,40030742437
7907C9,LVTL,ASST,40030742438
7907C9,GEPR,ASST,40030742439
7907C9,RAWF,ASST,40030742440
7907C9,SGMD,ASST,40030742441
7907C9,WAAN,ASST,40030742442
WC041AC9,PWT,ASST,40030748688
WC253C9,HTUQ,ASST,40030748689
WC253C9,EGRN,ASST,40030748702
WC658C9,HTUQ,ASST,40030748970
WC845AC9,PWT,ASST,40030750415
WC658C9,EGRN,ASST,40030750941
WC725C9,GWFO,ASST,40030751030
WC725C9,PLBT,ASST,40030751751
WC725C9,FERD,ASST,40030751757
WC728C9,ACSW,ASST,40030760011
WC728C9,IEPU,ASST,40030760012
WC728C9,LKSK,ASST,40030760022
WC728C9,PMMO,ASST,40030760040
WC728C9,DAAD,ASST,40030760044
WC013C14,CRWM,ASST,40030761186
7006C9,GRAN,ASST,40030763376
7006C9,MJWC,ASST,40030763379
WC728C9,MKRB,ASST,40030764467
WC728C9,LTOV,ASST,40030773704
WC703X19C9,SPSL,ASST,40030782240
WC703X5C9,DISR,ASST,40030782854
WC703X5C9,LOPS,ASST,40030783403
WC703X5C9,MLHA,ASST,40030784222
WC711X19C9,VIMN,ASST,40030784239
WC711X4C9,PHBH,ASST,40030784242
WC824C9,DESL,ASST,40030784243
WC023C9,DESL,ASST,40030784869
WC834C9,HTMA,ASST,40030784903
WC033C9,HTMA,ASST,40030785064
7804C9,DAHO,ASST,40030789849
7815C9,LTST,ASST,40030789850
7804C9,MNAT,ASST,40030789868
7905C9,HGDN,ASST,40030789873
7813C9,ACSP,ASST,40030789879
7907C9,FVBE,ASST,40030789881
7914C9,STDO,ASST,40030789882
7907C9,IBTH,ASST,40030789884
7814C9,SWNE,ASST,40030800503
7905C9,ESPD,ASST,40030800504
WC711X4C9,SRAD,ASST,40030813216
WC703X5C9,DTHA,ASST,40030813217
WC703X5C9,PLID,ASST,40030813310
WC703X5C9,SFFU,ASST,40030813312
WC711X19C9,FZFK,ASST,40030813370
WC711X4C9,LHCH,ASST,40030813376
WC711X4C9,MKCN,ASST,40030813377
WC711X4C9,SEHH,ASST,40030813384
WC845C27,BLK,ASST,40030814580
WC838C27,IND,ASST,40030814604
WC838C27,WIN,ASST,40030814626
WC838C27,PWT,ASST,40030814627
WC838C27,BLK,ASST,40030814628
WC649C27,WHTW,ASST,40030814629
WC649C27,BLKW,ASST,40030814686
WC654C27,IDME,ASST,40030814689
WC654C27,BME,ASST,40030814691
WC041C20,BLK,ASST,40030814692
WC041C20,EGG,ASST,40030814694
WC041C20,IND,ASST,40030814885
WC838C20,PWT,ASST,40030814891
WC838C20,BLK,ASST,40030814892
WC654C14,BME,ASST,40030814895
WC649C20,WHTW,ASST,40030814897
WC845C20,IND,ASST,40030814898
WC654C14,IDME,ASST,40030814899
WC845C20,EGG,ASST,40030814901
WC649C14,WHTW,ASST,40030814902
WC845C20,BLK,ASST,40030814904
WC649C14,BLKW,ASST,40030814908
WC838C20,IND,ASST,40030814938
WC838C20,WIN,ASST,40030814945
WC654C20,BME,ASST,40030814953
WC649C20,BLKW,ASST,40030814954
WC654C20,IDME,ASST,40030816815
WC041C27,BLK,ASST,40030818326
WC041C27,EGG,ASST,40030818829
WC041C27,IND,ASST,40030818831
WC037C27,IND,ASST,40030818834
WC037C27,WIN,ASST,40030818835
WC037C27,PWT,ASST,40030818837
WC037C27,BLK,ASST,40030818838
WC845C27,IND,ASST,40030818839
WC845C27,EGG,ASST,40030818840
WC037C20,IND,ASST,40030818842
WC037C20,WIN,ASST,40030818843
WC037C20,PWT,ASST,40030818845
WC037C20,BLK,ASST,40030818850
WC637C9,DNSU,ASST,40030832837
7806C9,PNCK,ASST,40030841923
7926C9,DTPR,ASST,40030841927
7837C9,BEAR,ASST,40030841929
7813C9,ACSS,ASST,40030841931
7502C12,BLKW,ASST,40030843901
7502C12,WINW,ASST,40030843902
7502C12,SHPW,ASST,40030843904
7009C12,BLKW,ASST,40030843906
7009C12,WINW,ASST,40030843907
7011C9,ROYW,ASST,40030843909
7708C9,ROYW,ASST,40030843910
7011C9,LFWC,ASST,40030843912
7009C12,SHPW,ASST,40030843913
7932C9,SUSF,ASST,40030843929
7930C9,GEDZ,ASST,40030843930
7708C9,LFWC,ASST,40030843931
7926C9,HOCT,ASST,40030843932
7804C9,PHKI,ASST,40030843933
7806C9,LTBG,ASST,40030843934
7813C9,MKPL,ASST,40030843935
7926C9,FTFS,ASST,40030843936
7815C9,HKPB,ASST,40030843937
7930C9,OCDA,ASST,40030843938
7930C9,CLHT,ASST,40030843939
7603C14,TRQW,ASST,40030849602
7008C14,BLKW,ASST,40030849603
7008C14,WHTC,ASST,40030849625
7603C14,NAVW,ASST,40030850092
7603C14,WHTC,ASST,40030850093
7008C14,NAVW,ASST,40030850094
7603C14,BLKW,ASST,40030850095
7008C14,TRQW,ASST,40030850096
WC657AC9,BLK,ASST,40030856859
WC252AC9,BLK,ASST,40030856861
WC728X47C9,HKNE,ASST,40030856868
WC725X47C9,CNFO,ASST,40030856871
WC728X47C9,PHEK,ASST,40030856883
7813C9,MNDA,ASST,40030884127
7930C9,OWYR,ASST,40030884175
7833C9,LABF,ASST,40030884216
7926C9,PABS,ASST,40030884322
7929C9,BFBT,ASST,40030884324
WC021C14,WIN,ASST,40030886760
7806C9,SETO,ASST,40030887790
7925C9,PARP,ASST,40030903448
7936C9,WLPT,ASST,40030903451
7709C9,VGWC,ASST,40030903453
7930C9,BTFG,ASST,40030903458
7709C9,TRWC,ASST,40030903463
7012C9,TRWC,ASST,40030903464
7012C9,FGWC,ASST,40030903467
7012C9,LAWC,ASST,40030903468
7709C9,FGWC,ASST,40030903470
7709C9,LAWC,ASST,40030903472
7804C9,BAWB,ASST,40030903475
7813C9,DAJU,ASST,40030903731
7804C9,ACAL,ASST,40030903733
7012C9,VGWC,ASST,40030903734
7833C9,MKIM,ASST,40030903735
7813C9,TBKA,ASST,40030934797
7926C9,MTMD,ASST,40030934798
7813C9,NCDD,ASST,40030934803
7804C9,MKMU,ASST,40030935131
7930C9,DZGO,ASST,40030935177
7926C9,HTGT,ASST,40030935178
7837C9,PNLP,ASST,40030935942
7932C9,HRHP,ASST,40030936195
7926C9,HOFN,ASST,40030943696
7806C9,SEYO,ASST,40030943709
7926C9,CLSN,ASST,40030943941
7926C9,POLP,ASST,40030943945
7815C9,RUTO,ASST,40030944449
7930C9,CSCT,ASST,40030944450
7804C9,MKWR,ASST,40030944455
7812C9,FZEL,ASST,40030997655
WC711X4C9,PTOU,ASST,40031001149
WC711X4C9,MNOC,ASST,40031001289
WC703X5C9,IHEA,ASST,40031005470
WC703X5C9,AATC,ASST,40031005912
WC626C9,MTMG,ASST,40031008075
WC626C9,DESL,ASST,40031008174
WC225C9,DESL,ASST,40031008312
WC720X5C9,THSN,ASST,40031008323
WC720X5C9,PLAF,ASST,40031008438
WC703X5C9,WMBA,ASST,40031008455
WC720X5C9,CEUN,ASST,40031008456
WC720X5C9,KEDC,ASST,40031008489
WC711X4C9,MKKL,ASST,40031008498
WC225C9,MTMG,ASST,40031008499
WC711X4C9,SENY,ASST,40031008501
WC711X4C9,FZGS,ASST,40031008505
WC643C9,BLK,ASST,40031008691
WC628C9,IND,ASST,40031008734
WC627C9,BIZB,ASST,40031008748
WC241C9,BLK,ASST,40031008751
WC227C9,IND,ASST,40031008755
WC627C9,CLRE,ASST,40031009629
WC226C9,BIZB,ASST,40031009948
WC226C9,CLRE,ASST,40031009951
WC703X10C9,CFCO,ASST,40031009952
WC720X5C9,TAQU,ASST,40031010502
7835C9,MKHR,ASST,40031017671
WC725X47C9,WATD,ASST,40031066416
WC653C9,HIND,ASST,40031066438
WC653C9,VOCH,ASST,40031066449
WC728X47C9,MARM,ASST,40031066451
WC725X47C9,FCFE,ASST,40031068988
WC725X47C9,SPBR,ASST,40031069037
WC728X47C9,MKNG,ASST,40031069129
WC249C9,HIND,ASST,40031069138
WC249C9,VOCH,ASST,40031069153
7015C9,BMWC,ASST,40031075278
7015C9,PKWM,ASST,40031075413
7711C9,BMWC,ASST,40031075414
7815C9,PNCK,ASST,40031075415
7711C9,PKWM,ASST,40031075416
7803C9,TBOD,ASST,40031075418
7926C9,KBOM,ASST,40031075440
7925C9,CACS,ASST,40031075441
7942C9,TFFN,ASST,40031075442
7942C9,GOSA,ASST,40031075452
7813C9,MKDR,ASST,40031093955
WC654C9,TRML,ASST,40031097203
WC728X47C9,PHBL,ASST,40031097210
WC725X47C9,FIFL,ASST,40031097214
WC728X47C9,MKEV,ASST,40031098082
WC728X47C9,LHGW,ASST,40031098283
WC725X47C9,CAOV,ASST,40031098352
WC725X47C9,SUPS,ASST,40031098608
WC653C9,TLPS,ASST,40031098609
WC249C9,TLPS,ASST,40031098807
WC725X47C9,BVHA,ASST,40031098809
WC725X47C9,CNDR,ASST,40031098970
7813C9,ALCH,ASST,40031105302
7813C9,NCSA,ASST,40031105312
7853C9,ACSS,ASST,40031105314
7017C9,BIWC,ASST,40031105395
7017C9,DPF2,ASST,40031105410
7804C9,MKID,ASST,40031105559
7926C9,SIDT,ASST,40031105560
7930C9,SYHW,ASST,40031105561
7813C9,FZCH,ASST,40031106101
7713C9,BIWC,ASST,40031106350
7813C9,PHPW,ASST,40031106351
7959C9,SOPZ,ASST,40031106352
7952C9,HTCU,ASST,40031106353
7713C9,DPF2,ASST,40031106412
7815C9,PNAD,ASST,40031106413
7952C9,COCU,ASST,40031106414
7964C9,DYDZ,ASST,40031106424
7952C9,VVID,ASST,40031106425
7855C9,SEDT,ASST,40031106597
7926C9,KDKT,ASST,40031106605
7813C9,LKCK,ASST,40031109043
WC301C9,PWT,ASST,40031109188
WC035C14,PWT,ASST,40031109189
WC836C14,PWT,ASST,40031109190
WC301C9,BLK,ASST,40031109192
WC711X19C9,MNRL,ASST,40031109193
WC035PC8,BLK,ASST,40031109219
WC711X19C9,PMPM,ASST,40031109220
WC835C9,HTMI,ASST,40031109221
WC035C14,BLK,ASST,40031109223
WC836C14,BLK,ASST,40031109225
WC703X19C9,BOLB,ASST,40031109226
WC703X19C9,PAPS,ASST,40031109229
WC034C9,HTMI,ASST,40031109231
WC034C9,HTDI,ASST,40031109233
WC835C9,HTDI,ASST,40031109444
WC035PC8,PWT,ASST,40031109581
7806C9,BEAY,ASST,40031113698
7953C9,LELO,ASST,40031113700
7806C9,LTFY,ASST,40031113709
7926C9,MTBT,ASST,40031113715
7813C9,PRDD,ASST,40031113727
7943C9,LISN,ASST,40031113728
7016C9,MJWC,ASST,40031113743
7712C9,RUR2,ASST,40031113750
7712C9,MJWC,ASST,40031113818
7016C9,RUR2,ASST,40031113927
7930C9,TRTD,ASST,40031113928
7806C9,FRZZ,ASST,40031114040
7813C9,FZGO,ASST,40031114056
7930C9,OBCL,ASST,40031114072
7815C9,RUDY,ASST,40031114094
WC703X19C9,LVIL,ASST,40031141911
WC703X19C9,STTL,ASST,40031141918
WC703X19C9,SFCR,ASST,40031141919
WC711X19C9,LHBK,ASST,40031141945
WC711X19C9,PHYY,ASST,40031141985
WC021C14,BLK,ASST,40031144428
WC021C14,IND,ASST,40031144429
WC023C12,PWT,ASST,40031144430
WC824C12,BLK,ASST,40031146097
WC822C14,BLK,ASST,40031146102
WC029C14,BLK,ASST,40031146128
7815C9,DPDP,ASST,40031149452
7930C9,EVBO,ASST,40031149453
7947C9,TXTS,ASST,40031149454
WC029C9,CGW,ASST,40031175085
WC830C9,CGW,ASST,40031175211
WC725X19C9,MTWC,ASST,40031175404
WC725X19C9,PYPT,ASST,40031175562
WC830C9,EBW,ASST,40031175851
WC029C9,EBW,ASST,40031175951
WC725C19C9,TEWO,ASST,40031176518
WC728X19C9,MDSY,ASST,40031176529
7715C9,SFWC,ASST,40031194970
7715C9,LHWC,ASST,40031194971
7019C9,LHWC,ASST,40031194998
7966C9,ITAT,ASST,40031195000
7019C9,SFWC,ASST,40031200741
7020C14,RIWM,ASST,40031203842
7606C14,RIWM,ASST,40031203843
7606C14,CRWM,ASST,40031204071
7020C14,CRWM,ASST,40031204072
WC845C14,BLK,ASST,40031210210
WC845C14,EGG,ASST,40031210211
WC845C14,IND,ASST,40031210212
WC041C14,BLK,ASST,40031210214
WC041C14,EGG,ASST,40031210215
WC041C14,IND,ASST,40031210216
WC725C19C9,SPHO,ASST,40031220026
WC728X19C9,NCFL,ASST,40031221013
WC652C9,EBM,ASST,40031221045
WC725X19C9,CLMO,ASST,40031221050
WC035C9,GLMS,ASST,40031221055
WC035C9,WIN,ASST,40031222410
WC728X19C9,HKUK,ASST,40031222411
WC728X19C9,LKHE,ASST,40031222412
WC728X19C9,MKWC,ASST,40031222413
WC728X19C9,MKAE,ASST,40031222414
WC725X19C9,PAWT,ASST,40031222415
7843C9,DCUG,ASST,40031235854
7813C9,LAPI,ASST,40031235855
WC200C9,LSWM,ASST,40031235857
WC701X5C9,LPOT,ASST,40031235940
WC701X7C9,TRRE,ASST,40031236249
WC200C9,CIWM,ASST,40031236265
WC703X5C9,ANKM,ASST,40031236269
WC600C9,CIWM,ASST,40031236270
WC600C9,LSWM,ASST,40031237209
7813C9,JBYT,ASST,40031237210
7813C9,FNDO,ASST,40031237211
7020C9,CIWM,ASST,40031237212
7606C9,CIWM,ASST,40031237213
WC709X5C9,TXTR,ASST,40031237214
WC703X5C9,THCR,ASST,40031279575
7813C9,PHGS,ASST,40031279579
7804C9,LKAB,ASST,40031280127
7813C9,NCMB,ASST,40031280132
7815C9,DPBA,ASST,40031280133
WC703X5C9,AUFL,ASST,40031280134
WC703X5C9,SOWA,ASST,40031280137
7930C9,MEAR,ASST,40031280740
WC703X5C9,GELN,ASST,40031280741
WC703X5C9,ANMI,ASST,40031281759
WC206C9,EGG,ASST,40031365971
WC206C9,CGW,ASST,40031366004
WC714C4C9,DPUS,ASST,40031366260
WC606C9,CGW,ASST,40031366293
WC712X4C9,MKLI,ASST,40031366307
WC703X5C9,BFFT,ASST,40031366315
WC703X5C9,RDAT,ASST,40031367592
WC607C9,HTPT,ASST,40031447546
WC608C9,BTAT,ASST,40031447547
WC608C9,TPMT,ASST,40031447601
WC703X5C9,ASFG,ASST,40031447604
WC208C9,TPMT,ASST,40031447616
WC703X5C9,DLLC,ASST,40031447625
WC711X4C9,PNLB,ASST,40031447626
WC711X4C9,MKAS,ASST,40031447630
WC207C9,HTPT,ASST,40031447667
WC208C9,BTAT,ASST,40031447798
WC711X4C9,FNEW,ASST,40031456560
WC703X5C9,BUOB,ASST,40031456561
WC725X47C9,PWVE,ASST,40031474489
WC725X47C9,PULZ,ASST,40031474494
WC728X47C9,NCPK,ASST,40031474497
WC728X47C9,PHFH,ASST,40031474499
WC728X47C9,LKFC,ASST,40031474500
WC725X47C9,MERB,ASST,40031474503
WC844AC9,HTEL,ASST,40031474506
WC040AC9,HTEL,ASST,40031474507
WC725X47C9,DIYF,ASST,40031474639
WC040AC9,HTPT,ASST,40031474651
WC728X47C9,IEFH,ASST,40031474915
WC725X47C9,GRFL,ASST,40031474924
WC728X47C9,LHJU,ASST,40031474937
WC728X47C9,HKNF,ASST,40031475213
WC728X47C9,PNNV,ASST,40031475520
WC216C9,HTML,ASST,40031557054
WC617C9,HTML,ASST,40031557328
WC716X5C9,RUBI,ASST,40031557503
WC844AC9,HTPT,ASST,40031601361
WC728X47C9,MNLM,ASST,40031604100
WC725X47C9,ABWR,ASST,40031604708
WC215C9,BLK,ASST,40031621873
WC215C9,EBW,ASST,40031621888
WC703X5C9,MXDO,ASST,40031621889
WC616C9,BLK,ASST,40031621984
WC616C9,EBW,ASST,40031621986
WC703X5C9,HEPW,ASST,40031621992
WC703X5C9,LOSB,ASST,40031622038
WC711X4C9,MKGI,ASST,40031643263
WC035C9,EBW,ASST,40031710761
WC728X19C9,LHCO,ASST,40031710762
WC725C19C9,CZTE,ASST,40031710777
WC728X19C9,MKFJ,ASST,40031710778
WC728X19C9,PHBG,ASST,40031710779
WC725X19C9,SOSS,ASST,40031710780
WC728X19C9,RUWF,ASST,40031710790
WC728X19C9,SEGN,ASST,40031710792
WC044C14,IND,ASST,40050110997
WC044C14,BLK,ASST,40050110999
WC044C14,PWT,ASST,40050111026
WC046C14,WHT,ASST,40050111027
WC848C28,WIN,ASST,40050111119
WC848C14,WIN,ASST,40050111120
WC848C21,WIN,ASST,40050111123
WC042C14,BLK,ASST,40050111124
WC042C21,BLK,ASST,40050111125
WC042C28,BLK,ASST,40050111127
WC042C14,EBW,ASST,40050111128
WC042C28,EBW,ASST,40050111129
WC042C21,EBW,ASST,40050111130
WC042SC8,BLK,ASST,40050111131
WC042SC15,BLK,ASST,40050111132
WC042SC21,BLK,ASST,40050111134
WC846C14,BLK,ASST,40050111135
WC846C21,BLK,ASST,40050111136
WC846C28,BLK,ASST,40050111137
WC846C14,EBW,ASST,40050111141
WC846C21,EBW,ASST,40050111155
WC846C28,EBW,ASST,40050111156
WC044C28,BLK,ASST,40050111157
WC044C21,IND,ASST,40050111158
WC044C21,BLK,ASST,40050111159
WC044C21,PWT,ASST,40050111160
WC044C28,PWT,ASST,40050111202
WC044C28,IND,ASST,40050111227
WC044C28,WIN,ASST,40050111234
WC044C21,WIN,ASST,40050111245
WC848C14,BLK,ASST,40050111248
WC848C21,BLK,ASST,40050111256
WC848C28,BLK,ASST,40050111401
WC848C21,IND,ASST,40050111402
WC848C14,IND,ASST,40050111415
WC848C28,IND,ASST,40050111560
WC848C21,PWT,ASST,40050111567
WC848C28,PWT,ASST,40050111641
WC848C14,PWT,ASST,40050111642
WC850C14,WHT,ASST,40050111735
WC044C14,WIN,ASST,40050113691
WC045PC8,BLK,ASST,40050125279
WC045PC8,PWT,ASST,40050125281
WC045C14,BLK,ASST,40050125308
WC045PC21,PWT,ASST,40050125378
WC654C9,LVMG,ASST,40050125379
WC654C9,EVML,ASST,40050125389
WC849C21,BLK,ASST,40050125414
WC849C28,BLK,ASST,40050125421
WC045C28,PWT,ASST,40050125461
WC045C28,BLK,ASST,40050125463
WC849C28,PWT,ASST,40050125480
WC045C21,PWT,ASST,40050125481
WC849C14,PWT,ASST,40050125546
WC045C14,PWT,ASST,40050125547
WC849C14,BLK,ASST,40050125548
WC045PC21,BLK,ASST,40050125551
WC045C21,BLK,ASST,40050125552
WC849C21,PWT,ASST,40050125553
WC045PC15,PWT,ASST,40050126219
WC045PC15,BLK,ASST,40050126221
WC725C11,FPWS,ASST,40050151434
WC725C11,HETR,ASST,40050151435
WC725C11,LOVS,ASST,40050151436
WC728C11,MNRS,ASST,40050151439
WC725C11,NATT,ASST,40050151440
WC725C11,PUSR,ASST,40050151441
WC728C11,SWMI,ASST,40050151442
WC728C11,TOKH,ASST,40050151443
WC040AC9,IND,ASST,40050151444
WC844AC9,IND,ASST,40050151452
WC728C11,LTHM,ASST,40050151454
WC728C11,NCAU,ASST,40050151455
WC728C11,PHNR,ASST,40050151456
WC728C11,PHYE,ASST,40050151457
WC258C9,HTPT,ASST,40050151458
WC257C9,PBRS,ASST,40050151459
WC663C9,HTPT,ASST,40050151460
WC662C9,PBRS,ASST,40050151468
WC654C9,PUME,ASST,40050152340
WC728C11,LKJG,ASST,40050154153
WC728C11,FZOM,ASST,40050162223
WC728C11,LHNT,ASST,40050162224
WC258C9,BOND,ASST,40050162225
WC728C11,SEMM,ASST,40050162254
WC728C11,MKCB,ASST,40050162255
WC728C11,PNMT,ASST,40050162257
WC664C9,WIN,ASST,40050162259
WC663C9,BOND,ASST,40050162260
WC725C11,PLRY,ASST,40050162265
WC728C11,IEIC,ASST,40050162317
WC728C11,RUKS,ASST,40050162364
WC728C11,EFEF,ASST,40050162429
WC725C11,WLPY,ASST,40050162431
WC259C9,WIN,ASST,40050162432
WC725C11,MECM,ASST,40050162433
WC654C9,ROME,ASST,40050169116
WC728C11,ACPP,ASST,40050358351
WC728C11,LAYE,ASST,40050399996
WC728C11,MKVD,ASST,40050399997
WC728C11,HKSF,ASST,40050400000
WC728C11,LHSD,ASST,40050400001
WC743C11,FTUS,ASST,40050400065
WC728C11,DAYS,ASST,40050400214
WC854AC27,WNNE,ASST,40050432451
WC854AC14,WNNE,ASST,40050432452
WC854AC27,BLK,ASST,40050432453
WC854AC20,EGG,ASST,40050432454
WC854AC27,IND,ASST,40050432455
WC854AC20,WNNE,ASST,40050432456
WC854AC20,BLK,ASST,40050432457
WC854AC27,EGG,ASST,40050432458
WC047AC14,BLK,ASST,40050432661
WC047AC14,IND,ASST,40050432663
WC854AC20,IND,ASST,40050432666
WC047AC14,EGG,ASST,40050432667
WC047AC20,WNNE,ASST,40050432668
WC047AC27,BLK,ASST,40050432736
WC047AC27,IND,ASST,40050432758
WC047AC27,EGG,ASST,40050432776
WC047AC27,WNNE,ASST,40050432778
WC047AC20,EGG,ASST,40050432790
WC047AC20,BLK,ASST,40050432793
WC047AC20,IND,ASST,40050432919
WC047AC14,WNNE,ASST,40050432920
WC854AC14,BLK,ASST,40050432931
WC854AC14,IND,ASST,40050432936
WC854AC14,EGG,ASST,40050433212
WC670AIC9,RDCY,ASST,40050542644
WC728IC11,VIBM,ASST,40050542645
WC672AIC9,HTPT,ASST,40050542646
WC728IC11,FROO,ASST,40050543099
WC728IC11,SWDC,ASST,40050543100
WC728IC11,NCLH,ASST,40050543101
WC728IC11,RUZY,ASST,40050543102
WC728IC11,MKZP,ASST,40050543103
WC743IC11,CLGU,ASST,40050543104
WC267AIC9,DESL,ASST,40050543105
WC728IC11,BYWB,ASST,40050543120
WC728IC11,MKOZ,ASST,40050543122
WC743IC11,TWRP,ASST,40050543123
WC728IC11,PNZK,ASST,40050543124
WC743IC11,FYNE,ASST,40050543214
WC728IC11,PHWZ,ASST,40050545159
WC265AIC9,HTPT,ASST,40050545160
WC672AIC9,DESL,ASST,40050545356
WC743IC11,PATW,ASST,40050545357
WC264AIC9,RDCY,ASST,40050546598
WC728IC11,SEGX,ASST,40050546599
WC728IC11,SWKD,ASST,40050601916
WC743IC11,PSGN,ASST,40050601917
WC728IC11,SMLS,ASST,40050601918
WC728IC11,PHCS,ASST,40050601919
WC728IC11,BAFT,ASST,40050601921
WC728IC11,LHBC,ASST,40050601922
WC728IC11,MKWE,ASST,40050601923
WC728IC11,DAXD,ASST,40050601924
WC728IC11,ACCK,ASST,40050601925
WC728IC11,LAKS,ASST,40050601926
WC743IC11,LPHT,ASST,40050602472
WC743IC11,FTDA,ASST,40050602473
WC675AIC9,EMBL,ASST,40050602474
WC269AIC9,EMBL,ASST,40050602475
WC743IC11,WNIC,ASST,40050602476
WC743IC11,BBUB,ASST,40050602477
WC743IC11,PUAY,ASST,40050602478
WC675AIC9,DTGR,ASST,40050602479
WC269AIC9,DTGR,ASST,40050602480
WC870IC9,BLK,ASST,40050607483
WC678AIC9,DTDW,ASST,40050701473
WC728IC11,PHSX,ASST,40050701474
WC743IC11,TDPT,ASST,40050701479
WC678AIC9,SGLF,ASST,40050701480
WC728IC11,MKXF,ASST,40050701481
WC728IC11,FNFH,ASST,40050701482
WC728IC11,LHSF,ASST,40050701483
WC270AIC9,DTDW,ASST,40050701484
WC728IC11,BYSV,ASST,40050701485
WC728IC11,PNXL,ASST,40050701486
WC270AIC9,SGLF,ASST,40050701487
WC728IC11,LKUB,ASST,40050701491
WC743IC11,SPSR,ASST,40050701492
WC053IC14,BLK,ASST,40050706805
WC860IC14,BLK,ASST,40050706808
WC053IC14,IND,ASST,40050706809
WC860IC14,IND,ASST,40050706810
WC053WIC14,WHT,ASST,40050706811
WC860WIC14,WHT,ASST,40050706812
WC302AIC9,BLK,ASST,40050706813
WC056AIC9,BLK,ASST,40050706906
WC056APIC8,BLK,ASST,40050706912
WC056APIC8,PWT,ASST,40050706913
WC056AIC9,PWT,ASST,40050706915
WC871AIC9,BLK,ASST,40050706916
WC871AIC9,PWT,ASST,40050706921
WC272AIC9,MTPR,ASST,40050729105
WC728IC11,MKNZ,ASST,40050729106
WC679AIC9,MTPR,ASST,40050729108
WC679AIC9,SPBL,ASST,40050729114
WC272AIC9,SPBL,ASST,40050729120
WC728IC11,LHTT,ASST,40050729122
WC728IC11,SDMG,ASST,40050729125
WC743IC11,SPSW,ASST,40050729165
WC728IC11,PNZY,ASST,40050856898
WC728IC11,LHOW,ASST,40050856997
WC728IC11,PHSZ,ASST,40050857008
WC681AIC9,FMRD,ASST,40050857013
WC728IC11,FRLB,ASST,40050857015
WC728IC11,MKJZ,ASST,40050857019
WC681AIC9,HESL,ASST,40050857021
WC273AIC9,FMRD,ASST,40050857027
WC273AIC9,HESL,ASST,40050857038
96758,CIE1,2XL,66735138140
96758,CIE1,L,66735138144
96758,CIE1,M,66735138145
96758,CIE1,S,66735138146
96758,CIE1,XL,66735138147
96758,CIE1,XS,66735138148
WC720X5,PLAF,3XL,71660500001
WC720X5,PLAF,L,71660500003
WC720X5,PLAF,M,71660500004
WC720X5,PLAF,S,71660500005
WC720X5,PLAF,XL,71660500006
WC720X5,PLAF,XS,71660500007
WC720X5,TAQU,2XL,71660500014
WC720X5,TAQU,3XL,71660500015
WC720X5,TAQU,L,71660500016
WC720X5,TAQU,M,71660500017
WC720X5,TAQU,S,71660500018
WC720X5,TAQU,XL,71660500019
WC720X5,TAQU,XS,71660500020
WC720X5,THSN,2XL,71660500021
WC720X5,THSN,3XL,71660500022
WM047PC7,BLK,ASST,71660500209
WM047PC7,IND,ASST,71660500210
WM047PC7,PWT,ASST,71660500211
WM018PC7,LRWM,ASST,71660500212
WM841C12,BLK,ASST,71660500213
WD030,PWCH,L,71660500245
WD030,PWCH,M,71660500253
WD030,PWCH,S,71660500254
WM841C12,DESL,ASST,71660500279
WM841C12,EBW,ASST,71660500280
WD030,PWCH,XL,71660500291
WD030,PWCH,XS,71660500324
WD030,RECH,2XL,71660500325
WD030,RECH,3XL,71660500339
WD030,RECH,L,71660500348
WC716X5,RUBI,2XL,71660500485
WC716X5,RUBI,3XL,71660500704
WC716X5,RUBI,L,71660500705
WM841C12,EXPK,ASST,71660500723
WC720X5,KEDC,2XL,71660501127
WC720X5,KEDC,3XL,71660501128
WC720X5,KEDC,L,71660501129
WC716X5,RUBI,M,71660501226
WC716X5,RUBI,S,71660501228
WC716X5,RUBI,XL,71660501446
WM730X5,LKJC,XL,71660501644
WM730X5,LKJC,XS,71660501645
WC716X5,RUBI,XS,71660501712
WM841,BLK,3XL,71660501756
WM841,BLK,L,71660501757
WM841,BLK,M,71660501789
WD017,OLWZ,S,71660502060
WM841,BLK,S,71660502090
WM841,BLK,XL,71660502091
WD017,OLWZ,XL,71660502192
WD017,OLWZ,XS,71660502193
WD817,CRBZ,2XL,71660502194
WD817,CRBZ,3XL,71660502196
WD817,CRBZ,L,71660502197
WD817,CRBZ,M,71660502204
WM647,EGG,XS,71660502360
WD030,SUCH,M,71660502365
WD817,CRBZ,S,71660502383
WD817,CRBZ,XL,71660502384
WM731X5,LEFR,2XL,71660502470
WM731X5,LEFR,3XL,71660502471
WM731X5,LEFR,L,71660502472
WM731X5,LEFR,M,71660502608
WM731X5,LEFR,S,71660502609
WM731X5,LEFR,XL,71660502610
WM731X5,LEFR,XS,71660502669
WM731X5,FEFM,2XL,71660502670
WM731X5,FEFM,3XL,71660502671
WM731X5,FEFM,L,71660502725
WM731X5,FEFM,M,71660502756
WM731X5,FEFM,S,71660502757
WM731X5,FEFM,XL,71660502758
WM731X5,FEFM,XS,71660502898
WM730X5,MKWO,2XL,71660502899
WM730X5,MKWO,3XL,71660502971
WM730X5,MKWO,L,71660502972
WD817,CRBZ,XS,71660503116
WM730X5,MKWO,M,71660503119
97917,TXTI,L,71660503232
97917,TXTI,M,71660503236
WD831,BXCH,2XL,71660503600
WD831,BXCH,3XL,71660503601
WD831,BXCH,L,71660503614
WD831,BXCH,M,71660503615
WD831,BXCH,S,71660503616
WD831,BXCH,XL,71660503620
WD831,BXCH,XS,71660503621
WD831,CACH,2XL,71660503622
WM730X5,MKWO,S,71660503666
WM730X5,MKWO,XL,71660503668
WM730X5,MKWO,XS,71660503834
WM730X5,LKJC,2XL,71660503835
WM730X5,LKJC,3XL,71660503914
WM730X5,LKJC,L,71660503915
WM730X5,LKJC,M,71660503916
WM730X5,LKJC,S,71660503919
WC216,HTML,XS,71660504380
WC617,HTML,2XL,71660504407
WC617,HTML,3XL,71660504410
WC617,HTML,L,71660504411
WC617,HTML,M,71660504412
WC617,HTML,S,71660504995
WC617,HTML,XL,71660504996
WC617,HTML,XS,71660505358
97917,UTHT,M,71660505837
WM841,PWT,2XL,71660505851
WM841,PWT,3XL,71660506053
WM841,PWT,L,71660506054
WM841,PWT,M,71660506181
7813,MKHD,2XL,71660506350
7813,MKHD,3XL,71660506351
7813,MKHD,L,71660506352
7813,MKHD,M,71660506353
7813,MKHD,S,71660506355
7813,MKHD,XL,71660506358
7813,MKHD,XS,71660506359
7813,MKJM,2XL,71660506361
WC720X5,CEUN,M,71660506365
7813,MKJM,3XL,71660506375
7813,MKJM,L,71660506378
7813,MKJM,M,71660506379
7813,MKJM,S,71660506380
7813,MKJM,XL,71660506381
7813,MKJM,XS,71660506387
WM841,PWT,S,71660506808
WM841,PWT,XL,71660506809
97750,DZDT,2XL,71660506880
97750,DZDT,3XL,71660506881
97750,DZDT,L,71660506882
97750,DZDT,M,71660506883
97750,DZDT,S,71660506884
97750,DZDT,XL,71660506885
97750,DZDT,XS,71660506886
WC018,IND,3XL,71660506990
WC018,IND,L,71660507034
WC018,IND,M,71660507035
WC018,IND,S,71660507036
WC728,LHTT,M,71660507098
WC728,LHTT,S,71660507313
97860,PKWM,3XL,71660507314
WC728,LHTT,XL,71660507315
WC728,LHTT,XS,71660507316
WC728,MKNZ,2XL,71660507317
WC728,MKNZ,3XL,71660507318
WC728,MKNZ,L,71660507319
WC728,MKNZ,M,71660507320
WC728,MKNZ,S,71660507321
WC728,MKNZ,XL,71660507322
WC728,MKNZ,XS,71660507323
7907,LVTL,2XL,71660507518
7907,LVTL,3XL,71660507519
7907,LVTL,L,71660507521
7907,LVTL,M,71660507522
7907,LVTL,S,71660507523
7907,LVTL,XL,71660507527
7907,LVTL,XS,71660507528
7806,HKVA,2XL,71660507529
7806,HKVA,3XL,71660507530
7806,HKVA,L,71660507531
7806,HKVA,M,71660507532
7806,HKVA,S,71660507533
7806,HKVA,XL,71660507534
7806,HKVA,XS,71660507535
7907,SGMD,2XL,71660507536
7907,SGMD,3XL,71660507537
7907,SGMD,L,71660507538
7907,SGMD,M,71660507542
7907,SGMD,S,71660507543
7907,SGMD,XL,71660507544
WC018,IND,XL,71660507546
7907,SGMD,XS,71660507548
7706,GRAN,2XL,71660507549
7706,GRAN,3XL,71660507550
7706,GRAN,L,71660507551
7706,GRAN,M,71660507571
7706,GRAN,S,71660507572
7706,GRAN,XL,71660507573
7706,GRAN,XS,71660507574
7706,PSWC,2XL,71660507575
7706,PSWC,3XL,71660507576
WM729X5,FLCZ,S,71660507585
7706,PSWC,L,71660507601
7706,PSWC,M,71660507602
7706,PSWC,S,71660507603
7706,PSWC,XL,71660507604
7706,PSWC,XS,71660507605
7006,GRAN,2XL,71660507606
7006,GRAN,3XL,71660507610
7006,GRAN,L,71660507611
7006,GRAN,M,71660507612
7006,GRAN,S,71660507613
7006,GRAN,XL,71660507614
7006,GRAN,XS,71660507615
7006,PSWC,2XL,71660507616
7006,PSWC,3XL,71660507617
7006,PSWC,L,71660507618
7006,PSWC,M,71660507619
7006,PSWC,S,71660507620
7006,PSWC,XL,71660507621
7006,PSWC,XS,71660507628
7914,STDO,2XL,71660507629
7914,STDO,3XL,71660507630
7914,STDO,L,71660507631
7914,STDO,M,71660507632
7914,STDO,S,71660507633
7914,STDO,XL,71660507640
7914,STDO,XS,71660507641
7907,FVBE,2XL,71660507642
7907,FVBE,3XL,71660507643
7907,FVBE,L,71660507644
7907,FVBE,M,71660507645
7907,FVBE,S,71660507646
7907,FVBE,XL,71660507647
7907,FVBE,XS,71660507648
7907,IBTH,2XL,71660507649
7907,IBTH,3XL,71660507650
7907,IBTH,L,71660507651
7907,IBTH,M,71660507652
7907,IBTH,S,71660507653
7907,IBTH,XL,71660507654
7907,IBTH,XS,71660507655
7905,HGDN,2XL,71660507656
7905,HGDN,3XL,71660507657
7905,HGDN,L,71660507658
7905,HGDN,M,71660507671
7905,HGDN,S,71660507672
7905,HGDN,XL,71660507673
7905,HGDN,XS,71660507674
7804,MNAT,2XL,71660507675
7804,MNAT,3XL,71660507676
7804,MNAT,L,71660507677
7804,MNAT,M,71660507678
7804,MNAT,S,71660507679
7804,MNAT,XL,71660507680
7804,MNAT,XS,71660507681
7815,LTST,2XL,71660507682
7815,LTST,3XL,71660507689
7815,LTST,L,71660507690
7815,LTST,M,71660507691
7815,LTST,S,71660507692
7815,LTST,XL,71660507693
7815,LTST,XS,71660507694
7813,ACSP,2XL,71660507707
7813,ACSP,3XL,71660507708
7813,ACSP,L,71660507709
7813,ACSP,M,71660507710
7813,ACSP,S,71660507711
7813,ACSP,XL,71660507712
7813,ACSP,XS,71660507713
7804,DAHO,2XL,71660507714
7804,DAHO,3XL,71660507715
7804,DAHO,L,71660507716
7804,DAHO,M,71660507717
7804,DAHO,S,71660507718
7804,DAHO,XL,71660507719
7804,DAHO,XS,71660507720
7804,BAIN,2XL,71660507721
7804,BAIN,3XL,71660507722
7804,BAIN,L,71660507723
7804,BAIN,M,71660507724
7804,BAIN,S,71660507725
7804,BAIN,XL,71660507726
7804,BAIN,XS,71660507727
7815,SEWT,2XL,71660507728
7815,SEWT,3XL,71660507729
7815,SEWT,L,71660507730
7815,SEWT,M,71660507734
7815,SEWT,S,71660507735
7815,SEWT,XL,71660507736
7815,SEWT,XS,71660507737
7907,BUBA,2XL,71660507738
7907,BUBA,3XL,71660507739
7907,BUBA,L,71660507740
7907,BUBA,M,71660507741
7907,BUBA,S,71660507742
7907,BUBA,XL,71660507743
7907,BUBA,XS,71660507744
7905,DTLV,2XL,71660507745
7905,DTLV,3XL,71660507746
7905,DTLV,L,71660507747
7905,DTLV,M,71660507748
7905,DTLV,S,71660507749
7905,DTLV,XL,71660507750
7905,DTLV,XS,71660507751
7907,WAAN,2XL,71660507752
7907,WAAN,3XL,71660507753
7907,WAAN,L,71660507754
WM031,EGG,3XL,71660507767
97920,TRRE,3XL,71660507786
7907,WAAN,M,71660507787
7907,WAAN,S,71660507788
7907,WAAN,XL,71660507789
7907,WAAN,XS,71660507790
7905,WLLV,2XL,71660507791
7905,WLLV,3XL,71660507792
7905,WLLV,L,71660507793
7905,WLLV,M,71660507794
7905,WLLV,S,71660507795
7905,WLLV,XL,71660507796
7905,WLLV,XS,71660507797
7806,PNAU,2XL,71660507798
7806,PNAU,3XL,71660507799
7806,PNAU,L,71660507800
7806,PNAU,M,71660507801
7806,PNAU,S,71660507802
7806,PNAU,XL,71660507803
7806,PNAU,XS,71660507804
7817,PHAL,2XL,71660507805
7817,PHAL,3XL,71660507806
7817,PHAL,L,71660507807
7817,PHAL,M,71660507808
7817,PHAL,S,71660507809
7817,PHAL,XL,71660507810
7817,PHAL,XS,71660507811
7813,LADD,2XL,71660507812
7813,LADD,3XL,71660507813
7813,LADD,L,71660507814
WM729X5,FLCZ,XL,71660507830
WM729X5,FLCZ,XS,71660507831
WM729X5,FERF,2XL,71660507832
WM729X5,FERF,3XL,71660507835
WM729X5,FERF,L,71660507836
WM031,EGG,L,71660507851
WM031,EGG,M,71660507852
WM031,EGG,S,71660507853
WM031,EGG,XL,71660507854
WM031,EGG,XS,71660507855
WM031,YRWM,2XL,71660507865
WM031,YRWM,3XL,71660507866
WM031,YRWM,L,71660507867
WM031,YRWM,M,71660507868
WM031,YRWM,S,71660507869
WM031,YRWM,XL,71660507870
WM729X5,FERF,M,71660507879
WM729X5,FERF,S,71660507890
7813,LADD,M,71660507894
7813,LADD,S,71660507900
7813,LADD,XL,71660507907
7813,LADD,XS,71660507908
7813,MNAL,2XL,71660507909
7813,MNAL,3XL,71660507910
7813,MNAL,L,71660507911
7813,MNAL,M,71660507912
7813,MNAL,S,71660507919
7813,MNAL,XL,71660507920
7813,MNAL,XS,71660507921
7907,GEPR,2XL,71660507922
7907,GEPR,3XL,71660507923
7907,GEPR,L,71660507924
7907,GEPR,M,71660507925
WM031,YRWM,XS,71660507926
WM863C14,HTLV,ASST,71660507928
WM059C14,HTLV,ASST,71660507929
7907,GEPR,S,71660507939
7907,GEPR,XL,71660507940
7907,GEPR,XS,71660507951
7907,RAWF,2XL,71660507952
7907,RAWF,3XL,71660507953
7907,RAWF,L,71660507954
7907,RAWF,M,71660507955
7907,RAWF,S,71660507956
7907,RAWF,XL,71660507957
7907,RAWF,XS,71660507968
7905,JBUT,2XL,71660507969
7905,JBUT,3XL,71660507988
7905,JBUT,L,71660507989
7905,JBUT,M,71660507990
7905,JBUT,S,71660507991
7905,JBUT,XL,71660507992
7905,JBUT,XS,71660507993
WM841,BLK,XS,71660508001
WM841,DESL,2XL,71660508002
WM729X5,FERF,XL,71660508006
STARLIGHT,IRR,5,71660508009
WM729X5,FERF,XS,71660508010
WM729X5,DRBU,2XL,71660508045
WC273A,HESL,XL,71660508051
WC273A,HESL,XS,71660508052
WM841,DESL,3XL,71660508138
WM841,DESL,L,71660508139
WM729X5,DRBU,3XL,71660508150
WM729X5,DRBU,L,71660508151
WM729X5,DRBU,M,71660508152
7907,HTNN,2XL,71660508180
7907,HTNN,3XL,71660508181
7907,HTNN,L,71660508191
7907,HTNN,M,71660508192
7907,HTNN,S,71660508193
7907,HTNN,XL,71660508194
7907,HTNN,XS,71660508195
97864,LIWM,2XL,71660508217
97864,LIWM,3XL,71660508232
97864,LIWM,L,71660508233
97864,LIWM,M,71660508234
97864,LIWM,S,71660508235
97864,LIWM,XL,71660508236
97864,LIWM,XS,71660508237
97864,PKWM,2XL,71660508238
WM032,CRWM,2XL,71660508252
WM032,CRWM,L,71660508253
97864,PKWM,3XL,71660508254
97864,PKWM,L,71660508255
97864,PKWM,M,71660508256
97864,PKWM,S,71660508257
97864,PKWM,XL,71660508258
97864,PKWM,XS,71660508259
97142,LIWM,2XL,71660508260
97142,LIWM,3XL,71660508261
97142,LIWM,L,71660508262
97142,LIWM,M,71660508263
97142,LIWM,S,71660508264
97142,LIWM,XL,71660508265
97142,LIWM,XS,71660508266
97142,PKWM,2XL,71660508267
97142,PKWM,3XL,71660508268
97142,PKWM,L,71660508269
97142,PKWM,M,71660508276
97142,PKWM,S,71660508277
97142,PKWM,XL,71660508278
97142,PKWM,XS,71660508279
7706,PWWC,2XL,71660508281
7706,PWWC,3XL,71660508300
7706,PWWC,L,71660508301
7706,PWWC,M,71660508302
7706,PWWC,S,71660508303
7706,PWWC,XL,71660508304
7706,PWWC,XS,71660508305
77944,CHCB,S,71660508308
WM729X5,DRBU,S,71660508326
7706,MJWC,2XL,71660508332
7706,MJWC,3XL,71660508333
7706,MJWC,L,71660508334
7706,MJWC,M,71660508335
7706,MJWC,S,71660508336
7706,MJWC,XL,71660508337
7706,MJWC,XS,71660508344
7706,RUR2,2XL,71660508345
7706,RUR2,3XL,71660508346
7706,RUR2,L,71660508347
7706,RUR2,M,71660508348
7706,RUR2,S,71660508349
7706,RUR2,XL,71660508361
7706,RUR2,XS,71660508362
WM032,CRWM,M,71660508366
WM032,CRWM,S,71660508367
WM032,CRWM,XL,71660508368
7006,PWWC,2XL,71660508369
WM841,DESL,M,71660508398
WM841,DESL,S,71660508399
WM841,DESL,XL,71660508401
WM841,DESL,XS,71660508402
7006,PWWC,3XL,71660508404
7006,PWWC,L,71660508405
WM032,CRWM,XS,71660508406
WM729X5,DRBU,XL,71660508413
7006,PWWC,M,71660508419
7006,PWWC,S,71660508420
7006,PWWC,XL,71660508421
7006,PWWC,XS,71660508422
7006,MJWC,2XL,71660508423
7006,MJWC,3XL,71660508424
WM841,EBW,2XL,71660508431
7006,MJWC,L,71660508437
7006,MJWC,M,71660508438
7006,MJWC,S,71660508439
7006,MJWC,XL,71660508440
7006,MJWC,XS,71660508442
7006,RUR2,2XL,71660508449
7006,RUR2,3XL,71660508450
7006,RUR2,L,71660508451
7006,RUR2,M,71660508452
7006,RUR2,S,71660508453
7006,RUR2,XL,71660508454
7006,RUR2,XS,71660508456
7814,SWNE,2XL,71660508458
7814,SWNE,3XL,71660508459
7814,SWNE,L,71660508461
7814,SWNE,M,71660508462
7814,SWNE,S,71660508463
7814,SWNE,XL,71660508464
7814,SWNE,XS,71660508465
7905,ESPD,2XL,71660508466
7905,ESPD,3XL,71660508467
7905,ESPD,L,71660508468
7905,ESPD,M,71660508469
7905,ESPD,S,71660508476
7905,ESPD,XL,71660508477
7905,ESPD,XS,71660508478
90031,IMWM,XL,71660508479
90031,BMWM,S,71660508480
WM032,RAR,2XL,71660508511
WM032,RAR,L,71660508512
WM032,RAR,M,71660508513
WM032,RAR,S,71660508514
WM00018,WIN,L,71660509064
WM00018,WIN,M,71660509065
WM00018,WIN,S,71660509066
WM00018,WIN,XL,71660509315
WM00018,WIN,XS,71660509317
WD700X5,DTPR,2XL,71660509657
WD700X5,DTPR,L,71660509658
WM841,EBW,3XL,71660510075
WM841,EBW,L,71660510076
CHARISMA,WHT,6H,71660510230
WM729X5C9,FERF,ASST,71660510753
WM729X5C9,FLCZ,ASST,71660510844
WM729X5C9,DRBU,ASST,71660510873
WM730X5,ADML,2XL,71660510874
WM730X5,ADML,3XL,71660510899
WM730X5,ADML,L,71660510900
WM730X5,ADML,M,71660510906
WM730X5,ADML,S,71660510907
WM730X5,ADML,XL,71660510908
WD030,SUCH,S,71660511037
WD030,SUCH,XL,71660511046
WD030,SUCH,XS,71660511048
WD030,TLCH,2XL,71660511050
WD030,TLCH,3XL,71660511053
WD030,TLCH,L,71660511054
WM841,EBW,M,71660511066
WC743,SPSW,2XL,71660511070
WD030,TLCH,M,71660511071
WC743,SPSW,3XL,71660511072
WC743,SPSW,L,71660511074
WD030,TLCH,S,71660511076
WD030,TLCH,XL,71660511085
CHARISMA,WHT,9,71660511150
97759,WAHE,2XL,71660511177
97759,WAHE,3XL,71660511178
97759,WAHE,L,71660511179
97759,WAHE,M,71660511180
97759,WAHE,S,71660511181
97759,WAHE,XL,71660511192
97759,WAHE,XS,71660511193
97630,MKBS,L,71660511196
97750,TPIN,2XL,71660511214
97750,TPIN,3XL,71660511215
97750,TPIN,L,71660511216
97750,TPIN,M,71660511217
97750,TPIN,S,71660511224
97750,TPIN,XL,71660511225
97750,TPIN,XS,71660511226
97752,ANPT,2XL,71660511227
97752,ANPT,3XL,71660511228
97752,ANPT,L,71660511229
97752,ANPT,M,71660511230
97752,ANPT,S,71660511231
97752,ANPT,XL,71660511232
97752,ANPT,XS,71660511233
97759,GOST,2XL,71660511234
97759,GOST,3XL,71660511235
97917,UTHT,S,71660511247
CHARISMA,WHT,9H,71660511258
97759,GOST,L,71660511260
97759,GOST,M,71660511261
97759,GOST,S,71660511262
97759,GOST,XL,71660511263
97759,GOST,XS,71660511264
97762,WLTH,2XL,71660511265
97762,WLTH,3XL,71660511278
97762,WLTH,L,71660511279
97762,WLTH,M,71660511280
97762,WLTH,S,71660511281
97762,WLTH,XL,71660511282
97762,WLTH,XS,71660511283
97630,PNAZ,S,71660511325
97630,PNAZ,XL,71660511326
97630,PNAZ,XS,71660511327
97752,SRSE,2XL,71660511334
97752,SRSE,3XL,71660511335
97752,SRSE,L,71660511336
97630,PHHE,2XL,71660511337
97630,PHHE,3XL,71660511338
97630,PHHE,L,71660511339
97630,PHHE,M,71660511340
97630,PHHE,S,71660511341
97752,SRSE,M,71660511342
97752,SRSE,S,71660511343
97752,SRSE,XL,71660511344
97752,SRSE,XS,71660511345
97749,LVRY,2XL,71660511346
97630,PHHE,XL,71660511347
97630,PHHE,XS,71660511348
97630,HKDO,2XL,71660511349
97630,HKDO,3XL,71660511350
97630,HKDO,L,71660511351
97749,LVRY,3XL,71660511352
97749,LVRY,L,71660511353
97749,LVRY,M,71660511354
97749,LVRY,S,71660511355
97749,LVRY,XL,71660511356
97749,LVRY,XS,71660511357
97750C9,DZDT,ASST,71660511360
97630,HKDO,M,71660511369
97630,HKDO,S,71660511370
97630,HKDO,XL,71660511371
97630,HKDO,XS,71660511372
97630,MNYM,2XL,71660511373
97630,MNYM,3XL,71660511374
97630,MNYM,L,71660511381
97630,MNYM,M,71660511382
97630,MNYM,S,71660511383
97630,MNYM,XL,71660511384
97630,MNYM,XS,71660511385
97630,DPHA,2XL,71660511386
WM841,EBW,S,71660511394
WM841,EBW,XL,71660511395
WM841,EBW,XS,71660511398
97630,DPHA,3XL,71660511399
97630,DPHA,L,71660511400
97630,DPHA,M,71660511401
97630,DPHA,S,71660511402
WD817,EGPZ,2XL,71660511444
WD817,EGPZ,3XL,71660511445
WD817,EGPZ,L,71660511447
WD817,EGPZ,M,71660511448
7606,CIWM,XL,71660511460
97860C13,LIWM,ASST,71660511472
90004,WTWM,2XL,71660511512
90004,WTWM,L,71660511514
90004,WTWM,M,71660511515
90004,WTWM,S,71660511516
90004,WTWM,XL,71660511517
90004,WTWM,XS,71660511518
90003,BRAL,M,71660511523
90003,BRAL,XS,71660511526
90003,SPSS,2XL,71660511542
90003,SPSS,3XL,71660511543
90003,SPSS,L,71660511544
90003,SPSS,M,71660511545
90003,SPSS,S,71660511546
90003,SPSS,XL,71660511547
90003,SPSS,XS,71660511572
90003,TRWM,2XL,71660511580
90003,TRWM,3XL,71660511581
90003,TRWM,L,71660511582
90003,TRWM,M,71660511583
90003,TRWM,S,71660511584
90003,TRWM,XL,71660511585
90003,TRWM,XS,71660511586
90003,EBWM,2XL,71660511588
90003,EBWM,3XL,71660511589
90003,EBWM,L,71660511590
90003,EBWM,M,71660511591
90003,EBWM,S,71660511594
90003,EBWM,XL,71660511595
90003,EBWM,XS,71660511596
90003,INDG,2XL,71660511598
90003,INDG,3XL,71660511599
90003,INDG,L,71660511600
90003,INDG,M,71660511601
90003,INDG,S,71660511602
90003,INDG,XL,71660511603
90003,INDG,XS,71660511604
90003,BKWM,2XL,71660511606
90003,BKWM,L,71660511608
90003,BKWM,XL,71660511611
90003,BKWM,XS,71660511612
90003,CRED,2XL,71660511614
90003,CRED,3XL,71660511615
90003,CRED,L,71660511616
90003,CRED,M,71660511617
90003,CRED,S,71660511624
90003,CRED,XL,71660511625
90003,CRED,XS,71660511626
90003,DKES,2XL,71660511628
90003,DKES,3XL,71660511629
90003,DKES,L,71660511640
90003,DKES,M,71660511641
90003,DKES,S,71660511642
90003,DKES,XL,71660511643
90003,DKES,XS,71660511644
90003,WIWM,2XL,71660511646
90003,WIWM,L,71660511648
90003,WIWM,M,71660511649
90003,WIWM,S,71660511652
90003,WIWM,XL,71660511653
90003,WIWM,XS,71660511654
90003,KAKY,2XL,71660511662
90003,KAKY,3XL,71660511663
90003,KAKY,L,71660511664
90003,KAKY,M,71660511665
90003,KAKY,S,71660511666
90003,KAKY,XL,71660511667
90003,KAKY,XS,71660511668
90003,CGWM,2XL,71660511670
90003,CGWM,3XL,71660511671
90003,CGWM,L,71660511672
90003,CGWM,S,71660511674
90003,CGWM,XS,71660511676
90005,BRAL,XS,71660511678
90005,BRAL,2XL,71660511687
90005,BRAL,3XL,71660511688
90005,BRAL,M,71660511690
90005,SPSS,XS,71660511705
90005,SPSS,2XL,71660511716
90005,SPSS,3XL,71660511717
90005,SPSS,L,71660511731
90005,SPSS,M,71660511732
90005,SPSS,S,71660511733
90005,SPSS,XL,71660511734
90005,TRWM,XS,71660511735
90005,TRWM,2XL,71660511736
90005,TRWM,3XL,71660511746
90005,TRWM,L,71660511747
90005,TRWM,M,71660511748
90005,TRWM,S,71660511749
90005,TRWM,XL,71660511750
90005,EBWM,XS,71660511751
90005,EBWM,2XL,71660511758
90005,EBWM,3XL,71660511759
90005,EBWM,L,71660511760
90005,EBWM,M,71660511761
90005,EBWM,S,71660511762
90005,EBWM,XL,71660511763
90005,INDG,XS,71660511771
90005,INDG,2XL,71660511772
90005,INDG,3XL,71660511773
90005,INDG,L,71660511774
90005,INDG,M,71660511775
90005,INDG,S,71660511776
90005,INDG,XL,71660511815
90005,BKWM,XS,71660511816
90005,BKWM,2XL,71660511817
90005,BKWM,3XL,71660511818
90005,BKWM,L,71660511819
90005,BKWM,M,71660511820
90005,BKWM,S,71660511821
90005,BKWM,XL,71660511822
90005,CRED,XS,71660511835
90005,CRED,2XL,71660511836
90005,CRED,3XL,71660511837
90005,CRED,L,71660511841
90005,CRED,M,71660511842
90005,CRED,S,71660511843
90005,CRED,XL,71660511850
90005,DKES,XS,71660511851
90005,DKES,2XL,71660511852
90005,DKES,3XL,71660511853
90005,DKES,L,71660511854
90005,DKES,M,71660511855
90005,DKES,S,71660511856
90005,WIWM,XS,71660511858
90005,WIWM,2XL,71660511859
90005,WIWM,3XL,71660511860
90005,WIWM,L,71660511861
90005,WIWM,M,71660511862
90005,WIWM,S,71660511863
97917C12,MLBG,ASST,71660511865
97917C12,PTPA,ASST,71660511866
97917C12,TXTI,ASST,71660511867
90005,WIWM,XL,71660511870
90005,KAKY,XS,71660511874
90005,KAKY,2XL,71660511875
90005,KAKY,3XL,71660511876
90005,KAKY,L,71660511877
90005,KAKY,M,71660511878
90005,KAKY,S,71660511879
90005,KAKY,XL,71660511880
90005,CGWM,XS,71660511881
90005,CGWM,2XL,71660511882
90005,CGWM,3XL,71660511895
90005,CGWM,L,71660511899
90005,CGWM,M,71660511900
WC703X5,IHEA,2XL,71660511902
WC703X5,IHEA,3XL,71660511903
WC703X5,IHEA,L,71660511904
WC703X5,IHEA,M,71660511905
WC703X5,IHEA,S,71660511906
90005,CGWM,S,71660511913
90005,CGWM,XL,71660511914
90005P,INDG,XS,71660511915
WC703X5,IHEA,XL,71660511918
WC703X5,IHEA,XS,71660511919
90005P,INDG,L,71660511930
90005P,INDG,M,71660511931
90005P,INDG,S,71660511932
90005P,INDG,XL,71660511933
90005P,BKWM,XS,71660511934
90005P,BKWM,L,71660511941
90005P,BKWM,M,71660511942
90005P,BKWM,S,71660511943
90005P,BKWM,XL,71660511944
90005P,CGWM,XS,71660511952
90005P,CGWM,L,71660511961
90005P,CGWM,M,71660511962
90005P,CGWM,S,71660511963
90005P,CGWM,XL,71660511964
WD002,LIRT,XL,71660511966
WD002,LIRT,XS,71660511969
WD802,AQUZ,2XL,71660511970
97917,RTLE,2XL,71660511972
WC703X5,AATC,2XL,71660511973
WC703X5,AATC,3XL,71660511974
WC703X5,AATC,L,71660511975
WC703X5,AATC,M,71660511976
WC703X5,AATC,S,71660511977
WC703X5,AATC,XL,71660511978
WC703X5,AATC,XS,71660511979
WC703X5,WMBA,2XL,71660511980
WC703X5,WMBA,3XL,71660511981
WC703X5,WMBA,L,71660511982
WC703X5,WMBA,M,71660511983
WC703X5,WMBA,S,71660511984
WC703X5,WMBA,XL,71660511985
WC703X5,WMBA,XS,71660511986
97917,RTLE,3XL,71660511992
97917,RTLE,L,71660511993
97917,RTLE,M,71660511994
97917,RTLE,S,71660511995
90009P,INDG,L,71660511999
90009P,INDG,M,71660512000
90009P,INDG,S,71660512001
7606,CIWM,XS,71660512003
7020,CIWM,2XL,71660512004
7020,CIWM,3XL,71660512006
90009P,INDG,XL,71660512012
90009P,EBWM,L,71660512025
90009P,EBWM,M,71660512026
90009P,EBWM,S,71660512027
90009P,EBWM,XL,71660512028
90009,INDG,2XL,71660512030
90009,INDG,3XL,71660512031
90009,INDG,M,71660512033
90009,INDG,S,71660512034
90009,INDG,XL,71660512035
90009,BKWM,2XL,71660512037
90009,BKWM,3XL,71660512038
90009,BKWM,L,71660512039
90009,BKWM,M,71660512040
90009,BKWM,S,71660512041
90009,BKWM,XL,71660512042
90009,EBWM,L,71660512053
90009,CGWM,2XL,71660512086
90009,CGWM,3XL,71660512087
90009,CGWM,L,71660512088
90009,CGWM,M,71660512089
90009,CGWM,S,71660512090
90009,CGWM,XL,71660512091
90007,INDG,S,71660512092
90007,INDG,2XL,71660512093
90007,INDG,3XL,71660512094
90007,INDG,L,71660512095
90007,INDG,M,71660512096
90007,INDG,XL,71660512097
90007,BKWM,S,71660512099
90007,BKWM,2XL,71660512100
90007,BKWM,3XL,71660512101
90007,BKWM,L,71660512102
90007,BKWM,M,71660512103
90007,BKWM,XL,71660512104
90007,HUWM,S,71660512106
90007,HUWM,2XL,71660512107
90007,HUWM,3XL,71660512108
90007,HUWM,L,71660512109
90007,HUWM,M,71660512110
90007,HUWM,XL,71660512111
90007,EBWM,S,71660512113
90007,EBWM,2XL,71660512114
90007,EBWM,L,71660512116
90007,EBWM,M,71660512117
90007,EBWM,XL,71660512118
90007,CGWM,2XL,71660512120
90007,CGWM,3XL,71660512121
90007,CGWM,L,71660512122
90007,CGWM,M,71660512134
90007,CGWM,S,71660512135
90007,CGWM,XL,71660512136
90007,WIWM,2XL,71660512143
90007,WIWM,3XL,71660512146
90007,WIWM,L,71660512147
90007,WIWM,M,71660512149
90007,WIWM,S,71660512151
90007,WIWM,XL,71660512152
WD831,OLCH,3XL,71660512198
WD831,OLCH,L,71660512199
WD831,OLCH,M,71660512200
WD831,OLCH,S,71660512201
WD831,OLCH,XL,71660512202
WD831,OLCH,XS,71660512203
90007,TRWM,2XL,71660512218
90007,TRWM,3XL,71660512219
WD831,PWCH,2XL,71660512225
WD831,PWCH,3XL,71660512226
WD831,PWCH,L,71660512227
WD831,PWCH,M,71660512230
WD831,PWCH,S,71660512231
90007,TRWM,L,71660512233
90007,TRWM,M,71660512234
90007,TRWM,S,71660512235
97920,TRRE,2XL,71660512236
90007,TRWM,XL,71660512239
90007,CRED,2XL,71660512241
90007,CRED,3XL,71660512242
90007,CRED,L,71660512243
90007,CRED,M,71660512244
90007,CRED,S,71660512245
90007,CRED,XL,71660512249
WM636C18,HTMI,ASST,71660512250
90007,SPSS,2XL,71660512251
90007,SPSS,3XL,71660512252
WD831,PWCH,XL,71660512253
WD831,PWCH,XS,71660512254
WD831,RECH,2XL,71660512255
WD831,RECH,3XL,71660512256
WD831,RECH,L,71660512257
WD831,RECH,M,71660512258
90007,SPSS,L,71660512259
90007,SPSS,M,71660512260
90007,SPSS,S,71660512261
90007,SPSS,XL,71660512262
WM636C9,HTMI,ASST,71660512263
7020,CIWM,L,71660512290
7020,CIWM,M,71660512291
WD831,RECH,S,71660512301
WD831,RECH,XL,71660512302
WD831,RECH,XS,71660512303
WD831,RYCH,2XL,71660512304
WD831,RYCH,3XL,71660512305
WD831,RYCH,L,71660512306
WD831,RYCH,M,71660512307
WD831,RYCH,S,71660512308
WD831,RYCH,XL,71660512311
WD831,RYCH,XS,71660512312
WD831,SHCH,2XL,71660512319
WD831,SHCH,3XL,71660512320
WD831,SHCH,L,71660512321
WD831,SHCH,M,71660512322
WD831,SHCH,S,71660512323
WD831,SHCH,XL,71660512326
WD831,SHCH,XS,71660512327
WD831,SUCH,2XL,71660512328
WD831,SUCH,3XL,71660512329
WD831,SUCH,L,71660512330
WD831,SUCH,M,71660512331
WD831,SUCH,S,71660512332
WD831,SUCH,XL,71660512335
WD831,SUCH,XS,71660512336
WD831,TLCH,2XL,71660512349
WD831,TLCH,3XL,71660512350
WD831,TLCH,L,71660512351
WD831,TLCH,M,71660512352
WD831,TLCH,S,71660512356
WD831,TLCH,XL,71660512357
WD831,TLCH,XS,71660512358
WD030,BXCH,2XL,71660512359
WD030,BXCH,3XL,71660512360
97630,PHOT,2XL,71660512369
WD030,BXCH,L,71660512380
WD030,BXCH,M,71660512381
WD030,BXCH,S,71660512384
WD030,BXCH,XL,71660512385
WD030,BXCH,XS,71660512386
WD030,CACH,2XL,71660512387
WD030,CACH,3XL,71660512388
WD030,CACH,L,71660512390
WD030,CACH,M,71660512391
WD030,CACH,S,71660512392
WD030,CACH,XL,71660512393
WD030,CACH,XS,71660512394
WD030,KAK,2XL,71660512395
WD030,KAK,3XL,71660512396
WD030,KAK,L,71660512397
WD030,KAK,M,71660512398
WD030,KAK,S,71660512399
WD030,KAK,XL,71660512400
WD030,KAK,XS,71660512401
WD030,NVCH,2XL,71660512402
WD030,NVCH,3XL,71660512415
7020,CIWM,S,71660512440
WD802,AQUZ,3XL,71660512442
WD802,AQUZ,L,71660512443
WM841,PWT,XS,71660512645
WM841,RAR,2XL,71660512646
WM841,RAR,3XL,71660512811
WM841,RAR,L,71660512812
7020,CIWM,XL,71660512847
WM617,CTIM,XS,71660512855
WM617,IND,2XL,71660512856
WMTWHEB2C14,ASST,ASST,71660512888
WM841,RAR,M,71660512913
WM841,RAR,S,71660512914
WM841,RAR,XL,71660512915
WM841,RAR,XS,71660512916
WM841,WIN,2XL,71660512917
WM841,WIN,3XL,71660512918
WMPWHEB3C22,ASST,ASST,71660512937
WMPWHEB4C22,ASST,ASST,71660512938
WMPWHEB5C10,ASST,ASST,71660512940
WMTEBE1C22,ASST,ASST,71660512941
WMTEBE2C14,ASST,ASST,71660512942
WMPEBE3C22,ASST,ASST,71660512958
WMPEBE4C22,ASST,ASST,71660512959
WC711X5C9,MNOT,ASST,71660512966
WC711X4,MKKL,3XL,71660512991
WC711X4,MKKL,L,71660512992
WC711X4,MKKL,M,71660512993
WC711X4,MKKL,S,71660512994
WMPEBE5C10,ASST,ASST,71660512997
WMTEBH1C22,ASST,ASST,71660512998
WMTEBH2C14,ASST,ASST,71660512999
WMPEBH3C22,ASST,ASST,71660513000
WMPEBH4C22,ASST,ASST,71660513001
WMPEBH5C10,ASST,ASST,71660513002
WMTTEB1C22,ASST,ASST,71660513021
WMTTEB2C14,ASST,ASST,71660513022
WMPTEB3C22,ASST,ASST,71660513023
WMPTEB4C22,ASST,ASST,71660513024
WMPTEB5C10,ASST,ASST,71660513025
WMTWHE1C22,ASST,ASST,71660513033
WMTWHE2C14,ASST,ASST,71660513034
WMPWHE3C22,ASST,ASST,71660513035
WMPWHE4C22,ASST,ASST,71660513036
WMPWHE5C10,ASST,ASST,71660513084
WMTWHT1C22,ASST,ASST,71660513085
WMTWHT2C14,ASST,ASST,71660513086
7020,CIWM,XS,71660513126
WM841,WIN,L,71660513171
WM841,WIN,M,71660513172
WMPWHT3C22,ASST,ASST,71660513197
WMPWHT4C22,ASST,ASST,71660513198
WMPWHT5C10,ASST,ASST,71660513199
WM841,WIN,S,71660513261
WM841,WIN,XL,71660513317
WM841,WIN,XS,71660513318
WM047,BLK,2XL,71660513319
WM047,BLK,3XL,71660513320
WM047,BLK,L,71660513321
WM047,BLK,M,71660513322
WM047,BLK,S,71660513363
WM047,BLK,XL,71660513365
WM047,BLK,XS,71660513366
WM047,EBW,2XL,71660513367
WM047,EBW,3XL,71660513368
WC728,LHOW,S,71660513403
WC728,LHOW,XL,71660513404
WC728,LHOW,XS,71660513405
WC728,MKJZ,2XL,71660513406
WC728,MKJZ,3XL,71660513407
WC728,MKJZ,L,71660513408
WC728,MKJZ,M,71660513409
WC728,MKJZ,S,71660513410
WC728,MKJZ,XL,71660513411
WC728,MKJZ,XS,71660513412
WC728,FRLB,2XL,71660513413
WC728,FRLB,3XL,71660513418
WC728,FRLB,L,71660513419
WC728,FRLB,M,71660513420
WC728,FRLB,S,71660513421
WC728,FRLB,XL,71660513422
WC728,FRLB,XS,71660513423
WC728,PNZY,2XL,71660513425
WC728,PNZY,3XL,71660513426
WC728,PNZY,L,71660513427
WC728,PNZY,M,71660513428
WMTWHH1C22,ASST,ASST,71660513434
WC728,PNZY,S,71660513453
WC728,PNZY,XL,71660513455
WC728,PNZY,XS,71660513456
WC728,PHSZ,2XL,71660513457
WC728,PHSZ,3XL,71660513458
WM047,EBW,L,71660513471
WM047,EBW,M,71660513472
WM047,EBW,S,71660513473
WM047,EBW,XL,71660513474
WC728,PHSZ,L,71660513477
WC728,PHSZ,M,71660513478
WC728,PHSZ,S,71660513479
WC728,PHSZ,XL,71660513480
WC728,PHSZ,XS,71660513481
WM047,EBW,XS,71660513649
WM047,DESL,2XL,71660513650
WM047,DESL,3XL,71660513651
WM047,DESL,L,71660513652
WM047,DESL,M,71660513653
WM047,DESL,S,71660513654
WM047,DESL,XL,71660513661
WM047,DESL,XS,71660513662
WM047,IND,2XL,71660513663
WM047,IND,3XL,71660513664
WMTWHH2C14,ASST,ASST,71660513670
77942T,INDG,2XL,71660513785
77942T,INDG,3XL,71660513786
WM229C18,HERB,ASST,71660513802
WMPWHH3C22,ASST,ASST,71660513842
77942T,INDG,L,71660513847
77942T,INDG,M,71660513848
77942T,INDG,S,71660513849
77942T,INDG,XL,71660513871
77942T,INDG,XS,71660513872
77944T,EBWM,2XL,71660513873
WD020,BKWM,2XL,71660513880
WD020,BKWM,3XL,71660513881
WD020,BKWM,L,71660513882
WD020,BKWM,M,71660513883
WD020,BKWM,S,71660513884
WD020,BKWM,XL,71660513885
77944T,EBWM,3XL,71660513910
77944T,EBWM,L,71660513911
77944T,EBWM,M,71660513912
77944T,EBWM,S,71660513913
77944T,EBWM,XL,71660513914
77944T,EBWM,XS,71660513915
WC743,SPSW,M,71660513933
77944T,WTWM,2XL,71660513934
77944T,WTWM,3XL,71660513935
77944T,WTWM,L,71660513936
77944T,WTWM,M,71660513937
77944T,WTWM,S,71660513938
77944T,WTWM,XL,71660513939
WC743,SPSW,S,71660513940
WC743,SPSW,XL,71660513941
77944T,WTWM,XS,71660513958
WMPWHH4C22,ASST,ASST,71660513990
WMPWHH5C10,ASST,ASST,71660513991
WMTTE1C22,ASST,ASST,71660513992
WMTTE2C14,ASST,ASST,71660513993
WMPTE3C22,ASST,ASST,71660513994
WMPTE4C22,ASST,ASST,71660513995
WMPTE5C10,ASST,ASST,71660514014
WMTHE1C22,ASST,ASST,71660514015
WD020,BKWM,XS,71660514305
WD820,BKWM,2XL,71660514306
WD820,BKWM,3XL,71660514307
WM833,RAR,2XL,71660514560
WM833,RAR,L,71660514561
WM833,RAR,M,71660514562
WM833,RAR,S,71660514572
WM833,RAR,XL,71660514573
WM833,RAR,XS,71660514574
WD820,BKWM,L,71660514644
WD820,BKWM,M,71660514645
7020,RIWM,L,71660514689
7020,RIWM,M,71660514690
WA005,EBWM,L,71660514712
WA005,EBWM,M,71660514716
WA005,EBWM,S,71660514717
WA005,EBWM,XL,71660514718
WA005,EBWM,XS,71660514722
WA809,RTWM,2XL,71660514723
WA809,RTWM,3XL,71660514724
WA809,RTWM,L,71660514728
WM841,BLK,2XL,71660514733
WA809,RTWM,M,71660514747
WA809,RTWM,S,71660514748
WA809,RTWM,XL,71660514752
WA809,RTWM,XS,71660514754
WA809,SHP,2XL,71660514764
WA809,SHP,3XL,71660514765
WM047,IND,XS,71660514895
WM047,PWT,2XL,71660514896
97630,ECOJ,3XL,71660514992
97630,ECOJ,L,71660514993
97630,ECOJ,M,71660515006
97630,ECOJ,S,71660515012
WA007,EBW,S,71660515013
WA007,EBW,XL,71660515014
WM716X4,PAAD,2XL,71660515015
WM716X4,PAAD,3XL,71660515016
WA007,EBW,XS,71660515017
WD820,BKWM,S,71660515018
WD820,BKWM,XL,71660515019
WD820,BKWM,XS,71660515020
WA007,IND,2XL,71660515033
WA007,IND,L,71660515034
WA007,IND,M,71660515035
WA007,IND,S,71660515036
WM716X4,PAAD,L,71660515037
WA007,IND,XL,71660515038
WA007,IND,XS,71660515039
WA008,DESL,2XL,71660515040
WA008,DESL,3XL,71660515041
WA008,DESL,L,71660515060
WA008,DESL,M,71660515061
WA008,DESL,S,71660515062
WA008,DESL,XL,71660515066
WA008,DESL,XS,71660515067
WA008,RAR,2XL,71660515068
WA008,RAR,3XL,71660515078
WA008,RAR,L,71660515079
WA008,RAR,M,71660515080
WM716X4,PAAD,M,71660515090
WA008,RAR,S,71660515091
WA008,RAR,XL,71660515092
WA008,RAR,XS,71660515096
WA008,WIN,2XL,71660515097
WA008,WIN,3XL,71660515098
WA008,WIN,L,71660515099
WM716X4,PAAD,S,71660515100
WA008,WIN,M,71660515101
WA008,WIN,S,71660515108
WA008,WIN,XL,71660515109
WA008,WIN,XS,71660515110
WM047,PWT,3XL,71660515116
WA806,CGW,2XL,71660515117
WA806,CGW,3XL,71660515118
WM716X4,PAAD,XL,71660515119
WA806,CGW,L,71660515120
WA806,CGW,M,71660515121
WA806,CGW,S,71660515122
WA806,CGW,XL,71660515126
WA806,CGW,XS,71660515127
WA806,EBW,2XL,71660515128
WC023,BLK,2XL,71660515266
WM047,PWT,L,71660515270
WM047,PWT,M,71660515271
WC023,BLK,L,71660515276
WC023,BLK,M,71660515277
WC023,BLK,S,71660515278
WC023,BLK,XL,71660515285
WM047,PWT,S,71660515291
WM047,PWT,XL,71660515292
WM047,PWT,XS,71660515293
WM047,RAR,2XL,71660515477
WM047,RAR,3XL,71660515480
WM047,RAR,L,71660515481
WM047,RAR,M,71660515603
WM047,RAR,S,71660515605
WM047,RAR,XL,71660515606
WM047,RAR,XS,71660515607
WA702X5,LHSC,M,71660515628
WA702X5,LHSC,S,71660515631
WA702X5,LHSC,XL,71660515632
WA703X5,PAFB,2XL,71660515633
WA703X5,PAFB,3XL,71660515634
WA703X5,PAFB,L,71660515635
WM730X5,LHSC,2XL,71660515716
WM730X5,LHSC,3XL,71660515717
WM730X5,LHSC,L,71660515718
WM730X5,LHSC,M,71660515719
WM730X5,LHSC,S,71660515721
WM730X5,LHSC,XL,71660515727
WM047,WIN,2XL,71660515814
WM047,WIN,3XL,71660515815
WM047,WIN,L,71660515816
WM047,WIN,M,71660515819
WM730X5,MNPN,2XL,71660515840
WM730X5,MNPN,3XL,71660515904
WM730X5,MNPN,L,71660515905
WM730X5,MNPN,M,71660515906
WM730X5,MNPN,S,71660515907
WM730X5,MNPN,XL,71660515908
WM730X5,MKRO,2XL,71660515909
WM730X5,MKRO,3XL,71660515982
WM047,WIN,S,71660515992
WM047,WIN,XL,71660515993
90001,SRWM,XS,71660516014
90001,SRWM,2XL,71660516015
90001,SRWM,3XL,71660516016
90001,SRWM,L,71660516017
90001,SRWM,M,71660516018
90001,SRWM,S,71660516019
90001,SRWM,XL,71660516020
90001,GSWM,XS,71660516035
WM730X5,MKRO,L,71660516043
WM730X5,MKRO,M,71660516044
WM730X5,MKRO,S,71660516045
WM730X5,MKRO,XL,71660516046
WM731X5,PAFB,2XL,71660516052
90001,GSWM,L,71660516074
90001,GSWM,M,71660516075
90001,GSWM,S,71660516076
90001,GSWM,XL,71660516077
90002,ISWM,XS,71660516078
90002,ISWM,2XL,71660516079
90002,ISWM,L,71660516089
90002,ISWM,M,71660516090
90002,ISWM,S,71660516091
90002,ISWM,XL,71660516092
90002,SRWM,XS,71660516093
90002,SRWM,2XL,71660516094
90002,SRWM,L,71660516096
90002,SRWM,M,71660516105
90002,SRWM,S,71660516114
90002,GSWM,XS,71660516116
90002,GSWM,2XL,71660516117
90002,GSWM,L,71660516119
90002,GSWM,M,71660516120
90002,GSWM,S,71660516121
90002,GSWM,XL,71660516122
90003,HUWM,2XL,71660516123
90003,HUWM,3XL,71660516124
90003,HUWM,L,71660516127
90003,HUWM,M,71660516129
90003,HUWM,S,71660516130
90003,HUWM,XL,71660516131
90003,HUWM,XS,71660516132
90005,EGWM,2XL,71660516134
90005,EGWM,3XL,71660516135
WM047,WIN,XS,71660516169
WM047P,BLK,L,71660516170
90005,EGWM,L,71660516171
90005,EGWM,M,71660516172
90005,EGWM,S,71660516175
90005,EGWM,XL,71660516176
90005,EGWM,XS,71660516177
90005,HUWM,2XL,71660516178
90005,HUWM,3XL,71660516179
90005,HUWM,L,71660516180
90005,HUWM,S,71660516182
90005,HUWM,XL,71660516183
90005,HUWM,XS,71660516184
90005P,EBWM,L,71660516189
90005P,EBWM,M,71660516190
90005P,EBWM,S,71660516191
90005P,EBWM,XL,71660516192
90005P,EBWM,XS,71660516193
90005P,WIWM,L,71660516196
90005P,WIWM,M,71660516197
90005P,WIWM,S,71660516208
WM047P,BLK,M,71660516209
WM047P,BLK,S,71660516212
WM047P,BLK,XL,71660516213
90005P,WIWM,XL,71660516217
90005P,WIWM,XS,71660516220
90003,EGWM,2XL,71660516221
90003,EGWM,3XL,71660516222
90003,EGWM,L,71660516223
90003,EGWM,M,71660516224
90003,EGWM,S,71660516225
90003,EGWM,XL,71660516226
90003,EGWM,XS,71660516227
90003C14,HUWM,ASST,71660516249
90005C14,HUWM,ASST,71660516252
90007C12,WIWM,ASST,71660516261
90009C12,WIWM,ASST,71660516275
90009PC8,CGWM,ASST,71660516276
7604,BLKW,2XL,71660516277
7604,BLKW,3XL,71660516278
7604,BLKW,L,71660516281
7604,BLKW,M,71660516282
7604,BLKW,S,71660516283
7604,BLKW,XL,71660516284
7604,BLKW,XS,71660516285
7604,PWTW,2XL,71660516288
7604,PWTW,3XL,71660516289
7604,PWTW,L,71660516290
7604,PWTW,M,71660516291
7604,PWTW,S,71660516292
7604,PWTW,XL,71660516293
7604,PWTW,XS,71660516294
7604,NAVW,2XL,71660516295
7604,NAVW,3XL,71660516298
7604,NAVW,L,71660516299
7604,NAVW,M,71660516308
7604,NAVW,S,71660516309
7604,NAVW,XL,71660516310
WD822,GBLZ,XL,71660516319
WD822,GBLZ,XS,71660516320
7604,NAVW,XS,71660516321
7010,BLKW,2XL,71660516322
7010,BLKW,3XL,71660516349
7010,BLKW,L,71660516350
7010,BLKW,M,71660516351
7010,BLKW,S,71660516352
7010,BLKW,XL,71660516361
7010,BLKW,XS,71660516362
7010,PWTW,2XL,71660516363
7010,PWTW,3XL,71660516364
7010,PWTW,L,71660516373
7010,PWTW,M,71660516374
7010,PWTW,S,71660516375
7010,PWTW,XL,71660516376
WD822,PWT,2XL,71660516377
WD822,PWT,3XL,71660516378
WD822,PWT,L,71660516379
WD822,PWT,M,71660516380
WD822,PWT,S,71660516381
WD822,PWT,XL,71660516382
WD822,PWT,XS,71660516383
WD017,CRBZ,2XL,71660516384
7010,PWTW,XS,71660516385
7010,NAVW,2XL,71660516386
7010,NAVW,3XL,71660516395
7010,NAVW,L,71660516396
7010,NAVW,M,71660516407
7010,NAVW,S,71660516408
7010,NAVW,XL,71660516409
7010,NAVW,XS,71660516410
7602,ROYW,2XL,71660516428
7602,ROYW,L,71660516430
7602,ROYW,M,71660516435
7602,ROYW,S,71660516436
7602,ROYW,XL,71660516437
7602,ROYW,XS,71660516438
7603,TRQW,2XL,71660516439
7603,TRQW,3XL,71660516440
7603,TRQW,L,71660516441
7603,TRQW,M,71660516442
7603,TRQW,S,71660516485
7603,TRQW,XL,71660516486
7603,TRQW,XS,71660516487
7603,NAVW,2XL,71660516488
7603,NAVW,3XL,71660516497
7603,NAVW,L,71660516498
7603,NAVW,M,71660516499
7603,NAVW,S,71660516500
7603,NAVW,XL,71660516501
7603,NAVW,XS,71660516502
7603,BLKW,2XL,71660516503
7603,BLKW,3XL,71660516504
7603,BLKW,L,71660516505
7603,BLKW,M,71660516506
7603,BLKW,S,71660516507
7603,BLKW,XL,71660516508
7603,BLKW,XS,71660516509
7502,BLKW,2XL,71660516510
7502,BLKW,3XL,71660516511
7502,BLKW,L,71660516512
7502,BLKW,M,71660516537
7502,BLKW,S,71660516538
7502,BLKW,XL,71660516539
7502,BLKW,XS,71660516540
7502,SHPW,2XL,71660516541
7502,SHPW,3XL,71660516542
7502,SHPW,L,71660516543
7502,SHPW,M,71660516544
7502,SHPW,S,71660516553
WC023,BLK,XS,71660516587
WC023,EBW,2XL,71660516589
WC023,EBW,L,71660516590
WC023,EBW,M,71660516591
WC023,EBW,S,71660516592
7502,SHPW,XL,71660516609
7502,SHPW,XS,71660516610
7502,WINW,2XL,71660516611
7502,WINW,3XL,71660516612
7502,WINW,L,71660516613
7502,WINW,M,71660516614
7502,WINW,S,71660516615
7502,WINW,XL,71660516616
WC023,EBW,XL,71660516617
WC629,VVIN,2XL,71660516639
WD017,CRBZ,3XL,71660516641
WD017,CRBZ,L,71660516644
WD017,CRBZ,M,71660516645
WC629,VVIN,3XL,71660516649
WC629,VVIN,L,71660516650
WC629,VVIN,M,71660516651
WC629,VVIN,S,71660516652
WC629,VVIN,XL,71660516653
WC629,VVIN,XS,71660516654
WC228,VVIN,2XL,71660516656
WC228,VVIN,3XL,71660516657
WC228,VVIN,L,71660516658
WC228,VVIN,M,71660516659
WC228,VVIN,S,71660516660
WC228,VVIN,XL,71660516661
WC228,VVIN,XS,71660516663
WC022,BLK,2XL,71660516664
WC022,BLK,3XL,71660516673
WC022,BLK,L,71660516674
WC022,BLK,M,71660516675
WC022,BLK,S,71660516676
WC022,BLK,XL,71660516678
WC022,BLK,XS,71660516679
WC022,IND,2XL,71660516680
WC022,IND,3XL,71660516688
WC022,IND,L,71660516689
WC022,IND,M,71660516690
WC022,IND,S,71660516692
WC022,IND,XL,71660516693
WC022,IND,XS,71660516694
WC824,BLK,2XL,71660516695
7502,WINW,XS,71660516696
7502,OLIW,2XL,71660516697
WM636C18,HERB,ASST,71660516698
7502,OLIW,L,71660516699
7502,OLIW,M,71660516700
7502,OLIW,S,71660516701
7502,OLIW,XL,71660516702
7502,OLIW,XS,71660516703
7207,ROYW,2XL,71660516705
WM636C9,HERB,ASST,71660516706
7207,ROYW,L,71660516707
7207,ROYW,M,71660516708
7207,ROYW,S,71660516709
7207,ROYW,XL,71660516710
7207,ROYW,XS,71660516711
WC824,BLK,L,71660516712
WC824,BLK,M,71660516713
WC824,BLK,S,71660516715
WC824,BLK,XL,71660516716
WC824,BLK,XS,71660516717
WC824,EBW,2XL,71660516718
WC824,EBW,L,71660516719
7008,TRQW,2XL,71660516744
7008,TRQW,3XL,71660516745
7008,TRQW,L,71660516747
7008,TRQW,M,71660516748
7008,TRQW,S,71660516749
7008,TRQW,XL,71660516750
7008,TRQW,XS,71660516751
7008,NAVW,2XL,71660516752
7008,NAVW,3XL,71660516760
7008,NAVW,L,71660516761
7008,NAVW,M,71660516762
7008,NAVW,S,71660516763
7008,NAVW,XL,71660516764
7008,NAVW,XS,71660516765
7008,BLKW,2XL,71660516766
7008,BLKW,3XL,71660516767
7008,BLKW,L,71660516790
7008,BLKW,M,71660516791
7008,BLKW,S,71660516808
7008,BLKW,XL,71660516809
7008,BLKW,XS,71660516810
7009,BLKW,2XL,71660516811
7009,BLKW,3XL,71660516812
7009,BLKW,L,71660516813
7009,BLKW,M,71660516814
7009,BLKW,S,71660516815
7009,BLKW,XL,71660516816
7009,BLKW,XS,71660516817
7009,SHPW,2XL,71660516818
7009,SHPW,3XL,71660516819
7009,SHPW,L,71660516820
7009,SHPW,M,71660516821
7009,SHPW,S,71660516822
7009,SHPW,XL,71660516823
7009,SHPW,XS,71660516826
7009,WINW,2XL,71660516827
7009,WINW,3XL,71660516828
7009,WINW,L,71660516829
7009,WINW,M,71660516830
7009,WINW,S,71660516831
7009,WINW,XL,71660516840
7009,WINW,XS,71660516841
7009,OLIW,2XL,71660516842
WM229C18,HTMI,ASST,71660516843
7009,OLIW,L,71660516844
7009,OLIW,M,71660516845
7009,OLIW,S,71660516846
7009,OLIW,XL,71660516847
7009,OLIW,XS,71660516848
90006P,WTWM,L,71660516851
90006P,WTWM,S,71660516853
90006P,WTWM,XL,71660516854
90006P,WTWM,XS,71660516855
90006,WTWM,2XL,71660516860
90006,WTWM,L,71660516862
90006,WTWM,M,71660516863
90006,WTWM,S,71660516864
90006,WTWM,XL,71660516865
90006,WTWM,XS,71660516867
90010,WTWM,L,71660516871
90010,WTWM,M,71660516872
90010,WTWM,S,71660516873
90010,WTWM,XL,71660516874
90010P,WTWM,M,71660516882
90010P,WTWM,XL,71660516884
WC824,EBW,M,71660516891
WC824,EBW,S,71660516892
WC824,EBW,XL,71660516893
WC824,EBW,XS,71660516894
90008,WTWM,2XL,71660516900
90008,WTWM,3XL,71660516901
90008,WTWM,L,71660516902
90008,WTWM,M,71660516911
90008,WTWM,S,71660516912
WC824,PWT,2XL,71660516929
WC824,PWT,L,71660516930
WC824,PWT,M,71660516931
WC824,PWT,S,71660516932
WC824,PWT,XL,71660516933
WC824,PWT,XS,71660516934
7603,WHTC,2XL,71660516949
7603,WHTC,3XL,71660516950
7603,WHTC,L,71660516952
7603,WHTC,M,71660516953
7603,WHTC,S,71660516954
7603,WHTC,XL,71660516961
7603,WHTC,XS,71660516962
WC720X5,CEUN,S,71660516976
WC720X5,CEUN,XL,71660516977
WC720X5,CEUN,XS,71660516978
7008,WHTC,2XL,71660516988
7008,WHTC,3XL,71660516989
7008,WHTC,L,71660516990
7008,WHTC,M,71660516991
7008,WHTC,S,71660516992
7008,WHTC,XL,71660516993
7008,WHTC,XS,71660516997
97917,UTHT,2XL,71660517006
97917,UTHT,3XL,71660517007
97917,UTHT,L,71660517008
7301,WHTC,L,71660517018
7301,WHTC,M,71660517019
7301,WHTC,S,71660517020
7301,WHTC,XL,71660517021
7502,CNGW,2XL,71660517023
7502,CNGW,3XL,71660517024
7502,CNGW,L,71660517033
7502,CNGW,M,71660517034
7502,CNGW,S,71660517040
7502,CNGW,XL,71660517041
7502,CNGW,XS,71660517042
7009,CNGW,2XL,71660517043
7009,CNGW,3XL,71660517044
7009,CNGW,L,71660517045
7009,CNGW,M,71660517046
7009,CNGW,S,71660517058
7009,CNGW,XL,71660517059
7009,CNGW,XS,71660517060
WA703X5,PAFB,M,71660517062
WA703X5,PAFB,S,71660517063
WD017,CRBZ,S,71660517468
WA807,CGW,2XL,71660517559
WD020,INDG,S,71660517690
WC703X5,ANKM,XS,71660518258
WC703X5,ANKM,2XL,71660518259
WC703X5,ANKM,3XL,71660518260
WC703X5,ANKM,L,71660518592
WC703X5,ANKM,M,71660518593
WC703X5,ANKM,S,71660518596
WC703X5,ANKM,XL,71660518597
WD831,CACH,3XL,71660518653
WD831,CACH,L,71660518654
WD831,CACH,M,71660518655
WD831,CACH,S,71660518656
WD831,CACH,XL,71660518657
WD831,CACH,XS,71660518658
WD831,KAK,2XL,71660518666
7606,CIWM,3XL,71660518721
7606,CIWM,L,71660518723
7606,CIWM,M,71660518724
7606,CIWM,S,71660518725
90012,WTWM,2XL,71660518813
90012,WTWM,3XL,71660518814
90012,WTWM,L,71660518815
90012,WTWM,M,71660518816
90012,WTWM,S,71660518817
90012,WTWM,XL,71660518818
7815,HKPB,2XL,71660518840
7815,HKPB,3XL,71660518841
7815,HKPB,L,71660518842
7815,HKPB,M,71660518843
7815,HKPB,S,71660518844
7815,HKPB,XL,71660518845
7815,HKPB,XS,71660518860
7806,LTBG,2XL,71660518861
7806,LTBG,3XL,71660518862
7806,LTBG,L,71660518863
7806,LTBG,M,71660518864
7806,LTBG,S,71660518865
7806,LTBG,XL,71660518866
7806,LTBG,XS,71660518874
7813,MKPL,2XL,71660518875
7813,MKPL,3XL,71660518876
7813,MKPL,L,71660518877
7813,MKPL,M,71660518878
7813,MKPL,S,71660518879
7813,MKPL,XL,71660518880
7813,MKPL,XS,71660518909
7804,PHKI,2XL,71660518910
7804,PHKI,3XL,71660518911
7804,PHKI,L,71660518912
7804,PHKI,M,71660518913
7804,PHKI,S,71660518914
7804,PHKI,XL,71660518915
7804,PHKI,XS,71660518964
7932,SUSF,2XL,71660518965
7932,SUSF,3XL,71660518966
7932,SUSF,L,71660518967
7932,SUSF,M,71660518968
7932,SUSF,S,71660518969
7932,SUSF,XL,71660518970
7932,SUSF,XS,71660518985
7930,GEDZ,2XL,71660518986
7930,GEDZ,3XL,71660518987
7930,GEDZ,L,71660518988
7930,GEDZ,M,71660518989
7930,GEDZ,S,71660518990
7930,GEDZ,XL,71660518991
7930,GEDZ,XS,71660518999
7926,FTFS,2XL,71660519013
7926,FTFS,3XL,71660519015
7926,FTFS,L,71660519016
7926,FTFS,M,71660519020
7926,FTFS,S,71660519022
7926,FTFS,XL,71660519023
7926,FTFS,XS,71660519026
7926,HOCT,2XL,71660519034
7926,HOCT,3XL,71660519035
7926,HOCT,L,71660519036
7926,HOCT,M,71660519037
7926,HOCT,S,71660519038
7926,HOCT,XL,71660519039
7926,HOCT,XS,71660519040
7930,OCDA,2XL,71660519041
7930,OCDA,3XL,71660519043
7930,OCDA,L,71660519051
7930,OCDA,M,71660519052
7930,OCDA,S,71660519053
7930,OCDA,XL,71660519054
7930,OCDA,XS,71660519055
7930,CLHT,2XL,71660519056
7930,CLHT,3XL,71660519057
WD030,NVCH,L,71660519071
7930,CLHT,L,71660519073
7930,CLHT,M,71660519081
7930,CLHT,S,71660519082
7930,CLHT,XL,71660519083
7930,CLHT,XS,71660519084
7806,PNCK,2XL,71660519085
7806,PNCK,L,71660519087
WD030,NVCH,M,71660519088
7806,PNCK,M,71660519090
7806,PNCK,S,71660519091
7806,PNCK,XL,71660519092
7806,PNCK,XS,71660519093
7815,BEAR,2XL,71660519094
7815,BEAR,3XL,71660519095
7815,BEAR,L,71660519096
7815,BEAR,M,71660519097
WD030,NVCH,S,71660519099
7815,BEAR,S,71660519107
7815,BEAR,XL,71660519108
7815,BEAR,XS,71660519109
7813,ACSS,2XL,71660519110
7813,ACSS,3XL,71660519111
7813,ACSS,L,71660519112
7813,ACSS,M,71660519113
7813,ACSS,S,71660519114
7813,ACSS,XL,71660519143
7813,ACSS,XS,71660519161
7926,DTPR,2XL,71660519162
7926,DTPR,3XL,71660519163
7926,DTPR,L,71660519164
7926,DTPR,M,71660519194
7926,DTPR,S,71660519195
7926,DTPR,XL,71660519196
7926,DTPR,XS,71660519197
7708,ROYW,2XL,71660519198
7708,ROYW,3XL,71660519199
7708,ROYW,L,71660519200
7708,ROYW,M,71660519201
7708,ROYW,S,71660519209
7708,ROYW,XL,71660519218
7708,ROYW,XS,71660519219
7708,LFWC,2XL,71660519228
7708,LFWC,3XL,71660519229
7708,LFWC,L,71660519230
7708,LFWC,M,71660519231
7708,LFWC,S,71660519232
7708,LFWC,XL,71660519233
7708,LFWC,XS,71660519234
7011,LFWC,2XL,71660519249
7011,LFWC,L,71660519256
7011,LFWC,M,71660519257
7011,LFWC,S,71660519258
7011,LFWC,XL,71660519259
7011,LFWC,XS,71660519260
7011,LFWC,3XL,71660519261
7011,ROYW,2XL,71660519262
7011,ROYW,L,71660519270
7011,ROYW,M,71660519271
7011,ROYW,S,71660519274
7011,ROYW,XL,71660519275
7011,ROYW,XS,71660519276
7011,ROYW,3XL,71660519285
97142,KSWM,2XL,71660519297
97142,KSWM,M,71660519301
97142,KSWM,S,71660519302
97142,QSWM,2XL,71660519305
97142,QSWM,M,71660519308
97142,QSWM,S,71660519309
97142,QSWM,XL,71660519310
97142,QSWM,XS,71660519311
97864,KSWM,2XL,71660519312
97864,KSWM,L,71660519314
97864,KSWM,M,71660519357
97864,KSWM,S,71660519358
97864,KSWM,XS,71660519360
97864,QSWM,L,71660519363
97864,QSWM,M,71660519380
97864,QSWM,S,71660519381
97864,QSWM,XL,71660519382
97864,QSWM,XS,71660519383
97917,TXTI,2XL,71660519571
97917,TXTI,3XL,71660519572
WD012,RIWM,L,71660519590
WD012,RIWM,M,71660519592
WD012,RIWM,S,71660519656
ASTEROID,WHT,7H,71660519896
WC207,HTPT,XS,71660520003
97630,ECOJ,2XL,71660520009
WA005,BKWM,S,71660520012
WA005,BKWM,XL,71660520013
WA005,BKWM,XS,71660520014
WA005,CGWM,2XL,71660520015
WA005,CGWM,3XL,71660520016
WA005,CGWM,L,71660520017
WA005,CGWM,M,71660520042
WD012,RIWM,XL,71660520263
WD012,RIWM,XS,71660520265
WD012,RWWM,2XL,71660520562
WMTIB1C22,ASST,ASST,71660520735
WC720X5,KEDC,M,71660520940
WC720X5,KEDC,S,71660520941
WC217,BLK,2XL,71660521063
WC217,BLK,3XL,71660521066
WC217,BLK,L,71660521067
WC217,BLK,M,71660521068
WC217,BLK,S,71660521069
WC217,BLK,XL,71660521070
WC217,BLK,XS,71660521072
WC618,BLK,2XL,71660521076
WC618,BLK,3XL,71660521077
WC618,BLK,L,71660521078
WC618,BLK,M,71660521079
WC618,BLK,S,71660521080
WA809,SHP,L,71660521234
WA809,SHP,M,71660521252
WA809,SHP,S,71660521292
WA809,SHP,XL,71660521293
WA809,SHP,XS,71660521294
WA809,AQUZ,2XL,71660521295
WA809,AQUZ,3XL,71660521296
WA809,AQUZ,L,71660521297
WA809,AQUZ,M,71660521298
WA809,AQUZ,S,71660521299
WA809,AQUZ,XL,71660521300
WA809,AQUZ,XS,71660521301
WA009,AQUZ,2XL,71660521315
WA009,AQUZ,3XL,71660521316
WA009,AQUZ,L,71660521317
WA009,AQUZ,M,71660521318
WA009,AQUZ,S,71660521319
WA009,AQUZ,XL,71660521320
WA009,AQUZ,XS,71660521321
WA009,RTWM,2XL,71660521324
WA009,RTWM,3XL,71660521325
WA009,RTWM,L,71660521438
WA009,RTWM,M,71660521439
WA009,RTWM,S,71660521440
WA009,RTWM,XL,71660521441
WA009,RTWM,XS,71660521442
WA009,SHP,2XL,71660521443
WA009,SHP,3XL,71660521444
WA009,SHP,L,71660521445
WA009,SHP,M,71660521446
WA009,SHP,S,71660521447
WA009,SHP,XL,71660521448
WA009,SHP,XS,71660521449
WA006,CGW,2XL,71660521450
WA006,CGW,3XL,71660521451
WA006,CGW,L,71660521452
WA006,CGW,M,71660521453
WA006,CGW,S,71660521472
WA006,CGW,XL,71660521473
WA006,CGW,XS,71660521474
WA006,EBW,2XL,71660521475
WA006,EBW,3XL,71660521476
WA006,EBW,L,71660521477
WA006,EBW,M,71660521478
WA006,EBW,S,71660521479
WA006,EBW,XL,71660521488
WA006,EBW,XS,71660521489
WA007,CGW,2XL,71660521490
WC618,BLK,XL,71660521558
WC618,BLK,XS,71660521559
WC618,INCU,2XL,71660521563
WC618,INCU,3XL,71660521564
WC618,INCU,L,71660521565
WC618,INCU,M,71660521611
WC618,INCU,S,71660521612
WC618,INCU,XL,71660521613
WC618,INCU,XS,71660521614
WC217,INCU,2XL,71660521615
WC217,INCU,3XL,71660521616
WC217,INCU,L,71660521641
WC217,INCU,M,71660521642
WC217,INCU,S,71660521643
WC217,INCU,XL,71660521644
WC217,INCU,XS,71660521645
WA806,EBW,3XL,71660521728
WA806,EBW,L,71660521729
WA806,EBW,M,71660521730
WA806,EBW,S,71660521731
WA806,EBW,XL,71660521751
WA806,EBW,XS,71660521752
WA808,DESL,2XL,71660521755
WA808,DESL,3XL,71660521756
WA808,DESL,L,71660521757
WA808,DESL,M,71660521758
WA808,DESL,S,71660521759
WA808,DESL,XL,71660521760
WA808,DESL,XS,71660521761
WA808,RAR,2XL,71660521762
WA808,RAR,3XL,71660521773
WA808,RAR,L,71660521774
WC703X5,CFCO,3XL,71660521776
WC703X5,CFCO,L,71660521777
WA808,RAR,M,71660521783
WA808,RAR,S,71660521784
WA808,RAR,XL,71660521785
WA808,RAR,XS,71660521786
WA808,WIN,2XL,71660521787
WA808,WIN,3XL,71660521788
WM706X5C12,HAAD,ASST,71660521852
WC703X5,CFCO,M,71660521853
WC703X5,CFCO,S,71660521860
WC703X5,CFCO,XL,71660521861
WA808,WIN,L,71660521890
WA808,WIN,M,71660521891
WA808,WIN,S,71660521892
WA808,WIN,XL,71660521893
WA808,WIN,XS,71660521894
WA807,IND,2XL,71660521895
WA807,IND,L,71660521898
WA807,IND,M,71660521899
WA807,IND,S,71660521900
WA807,IND,XL,71660521917
WA807,IND,XS,71660521918
WM706X5C12,WFWV,ASST,71660522203
WM708X5C12,AOIP,ASST,71660522204
WM708X5C12,WDSF,ASST,71660522205
WM202C9,HPKZ,ASST,71660522207
WM202C9,RIWM,ASST,71660522221
WM601C9,HPKZ,ASST,71660522222
WM601C9,RIWM,ASST,71660522223
WD012,CRWM,3XL,71660522299
WM018,CORU,2XL,71660522440
WM018,CORU,3XL,71660522441
WD012,CRWM,L,71660522554
WD012,CRWM,M,71660522555
WD012,CRWM,S,71660522945
WA007,CGW,L,71660522982
WA007,CGW,M,71660523000
WA007,CGW,S,71660523002
WA007,CGW,XL,71660523003
WA007,CGW,XS,71660523004
WA007,EBW,2XL,71660523005
WA007,EBW,L,71660523006
WA007,EBW,M,71660523007
WD012,CRWM,XL,71660523123
WD012,CRWM,XS,71660523124
WD012,EGG,2XL,71660523125
WD012,EGG,3XL,71660523171
WD012,EGG,L,71660523172
WC711X4,MKGI,2XL,71660523183
WC711X4,MKGI,3XL,71660523184
WC711X4,MKGI,L,71660523185
WC711X4,MKGI,M,71660523227
WC711X4,MKGI,S,71660523228
WC711X4,MKGI,XL,71660523229
WC711X4,MKGI,XS,71660523266
WC022,DIWM,2XL,71660523267
WC022,DIWM,3XL,71660523268
WC022,DIWM,L,71660523311
WD012,EGG,M,71660523341
WD012,EGG,S,71660523342
WD012,EGG,XL,71660523343
WC216,HTML,2XL,71660523382
WC216,HTML,3XL,71660523383
WC216,HTML,L,71660523401
WC216,HTML,M,71660523402
WD012,EGG,XS,71660523500
WM958,PWT,3XL,71660523587
WM958,PWT,L,71660523588
97630,SWOK,L,71660523860
97917,TXTI,S,71660523864
WC711X5,DUSR,2XL,71660523892
WC703X5,CFCO,XS,71660523898
WC227,IND,2XL,71660523899
WC227,IND,3XL,71660523901
WC227,IND,L,71660523902
WC711X5,DUSR,3XL,71660523918
WC711X5,DUSR,L,71660523919
WC711X5,DUSR,M,71660523920
WC711X5,DUSR,S,71660523921
97630C9,DPHA,ASST,71660523929
WC216,HTML,S,71660523988
WC216,HTML,XL,71660523989
WC227,IND,M,71660524061
WD012,LRWM,2XL,71660524199
WD012,LRWM,3XL,71660524398
WD012,LRWM,L,71660524399
WD012,LRWM,M,71660524433
WM00019,BLK,2XL,71660524443
WM00019,BLK,3XL,71660524444
WM00019,BLK,L,71660524445
WM00019,BLK,M,71660524447
WM00019,BLK,S,71660524535
WM00019,BLK,XL,71660524536
WM00019,BLK,XS,71660524537
WC227,IND,S,71660524571
WC227,IND,XL,71660524572
WC227,IND,XS,71660524573
WM00019,IND,2XL,71660524625
WM00019,IND,3XL,71660524626
WM00019,IND,L,71660524627
WM00019,IND,M,71660524649
WM00019,IND,S,71660524658
WM00019,IND,XL,71660524659
WD820,BRAL,3XL,71660524679
MERCURY,WHT,6,71660524762
MERCURY,WHT,6H,71660524763
MERCURY,WHT,7,71660524764
WM150,EBW,3XL,71660524771
WM827,BMWM,M,71660524813
WM827,BMWM,S,71660524814
WM827,BMWM,XL,71660524815
WD012,LRWM,S,71660524850
WD012,LRWM,XL,71660524851
WM00019,IND,XS,71660524964
WM00019,PWT,2XL,71660524965
WC703X5,BOBQ,S,71660525003
WC703X5,BOBQ,XL,71660525004
WC703X5,BOBQ,XS,71660525005
WC703X5,HWPD,2XL,71660525006
WC703X5,HWPD,3XL,71660525007
WC703X5,HWPD,L,71660525026
WC703X5,HWPD,M,71660525027
WC703X5,HWPD,S,71660525028
WC703X5,HWPD,XL,71660525029
WC703X5,HWPD,XS,71660525030
WC711X4,LKWY,2XL,71660525031
WC711X4,LKWY,3XL,71660525033
WC711X4,LKWY,L,71660525034
WC711X4,LKWY,M,71660525035
WM827,CIE,2XL,71660525089
WM827,CIE,3XL,71660525090
WM827,CIE,L,71660525091
WM00019,PWT,3XL,71660525092
WM00019,PWT,L,71660525093
WM827,CIE,M,71660525111
WM827,CIE,S,71660525112
WM827,CIE,XL,71660525113
WM028,BMWM,2XL,71660525114
WM028,BMWM,3XL,71660525115
WM028,BMWM,L,71660525116
WM028,BMWM,M,71660525117
WM028,BMWM,S,71660525118
WM028,BMWM,XL,71660525119
WM028,CIE,2XL,71660525120
WM028,CIE,3XL,71660525121
WM028,CIE,L,71660525122
WC711X4,LKWY,S,71660525124
WC711X4,LKWY,XL,71660525125
WC711X4,LKWY,XS,71660525126
WM00019,PWT,M,71660525153
WM00019,PWT,S,71660525154
WD012,LRWM,XS,71660525215
WD012,RAR,2XL,71660525221
WD012,RAR,3XL,71660525233
WM00019,PWT,XL,71660525265
WM00019,PWT,XS,71660525266
WM028,CIE,M,71660525267
WM028,CIE,S,71660525268
WM028,CIE,XL,71660525269
7902,CIEW,3XL,71660525498
7902,NAVW,3XL,71660525513
WM00019,WIN,2XL,71660525531
WD012,RAR,L,71660525532
WD012,RAR,M,71660525533
WD012,RAR,S,71660525534
WD012,RAR,XL,71660525535
WD012,RAR,XS,71660525536
WM00019,WIN,3XL,71660525564
WM00019,WIN,L,71660525574
WM00019,WIN,M,71660525575
WM00019,WIN,S,71660525610
WD012,RIWM,2XL,71660525682
WD012,RIWM,3XL,71660525683
WM00019,WIN,XL,71660526118
WM00019,WIN,XS,71660526119
WC616,BLK,2XL,71660526222
WC616,BLK,3XL,71660526319
WC616,BLK,L,71660526320
WC616,BLK,M,71660526323
WC616,BLK,S,71660526331
WC616,BLK,XL,71660526334
WC616,BLK,XS,71660526335
WC616,EBW,2XL,71660526549
WC616,EBW,3XL,71660526550
WC616,EBW,L,71660526551
WC616,EBW,M,71660526552
WC616,EBW,S,71660526553
WC616,EBW,XL,71660526554
WC616,EBW,XS,71660526680
WC703X5,DRBU,2XL,71660526700
WC703X5,DRBU,3XL,71660526701
WC703X5,DRBU,L,71660526715
WC703X5,DRBU,M,71660526716
WC703X5,DRBU,S,71660526717
WC703X5,DRBU,XL,71660526718
WC703X5,DRBU,XS,71660526719
WC720X5,KEDC,XL,71660526742
WC720X5,KEDC,XS,71660526743
WC720X5,PLAF,2XL,71660526744
WD013,BLK,S,71660526792
WD013,BLK,XL,71660526793
WD013,BLK,XS,71660526794
WD012,CRWM,2XL,71660526795
WM049,BLK,3XL,71660527306
WC241,BLK,3XL,71660527352
WC241,BLK,L,71660527375
WC241,BLK,M,71660527377
WC241,BLK,S,71660527378
WC241,BLK,XL,71660527379
WC241,BLK,XS,71660527409
WC627,BIZB,2XL,71660527410
CHARISMA,WHT,10,71660527471
CHARISMA,WHT,11,71660527558
77964,PLCH,2XL,71660527639
77964,PLCH,3XL,71660527640
77964,PLCH,L,71660527641
77964,PLCH,M,71660527642
77964,PLCH,S,71660527643
77964,PLCH,XL,71660527644
77964,PLCH,XS,71660527645
WM731X5C9,STRR,ASST,71660527653
WM731X5C9,PAFB,ASST,71660527654
WM731X5C9,LOSH,ASST,71660527655
WM731X5C9,FLSO,ASST,71660527656
WM018C12,AQBU,ASST,71660527740
WM047C12,BLK,ASST,71660527741
WM047C12,DESL,ASST,71660527758
WM047C12,EBW,ASST,71660527870
97139P,LIWM,2XL,71660528107
97139P,LIWM,L,71660528109
97139P,LIWM,M,71660528110
97139P,LIWM,S,71660528111
97139P,LIWM,XL,71660528112
97139P,LIWM,XS,71660528113
97139P,PKWM,2XL,71660528114
97139P,PKWM,L,71660528116
97139P,PKWM,M,71660528117
97139P,PKWM,S,71660528118
97139P,PKWM,XL,71660528119
97139P,PKWM,XS,71660528120
90001,ISWM,2XL,71660528128
90001,ISWM,3XL,71660528129
90001,ISWM,L,71660528130
90001,ISWM,M,71660528131
90001,ISWM,S,71660528132
90001,ISWM,XS,71660528134
WM047C12,EXPK,ASST,71660528759
WM047C12,IND,ASST,71660528760
WM047C12,PWT,ASST,71660528761
WM047C12,RAR,ASST,71660528762
WM047C12,WIN,ASST,71660528763
WC681A,FMRD,2XL,71660528942
WC681A,FMRD,3XL,71660528943
WM731X5,FLSO,3XL,71660529363
WM731X5,FLSO,L,71660529364
WM731X5,FLSO,M,71660529365
WM731X5,FLSO,S,71660529366
WM731X5,FLSO,XL,71660529367
WM731X5,STRR,2XL,71660529408
WM731X5,STRR,3XL,71660529409
WM731X5,STRR,L,71660529410
WM731X5,STRR,M,71660529411
WM731X5,STRR,S,71660529452
WM731X5,STRR,XL,71660529454
WA805,BKWM,2XL,71660529455
WA805,BKWM,3XL,71660529456
WA805,BKWM,L,71660529457
WA805,BKWM,M,71660529471
CHARISMA,WHT,7,71660529541
WA010,WMWM,2XL,71660529619
WA010,WMWM,3XL,71660529620
WA010,WMWM,L,71660529627
WA010,WMWM,M,71660529628
WA010,WMWM,S,71660529629
WA010,WMWM,XL,71660529642
WA010,WMWM,XS,71660529643
WA810,WMWM,2XL,71660529644
WA810,WMWM,3XL,71660529646
WA810,WMWM,L,71660529647
CHARISMA,WHT,7H,71660529649
WA810,WMWM,M,71660529654
WA810,WMWM,S,71660529655
WA810,WMWM,XL,71660529656
WM018,CORU,L,71660529820
WM018,CORU,M,71660529821
WM018,CORU,S,71660529829
WM018,CORU,XL,71660529833
WM018,CORU,XS,71660529834
90003C12,EGWM,ASST,71660529989
90005C12,EGWM,ASST,71660529990
WM647C18,EGG,ASST,71660530857
WM617,VOKA,L,71660530913
WM733X5,RUBI,2XL,71660530925
WM733X5,RUBI,3XL,71660530926
WM733X5,RUBI,L,71660530927
WM733X5,RUBI,M,71660530928
WM733X5,RUBI,S,71660530929
WM733X5,RUBI,XL,71660530930
WM733X5,RUBI,XS,71660531005
WM734X10,HLWN,2XL,71660531006
WM734X10,HLWN,3XL,71660531007
WM734X10,HLWN,L,71660531008
WM242C9,EGG,ASST,71660531285
WM734X10,HLWN,M,71660531291
WM242C18,EGG,ASST,71660531297
WM734X10,HLWN,S,71660531298
WM734X10,HLWN,XL,71660531299
WM734X10,HLWN,XS,71660531300
WA810,WMWM,XS,71660531437
90005C10,WIWM,ASST,71660531781
90005C10,EGWM,ASST,71660531782
WM716X4C18,PAAD,ASST,71660531803
7930,OWYR,2XL,71660532398
7930,OWYR,3XL,71660532399
7930,OWYR,L,71660532400
7930,OWYR,M,71660532401
7930,OWYR,S,71660532410
7930,OWYR,XL,71660532411
7930,OWYR,XS,71660532414
7926,PABS,2XL,71660532415
7926,PABS,3XL,71660532416
7926,PABS,L,71660532417
7926,PABS,M,71660532418
7926,PABS,S,71660532419
7926,PABS,XL,71660532432
7926,PABS,XS,71660532433
7814,SWWL,2XL,71660532434
7814,SWWL,3XL,71660532435
7814,SWWL,L,71660532436
7814,SWWL,M,71660532437
7814,SWWL,S,71660532441
7814,SWWL,XL,71660532442
7814,SWWL,XS,71660532443
7929,BFBT,2XL,71660532459
7929,BFBT,3XL,71660532460
7929,BFBT,L,71660532461
7929,BFBT,M,71660532476
7929,BFBT,S,71660532477
7929,BFBT,XL,71660532478
7929,BFBT,XS,71660532479
7806,SETO,2XL,71660532486
7806,SETO,3XL,71660532487
7806,SETO,L,71660532488
7806,SETO,M,71660532489
7806,SETO,S,71660532490
7806,SETO,XL,71660532491
7806,SETO,XS,71660532495
7813,MNDA,2XL,71660532496
7813,MNDA,3XL,71660532497
7813,MNDA,L,71660532498
7813,MNDA,M,71660532499
7813,MNDA,S,71660532500
7813,MNDA,XL,71660532501
7813,MNDA,XS,71660532502
7833,LABF,2XL,71660532503
7833,LABF,3XL,71660532516
7833,LABF,L,71660532517
7833,LABF,M,71660532518
7833,LABF,S,71660532519
7833,LABF,XL,71660532520
7833,LABF,XS,71660532521
7928,TODT,2XL,71660532522
7928,TODT,3XL,71660532523
7928,TODT,L,71660532524
7928,TODT,M,71660532525
7928,TODT,S,71660532526
7928,TODT,XL,71660532527
7928,TODT,XS,71660532540
97764,CUHT,2XL,71660532691
97764,CUHT,3XL,71660532692
97764,CUHT,L,71660532693
97764,CUHT,M,71660532694
97764,CUHT,S,71660532695
97764,CUHT,XL,71660532696
97764,CUHT,XS,71660532697
90009C9,CGWM,ASST,71660532822
90009C9,INDG,ASST,71660532823
97763,FGPD,XS,71660532842
97763,FGPD,2XL,71660532843
97763,FGPD,3XL,71660532844
97763,FGPD,L,71660532845
97763,FGPD,M,71660532846
97763,FGPD,S,71660532847
97763,FGPD,XL,71660532848
97764,FLFZ,2XL,71660532849
97764,FLFZ,3XL,71660532850
97764,FLFZ,L,71660532851
97764,FLFZ,M,71660532858
97764,FLFZ,S,71660532859
97764,FLFZ,XL,71660532860
97764,FLFZ,XS,71660532867
97140P,PLWM,2XL,71660533034
97140P,PLWM,3XL,71660533035
97140P,PLWM,L,71660533036
97140P,PLWM,M,71660533037
97140P,PLWM,S,71660533038
97140P,PLWM,XL,71660533039
97140P,PLWM,XS,71660533040
WD817,EGPZ,S,71660533178
WD817,EGPZ,XL,71660533179
WD817,EGPZ,XS,71660533180
WM818,CRWM,2XL,71660533218
WM818,CRWM,3XL,71660533219
WM818,CRWM,L,71660533220
WM818,CRWM,M,71660533221
WM818,CRWM,S,71660533222
WM818,CRWM,XL,71660533242
WM818,CRWM,XS,71660533243
WC711X5,DUSR,XL,71660533359
WC711X5,DUSR,XS,71660533360
WC711X5,MNOT,2XL,71660533361
WC711X5,MNOT,3XL,71660533362
WC711X5,MNOT,L,71660533363
WC711X5,MNOT,M,71660533364
WC711X5,MNOT,S,71660533365
WC711X5,MNOT,XL,71660533366
WC711X5,MNOT,XS,71660533367
WC711X5,PNSI,2XL,71660533368
WC711X5,PNSI,3XL,71660533369
WC711X5,PNSI,L,71660533370
90031,IMWM,M,71660533555
97773,GRBD,2XL,71660533781
97773,GRBD,3XL,71660533782
97773,GRBD,L,71660533783
97773,GRBD,M,71660533784
97773,GRBD,S,71660533785
97773,GRBD,XL,71660533786
97773,GRBD,XS,71660533787
97630C9,PHHD,ASST,71660533920
97630,PHHD,M,71660534000
WC711X5,PNSI,M,71660534111
WC711X5,PNSI,S,71660534112
WC711X5,PNSI,XL,71660534140
WC711X5,PNSI,XS,71660534141
WD030,TLCH,XS,71660534142
WC711X4C9,BOBQ,ASST,71660534152
WC703X5,BOBQ,2XL,71660534153
WC703X5,BOBQ,3XL,71660534154
WC703X5,BOBQ,L,71660534161
WC703X5,BOBQ,M,71660534162
WM059,HTLV,2XL,71660534171
WM059,HTLV,3XL,71660534172
WM059,HTLV,L,71660534179
WM059,HTLV,M,71660534180
WM059,HTLV,S,71660534181
WM059,HTLV,XL,71660534212
WM059,HTLV,XS,71660534213
WM863,HTLV,2XL,71660534214
WM863,HTLV,3XL,71660534215
WM863,HTLV,L,71660534216
WM863,HTLV,M,71660534217
WM863,HTLV,S,71660534239
WM863,HTLV,XL,71660534240
WM863,HTLV,XS,71660534241
WD831,KAK,3XL,71660534455
WD831,KAK,L,71660534456
WD831,KAK,M,71660534457
WD831,KAK,S,71660534458
WD831,KAK,XL,71660534459
WD831,KAK,XS,71660534460
WD831,NVCH,2XL,71660534482
WD831,NVCH,3XL,71660534483
WD831,NVCH,L,71660534484
WD831,NVCH,M,71660534485
WD831,NVCH,S,71660534486
WD831,NVCH,XL,71660534487
WD831,NVCH,XS,71660534491
WD831,OLCH,2XL,71660534492
WD030,NVCH,XL,71660534808
WD030,NVCH,XS,71660534809
WD030,OLCH,2XL,71660534810
WD030,OLCH,3XL,71660534811
WD030,OLCH,L,71660534812
WD030,OLCH,M,71660534813
WD030,OLCH,S,71660534814
WD030,OLCH,XL,71660534832
WD030,OLCH,XS,71660534833
WD030,PWCH,2XL,71660534834
WD030,PWCH,3XL,71660534856
97630,PHHD,L,71660535142
97630R2,MKBS,3XL,71660535628
WA807,CGW,L,71660535738
WA807,CGW,M,71660535739
WM018C14,CORU,ASST,71660535792
WM818C14,CORU,ASST,71660535793
7806,HKBW,2XL,71660535878
7806,HKBW,3XL,71660535879
7806,HKBW,L,71660535880
7806,HKBW,M,71660535881
7806,HKBW,S,71660535882
7806,HKBW,XL,71660535883
7806,HKBW,XS,71660535900
7843,MNHS,2XL,71660535901
7843,MNHS,3XL,71660535902
7843,MNHS,L,71660535903
7843,MNHS,M,71660535904
7843,MNHS,S,71660535905
7843,MNHS,XL,71660535906
7843,MNHS,XS,71660535907
7815,PNCM,2XL,71660535923
7815,PNCM,3XL,71660535924
7815,PNCM,L,71660535925
7815,PNCM,M,71660535926
7815,PNCM,S,71660535937
7815,PNCM,XL,71660535938
7815,PNCM,XS,71660535939
WD020,INDG,XL,71660535971
WD020,INDG,XS,71660535972
WD020,KIW,2XL,71660535974
WD020,KIW,3XL,71660535975
WD020,KIW,L,71660535979
WC273A,FMRD,2XL,71660536039
WC273A,FMRD,3XL,71660536040
WC273A,FMRD,L,71660536041
WC273A,FMRD,M,71660536042
WA807,CGW,S,71660536043
WA807,CGW,XL,71660536044
WA807,CGW,XS,71660536047
WA807,EBW,2XL,71660536048
WC626,DESL,2XL,71660536091
WC626,DESL,3XL,71660536092
WC626,DESL,L,71660536093
WC626,DESL,M,71660536094
WC626,DESL,S,71660536095
WC626,DESL,XL,71660536096
WC273A,FMRD,S,71660536112
WC273A,FMRD,XL,71660536113
WC273A,FMRD,XS,71660536114
WC273A,HESL,2XL,71660536115
WC273A,HESL,3XL,71660536116
WC626,DESL,XS,71660536131
WC626,MTMG,2XL,71660536132
WC626,MTMG,3XL,71660536133
WC273A,HESL,L,71660536217
WC273A,HESL,M,71660536218
WC273A,HESL,S,71660536219
WMPEBW3C22,ASST,ASST,71660536380
77959,NAVW,L,71660536659
77959,NAVW,M,71660536660
77959,NAVW,S,71660536661
77959,NAVW,XL,71660536662
77959,ROYW,XS,71660536663
77959,ROYW,2XL,71660536664
77959,ROYW,L,71660536665
77959,ROYW,M,71660536666
77959,ROYW,S,71660536675
77959,ROYW,XL,71660536676
77959,WINW,XS,71660536677
77959,WINW,2XL,71660536678
77959,WINW,L,71660536679
77959,WINW,M,71660536680
77959,WINW,S,71660536681
77959,WINW,XL,71660536682
77959,CIEW,XS,71660536683
77959,CIEW,2XL,71660536684
77959,CIEW,L,71660536685
77959,CIEW,M,71660536686
77959,CIEW,S,71660536687
77959,CIEW,XL,71660536688
77959,CARW,XS,71660536689
77959,CARW,2XL,71660536690
77959,CARW,L,71660536693
77959,CARW,M,71660536694
7020,RIWM,2XL,71660536701
7020,RIWM,3XL,71660536702
WA807,EBW,L,71660536705
WA807,EBW,M,71660536706
WA807,EBW,S,71660536707
WA807,EBW,XL,71660536709
WA807,EBW,XS,71660536710
77959,CARW,S,71660536721
77959,CARW,XL,71660536722
SWEETPEA,WHT,10,71660536872
SWEETPEA,WHT,11,71660536873
SWEETPEA,WHT,5H,71660536875
SWEETPEA,WHT,6,71660536876
SWEETPEA,WHT,6H,71660536877
SWEETPEA,WHT,7,71660536878
77942,CHCB,M,71660537364
77942,CHCB,S,71660537365
WM241C9,HTML,ASST,71660537519
WM241C18,HTML,ASST,71660537520
WM734X10C18,HLWN,ASST,71660537521
WM734X10C9,HLWN,ASST,71660537522
WD012,RWWM,S,71660537736
WD012,RWWM,XL,71660537737
WD012,RWWM,XS,71660537738
WM214,IND,2XL,71660537807
97630,PHOT,3XL,71660538044
77958,WHTD,2XL,71660538202
77958,WHTD,L,71660538215
77958,WHTD,M,71660538216
77958,WHTD,S,71660538217
77958,WHTD,XL,71660538224
77958,WHTD,XS,71660538225
77957,WHTD,2XL,71660538226
77957,WHTD,L,71660538227
77957,WHTD,M,71660538228
77957,WHTD,S,71660538229
77957,WHTD,XL,71660538233
77957,WHTD,XS,71660538234
77957,BLKW,2XL,71660538235
77957,BLKW,L,71660538236
77957,BLKW,M,71660538237
77957,BLKW,S,71660538238
77957,BLKW,XL,71660538239
77957,BLKW,XS,71660538240
77957,NAVW,2XL,71660538248
77957,NAVW,L,71660538249
77957,NAVW,M,71660538250
77957,NAVW,S,71660538269
77957,NAVW,XL,71660538270
77957,NAVW,XS,71660538271
77957,TRQW,2XL,71660538275
77957,TRQW,L,71660538276
77957,TRQW,M,71660538277
77957,TRQW,S,71660538284
77957,TRQW,XL,71660538285
77957,TRQW,XS,71660538286
77957,CARW,2XL,71660538296
77957,CARW,L,71660538297
77957,CARW,M,71660538298
77957,CARW,S,71660538317
77957,CARW,XL,71660538318
77957,CARW,XS,71660538319
77957,GRPW,2XL,71660538320
77957,GRPW,L,71660538321
77957,GRPW,M,71660538322
77957,GRPW,S,71660538327
77957,GRPW,XL,71660538328
77957,GRPW,XS,71660538329
77957,CIEW,2XL,71660538330
77957,CIEW,L,71660538331
77957,CIEW,M,71660538341
77957,CIEW,S,71660538342
77957,CIEW,XL,71660538343
77957,CIEW,XS,71660538350
77957,REDW,2XL,71660538351
77957,REDW,L,71660538352
77957,REDW,M,71660538359
77957,REDW,S,71660538360
77957,REDW,XL,71660538361
77957,REDW,XS,71660538362
77957,PWTW,2XL,71660538363
77957,PWTW,L,71660538364
97630,SWOK,2XL,71660538373
77957,PWTW,M,71660538379
77957,PWTW,S,71660538380
77957,PWTW,XL,71660538389
77957,PWTW,XS,71660538390
77957,ROYW,2XL,71660538391
77957,ROYW,L,71660538395
77957,ROYW,M,71660538396
77957,ROYW,S,71660538397
77957,ROYW,XL,71660538416
77957,ROYW,XS,71660538417
77963,BXCH,2XL,71660538418
77955,TRQB,XS,71660538425
97630C9,DPDP,ASST,71660538426
97630,MKWD,2XL,71660538427
97630,MKWD,3XL,71660538443
97630,MKWD,L,71660538444
97630,MKWD,M,71660538445
97630,MKWD,S,71660538446
97630,MKWD,XL,71660538447
97630,MKWD,XS,71660538448
97630,PNAZ,2XL,71660538452
97630,PNAZ,3XL,71660538453
97630,PNAZ,L,71660538454
97630,PNAZ,M,71660538467
97917,RTLE,XL,71660538468
97917,RTLE,XS,71660538469
97917,CAAG,2XL,71660538476
97917,CAAG,3XL,71660538477
97917,CAAG,L,71660538478
97917,CAAG,M,71660538488
97917,CAAG,S,71660538489
97917,CAAG,XL,71660538490
97917,CAAG,XS,71660538497
97917,PWPE,2XL,71660538498
97917,PWPE,3XL,71660538499
97917,PWPE,L,71660538500
97917,PWPE,M,71660538501
97917,PWPE,S,71660538502
97917,PWPE,XL,71660538512
97917,PWPE,XS,71660538513
97917,SOWD,2XL,71660538514
97917,SOWD,3XL,71660538515
97917,SOWD,L,71660538516
97917,SOWD,M,71660538517
97917,SOWD,S,71660538524
97917,SOWD,XL,71660538525
97917,SOWD,XS,71660538526
97917,GFBT,2XL,71660538548
97917,GFBT,3XL,71660538549
97630,PHOT,L,71660538629
77960,ROYW,XL,71660538638
77960,ROYW,XS,71660538639
77960,CARW,2XL,71660538640
77960,CARW,L,71660538650
77960,CARW,M,71660538651
77960,CARW,S,71660538652
77960,CARW,XL,71660538659
77960,CARW,XS,71660538660
77960,KAKW,2XL,71660538661
WM226,DIWM,S,71660538677
WM226,DIWM,XL,71660538678
WM226,DIWM,XS,71660538679
77960,KAKW,L,71660538680
77960,KAKW,M,71660538681
77960,KAKW,S,71660538682
77960,KAKW,XL,71660538701
77960,KAKW,XS,71660538702
77960,CIEW,2XL,71660538703
97630,PHOT,M,71660538705
77960,CIEW,L,71660538710
77960,CIEW,M,71660538711
77960,CIEW,S,71660538712
77960,CIEW,XL,71660538746
77960,CIEW,XS,71660538747
97630,PHOT,S,71660538793
77960,WINW,2XL,71660538812
77960,WINW,L,71660538813
77960,WINW,M,71660538814
77960,WINW,S,71660538818
77960,WINW,XL,71660538819
77960,WINW,XS,71660538820
WM226,PUWM,2XL,71660538827
WM226,PUWM,L,71660538828
7009,EGWM,XS,71660538869
WA701X5,MNOT,2XL,71660538986
WA701X5,MNOT,3XL,71660539058
WA701X5,MNOT,L,71660539059
WA701X5,MNOT,M,71660539062
WA701X5,MNOT,S,71660539063
WA701X5,MNOT,XL,71660539065
WA701X5,MNOT,XS,71660539066
97630,PHOT,XL,71660539262
97630,PHOT,XS,71660539263
97630,DCCU,2XL,71660539264
97630,DCCU,3XL,71660539358
97630,DCCU,L,71660539359
WM050,WHT,XL,71660539369
7966,FUDL,2XL,71660539453
WM050,WHT,XS,71660539477
WD020,KIW,M,71660539912
WD020,KIW,S,71660539913
WD020,KIW,XL,71660539914
WD020,KIW,XS,71660539992
WD020,TRWM,2XL,71660539993
WD020,TRWM,3XL,71660539994
WD020,TRWM,L,71660539995
WC226,CLRE,XS,71660540126
WC226,BIZB,2XL,71660540127
WC226,BIZB,3XL,71660540128
WC226,BIZB,L,71660540129
WM730X5,SEIB,L,71660540130
WM730X5,SEIB,M,71660540131
WM730X5,SEIB,S,71660540139
WM730X5,SEIB,XL,71660540140
WD020,TRWM,M,71660540339
WD020,TRWM,S,71660540340
WD020,TRWM,XL,71660540342
WM729X5,AICH,XL,71660540361
WM729X5,PLAP,2XL,71660540362
WM729X5,PLAP,3XL,71660540363
WM729X5,PLAP,L,71660540364
WM729X5,PLAP,M,71660540365
WM729X5,PLAP,S,71660540366
WM729X5,PLAP,XL,71660540367
WM730X5,SEIB,2XL,71660540368
MERCURY,WHT,5,71660540374
MERCURY,WHT,5H,71660540375
WM730X5,SEIB,3XL,71660540376
WMPWHW3C22,ASST,ASST,71660540377
90034,WMWM,L,71660540391
90034,WMWM,M,71660540392
90034,WMWM,S,71660540393
90034,WMWM,XL,71660540394
90034P,WMWM,2XL,71660540395
90034P,WMWM,3XL,71660540396
WD020,TRWM,XS,71660540411
WD020,WIWM,2XL,71660540412
WD020,WIWM,3XL,71660540413
WM958,BLK,2XL,71660540641
WD020,WIWM,L,71660540693
WM226,PUWM,M,71660540708
WD020,WIWM,M,71660540754
WD020,WIWM,S,71660540759
WM842,EGG,S,71660540772
WM842,EGG,XL,71660540774
WM731X5,CSTE,2XL,71660540818
WM731X5,CSTE,3XL,71660540819
WM731X5,CSTE,L,71660540820
WM731X5,CSTE,M,71660540835
WM731X5,CSTE,S,71660540836
WM731X5,CSTE,XL,71660540837
WM226,PUWM,S,71660541065
WD020,WIWM,XL,71660541070
WD020,WIWM,XS,71660541210
WD026,PWT,XS,71660541247
WD025,DPFU,2XL,71660541248
WD025,DPFU,3XL,71660541249
WD025,DPFU,L,71660541250
WD025,DPFU,M,71660541251
WD820,BRAL,2XL,71660541273
97878,RAWM,L,71660541276
WD025,DPFU,S,71660541280
WD025,DPFU,XL,71660541281
WD025,DPFU,XS,71660541282
WD025,MLGL,2XL,71660541283
WD025,MLGL,3XL,71660541284
WD025,MLGL,L,71660541285
WD025,MLGL,M,71660541286
WD025,MLGL,S,71660541288
WD025,MLGL,XL,71660541304
WD025,MLGL,XS,71660541305
WD025,PWT,2XL,71660541306
WD025,PWT,3XL,71660541307
WD025,PWT,L,71660541308
WD025,PWT,M,71660541309
WD025,PWT,S,71660541310
WD025,PWT,XL,71660541332
WD025,PWT,XS,71660541333
WM728X5C11,ALEE,ASST,71660541383
WM728X5C7,NCTD,ASST,71660541384
WM729X5C11,AATC,ASST,71660541385
WM729X5C7,AATC,ASST,71660541386
WM729X5C11,WMBA,ASST,71660541387
WM729X5C7,WMBA,ASST,71660541388
7930,SQAW,XL,71660541475
7930,SQAW,XS,71660541476
7930,AFFT,2XL,71660541477
7930,AFFT,3XL,71660541478
7930,AFFT,L,71660541479
7930,AFFT,M,71660541480
7930,AFFT,S,71660541481
7930,AFFT,XL,71660541482
7930,AFFT,XS,71660541483
7930,GNGD,2XL,71660541484
7930,GNGD,3XL,71660541485
7930,GNGD,L,71660541486
7930,GNGD,M,71660541499
7930,GNGD,S,71660541500
7930,GNGD,XL,71660541501
7930,GNGD,XS,71660541508
7804,TBXD,2XL,71660541509
7804,TBXD,3XL,71660541510
7804,TBXD,L,71660541528
7804,TBXD,M,71660541535
7804,TBXD,S,71660541536
7804,TBXD,XL,71660541537
7804,TBXD,XS,71660541538
7843,DATS,2XL,71660541539
7843,DATS,3XL,71660541540
7843,DATS,L,71660541541
7843,DATS,M,71660541542
7843,DATS,S,71660541543
7843,DATS,XL,71660541544
7843,DATS,XS,71660541545
7815,LTOD,2XL,71660541546
7815,LTOD,3XL,71660541547
7815,LTOD,L,71660541548
7815,LTOD,M,71660541549
7815,LTOD,S,71660541550
7815,LTOD,XL,71660541551
7815,LTOD,XS,71660541552
7966,ITAT,2XL,71660541553
WM729X5,FLCZ,2XL,71660541579
WM729X5,FLCZ,3XL,71660541580
WM729X5,FLCZ,L,71660541581
WM729X5,FLCZ,M,71660541582
WM049,BLK,2XL,71660541618
WM842,HUN,3XL,71660541767
WM842,HUN,L,71660541768
WM842,HUN,M,71660542177
WM842,HUN,S,71660542178
WM842,HUN,XL,71660542179
WM842,IND,2XL,71660542180
WM842,IND,3XL,71660542181
WM617,IND,L,71660542247
WM226,PUWM,XL,71660542252
WM226,PUWM,XS,71660542253
SWEETPEA,WHT,7H,71660542376
SWEETPEA,WHT,8,71660542377
SWEETPEA,WHT,8H,71660542378
SWEETPEA,WHT,9,71660542379
SWEETPEA,WHT,9H,71660542380
77959,KAKW,XS,71660542381
77959,KAKW,2XL,71660542382
77959,KAKW,L,71660542383
77959,KAKW,M,71660542384
77959,KAKW,S,71660542385
77959,KAKW,XL,71660542386
77960,BLKW,2XL,71660542387
WM731X5,PAFB,3XL,71660542391
WM731X5,PAFB,L,71660542392
WM731X5,PAFB,M,71660542393
WM731X5,PAFB,S,71660542394
WM617,IND,M,71660542405
77960,BLKW,L,71660542409
77944,CHCB,XL,71660542410
77944,CHCB,XS,71660542411
77945,PAWM,2XL,71660542412
77945,PAWM,3XL,71660542413
77945,PAWM,L,71660542414
77945,PAWM,M,71660542415
77945,PAWM,S,71660542416
77945,PAWM,XL,71660542417
77945,PAWM,XS,71660542418
77945,RFWM,2XL,71660542419
77945,RFWM,3XL,71660542420
77945,RFWM,L,71660542421
77945,RFWM,M,71660542422
77945,RFWM,S,71660542423
WM731X5,PAFB,XL,71660542431
90031,BMWM,2XL,71660542446
WM731X5,LOSH,2XL,71660542456
WM731X5,LOSH,3XL,71660542457
WC018,IND,XS,71660542473
77954,BLKB,2XL,71660542511
77954,BLKB,3XL,71660542512
77954,BLKB,L,71660542513
77954,BLKB,M,71660542514
77954,BLKB,S,71660542523
77954,BLKB,XL,71660542524
77954,BLKB,XS,71660542525
77954,WNEB,2XL,71660542526
77954,WNEB,3XL,71660542527
77954,WNEB,L,71660542528
77954,WNEB,M,71660542529
WM731X5,LOSH,L,71660542531
WM731X5,LOSH,M,71660542532
WM731X5,LOSH,S,71660542533
WM731X5,LOSH,XL,71660542534
WM731X5,FLSO,2XL,71660542535
77954,WNEB,S,71660542537
77954,WNEB,XL,71660542538
77954,WNEB,XS,71660542539
77954,SHPB,2XL,71660542540
77954,SHPB,3XL,71660542541
77954,SHPB,L,71660542542
77954,SHPB,M,71660542543
77954,SHPB,S,71660542567
WM958,BLK,3XL,71660542583
77954,SHPB,XL,71660542584
77954,SHPB,XS,71660542585
77954,TRQB,2XL,71660542586
77954,TRQB,3XL,71660542587
77954,TRQB,L,71660542588
77954,TRQB,M,71660542589
77954,TRQB,S,71660542590
77954,TRQB,XL,71660542591
77954,TRQB,XS,71660542592
77955,BLKB,2XL,71660542593
77955,BLKB,3XL,71660542594
77955,BLKB,L,71660542595
77955,BLKB,M,71660542596
77955,BLKB,S,71660542597
77955,BLKB,XL,71660542598
77955,BLKB,XS,71660542599
WM842,IND,L,71660542617
WM842,IND,M,71660542618
WM842,IND,S,71660542620
WM842,IND,XL,71660542621
77955,WNEB,2XL,71660542623
77955,WNEB,3XL,71660542624
77955,WNEB,L,71660542625
WD820,BRAL,L,71660542657
77955,WNEB,M,71660542708
77955,WNEB,S,71660542709
77955,WNEB,XL,71660542710
77955,WNEB,XS,71660542711
77955,SHPB,2XL,71660542713
77955,SHPB,3XL,71660542742
77942,CHCB,XL,71660542743
WD820,BRAL,M,71660542750
77942,CHCB,XS,71660542752
77943,CHCB,2XL,71660542754
77943,CHCB,3XL,71660542755
77943,CHCB,L,71660542756
77943,CHCB,M,71660542757
77943,CHCB,S,71660542758
77943,CHCB,XL,71660542759
77943,CHCB,XS,71660542760
77944,CHCB,2XL,71660542761
WD820,BRAL,S,71660542762
WD820,BRAL,XL,71660542763
77944,CHCB,3XL,71660542790
77944,CHCB,L,71660542791
77944,CHCB,M,71660542792
77945,RFWM,XL,71660542793
77945,RFWM,XS,71660542794
77946,PAWM,2XL,71660542795
77946,PAWM,3XL,71660542796
77946,PAWM,L,71660542797
77946,PAWM,M,71660542798
77946,PAWM,S,71660542802
77946,PAWM,XL,71660542803
77946,PAWM,XS,71660542804
77946,RFWM,2XL,71660542808
77946,RFWM,3XL,71660542809
77946,RFWM,L,71660542810
77946,RFWM,M,71660542811
77946,RFWM,S,71660542812
77946,RFWM,XL,71660542813
77946,RFWM,XS,71660542817
WM958,BLK,L,71660543004
WM958,BLK,M,71660543005
97630,DCCU,XS,71660543010
WM958,BLK,S,71660543096
WM958,BLK,XL,71660543097
WM958,BLK,XS,71660543098
WM958,EBW,2XL,71660543132
WM958,EBW,3XL,71660543133
WM958,EBW,L,71660543134
WM958,EBW,M,71660543159
WM958,EBW,S,71660543160
WM958,EBW,XL,71660543161
WM842,TRQ,2XL,71660543165
WM842,TRQ,3XL,71660543166
WM842,TRQ,L,71660543167
WM958,EBW,XS,71660543174
WM958,IND,2XL,71660543175
WM958,IND,3XL,71660543176
WM958,IND,L,71660543260
WM958,IND,M,71660543261
WM958,IND,S,71660543262
WM842,TRQ,M,71660543320
WM842,TRQ,S,71660543321
WM958,IND,XL,71660543347
WM958,IND,XS,71660543348
WM958,PWT,2XL,71660543349
97157,RAWM,3XL,71660543358
97157,RAWM,L,71660543387
97630,SYST,2XL,71660543410
97630,SYST,3XL,71660543411
97630,SYST,L,71660543412
97630,SYST,M,71660543440
97630,SYST,S,71660543441
97630,SYST,XL,71660543442
97630,SYST,XS,71660543509
WM958,PWT,M,71660543635
WM958,PWT,S,71660543636
WM842,TRQ,XL,71660543791
WM842,WIN,2XL,71660543792
WM958,PWT,XL,71660543831
WM958,PWT,XS,71660543832
97917,GFBT,L,71660543880
97917,GFBT,M,71660543881
97917,GFBT,S,71660543882
97917,GFBT,XL,71660543883
97917,GFBT,XS,71660543884
97917,PTPA,2XL,71660543919
97917,PTPA,3XL,71660543920
97917,PTPA,L,71660543921
97917,PTPA,M,71660543922
97917,PTPA,S,71660543923
97917,PTPA,XL,71660543924
97917,PTPA,XS,71660543925
97917,HOTL,2XL,71660543926
97917,HOTL,3XL,71660543927
97917,HOTL,L,71660543928
97917,HOTL,M,71660543929
97917,HOTL,S,71660543930
97917,HOTL,XL,71660543939
97917,HOTL,XS,71660543940
97917,MLBG,2XL,71660543941
97917,MLBG,3XL,71660543942
97917,MLBG,L,71660543943
97917,MLBG,M,71660543944
97917,MLBG,S,71660543945
97917,MLBG,XL,71660543946
97917,MLBG,XS,71660543951
97919,DBSQ,2XL,71660543952
97919,DBSQ,3XL,71660543953
97919,DBSQ,L,71660543954
97919,DBSQ,M,71660543955
97919,DBSQ,S,71660543956
97919,DBSQ,XL,71660543957
97919,DBSQ,XS,71660543958
97919,FIFE,2XL,71660543959
97919,FIFE,3XL,71660543960
97919,FIFE,L,71660543961
97919,FIFE,M,71660543962
97919,FIFE,S,71660543977
97919,FIFE,XL,71660544011
97919,FIFE,XS,71660544012
97916,STFW,2XL,71660544029
97916,STFW,3XL,71660544030
97916,STFW,L,71660544031
97916,STFW,M,71660544032
97916,STFW,S,71660544049
97916,STFW,XL,71660544050
97916,STFW,XS,71660544051
97877,CIWM,2XL,71660544052
97877,CIWM,3XL,71660544053
97877,CIWM,L,71660544054
97877,CIWM,M,71660544055
97877,CIWM,S,71660544056
97877,CIWM,XL,71660544057
97877,CIWM,XS,71660544079
97877,RAWM,2XL,71660544080
97630,DMWC,2XL,71660544081
97630,DMWC,3XL,71660544082
7930,DTLV,2XL,71660544089
7930,DTLV,L,71660544091
7930,DTLV,M,71660544092
97877,RAWM,3XL,71660544094
97877,RAWM,L,71660544095
97877,RAWM,M,71660544096
97877,RAWM,S,71660544097
97877,RAWM,XL,71660544098
97877,RAWM,XS,71660544099
97156,CIWM,2XL,71660544100
97156,CIWM,3XL,71660544101
97156,CIWM,L,71660544102
97156,CIWM,M,71660544103
97156,CIWM,S,71660544104
97156,CIWM,XL,71660544105
97156,CIWM,XS,71660544106
97156,RAWM,2XL,71660544107
97156,RAWM,3XL,71660544108
97156,RAWM,L,71660544109
97156,RAWM,M,71660544110
97156,RAWM,S,71660544111
7930,DTLV,S,71660544127
7930,DTLV,XL,71660544128
7930,DTLV,XS,71660544129
WC681A,FMRD,L,71660544292
WC681A,FMRD,M,71660544295
WC681A,FMRD,S,71660544296
WC681A,FMRD,XL,71660544297
WC681A,FMRD,XS,71660544298
WC681A,HESL,2XL,71660544299
WC681A,HESL,3XL,71660544300
WC681A,HESL,L,71660544301
WC681A,HESL,M,71660544302
WC681A,HESL,S,71660544303
WC681A,HESL,XL,71660544304
WC681A,HESL,XS,71660544321
WC728,LHOW,2XL,71660544322
WC728,LHOW,3XL,71660544331
WC728,LHOW,L,71660544332
WC728,LHOW,M,71660544357
WM150,BLK,2XL,71660544473
WM150,BLK,3XL,71660544474
WM150,BLK,L,71660544475
WM150,BLK,M,71660544476
WM150,BLK,S,71660544477
WM150,BLK,XL,71660544478
WM842,WIN,3XL,71660544787
WM842,WIN,L,71660544788
WM150,BLK,XS,71660544851
WM150,EBW,2XL,71660544853
97157,RAWM,S,71660545099
7966,FUDL,3XL,71660545315
7966,FUDL,L,71660545316
7966,FUDL,M,71660545317
7966,FUDL,S,71660545318
WM150,EBW,L,71660545429
7966,FUDL,XL,71660545440
7966,FUDL,XS,71660545444
7966,DRMW,2XL,71660545445
7966,DRMW,3XL,71660545446
7966,DRMW,L,71660545450
7966,DRMW,M,71660545451
7966,DRMW,S,71660545452
7966,DRMW,XL,71660545453
7966,DRMW,XS,71660545454
7930,SQAW,2XL,71660545455
7930,SQAW,3XL,71660545465
7930,SQAW,L,71660545466
7930,SQAW,M,71660545467
7930,SQAW,S,71660545468
WD018,GAB,S,71660545596
WD018,GAB,XL,71660545631
WD018,GAB,XS,71660545632
WD018,NAV,2XL,71660545663
WD018,NAV,3XL,71660545664
WD018,NAV,L,71660545665
WD018,NAV,M,71660545666
WM150,EBW,M,71660545766
WM150,EBW,S,71660545767
WM150,EBW,XL,71660545768
CHARISMA,WHT,6,71660545838
WM842,HUN,2XL,71660545861
97630,PHHD,XL,71660545904
97630,PHHD,XS,71660545905
97920C12,TRRE,ASST,71660545906
77963,BXCH,3XL,71660545967
77963,BXCH,L,71660545968
77963,BXCH,M,71660545969
77963,BXCH,S,71660545978
77963,BXCH,XL,71660545979
77963,BXCH,XS,71660545980
77963,PWCH,2XL,71660545981
77963,PWCH,3XL,71660545982
77963,PWCH,L,71660545983
77963,PWCH,M,71660545984
77963,PWCH,S,71660545985
77963,PWCH,XL,71660545986
77963,PWCH,XS,71660545987
77963,PLCH,2XL,71660545988
77963,PLCH,3XL,71660545989
77963,PLCH,L,71660545994
77963,PLCH,M,71660545995
77963,PLCH,S,71660545996
77963,PLCH,XL,71660545997
77963,PLCH,XS,71660546002
77963,CFCH,2XL,71660546003
77963,CFCH,3XL,71660546004
WM730X5,TSAT,2XL,71660546005
WM150,EBW,XS,71660546019
WM730X5,TSAT,3XL,71660546030
WM730X5,TSAT,L,71660546031
7930,BTFG,2XL,71660546042
7930,BTFG,3XL,71660546043
7930,BTFG,L,71660546044
7930,BTFG,M,71660546059
7930,BTFG,S,71660546060
7930,BTFG,XL,71660546068
7930,BTFG,XS,71660546069
7930,DZGO,2XL,71660546070
WM730X5,TSAT,M,71660546073
WM730X5,TSAT,S,71660546077
7930,DZGO,3XL,71660546092
7930,DZGO,L,71660546093
7930,DZGO,M,71660546094
WM730X5,TSAT,XL,71660546098
WM728X5,ALEE,2XL,71660546099
WM728X5,ALEE,3XL,71660546100
WM728X5,ALEE,L,71660546101
WM728X5,ALEE,S,71660546103
7930,DZGO,S,71660546110
7930,DZGO,XL,71660546111
7930,DZGO,XS,71660546112
WM728X5,ALEE,XL,71660546113
WM728X5,NCTD,2XL,71660546114
WM728X5,NCTD,3XL,71660546115
WM728X5,NCTD,L,71660546116
WM728X5,NCTD,M,71660546117
WM728X5,NCTD,S,71660546118
7930,CSCT,2XL,71660546152
7930,CSCT,3XL,71660546153
7930,CSCT,L,71660546154
7930,CSCT,M,71660546167
7930,CSCT,S,71660546168
7930,CSCT,XL,71660546169
WMTIB2C14,ASST,ASST,71660546185
WMPIB3C22,ASST,ASST,71660546186
WMPIB4C22,ASST,ASST,71660546187
7930,CSCT,XS,71660546190
WMPIB5C10,ASST,ASST,71660546194
7936,WLPT,2XL,71660546195
7936,WLPT,3XL,71660546196
7936,WLPT,L,71660546197
7936,WLPT,M,71660546198
7936,WLPT,S,71660546199
7936,WLPT,XL,71660546209
7936,WLPT,XS,71660546210
7833,MKIM,2XL,71660546211
7833,MKIM,3XL,71660546212
7833,MKIM,L,71660546213
7833,MKIM,M,71660546214
7833,MKIM,S,71660546221
7833,MKIM,XL,71660546222
7833,MKIM,XS,71660546223
7804,BAWB,2XL,71660546227
7804,BAWB,3XL,71660546228
7804,BAWB,L,71660546229
7804,BAWB,M,71660546230
7804,BAWB,S,71660546231
7804,BAWB,XL,71660546232
7804,BAWB,XS,71660546233
7813,DAJU,2XL,71660546234
7813,DAJU,3XL,71660546235
7813,DAJU,L,71660546239
7813,DAJU,M,71660546240
7813,DAJU,S,71660546241
7813,DAJU,XL,71660546244
7813,DAJU,XS,71660546245
7926,HTGT,2XL,71660546246
7926,HTGT,3XL,71660546247
7926,HTGT,L,71660546254
7926,HTGT,M,71660546263
7926,HTGT,S,71660546264
7926,HTGT,XL,71660546265
WMTGEB1C22,ASST,ASST,71660546266
WMTGEB2C14,ASST,ASST,71660546267
WMPGEB3C22,ASST,ASST,71660546268
7926,HTGT,XS,71660546275
7837,PNLP,2XL,71660546276
7837,PNLP,3XL,71660546277
7837,PNLP,L,71660546281
7837,PNLP,M,71660546282
7837,PNLP,S,71660546283
7837,PNLP,XL,71660546287
7837,PNLP,XS,71660546288
7813,TBKA,2XL,71660546289
7813,TBKA,3XL,71660546290
7813,TBKA,L,71660546291
7813,TBKA,M,71660546292
7813,TBKA,S,71660546299
7813,TBKA,XL,71660546300
7813,TBKA,XS,71660546301
7926,MTMD,2XL,71660546302
7926,MTMD,3XL,71660546303
7926,MTMD,L,71660546304
7926,MTMD,M,71660546305
7926,MTMD,S,71660546306
7926,MTMD,XL,71660546307
7926,MTMD,XS,71660546308
7813,NCDD,2XL,71660546309
7813,NCDD,3XL,71660546310
7813,NCDD,L,71660546323
7813,NCDD,M,71660546324
7813,NCDD,S,71660546325
7813,NCDD,XL,71660546329
7813,NCDD,XS,71660546330
7804,MKMU,2XL,71660546331
7804,MKMU,3XL,71660546335
7804,MKMU,L,71660546336
7804,MKMU,M,71660546337
7804,MKMU,S,71660546341
7804,MKMU,XL,71660546342
7804,MKMU,XS,71660546343
7932,HRHP,2XL,71660546359
7932,HRHP,3XL,71660546360
7932,HRHP,L,71660546361
7932,HRHP,M,71660546362
7932,HRHP,S,71660546363
7932,HRHP,XL,71660546364
7932,HRHP,XS,71660546383
7926,POLP,2XL,71660546384
7926,POLP,3XL,71660546385
7926,POLP,L,71660546389
7926,POLP,M,71660546390
7926,POLP,S,71660546391
7926,POLP,XL,71660546400
WC720X5,CEUN,2XL,71660546404
WC720X5,CEUN,3XL,71660546405
WC720X5,CEUN,L,71660546406
77964,TLCH,M,71660546410
77964,TLCH,S,71660546411
77964,TLCH,XL,71660546412
7926,POLP,XS,71660546431
7926,CLSN,2XL,71660546432
7926,CLSN,3XL,71660546433
7926,CLSN,L,71660546434
7926,CLSN,M,71660546435
7926,CLSN,S,71660546436
7926,CLSN,XL,71660546440
7926,CLSN,XS,71660546441
7804,MKWR,2XL,71660546442
7804,MKWR,3XL,71660546443
7804,MKWR,L,71660546444
7804,MKWR,M,71660546445
7804,MKWR,S,71660546458
7804,MKWR,XL,71660546459
7804,MKWR,XS,71660546460
7926,HOFN,2XL,71660546461
7926,HOFN,3XL,71660546476
7926,HOFN,L,71660546477
7926,HOFN,M,71660546478
7926,HOFN,S,71660546479
7926,HOFN,XL,71660546480
7926,HOFN,XS,71660546481
7815,RUTO,2XL,71660546482
7815,RUTO,3XL,71660546483
7815,RUTO,L,71660546484
7815,RUTO,M,71660546494
7815,RUTO,S,71660546495
7815,RUTO,XL,71660546496
7815,RUTO,XS,71660546515
7806,SEYO,2XL,71660546516
7806,SEYO,3XL,71660546517
7806,SEYO,L,71660546521
7806,SEYO,M,71660546522
7806,SEYO,S,71660546523
7806,SEYO,XL,71660546528
7806,SEYO,XS,71660546529
77960,PWTW,XS,71660546540
77960,PWTW,2XL,71660546541
77960,PWTW,L,71660546545
77960,PWTW,M,71660546546
77960,PWTW,S,71660546547
77960,PWTW,XL,71660546551
77959,PWTW,XS,71660546552
77959,PWTW,2XL,71660546553
77959,PWTW,L,71660546554
77959,PWTW,M,71660546555
77959,PWTW,S,71660546556
77959,PWTW,XL,71660546557
77959,BLKW,XS,71660546558
77959,BLKW,2XL,71660546559
7804,ACAL,2XL,71660546564
7804,ACAL,3XL,71660546565
7804,ACAL,L,71660546566
7804,ACAL,M,71660546567
7804,ACAL,S,71660546568
7804,ACAL,XL,71660546569
7804,ACAL,XS,71660546570
7925,PARP,2XL,71660546571
77959,BLKW,L,71660546581
77959,BLKW,M,71660546582
77959,BLKW,S,71660546583
77959,BLKW,XL,71660546584
77959,NAVW,XS,71660546585
77959,NAVW,2XL,71660546586
7925,PARP,3XL,71660546590
7925,PARP,L,71660546591
7925,PARP,M,71660546592
7925,PARP,S,71660546596
7925,PARP,XL,71660546602
7925,PARP,XS,71660546603
7709,LAWC,2XL,71660546604
7709,LAWC,3XL,71660546608
7709,LAWC,L,71660546609
7709,LAWC,M,71660546610
7709,LAWC,S,71660546612
7709,LAWC,XL,71660546613
7709,LAWC,XS,71660546614
7709,FGWC,2XL,71660546615
7709,FGWC,3XL,71660546616
7709,FGWC,L,71660546620
7709,FGWC,M,71660546623
7709,FGWC,S,71660546624
7709,FGWC,XL,71660546625
7709,FGWC,XS,71660546626
7709,VGWC,2XL,71660546627
7709,VGWC,3XL,71660546628
7709,VGWC,L,71660546632
7709,VGWC,M,71660546635
7709,VGWC,S,71660546636
7709,VGWC,XL,71660546638
7709,VGWC,XS,71660546639
7709,TRWC,2XL,71660546640
7709,TRWC,3XL,71660546641
7709,TRWC,L,71660546642
7709,TRWC,M,71660546643
7709,TRWC,S,71660546644
7709,TRWC,XL,71660546645
7709,TRWC,XS,71660546646
7012,LAWC,2XL,71660546650
7012,LAWC,3XL,71660546668
7012,LAWC,L,71660546669
7012,LAWC,M,71660546670
7012,LAWC,S,71660546671
7012,LAWC,XL,71660546672
7012,LAWC,XS,71660546673
7012,FGWC,2XL,71660546686
7012,FGWC,3XL,71660546687
WC627,BIZB,3XL,71660546690
CHARISMA,WHT,8,71660546691
7012,FGWC,L,71660546695
7012,FGWC,M,71660546696
7012,FGWC,S,71660546697
WM049,BLK,L,71660546698
WM049,BLK,M,71660546699
WM049,BLK,S,71660546700
WC627,BIZB,L,71660546704
WC627,BIZB,M,71660546705
WC627,BIZB,S,71660546706
7012,FGWC,XL,71660546716
7012,FGWC,XS,71660546717
7012,TRWC,2XL,71660546718
7012,TRWC,3XL,71660546719
7012,TRWC,L,71660546720
7012,TRWC,M,71660546721
7012,TRWC,S,71660546722
7012,TRWC,XL,71660546723
7012,TRWC,XS,71660546724
WM049,BLK,XL,71660546743
WM049,CGW,2XL,71660546744
WM049,CGW,3XL,71660546745
7012,VGWC,2XL,71660546749
7012,VGWC,3XL,71660546750
7012,VGWC,L,71660546751
7012,VGWC,M,71660546752
7012,VGWC,S,71660546753
7012,VGWC,XL,71660546754
WM049,CGW,L,71660546756
WM049,CGW,M,71660546757
7012,VGWC,XS,71660546758
WC627,BIZB,XL,71660546761
CHARISMA,WHT,8H,71660546762
WC627,BIZB,XS,71660546763
WM049,CGW,S,71660546767
WM049,CGW,XL,71660546768
WM049,CIE,2XL,71660546769
WM049,CIE,3XL,71660546770
WM049,CIE,L,71660546771
WC627,CLRE,2XL,71660546792
WC627,CLRE,3XL,71660546793
WM049,CIE,M,71660546902
WM049,CIE,S,71660546903
WM049,CIE,XL,71660546904
WM049,EBW,2XL,71660546905
WM049,EBW,3XL,71660546906
77929,WHTC,XS,71660546919
77929,WHTC,2XL,71660546920
77929,WHTC,3XL,71660546921
77929,WHTC,L,71660546922
77929,WHTC,M,71660546923
77929,WHTC,S,71660546924
77929,WHTC,XL,71660546925
77930,WHTC,XS,71660546926
77930,WHTC,2XL,71660546962
77930,WHTC,3XL,71660546963
77930,WHTC,L,71660546964
77930,WHTC,M,71660546965
77930,WHTC,S,71660546966
77930,WHTC,XL,71660547002
77931,WHTC,XS,71660547003
77931,WHTC,2XL,71660547004
77931,WHTC,3XL,71660547005
77931,WHTC,L,71660547006
77931,WHTC,M,71660547007
77931,WHTC,S,71660547008
77931,WHTC,XL,71660547009
77932,WHTC,XS,71660547010
77932,WHTC,2XL,71660547011
77932,WHTC,3XL,71660547017
77932,WHTC,L,71660547018
77932,WHTC,M,71660547019
77932,WHTC,S,71660547020
77932,WHTC,XL,71660547021
77933,EBWM,2XL,71660547032
77933,EBWM,3XL,71660547033
77933,EBWM,L,71660547034
77933,EBWM,M,71660547035
77933,EBWM,S,71660547036
77933,EBWM,XL,71660547047
77933,EBWM,XS,71660547048
77933,INDG,2XL,71660547049
77933,INDG,3XL,71660547050
77933,INDG,L,71660547051
77933,INDG,M,71660547052
77933,INDG,S,71660547053
77933,INDG,XL,71660547054
77933,INDG,XS,71660547055
77933,PWTB,2XL,71660547056
77933,PWTB,3XL,71660547057
77933,PWTB,L,71660547058
77933,PWTB,M,71660547061
77933,PWTB,S,71660547077
77933,PWTB,XL,71660547078
77933,PWTB,XS,71660547079
77933,CIEB,2XL,71660547080
77933,CIEB,3XL,71660547081
77933,CIEB,L,71660547097
77933,CIEB,M,71660547098
77933,CIEB,S,71660547114
77933,CIEB,XL,71660547115
77933,CIEB,XS,71660547116
77933,HUWM,2XL,71660547137
77933,HUWM,3XL,71660547138
77933,HUWM,L,71660547139
77933,HUWM,M,71660547140
77933,HUWM,S,71660547141
77933,HUWM,XL,71660547142
77933,HUWM,XS,71660547143
77933,KAKY,2XL,71660547144
77933,KAKY,3XL,71660547145
77933,KAKY,L,71660547146
77933,KAKY,M,71660547152
77933,KAKY,S,71660547153
77933,KAKY,XL,71660547154
77933,KAKY,XS,71660547155
77933,WIWM,2XL,71660547156
77933,WIWM,3XL,71660547157
77933,WIWM,L,71660547158
77933,WIWM,M,71660547159
77933,WIWM,S,71660547160
77933,WIWM,XL,71660547161
7966,ITAT,3XL,71660547182
7966,ITAT,L,71660547183
7966,ITAT,M,71660547184
7966,ITAT,S,71660547185
7966,ITAT,XL,71660547186
7966,ITAT,XS,71660547187
97532,DMBA,XS,71660547188
97532,DMBA,2XL,71660547189
97532,DMBA,3XL,71660547190
97532,DMBA,L,71660547191
WM049,EBW,L,71660547196
77933,WIWM,XS,71660547197
77933,BKWM,2XL,71660547198
77933,BKWM,3XL,71660547199
77933,BKWM,L,71660547200
77933,BKWM,M,71660547201
97532,DMBA,M,71660547202
97532,DMBA,S,71660547203
97532,DMBA,XL,71660547204
97532,DMSU,XS,71660547205
97532,DMSU,2XL,71660547206
97532,DMSU,3XL,71660547222
97532,DMSU,L,71660547223
97532,DMSU,M,71660547224
97532,DMSU,S,71660547225
97532,DMSU,XL,71660547226
97532,DMWO,XS,71660547227
97532,DMWO,2XL,71660547228
97532,DMWO,3XL,71660547229
97532,DMWO,L,71660547230
97532,DMWO,M,71660547231
97532,DMWO,S,71660547237
97532,DMWO,XL,71660547238
77941,CHCB,2XL,71660547239
77941,CHCB,3XL,71660547240
77941,CHCB,L,71660547241
77933,BKWM,S,71660547242
77933,BKWM,XL,71660547243
77933,BKWM,XS,71660547244
77941,TELB,2XL,71660547245
77941,TELB,3XL,71660547246
77941,TELB,L,71660547247
77941,TELB,M,71660547248
77941,TELB,S,71660547249
77941,TELB,XL,71660547250
77941,TELB,XS,71660547251
77941,CHCB,M,71660547252
77941,CHCB,S,71660547253
77941,CHCB,XL,71660547254
77941,CHCB,XS,71660547255
77942,CHCB,2XL,71660547256
77942,CHCB,3XL,71660547257
77942,CHCB,L,71660547258
77941,GRPB,2XL,71660547267
77941,GRPB,3XL,71660547268
77941,GRPB,L,71660547269
77941,GRPB,M,71660547270
77941,GRPB,S,71660547271
77941,GRPB,XL,71660547272
77941,GRPB,XS,71660547273
77941,CABB,2XL,71660547274
77941,CABB,3XL,71660547275
77941,CABB,L,71660547276
77941,CABB,M,71660547277
77941,CABB,S,71660547278
77941,CABB,XL,71660547279
77941,CABB,XS,71660547280
77941,CIEB,2XL,71660547281
77941,CIEB,3XL,71660547287
77941,CIEB,L,71660547288
77941,CIEB,M,71660547289
77941,CIEB,S,71660547290
77941,CIEB,XL,71660547291
77941,CIEB,XS,71660547307
77941,HUWM,2XL,71660547308
77941,HUWM,3XL,71660547309
77941,HUWM,L,71660547310
77941,HUWM,M,71660547311
77941,HUWM,S,71660547317
77941,HUWM,XL,71660547318
77941,HUWM,XS,71660547319
77941,SPSS,2XL,71660547320
77941,SPSS,3XL,71660547326
77941,SPSS,L,71660547327
77941,SPSS,M,71660547328
77941,SPSS,S,71660547329
77941,SPSS,XL,71660547330
77941,SPSS,XS,71660547333
77941,TRWM,2XL,71660547334
77941,TRWM,3XL,71660547335
77941,TRWM,L,71660547351
77941,TRWM,M,71660547352
77941,TRWM,S,71660547353
77941,TRWM,XL,71660547354
77941,TRWM,XS,71660547355
77941,INDG,2XL,71660547356
77941,INDG,3XL,71660547357
77941,INDG,L,71660547358
77941,INDG,M,71660547359
77941,INDG,S,71660547360
77941,INDG,XL,71660547361
77941,INDG,XS,71660547362
77941,BKWM,2XL,71660547363
77941,BKWM,3XL,71660547364
77941,BKWM,L,71660547365
77941,BKWM,M,71660547376
77941,BKWM,S,71660547377
77941,BKWM,XL,71660547378
77941,BKWM,XS,71660547379
77937,EBWM,2XL,71660547380
77937,EBWM,3XL,71660547396
77937,EBWM,L,71660547397
77937,EBWM,M,71660547398
77937,EBWM,S,71660547408
77937,EBWM,XL,71660547432
77937,EBWM,XS,71660547433
77937,INDG,2XL,71660547434
97630,SWOK,S,71660547438
97630,SWOK,XL,71660547439
97630,SWOK,XS,71660547440
77937,INDG,3XL,71660547450
77937,INDG,L,71660547451
77937,INDG,M,71660547452
77937,INDG,S,71660547459
77937,INDG,XL,71660547460
77937,INDG,XS,71660547461
77937,BKWM,2XL,71660547465
77937,BKWM,3XL,71660547471
77937,BKWM,L,71660547472
77937,BKWM,M,71660547473
77937,BKWM,S,71660547480
77937,BKWM,XL,71660547481
77937,BKWM,XS,71660547483
77937,WIWM,2XL,71660547484
77937,WIWM,3XL,71660547485
77937,WIWM,L,71660547489
77937,WIWM,M,71660547490
77937,WIWM,S,71660547491
77937,WIWM,XL,71660547492
77937,WIWM,XS,71660547493
77937,SPSS,2XL,71660547494
77937,SPSS,3XL,71660547519
77937,SPSS,L,71660547520
77937,SPSS,M,71660547521
77937,SPSS,S,71660547531
77937,SPSS,XL,71660547532
77937,SPSS,XS,71660547533
77937,TRWM,2XL,71660547540
77937,TRWM,3XL,71660547541
77937,TRWM,L,71660547542
77937,TRWM,M,71660547549
77937,TRWM,S,71660547550
77937,TRWM,XL,71660547551
77937,TRWM,XS,71660547552
77937,PWTB,2XL,71660547553
77937,PWTB,3XL,71660547554
77937,PWTB,L,71660547579
77937,PWTB,M,71660547580
77937,PWTB,S,71660547581
77937,PWTB,XL,71660547582
77937,PWTB,XS,71660547583
77943,TELB,2XL,71660547584
77943,TELB,3XL,71660547585
77943,TELB,L,71660547586
77943,TELB,M,71660547587
77943,TELB,S,71660547602
77943,TELB,XL,71660547603
77943,TELB,XS,71660547604
77943,CIEB,2XL,71660547605
77943,CIEB,3XL,71660547606
77943,CIEB,L,71660547616
77943,CIEB,M,71660547617
77943,CIEB,S,71660547618
77943,CIEB,XL,71660547635
77943,CIEB,XS,71660547636
77943,GRPB,2XL,71660547637
77943,GRPB,3XL,71660547644
77943,GRPB,L,71660547645
77943,GRPB,M,71660547646
77943,GRPB,S,71660547659
77943,GRPB,XL,71660547660
77943,GRPB,XS,71660547661
77943,CABB,2XL,71660547677
77943,CABB,3XL,71660547678
77943,CABB,L,71660547679
77943,CABB,M,71660547680
77943,CABB,S,71660547681
77943,CABB,XL,71660547682
77943,CABB,XS,71660547683
77943,EGWM,2XL,71660547684
77943,EGWM,3XL,71660547685
77943,EGWM,L,71660547692
77943,EGWM,M,71660547693
77943,EGWM,S,71660547694
77943,EGWM,XL,71660547698
77943,EGWM,XS,71660547699
77943,TRWM,2XL,71660547719
77943,TRWM,3XL,71660547720
77943,TRWM,L,71660547721
WA702X5,ADML,2XL,71660547732
WA702X5,ADML,3XL,71660547733
WA702X5,ADML,L,71660547737
WA702X5,ADML,M,71660547738
WA702X5,ADML,S,71660547739
77943,TRWM,M,71660547740
77943,TRWM,S,71660547741
77943,TRWM,XL,71660547742
77943,TRWM,XS,71660547743
77943,SPSS,2XL,71660547744
77943,SPSS,3XL,71660547745
77943,SPSS,L,71660547752
77943,SPSS,M,71660547753
77943,SPSS,S,71660547754
WA702X5,ADML,XL,71660547755
WA702X5,LHSC,2XL,71660547756
WA702X5,LHSC,3XL,71660547757
WA702X5,LHSC,L,71660547764
77943,SPSS,XL,71660547770
77943,SPSS,XS,71660547771
77943,CRED,2XL,71660547799
77943,CRED,3XL,71660547800
77943,CRED,L,71660547801
77943,CRED,M,71660547802
77943,CRED,S,71660547821
77943,CRED,XL,71660547822
77943,CRED,XS,71660547823
77943,KAKY,2XL,71660547848
77943,KAKY,3XL,71660547849
77943,KAKY,L,71660547850
77943,KAKY,M,71660547854
77943,KAKY,S,71660547855
77943,KAKY,XL,71660547856
77943,KAKY,XS,71660547863
77943,HUWM,2XL,71660547864
77943,HUWM,3XL,71660547865
77943,HUWM,L,71660547869
77943,HUWM,M,71660547870
77943,HUWM,S,71660547871
77943,HUWM,XL,71660547873
77943,HUWM,XS,71660547874
77935,EBWM,2XL,71660547878
77935,EBWM,3XL,71660547879
77935,EBWM,L,71660547880
77935,EBWM,M,71660547887
77935,EBWM,S,71660547888
77935,EBWM,XL,71660547889
77935,EBWM,XS,71660547893
77935,INDG,2XL,71660547894
77935,INDG,3XL,71660547895
77935,INDG,L,71660547909
77935,INDG,M,71660547910
77935,INDG,S,71660547917
77935,INDG,XL,71660547918
77935,INDG,XS,71660547919
77935,PWTB,2XL,71660547923
77935,PWTB,3XL,71660547924
77935,PWTB,L,71660547929
77935,PWTB,M,71660547930
77935,PWTB,S,71660547931
77935,PWTB,XL,71660547944
77935,PWTB,XS,71660547945
77935,CIEB,2XL,71660547946
77935,CIEB,3XL,71660547968
77935,CIEB,L,71660547969
77935,CIEB,M,71660547970
77935,CIEB,S,71660547980
77935,CIEB,XL,71660547981
77935,CIEB,XS,71660547982
77935,HUWM,2XL,71660547992
77935,HUWM,3XL,71660547993
77935,HUWM,L,71660547994
77935,HUWM,M,71660547995
77935,HUWM,S,71660547996
77935,HUWM,XL,71660547997
77935,HUWM,XS,71660548007
77935,KAKY,2XL,71660548008
77935,KAKY,3XL,71660548009
77935,KAKY,L,71660548013
77935,KAKY,M,71660548014
77935,KAKY,S,71660548015
77935,KAKY,XL,71660548016
77935,KAKY,XS,71660548017
77935,WIWM,2XL,71660548018
77935,WIWM,3XL,71660548025
77935,WIWM,L,71660548026
77935,WIWM,M,71660548027
77935,WIWM,S,71660548028
77935,WIWM,XL,71660548029
77935,WIWM,XS,71660548030
77935,BKWM,2XL,71660548031
77935,BKWM,3XL,71660548032
77935,BKWM,L,71660548033
77935,BKWM,M,71660548034
77935,BKWM,S,71660548035
77935,BKWM,XL,71660548036
77935,BKWM,XS,71660548037
WM018,CLRE,M,71660548046
WM018,CLRE,S,71660548047
WM018,CLRE,XL,71660548048
WM018,CLRE,XS,71660548052
WM818,CLRE,2XL,71660548053
WM818,CLRE,3XL,71660548054
WM818,CLRE,L,71660548055
WM818,CLRE,M,71660548056
WM818,CLRE,S,71660548057
77945,SVWM,XS,71660548061
77945,SVWM,2XL,71660548062
77945,SVWM,3XL,71660548063
77945,SVWM,L,71660548064
77945,SVWM,M,71660548065
77945,SVWM,S,71660548066
WM818,CLRE,XL,71660548067
WM818,CLRE,XS,71660548068
WM863,HTMI,2XL,71660548069
77945,SVWM,XL,71660548073
77945,BSWM,XS,71660548074
77945,BSWM,2XL,71660548075
WM863,HTMI,3XL,71660548076
WM863,HTMI,L,71660548077
WM863,HTMI,M,71660548078
WM863,HTMI,S,71660548087
WM863,HTMI,XL,71660548091
WM863,HTMI,XS,71660548092
WM059,HTMI,2XL,71660548093
77945,BSWM,3XL,71660548097
77945,BSWM,L,71660548098
77945,BSWM,M,71660548099
WM059,HTMI,3XL,71660548103
WM059,HTMI,L,71660548104
WM059,HTMI,M,71660548105
77945,BSWM,S,71660548109
77945,BSWM,XL,71660548110
77945,CIEW,XS,71660548111
77945,CIEW,2XL,71660548112
77945,CIEW,3XL,71660548113
77945,CIEW,L,71660548114
WM059,HTMI,S,71660548115
WM059,HTMI,XL,71660548116
WM059,HTMI,XS,71660548117
77945,CIEW,M,71660548139
77945,CIEW,S,71660548140
77945,CIEW,XL,71660548141
77945,ROYW,XS,71660548145
77945,ROYW,2XL,71660548146
77945,ROYW,3XL,71660548147
77945,ROYW,L,71660548157
77945,ROYW,M,71660548158
77945,ROYW,S,71660548160
77945,ROYW,XL,71660548161
77945,KAKW,2XL,71660548177
77945,KAKW,3XL,71660548178
77945,KAKW,L,71660548179
77945,KAKW,M,71660548185
77945,KAKW,S,71660548186
77945,KAKW,XL,71660548187
77945,KAKW,XS,71660548191
77945,WHTW,2XL,71660548192
77945,WHTW,3XL,71660548193
77945,WHTW,L,71660548212
77945,WHTW,M,71660548213
77945,WHTW,S,71660548214
77945,WHTW,XL,71660548215
77945,WHTW,XS,71660548216
77946,SVWM,2XL,71660548222
77946,SVWM,3XL,71660548223
77946,SVWM,L,71660548224
77946,SVWM,M,71660548225
77946,SVWM,S,71660548226
77946,SVWM,XL,71660548227
77946,SVWM,XS,71660548228
77946,KAKW,2XL,71660548229
77946,KAKW,3XL,71660548230
77946,KAKW,L,71660548231
77946,KAKW,M,71660548232
77946,KAKW,S,71660548233
77946,KAKW,XL,71660548234
77946,KAKW,XS,71660548235
77946,ROYW,2XL,71660548236
WC627,CLRE,L,71660548243
77946,ROYW,3XL,71660548247
77946,ROYW,L,71660548248
77946,ROYW,M,71660548249
77946,ROYW,S,71660548250
77946,ROYW,XL,71660548251
77946,ROYW,XS,71660548252
77946,CIEW,2XL,71660548253
77946,CIEW,3XL,71660548254
77946,CIEW,L,71660548255
77946,CIEW,M,71660548256
77946,CIEW,S,71660548260
77946,CIEW,XL,71660548261
77946,CIEW,XS,71660548262
77946,BSWM,2XL,71660548263
77946,BSWM,3XL,71660548264
77946,BSWM,L,71660548265
77946,BSWM,M,71660548266
77946,BSWM,S,71660548267
77946,BSWM,XL,71660548268
77946,BSWM,XS,71660548269
77946P,SRWM,2XL,71660548270
77946P,SRWM,3XL,71660548271
77946P,SRWM,L,71660548272
77946P,SRWM,M,71660548273
77946P,SRWM,S,71660548274
77946P,SRWM,XL,71660548275
77946P,SRWM,XS,71660548276
77946P,ISWM,2XL,71660548277
77946P,ISWM,3XL,71660548278
77946P,ISWM,L,71660548279
77946P,ISWM,M,71660548280
77946P,ISWM,S,71660548281
77946P,ISWM,XL,71660548282
77946P,ISWM,XS,71660548283
77946P,GSWM,2XL,71660548284
77946P,GSWM,3XL,71660548285
77946P,GSWM,L,71660548286
77946P,GSWM,M,71660548287
77946P,GSWM,S,71660548297
77946P,GSWM,XL,71660548298
77946P,GSWM,XS,71660548299
77942,TELB,2XL,71660548363
77942,TELB,3XL,71660548364
77942,TELB,L,71660548365
77942,TELB,M,71660548366
77942,TELB,S,71660548367
77942,TELB,XL,71660548368
77942,TELB,XS,71660548369
77942,GRPB,2XL,71660548372
77942,GRPB,3XL,71660548373
77942,GRPB,L,71660548375
77942,GRPB,M,71660548376
77942,GRPB,S,71660548378
77942,GRPB,XL,71660548379
77942,GRPB,XS,71660548380
77955,SHPB,L,71660548394
77955,SHPB,M,71660548395
77955,SHPB,S,71660548396
77955,SHPB,XL,71660548397
77955,SHPB,XS,71660548398
77942,CABB,2XL,71660548404
77942,CABB,3XL,71660548405
77942,CABB,L,71660548406
77942,CABB,M,71660548407
77942,CABB,S,71660548408
77942,CABB,XL,71660548409
77955,TRQB,2XL,71660548416
77955,TRQB,3XL,71660548417
77955,TRQB,L,71660548418
77955,TRQB,M,71660548419
77955,TRQB,S,71660548420
77955,TRQB,XL,71660548421
77942,CABB,XS,71660548422
77942,CIEB,2XL,71660548423
77942,CIEB,3XL,71660548424
77942,CIEB,L,71660548425
77942,CIEB,M,71660548426
77942,CIEB,S,71660548427
77942,CIEB,XL,71660548428
77942,CIEB,XS,71660548429
77942,HUWM,2XL,71660548430
77942,HUWM,3XL,71660548431
77942,HUWM,L,71660548432
77942,HUWM,M,71660548439
77942,HUWM,S,71660548440
77942,HUWM,XL,71660548441
77942,HUWM,XS,71660548442
77942,SPSS,2XL,71660548443
77942,SPSS,3XL,71660548444
77942,SPSS,L,71660548450
77942,SPSS,M,71660548451
77942,SPSS,S,71660548452
77942,SPSS,XL,71660548453
77942,SPSS,XS,71660548454
77942,TRWM,2XL,71660548455
77942,TRWM,3XL,71660548457
77942,TRWM,L,71660548458
77942,TRWM,M,71660548459
77942,TRWM,S,71660548460
77942,TRWM,XL,71660548461
77942,TRWM,XS,71660548462
77938,EBWM,2XL,71660548474
77938,EBWM,3XL,71660548475
77938,EBWM,L,71660548476
77938,EBWM,M,71660548477
77938,EBWM,S,71660548478
77938,EBWM,XL,71660548479
77938,EBWM,XS,71660548486
77938,INDG,2XL,71660548487
77938,INDG,3XL,71660548488
77938,INDG,L,71660548489
77938,INDG,M,71660548490
77938,INDG,S,71660548491
WA703X5,PAFB,XL,71660548502
WM730X5C9,ADML,ASST,71660548503
WM018PC10,LRWM,ASST,71660548504
WC711X4,MKKL,XL,71660548505
77938,INDG,XL,71660548522
77938,INDG,XS,71660548523
77938,BKWM,2XL,71660548524
77938,BKWM,3XL,71660548525
77938,BKWM,L,71660548526
77938,BKWM,M,71660548527
77938,BKWM,S,71660548535
77938,BKWM,XL,71660548536
77938,BKWM,XS,71660548537
77938,WIWM,2XL,71660548548
77938,WIWM,3XL,71660548549
77938,WIWM,L,71660548550
77938,WIWM,M,71660548556
77938,WIWM,S,71660548557
77938,WIWM,XL,71660548558
77938,WIWM,XS,71660548559
77938,SPSS,2XL,71660548560
77938,SPSS,3XL,71660548571
77938,SPSS,L,71660548572
77938,SPSS,M,71660548573
77938,SPSS,S,71660548574
77938,SPSS,XL,71660548575
77938,SPSS,XS,71660548576
77938,TRWM,2XL,71660548577
77938,TRWM,3XL,71660548578
77938,TRWM,L,71660548579
77938,TRWM,M,71660548580
77938,TRWM,S,71660548581
77938,TRWM,XL,71660548582
77938,TRWM,XS,71660548583
77938,PWTB,2XL,71660548584
77938,PWTB,3XL,71660548585
77938,PWTB,L,71660548586
77938,PWTB,M,71660548587
77938,PWTB,S,71660548588
77938,PWTB,XL,71660548589
77938,PWTB,XS,71660548590
77944,TELB,2XL,71660548591
77944,TELB,3XL,71660548592
77944,TELB,L,71660548593
77944,TELB,M,71660548594
77944,TELB,S,71660548595
77944,TELB,XL,71660548596
77944,TELB,XS,71660548597
77944,CIEB,2XL,71660548598
77944,CIEB,3XL,71660548599
77944,CIEB,L,71660548600
77944,CIEB,M,71660548601
77944,CIEB,S,71660548602
77944,CIEB,XL,71660548603
77944,CIEB,XS,71660548604
77944,GRPB,2XL,71660548605
77944,GRPB,3XL,71660548606
77944,GRPB,L,71660548607
77944,GRPB,M,71660548608
77944,GRPB,S,71660548609
77944,GRPB,XL,71660548610
77944,GRPB,XS,71660548611
77944,CABB,2XL,71660548612
77944,CABB,3XL,71660548613
77944,CABB,L,71660548614
77944,CABB,M,71660548615
77944,CABB,S,71660548616
77944,CABB,XL,71660548617
77944,CABB,XS,71660548618
77944,CRED,2XL,71660548626
77944,CRED,3XL,71660548627
77944,CRED,L,71660548628
77944,CRED,M,71660548629
77944,CRED,S,71660548630
77944,CRED,XL,71660548631
77944,CRED,XS,71660548632
77944,KAKY,2XL,71660548633
77944,KAKY,3XL,71660548634
77944,KAKY,L,71660548635
77944,KAKY,M,71660548636
77944,KAKY,S,71660548637
77944,KAKY,XL,71660548638
77944,KAKY,XS,71660548639
77944,HUWM,2XL,71660548640
77944,HUWM,3XL,71660548641
77944,HUWM,L,71660548642
77944,HUWM,M,71660548643
77944,HUWM,S,71660548644
77944,HUWM,XL,71660548645
77944,HUWM,XS,71660548646
77944,EGWM,2XL,71660548647
77944,EGWM,3XL,71660548648
77944,EGWM,L,71660548649
77944,EGWM,M,71660548650
77944,EGWM,S,71660548651
77944,EGWM,XL,71660548652
77944,EGWM,XS,71660548653
77944,TRWM,2XL,71660548661
77944,TRWM,3XL,71660548662
77944,TRWM,L,71660548663
77944,TRWM,M,71660548664
77944,TRWM,S,71660548665
77944,TRWM,XL,71660548666
77944,TRWM,XS,71660548667
77944,SPSS,2XL,71660548668
77944,SPSS,3XL,71660548669
77944,SPSS,L,71660548670
77944,SPSS,M,71660548671
77944,SPSS,S,71660548672
77944,SPSS,XL,71660548673
77944,SPSS,XS,71660548674
77936,EBWM,2XL,71660548675
77936,EBWM,3XL,71660548676
77936,EBWM,L,71660548677
77936,EBWM,M,71660548678
77936,EBWM,S,71660548679
77936,EBWM,XL,71660548680
77936,EBWM,XS,71660548681
77936,INDG,2XL,71660548682
77936,INDG,3XL,71660548683
77936,INDG,L,71660548684
77936,INDG,M,71660548685
77936,INDG,S,71660548686
77936,INDG,XL,71660548687
77936,INDG,XS,71660548688
77936,BKWM,2XL,71660548689
77936,BKWM,3XL,71660548690
77936,BKWM,L,71660548691
77936,BKWM,M,71660548692
77936,BKWM,S,71660548693
77936,BKWM,XL,71660548694
77936,BKWM,XS,71660548695
77936,PWTB,2XL,71660548696
77936,PWTB,3XL,71660548697
77936,PWTB,L,71660548698
77936,PWTB,M,71660548699
77936,PWTB,S,71660548700
77936,PWTB,XL,71660548701
77936,PWTB,XS,71660548702
77936,CIEB,2XL,71660548703
77936,CIEB,3XL,71660548704
77936,CIEB,L,71660548705
77936,CIEB,M,71660548706
77936,CIEB,S,71660548707
77936,CIEB,XL,71660548708
77936,CIEB,XS,71660548709
77936,HUWM,2XL,71660548710
77936,HUWM,3XL,71660548711
77936,HUWM,L,71660548712
77936,HUWM,M,71660548713
77936,HUWM,S,71660548714
77936,HUWM,XL,71660548715
77936,HUWM,XS,71660548716
77936,KAKY,2XL,71660548717
77936,KAKY,3XL,71660548718
77936,KAKY,L,71660548719
77936,KAKY,M,71660548720
77936,KAKY,S,71660548721
77936,KAKY,XL,71660548722
77936,KAKY,XS,71660548723
77936,WIWM,2XL,71660548724
77936,WIWM,3XL,71660548725
77936,WIWM,L,71660548726
77936,WIWM,M,71660548727
77936,WIWM,S,71660548728
77936,WIWM,XL,71660548729
77936,WIWM,XS,71660548730
77934,EBWM,2XL,71660548731
77934,EBWM,3XL,71660548732
77934,EBWM,L,71660548733
77934,EBWM,M,71660548734
77934,EBWM,S,71660548735
77934,EBWM,XL,71660548736
77934,EBWM,XS,71660548737
77934,INDG,2XL,71660548738
77934,INDG,3XL,71660548739
77934,INDG,L,71660548740
77934,INDG,M,71660548741
77934,INDG,S,71660548742
77934,INDG,XL,71660548743
77934,INDG,XS,71660548744
77934,PWTB,2XL,71660548745
77934,PWTB,3XL,71660548746
77934,PWTB,L,71660548747
77934,PWTB,M,71660548748
77934,PWTB,S,71660548749
77934,PWTB,XL,71660548750
77934,PWTB,XS,71660548751
77934,CIEB,2XL,71660548752
77934,CIEB,3XL,71660548753
77934,CIEB,L,71660548754
77934,CIEB,M,71660548755
77934,CIEB,S,71660548756
77934,CIEB,XL,71660548757
77934,CIEB,XS,71660548758
77934,HUWM,2XL,71660548759
77934,HUWM,3XL,71660548760
77934,HUWM,L,71660548761
77934,HUWM,M,71660548762
77934,HUWM,S,71660548763
77934,HUWM,XL,71660548764
77934,HUWM,XS,71660548765
77934,KAKY,2XL,71660548766
77934,KAKY,3XL,71660548767
77934,KAKY,L,71660548768
77934,KAKY,M,71660548769
77934,KAKY,S,71660548770
77934,KAKY,XL,71660548771
77934,KAKY,XS,71660548772
77934,WIWM,2XL,71660548773
77934,WIWM,3XL,71660548774
77934,WIWM,L,71660548775
77934,WIWM,M,71660548776
77934,WIWM,S,71660548777
77934,WIWM,XL,71660548778
77934,WIWM,XS,71660548779
77934,BKWM,2XL,71660548780
77934,BKWM,3XL,71660548781
77934,BKWM,L,71660548782
77934,BKWM,M,71660548783
77934,BKWM,S,71660548784
77934,BKWM,XL,71660548785
77934,BKWM,XS,71660548786
WM240C9,HIND,ASST,71660548942
WM818,CORU,2XL,71660549021
WM818,CORU,3XL,71660549022
WM818,CORU,L,71660549031
WM818,CORU,M,71660549032
WM818,CORU,S,71660549033
WM818,CORU,XL,71660549034
WM818,CORU,XS,71660549035
WM729X10,HEPD,2XL,71660549357
WM729X10,HEPD,3XL,71660549358
WM240C18,HIND,ASST,71660549420
WM647C9,EGG,ASST,71660549421
97775,ANPT,XS,71660549429
97775,ANPT,2XL,71660549430
97775,ANPT,3XL,71660549431
97775,ANPT,L,71660549432
97775,ANPT,M,71660549433
97775,ANPT,S,71660549434
97775,ANPT,XL,71660549435
97630,SETH,M,71660549533
97630,MKFM,M,71660549571
WM729X10,HEPD,L,71660549576
WM729X10,HEPD,M,71660549579
97630,NCIB,M,71660549580
WM729X10,HEPD,S,71660549581
WM729X10,HEPD,XL,71660549582
WM729X10,HEPD,XS,71660549583
WM728X5,DMLI,2XL,71660549584
97865,BKWM,M,71660549643
97143,BKWM,XS,71660549665
7606,CIWM,2XL,71660549682
97143,BKWM,M,71660549683
WM728X5,DMLI,3XL,71660549685
WM728X5,DMLI,L,71660549686
WM728X5,DMLI,M,71660549687
WM728X5,DMLI,S,71660549688
WM728X5,DMLI,XL,71660549709
WM728X5,DMLI,XS,71660549710
WM728X5,DUSR,2XL,71660549711
WM728X5,DUSR,3XL,71660549712
WM728X5,DUSR,L,71660549734
WM728X5,DUSR,M,71660549735
WM728X5,DUSR,S,71660549736
WM728X5,DUSR,XL,71660549737
WM728X5,DUSR,XS,71660549738
WM728X5,MNOT,2XL,71660549740
WM728X5,MNOT,3XL,71660549741
WM728X5,MNOT,L,71660549742
WM728X5,MNOT,M,71660549743
WM728X5,MNOT,S,71660549744
WM728X5,MNOT,XL,71660549745
WM728X5,MNOT,XS,71660549746
WM728X5,PNSI,2XL,71660549747
WM728X5,PNSI,3XL,71660549748
WM728X5,PNSI,L,71660549749
WM728X5,PNSI,M,71660549758
WM728X5,PNSI,S,71660549768
WM728X5,PNSI,XL,71660549769
WM728X5,PNSI,XS,71660549770
97145,BIWM,2XL,71660549772
97145,BIWM,3XL,71660549773
97145,BIWM,L,71660549774
97145,BIWM,M,71660549775
97145,BIWM,S,71660549776
97145,BIWM,XL,71660549777
97145,BIWM,XS,71660549778
97145P,BIWM,2XL,71660549794
97145P,BIWM,3XL,71660549795
97145P,BIWM,L,71660549796
97145P,BIWM,M,71660549797
97145P,BIWM,S,71660549798
97145P,BIWM,XL,71660549799
97145P,BIWM,XS,71660549800
97145P,VBWM,2XL,71660549801
97145P,VBWM,3XL,71660549805
97145P,VBWM,L,71660549806
97145P,VBWM,M,71660549808
97145P,VBWM,S,71660549809
97145P,VBWM,XL,71660549821
97145P,VBWM,XS,71660549822
WM049,EBW,M,71660549841
WM049,EBW,S,71660549849
WM049,EBW,XL,71660549850
WM049,EGG,2XL,71660549851
WM049,EGG,3XL,71660549852
WM728X5,NCTD,XL,71660550446
WM729X5,AATC,2XL,71660550447
WM729X5,AATC,3XL,71660550448
WC215,EBW,XS,71660550454
7502,PWTB,2XL,71660550752
7502,PWTB,3XL,71660550754
7502,PWTB,L,71660550755
7502,PWTB,M,71660550756
7502,PWTB,S,71660550757
7502,PWTB,XL,71660550758
7502,PWTB,XS,71660550759
7009,PWTB,2XL,71660550766
7009,PWTB,3XL,71660550767
7009,PWTB,L,71660550768
7009,PWTB,M,71660550769
7009,PWTB,S,71660550770
7009,PWTB,XL,71660550771
7009,PWTB,XS,71660550772
90034P,WMWM,L,71660550899
90034P,WMWM,M,71660550924
90034P,WMWM,S,71660550925
90034P,WMWM,XL,71660550926
77946,WHTW,2XL,71660550975
77946,WHTW,3XL,71660550976
77946,WHTW,L,71660550977
77946,WHTW,M,71660550978
77946,WHTW,S,71660550979
77946,WHTW,XL,71660550980
77946,WHTW,XS,71660550981
WM049,EGG,L,71660551297
WM049,EGG,M,71660551298
WM049,EGG,S,71660551299
WC627,CLRE,M,71660551682
WC627,CLRE,S,71660551685
WC627,CLRE,XL,71660551696
WM842,WIN,M,71660551760
WM842,WIN,S,71660551762
WM842,WIN,XL,71660551763
WM852,WHT,2XL,71660551764
WM852,WHT,3XL,71660551765
WM852,WHT,L,71660551788
WM852,WHT,M,71660551789
WM852,WHT,S,71660551790
WM852,WHT,XL,71660551791
WC226,BIZB,M,71660551836
WC226,BIZB,S,71660551837
WC226,BIZB,XL,71660551838
WC226,BIZB,XS,71660551839
WC643,BLK,2XL,71660551840
WC643,BLK,3XL,71660551865
WC643,BLK,L,71660551984
WC643,BLK,M,71660551985
WC643,BLK,S,71660551986
WC643,BLK,XL,71660551987
WC643,BLK,XS,71660551988
WC628,IND,2XL,71660551989
WC628,IND,3XL,71660552046
WC628,IND,L,71660552047
WC628,IND,M,71660552048
WC628,IND,S,71660552049
WC628,IND,XL,71660552050
WC628,IND,XS,71660552051
WM728X5,LHOI,2XL,71660552052
WM733X5C18,RUBI,ASST,71660552082
WM733X5C9,RUBI,ASST,71660552083
WM728X5,LHOI,3XL,71660552108
WM728X5,LHOI,L,71660552109
WM728X5,LHOI,M,71660552110
WM728X5,LHOI,S,71660552111
WM728X5,LHOI,XL,71660552112
WM728X5,MKLU,2XL,71660552160
WM728X5,MKLU,3XL,71660552161
WM728X5,MKLU,L,71660552162
WM728X5,MKLU,M,71660552163
WM728X5,MKLU,S,71660552164
WM728X5,MKLU,XL,71660552165
WM728X5,FZWI,2XL,71660552166
WM645C9,HTML,ASST,71660552259
WM645C18,HTML,ASST,71660552260
WD020,BRAL,2XL,71660552261
WD020,BRAL,3XL,71660552262
WD020,BRAL,L,71660552310
WD020,BRAL,M,71660552311
WM728X5,FZWI,3XL,71660552386
WM728X5,FZWI,L,71660552387
WM728X5,FZWI,M,71660552388
WM728X5,FZWI,S,71660552389
WM728X5,FZWI,XL,71660552390
WM729X5,HISL,2XL,71660552391
WM729X5,HISL,3XL,71660552392
WD020,BRAL,S,71660552423
WD020,BRAL,XL,71660552424
WD020,BRAL,XS,71660552425
90033,WMWM,2XL,71660552432
90033,WMWM,3XL,71660552433
90033,WMWM,L,71660552474
90033,WMWM,M,71660552475
90033,WMWM,S,71660552476
90033,WMWM,XL,71660552477
90034,WMWM,2XL,71660552478
90034,WMWM,3XL,71660552479
WM729X5,HISL,L,71660552480
WM729X5,HISL,M,71660552481
90030,WMWM,3XL,71660552491
90030,WMWM,L,71660552492
90030,WMWM,M,71660552493
90030,WMWM,XL,71660552494
90031,IMWM,S,71660552495
90031,IMWM,2XL,71660552496
90031,IMWM,3XL,71660552497
WM729X5,HISL,S,71660552498
WM729X5,HISL,XL,71660552499
WM729X5,AICH,2XL,71660552500
WM729X5,AICH,3XL,71660552501
WM729X5,AICH,L,71660552502
WM729X5,AICH,M,71660552503
WM729X5,AICH,S,71660552504
97630,MKET,XL,71660552515
97786,WIMS,2XL,71660552585
97786,WIMS,3XL,71660552586
97786,WIMS,L,71660552587
97786,WIMS,M,71660552588
97786,WIMS,S,71660552589
97786,WIMS,XL,71660552590
97786,WIMS,XS,71660552599
97528,RUBE,2XL,71660552620
97528,RUBE,3XL,71660552621
97528,RUBE,L,71660552622
97528,RUBE,M,71660552623
97528,RUBE,S,71660552624
97528,RUBE,XL,71660552625
97528,RUBE,XS,71660552626
WD018,NAV,S,71660552640
WD018,NAV,XL,71660552641
WD018,NAV,XS,71660552642
WD018,PWT,2XL,71660552643
WD018,PWT,3XL,71660552644
WD018,PWT,L,71660552645
WD018,PWT,M,71660552646
WD018,PWT,S,71660552647
WD018,PWT,XL,71660552648
WD018,PWT,XS,71660552649
WD018,WIN,2XL,71660552650
WD018,WIN,3XL,71660552651
WD018,WIN,L,71660552652
WD018,WIN,M,71660552653
WD018,WIN,S,71660552654
WD018,WIN,XL,71660552663
WD018,WIN,XS,71660552664
WD818,BLK,2XL,71660552665
WD818,BLK,3XL,71660552666
WD818,BLK,L,71660552667
WD818,BLK,M,71660552668
WD818,BLK,S,71660552669
WD818,BLK,XL,71660552670
WD818,BLK,XS,71660552682
WD818,CIE,2XL,71660552683
WD818,CIE,3XL,71660552685
WD818,CIE,L,71660552687
WD818,CIE,M,71660552688
WD818,CIE,S,71660552689
WD818,CIE,XL,71660552690
WD818,CIE,XS,71660552691
WD818,GAB,2XL,71660552701
WD818,GAB,3XL,71660552702
WD818,GAB,L,71660552703
WD818,GAB,M,71660552704
WD818,GAB,S,71660552705
WD818,GAB,XL,71660552713
WD818,GAB,XS,71660552714
WD818,NAV,2XL,71660552715
WD818,NAV,3XL,71660552716
WD818,NAV,L,71660552717
WD818,NAV,M,71660552718
WD818,NAV,S,71660552719
WD818,NAV,XL,71660552720
WD818,NAV,XS,71660552721
WD818,PWT,2XL,71660552725
WD818,PWT,3XL,71660552726
WD818,PWT,L,71660552727
WD818,PWT,M,71660552728
WD818,PWT,S,71660552729
WD818,PWT,XL,71660552730
WD818,PWT,XS,71660552731
WD818,WIN,2XL,71660552732
WD818,WIN,3XL,71660552733
WD818,WIN,L,71660552737
WD818,WIN,M,71660552738
WD818,WIN,S,71660552741
WD818,WIN,XL,71660552742
WD818,WIN,XS,71660552743
WD826,DPFU,2XL,71660552744
WD826,DPFU,3XL,71660552745
97775C9,PSCT,ASST,71660552770
97156,RAWM,XL,71660552781
WD020,CGWM,2XL,71660552785
WD020,CGWM,3XL,71660552786
97156,RAWM,XS,71660552795
WC626,MTMG,L,71660552816
WC626,MTMG,M,71660552817
WD020,CGWM,L,71660552832
WD020,CGWM,M,71660552889
77963,CFCH,L,71660552903
77963,CFCH,M,71660552904
77963,CFCH,S,71660552905
77963,CFCH,XL,71660552909
77963,CFCH,XS,71660552910
77963,TLCH,2XL,71660552911
WM049,EGG,XL,71660552926
WM049,HUN,2XL,71660552927
WM049,HUN,3XL,71660552928
77963,TLCH,3XL,71660552935
77963,TLCH,L,71660552936
77963,TLCH,M,71660552937
77963,TLCH,S,71660552938
77963,TLCH,XL,71660552939
77963,TLCH,XS,71660552940
77963,WHCH,2XL,71660552950
77963,WHCH,3XL,71660552951
77963,WHCH,L,71660552952
77963,WHCH,M,71660552953
77963,WHCH,S,71660552954
77963,WHCH,XL,71660552955
WD020,CGWM,S,71660552959
WD020,CGWM,XL,71660552960
WD020,CGWM,XS,71660552961
77963,WHCH,XS,71660552970
77963,RYCH,2XL,71660552971
77963,RYCH,3XL,71660552972
77963,RYCH,L,71660552973
77963,RYCH,M,71660552974
WD020,CRED,2XL,71660552990
WD020,CRED,3XL,71660552991
WC627,CLRE,XS,71660552996
WC711X4,SENY,2XL,71660552997
WD020,CRED,L,71660552998
WC709X5,TXTR,XS,71660552999
WD020,CRED,M,71660553000
WM049,HUN,L,71660553004
WM049,HUN,M,71660553005
WM049,HUN,S,71660553006
WC711X4,SENY,3XL,71660553007
WC711X4,SENY,L,71660553008
77963,RYCH,S,71660553010
77963,RYCH,XL,71660553011
77963,RYCH,XS,71660553012
WD020,CRED,S,71660553013
WD020,CRED,XL,71660553015
WD020,CRED,XS,71660553017
77963,NVCH,2XL,71660553018
77963,NVCH,3XL,71660553019
77963,NVCH,L,71660553020
77963,NVCH,M,71660553021
77963,NVCH,S,71660553022
77963,NVCH,XL,71660553023
WC711X4,SENY,M,71660553028
WC711X4,SENY,S,71660553029
77963,NVCH,XS,71660553030
77964,BXCH,2XL,71660553031
77964,BXCH,3XL,71660553032
77964,BXCH,L,71660553036
77964,BXCH,M,71660553037
77964,BXCH,S,71660553038
77964,BXCH,XL,71660553039
77964,BXCH,XS,71660553040
77964,PWCH,2XL,71660553041
WC711X4,SENY,XL,71660553048
WC711X4,SENY,XS,71660553049
WC711X4,MKKL,2XL,71660553050
WC720X5,THSN,L,71660553051
WC720X5,THSN,M,71660553052
WC720X5,THSN,S,71660553053
77964,PWCH,3XL,71660553057
77964,PWCH,L,71660553058
77964,PWCH,M,71660553059
77964,PWCH,S,71660553075
77964,PWCH,XL,71660553076
77964,PWCH,XS,71660553077
WM049,HUN,XL,71660553083
WM049,IND,2XL,71660553086
WM049,IND,3XL,71660553087
WM049,IND,L,71660553088
77964,NVCH,2XL,71660553089
77964,NVCH,3XL,71660553090
77964,NVCH,L,71660553091
77964,NVCH,M,71660553095
77964,NVCH,S,71660553096
77964,NVCH,XL,71660553097
77964,NVCH,XS,71660553107
77964,RYCH,2XL,71660553108
77964,RYCH,3XL,71660553109
WC709X5,TXTR,2XL,71660553116
WC709X5,TXTR,L,71660553117
WC709X5,TXTR,M,71660553118
77964,RYCH,L,71660553124
77964,RYCH,M,71660553125
77964,RYCH,S,71660553126
77964,RYCH,XL,71660553127
77964,RYCH,XS,71660553128
77964,WHCH,2XL,71660553129
WC720X5,THSN,XL,71660553133
WC720X5,THSN,XS,71660553134
WC703X5,CFCO,2XL,71660553135
77964,WHCH,3XL,71660553139
77964,WHCH,L,71660553140
77964,WHCH,M,71660553141
WC709X5,TXTR,S,71660553143
77964,WHCH,S,71660553150
77964,WHCH,XL,71660553151
77964,WHCH,XS,71660553152
77964,TLCH,2XL,71660553153
77964,TLCH,3XL,71660553154
77964,TLCH,L,71660553155
97630,DPHA,XL,71660553156
97630,DPHA,XS,71660553157
97630,DMWB,2XL,71660553164
97630,DMWB,3XL,71660553165
97630,DMWB,L,71660553166
WD020,EBWM,2XL,71660553171
97630,DMWB,M,71660553173
97630,DMWB,S,71660553174
97630,DMWB,XL,71660553175
97630,DMWB,XS,71660553176
97917,AHRT,2XL,71660553177
97917,AHRT,3XL,71660553180
97917,AHRT,L,71660553181
97917,AHRT,M,71660553190
97917,AHRT,S,71660553191
97917,AHRT,XL,71660553192
WD020,EBWM,3XL,71660553211
WD020,EBWM,L,71660553234
WD020,EBWM,M,71660553235
WD020,EBWM,S,71660553236
WD020,EBWM,XL,71660553237
WD020,EBWM,XS,71660553238
WD020,HUWM,2XL,71660553239
WC709X5,TXTR,XL,71660553257
WM706X5C12,BOBT,ASST,71660553258
WM706X5C12,FMFA,ASST,71660553259
WD020,HUWM,3XL,71660553284
WD020,HUWM,L,71660553285
77964,TLCH,XS,71660553301
77964,CFCH,2XL,71660553302
77964,CFCH,3XL,71660553303
77964,CFCH,L,71660553304
77964,CFCH,M,71660553305
77964,CFCH,S,71660553306
77964,CFCH,XL,71660553307
77964,CFCH,XS,71660553308
WD827,IND,2XL,71660553335
WD827,IND,3XL,71660553336
WD827,IND,L,71660553337
WD827,IND,M,71660553346
WD827,IND,S,71660553347
WD827,IND,XL,71660553351
WD827,IND,XS,71660553352
WD825,MLGL,2XL,71660553353
WD825,MLGL,3XL,71660553354
WD825,MLGL,L,71660553355
WD825,MLGL,M,71660553356
WD825,MLGL,S,71660553357
WD825,MLGL,XL,71660553358
WD825,MLGL,XS,71660553359
WD825,DPFU,2XL,71660553360
WD825,DPFU,3XL,71660553361
WD825,DPFU,L,71660553362
WD825,DPFU,M,71660553363
WD825,DPFU,S,71660553364
WD825,DPFU,XL,71660553367
WD825,DPFU,XS,71660553383
WD825,PWT,2XL,71660553384
WD825,PWT,3XL,71660553385
WD825,PWT,L,71660553386
WD825,PWT,M,71660553387
WD825,PWT,S,71660553388
WD825,PWT,XL,71660553389
WD825,PWT,XS,71660553390
WM730X5C9,MKRO,ASST,71660553391
WM730X5C9,MNPN,ASST,71660553392
WM730X5C9,LHSC,ASST,71660553393
WM707X5C12,CAPY,ASST,71660553414
WD020,HUWM,M,71660553416
WD020,HUWM,S,71660553421
WC225,DESL,S,71660553455
WC225,DESL,XL,71660553463
WC225,DESL,XS,71660553471
WC225,MTMG,2XL,71660553472
WC225,MTMG,3XL,71660553483
WC225,MTMG,L,71660553484
WC225,MTMG,M,71660553485
WC225,MTMG,S,71660553486
WC225,MTMG,XL,71660553487
WD020,HUWM,XL,71660553488
SUNFLOWER,WHT,5H,71660553494
SUNFLOWER,WHT,10,71660553495
SUNFLOWER,WHT,11,71660553496
SUNFLOWER,WHT,6,71660553501
SUNFLOWER,WHT,6H,71660553502
SUNFLOWER,WHT,7,71660553510
SUNFLOWER,WHT,7H,71660553511
SUNFLOWER,WHT,8,71660553512
SUNFLOWER,WHT,8H,71660553517
SUNFLOWER,WHT,9,71660553518
SUNFLOWER,WHT,9H,71660553519
WC225,MTMG,XS,71660553533
WM643C18,COGW,ASST,71660553654
WM643C18,VVIN,ASST,71660553655
WM237C18,COGW,ASST,71660553678
WM237C18,VVIN,ASST,71660553679
WM237C10,VVIN,ASST,71660553680
WM643C10,VVIN,ASST,71660553681
WM229C9,HERB,ASST,71660553682
WM229C9,HTMI,ASST,71660553683
WM842,BLK,2XL,71660554012
WM842,BLK,3XL,71660554013
WM842,BLK,L,71660554014
WM842,BLK,M,71660554015
WM842,BLK,S,71660554016
WD020,INDG,2XL,71660554415
WD020,INDG,3XL,71660554426
97917C9,SOWD,ASST,71660554443
WD020,INDG,L,71660554617
WD020,INDG,M,71660554618
7813,DAPS,L,71660554849
7813,DAPS,M,71660554850
7813,DAPS,S,71660554851
7813,DAPS,XL,71660554857
7813,DAPS,XS,71660554858
7806,HKOT,2XL,71660554859
7806,HKOT,3XL,71660554860
7806,HKOT,L,71660554861
7806,HKOT,M,71660554862
7806,HKOT,S,71660554863
WMPEBW4C22,ASST,ASST,71660554873
WMPEBW5C10,ASST,ASST,71660554874
97878,CIWM,XS,71660554895
7806,HKOT,XL,71660554904
7806,HKOT,XS,71660554905
7928,WDFR,2XL,71660554906
7928,WDFR,3XL,71660554907
7928,WDFR,L,71660554908
7928,WDFR,M,71660554909
7928,WDFR,S,71660554910
7928,WDFR,XL,71660554911
7928,WDFR,XS,71660554930
7710,ROWC,2XL,71660554960
7710,ROWC,3XL,71660554961
7710,ROWC,L,71660554972
7710,ROWC,M,71660554973
7710,ROWC,S,71660554974
7710,ROWC,XL,71660554975
7710,ROWC,XS,71660554976
7710,AHWC,2XL,71660554977
7710,AHWC,3XL,71660554980
7710,AHWC,L,71660554981
7710,AHWC,M,71660554982
7710,AHWC,S,71660554983
7710,AHWC,XL,71660554984
WMTGW1C22,ASST,ASST,71660555105
WMTGW2C14,ASST,ASST,71660555106
97878,CIWM,2XL,71660555252
97878,CIWM,3XL,71660555256
WMPGW3C22,ASST,ASST,71660555357
WMPGW4C22,ASST,ASST,71660555386
WMPGW5C10,ASST,ASST,71660555387
WMTWHW1C22,ASST,ASST,71660555605
97528,MKCK,2XL,71660555869
97528,MKCK,3XL,71660555870
97528,MKCK,L,71660555871
97528,MKCK,M,71660555872
97528,MKCK,S,71660555873
97528,MKCK,XL,71660555884
97528,MKCK,XS,71660555885
97630,CBSS,2XL,71660555886
97630,CBSS,3XL,71660555887
97630,CBSS,L,71660555898
97630,CBSS,M,71660555899
97630,CBSS,S,71660555900
97630,CBSS,XL,71660555901
97630,CBSS,XS,71660555902
97878,CIWM,L,71660555909
WMTWHW2C14,ASST,ASST,71660555912
WC743,SPSW,XS,71660555918
WC728,SDMG,2XL,71660555919
WC728,SDMG,3XL,71660555920
97629,HKRS,M,71660555921
WC728,SDMG,L,71660555922
WC728,SDMG,M,71660555923
WC728,SDMG,S,71660555928
97629,MNEL,2XL,71660555929
97629,MNEL,3XL,71660555930
97629,MNEL,L,71660555931
97629,MNEL,M,71660555932
97629,MNEL,S,71660555938
97629,MNEL,XL,71660555939
97629,MNEL,XS,71660555940
97790,DLDS,XS,71660555941
97790,DLDS,2XL,71660555942
97790,DLDS,3XL,71660555953
97790,DLDS,L,71660555954
97790,DLDS,M,71660555955
97790,DLDS,S,71660555956
97790,DLDS,XL,71660555957
97794,FNWD,2XL,71660555963
97794,FNWD,3XL,71660555964
97794,FNWD,L,71660555965
97794,FNWD,M,71660555966
97794,FNWD,S,71660555967
97794,FNWD,XL,71660555973
97794,FNWD,XS,71660555974
97869,NSWM,2XL,71660555975
97869,NSWM,3XL,71660555976
97869,NSWM,L,71660555977
97869,NSWM,M,71660555978
97869,NSWM,S,71660555979
97869,NSWM,XL,71660555980
97869,NSWM,XS,71660555981
97869,AAWM,2XL,71660556021
97869,AAWM,3XL,71660556022
97869,AAWM,L,71660556023
97869,AAWM,M,71660556024
97869,AAWM,S,71660556025
WMPWHW4C22,ASST,ASST,71660556100
WMPWHW5C10,ASST,ASST,71660556122
97878,CIWM,M,71660556134
97878,CIWM,S,71660556135
97878,CIWM,XL,71660556136
97878,RAWM,XS,71660556137
97630,DCCU,M,71660556204
97878,RAWM,2XL,71660556319
97630,DCCU,S,71660556406
WD012,RWWM,3XL,71660556467
97878,RAWM,3XL,71660556566
WM729X5,AATC,L,71660556588
WM729X5,AATC,M,71660556589
WM729X5,AATC,S,71660556590
WM729X5,AATC,XL,71660556594
WM729X5,WMBA,2XL,71660556595
WM729X5,WMBA,3XL,71660556596
WM729X5,WMBA,L,71660556618
WM729X5,WMBA,M,71660556619
WM729X5,WMBA,S,71660556620
WM729X5,WMBA,XL,71660556621
WD018,BLK,2XL,71660556622
WD018,BLK,3XL,71660556623
WD018,BLK,L,71660556630
WD018,BLK,M,71660556631
WD018,BLK,S,71660556632
WD018,BLK,XL,71660556633
97629,FZOL,3XL,71660556641
97629,FZOL,L,71660556666
97629,FZOL,M,71660556667
97629,FZOL,S,71660556668
97629,FZOL,XL,71660556669
97629,FZOL,XS,71660556670
7812,FZEL,2XL,71660556671
WD018,BLK,XS,71660556743
WD018,CIE,2XL,71660556762
WD018,CIE,3XL,71660556763
WD018,CIE,L,71660556764
WD018,CIE,M,71660556765
WD018,CIE,S,71660556766
WD018,CIE,XL,71660556767
WD018,CIE,XS,71660556768
WD018,GAB,2XL,71660556769
WD018,GAB,3XL,71660556770
WD018,GAB,L,71660556771
WD018,GAB,M,71660556772
77960,BLKW,M,71660557215
77960,BLKW,S,71660557230
77960,BLKW,XL,71660557231
77960,BLKW,XS,71660557232
77960,NAVW,2XL,71660557233
77960,NAVW,L,71660557234
77960,NAVW,M,71660557235
77960,NAVW,S,71660557236
77960,NAVW,XL,71660557244
77960,NAVW,XS,71660557245
77960,ROYW,2XL,71660557246
77960,ROYW,L,71660557247
77960,ROYW,M,71660557248
77960,ROYW,S,71660557249
97630,DCCU,XL,71660557277
WMPCW4C22,ASST,ASST,71660557359
WC711X4,MKKL,XS,71660557645
WC711X4,FZGS,2XL,71660557646
WC711X4,FZGS,3XL,71660557647
WC711X4,FZGS,L,71660557648
WC711X4,FZGS,M,71660557649
WC711X4,FZGS,S,71660557650
WC711X4,FZGS,XL,71660557651
WC711X4,FZGS,XS,71660557652
WC226,CLRE,2XL,71660557653
WC226,CLRE,3XL,71660557662
WC226,CLRE,L,71660557663
WC226,CLRE,M,71660557664
WC226,CLRE,S,71660557665
WC226,CLRE,XL,71660557666
97878,RAWM,M,71660557798
97878,RAWM,S,71660557799
97878,RAWM,XL,71660557800
97157,CIWM,XS,71660557801
97157,CIWM,2XL,71660557802
97157,CIWM,3XL,71660557803
97157,CIWM,L,71660557859
WM617,IND,S,71660557974
97157,CIWM,M,71660558080
97157,CIWM,S,71660558084
97157,CIWM,XL,71660558119
77956,WHTD,2XL,71660558145
7019,LHWC,2XL,71660558146
7019,LHWC,3XL,71660558147
7019,LHWC,L,71660558148
7019,LHWC,M,71660558149
7019,LHWC,S,71660558161
7019,LHWC,XL,71660558162
7019,LHWC,XS,71660558163
7019,SFWC,2XL,71660558164
7019,SFWC,3XL,71660558165
7019,SFWC,L,71660558166
7019,SFWC,M,71660558167
7019,SFWC,S,71660558168
7019,SFWC,XL,71660558169
7019,SFWC,XS,71660558170
97917,AHRT,XS,71660558331
WM047,EXPK,2XL,71660558521
WM047,EXPK,3XL,71660558522
97157,RAWM,XS,71660558632
97157,RAWM,2XL,71660558633
WM047,EXPK,L,71660558645
7835,MKHR,2XL,71660558708
7835,MKHR,3XL,71660558709
7835,MKHR,L,71660558710
7835,MKHR,M,71660558711
7835,MKHR,S,71660558712
7835,MKHR,XL,71660558713
7835,MKHR,XS,71660558714
7832,ACOH,2XL,71660558715
7832,ACOH,3XL,71660558716
7832,ACOH,L,71660558717
7832,ACOH,M,71660558718
7832,ACOH,S,71660558719
7832,ACOH,XL,71660558720
7832,ACOH,XS,71660558721
7813,MNIC,2XL,71660558722
7813,MNIC,3XL,71660558723
7813,MNIC,L,71660558724
7813,MNIC,M,71660558725
7813,MNIC,S,71660558726
7813,MNIC,XL,71660558727
7813,MNIC,XS,71660558728
7930,UNCT,2XL,71660558729
7930,UNCT,3XL,71660558730
7930,UNCT,L,71660558731
7930,UNCT,M,71660558732
7930,UNCT,S,71660558733
7930,UNCT,XL,71660558734
7930,UNCT,XS,71660558735
7926,CUPW,2XL,71660558736
7926,CUPW,3XL,71660558737
7926,CUPW,L,71660558738
7926,CUPW,M,71660558739
7926,CUPW,S,71660558740
7926,CUPW,XL,71660558741
7926,CUPW,XS,71660558742
7937,CRCV,2XL,71660558743
7937,CRCV,3XL,71660558744
7937,CRCV,L,71660558745
7937,CRCV,M,71660558746
7937,CRCV,S,71660558747
7937,CRCV,XL,71660558748
7937,CRCV,XS,71660558749
7813,DAPS,2XL,71660558750
7813,DAPS,3XL,71660558751
7710,AHWC,XS,71660558752
7013,ROWC,2XL,71660558753
7013,ROWC,3XL,71660558754
7013,ROWC,L,71660558755
7013,ROWC,M,71660558756
7013,ROWC,S,71660558757
7013,ROWC,XL,71660558758
7013,ROWC,XS,71660558759
7013,AHWC,2XL,71660558760
7013,AHWC,3XL,71660558761
7013,AHWC,L,71660558762
7013,AHWC,M,71660558763
7013,AHWC,S,71660558764
7013,AHWC,XL,71660558765
7013,AHWC,XS,71660558766
WA700X5,LEFR,3XL,71660558769
WA700X5,LEFR,L,71660558770
WA700X5,LEFR,M,71660558771
WA700X5,LEFR,S,71660558772
WA700X5,LEFR,XL,71660558773
WA700X5,LEFR,XS,71660558774
97864,RSWM,M,71660558776
97864,TPWM,M,71660558807
97142,RSWM,M,71660558814
WM047,IND,L,71660558828
WM047,IND,M,71660558829
WM047,IND,S,71660558830
WM047,IND,XL,71660558831
97142,TPWM,M,71660558848
WM617,IND,XL,71660558863
WM617,IND,XS,71660558937
97157,RAWM,M,71660558988
WM617,VOKA,2XL,71660559028
97869,AAWM,XL,71660559170
97869,AAWM,XS,71660559172
WC728,SDMG,XL,71660559179
WC728,SDMG,XS,71660559180
WC728,LHTT,2XL,71660559181
WC728,LHTT,3XL,71660559182
97147,NSWM,S,71660559183
WC728,LHTT,L,71660559184
97147,NSWM,XS,71660559189
97147,AAWM,2XL,71660559190
97147,AAWM,3XL,71660559191
97147,AAWM,L,71660559192
97147,AAWM,M,71660559193
97147,AAWM,S,71660559194
97147,AAWM,XL,71660559195
97147,AAWM,XS,71660559196
WM018,AQBU,S,71660559216
97147P,NSWM,2XL,71660559220
97147P,NSWM,3XL,71660559221
97147P,NSWM,L,71660559222
97147P,NSWM,M,71660559223
97147P,NSWM,S,71660559224
97147P,NSWM,XL,71660559225
97147P,NSWM,XS,71660559226
97147P,AAWM,2XL,71660559227
97147P,AAWM,3XL,71660559228
97147P,AAWM,L,71660559229
97147P,AAWM,M,71660559236
97147P,AAWM,S,71660559237
97147P,AAWM,XL,71660559238
97147P,AAWM,XS,71660559239
97796,SOHR,2XL,71660559240
97796,SOHR,3XL,71660559241
97796,SOHR,L,71660559254
97796,SOHR,M,71660559255
97796,SOHR,S,71660559256
97796,SOHR,XL,71660559257
97796,SOHR,XS,71660559258
7813,PHBZ,2XL,71660559259
7813,PHBZ,3XL,71660559278
7813,PHBZ,L,71660559279
7813,PHBZ,M,71660559280
7813,PHBZ,S,71660559281
7813,PHBZ,XL,71660559282
7813,PHBZ,XS,71660559283
97630,PHZY,2XL,71660559284
97630,PHZY,3XL,71660559285
97630,PHZY,L,71660559286
97630,PHZY,M,71660559287
97630,PHZY,S,71660559288
97630,PHZY,XL,71660559289
97630,PHZY,XS,71660559290
97630,MNEE,2XL,71660559294
97630,MNEE,3XL,71660559295
97630,MNEE,L,71660559296
97630,MNEE,M,71660559300
97630,MNEE,S,71660559306
97630,MNEE,XL,71660559307
97630,MNEE,XS,71660559308
97630,TBRK,2XL,71660559317
97630,TBRK,3XL,71660559318
97630,TBRK,L,71660559319
97630,TBRK,M,71660559323
97630,TBRK,S,71660559324
97630,TBRK,XL,71660559325
97630,TBRK,XS,71660559326
97792,LODT,2XL,71660559327
97792,LODT,3XL,71660559338
97792,LODT,L,71660559339
97792,LODT,M,71660559340
97792,LODT,S,71660559341
97792,LODT,XL,71660559342
97792,LODT,XS,71660559343
97794,FAFZ,2XL,71660559344
97794,FAFZ,3XL,71660559345
97794,FAFZ,L,71660559346
97794,FAFZ,M,71660559347
97794,FAFZ,S,71660559348
97794,FAFZ,XL,71660559349
97794,FAFZ,XS,71660559350
97792,ITWL,2XL,71660559351
97792,ITWL,3XL,71660559352
97792,ITWL,L,71660559353
97792,ITWL,M,71660559354
97792,ITWL,S,71660559355
97792,ITWL,XL,71660559356
97792,ITWL,XS,71660559357
97792,FGFR,2XL,71660559358
97792,FGFR,3XL,71660559359
97792,FGFR,L,71660559360
97792,FGFR,M,71660559361
97792,FGFR,S,71660559362
97792,FGFR,XL,71660559363
97792,FGFR,XS,71660559364
97794,CACL,2XL,71660559365
97794,CACL,3XL,71660559366
97794,CACL,L,71660559367
97794,CACL,M,71660559368
97794,CACL,S,71660559369
97794,CACL,XL,71660559370
97794,CACL,XS,71660559371
97793,ESSL,2XL,71660559372
97793,ESSL,3XL,71660559373
97793,ESSL,L,71660559374
97793,ESSL,M,71660559389
97793,ESSL,S,71660559390
97793,ESSL,XL,71660559391
97793,ESSL,XS,71660559392
97630,DAOV,2XL,71660559393
97630,DAOV,3XL,71660559394
97630,DAOV,L,71660559401
97630,DAOV,M,71660559402
97630,DAOV,S,71660559403
WA700X5,LEFR,2XL,71660559405
97630,DAOV,XL,71660559418
97630,DAOV,XS,71660559419
97629,SESH,2XL,71660559420
97629,SESH,3XL,71660559421
97629,SESH,L,71660559422
97629,SESH,M,71660559423
WM617,VOKA,M,71660559453
WM617,VOKA,S,71660559454
WM018C12,CLRE,ASST,71660559463
WM617,VOKA,XL,71660559608
WC626,MTMG,S,71660559968
WC626,MTMG,XL,71660559969
WC626,MTMG,XS,71660559970
WC225,DESL,2XL,71660559971
WC225,DESL,3XL,71660559972
WC225,DESL,L,71660559973
WC225,DESL,M,71660559974
WM047P,BLK,XS,71660560219
WM047P,IND,L,71660560220
WM617,VOKA,XS,71660560476
WM214,CTIM,2XL,71660560481
WM841,IND,2XL,71660560497
WM841,IND,3XL,71660560499
WM841,IND,L,71660560500
WM841,IND,M,71660560501
WM841,IND,S,71660560502
WM832,EGG,2XL,71660560559
7014,TRQW,2XL,71660560600
7014,TRQW,L,71660560601
7014,TRQW,M,71660560602
7014,TRQW,S,71660560603
7014,TRQW,XL,71660560604
7014,TRQW,XS,71660560605
7014,SHPW,2XL,71660560606
7014,SHPW,L,71660560607
7014,SHPW,M,71660560608
7014,SHPW,S,71660560609
7014,SHPW,XL,71660560610
7014,SHPW,XS,71660560611
7605,SHPW,2XL,71660560612
7605,SHPW,L,71660560613
7605,SHPW,M,71660560614
7605,SHPW,S,71660560615
7605,SHPW,XL,71660560616
7605,SHPW,XS,71660560617
7605,TRQW,2XL,71660560618
7605,TRQW,L,71660560619
7605,TRQW,M,71660560620
7605,TRQW,S,71660560621
7605,TRQW,XL,71660560622
7605,TRQW,XS,71660560623
WM832,EGG,3XL,71660560662
WM832,EGG,L,71660560663
WM832,EGG,M,71660560664
WD826,DPFU,L,71660560771
WM841,IND,XL,71660560783
WD826,DPFU,M,71660560790
WD826,DPFU,S,71660560791
WD826,DPFU,XL,71660560792
WD826,DPFU,XS,71660560793
WD826,PWT,2XL,71660560794
WD826,PWT,3XL,71660560795
WD826,PWT,L,71660560801
WD826,PWT,M,71660560802
WD826,PWT,S,71660560803
WD826,PWT,XL,71660560804
WD826,PWT,XS,71660560805
WD027,IND,2XL,71660560806
WD027,IND,3XL,71660560807
WD027,IND,L,71660560808
WD027,IND,M,71660560913
WD027,IND,S,71660560914
WD027,IND,XL,71660560917
WD027,IND,XS,71660560918
97629,SESH,S,71660560960
97629,SESH,XL,71660560961
97629,SESH,XS,71660560962
97900,SOTO,2XL,71660560963
97900,SOTO,3XL,71660560964
97900,SOTO,L,71660560965
97900,SOTO,M,71660560966
97900,SOTO,S,71660560967
97900,SOTO,XL,71660560968
97900,SOTO,XS,71660560969
77949,GBLZ,XS,71660561047
WD026,DPFU,2XL,71660561063
WD026,DPFU,3XL,71660561064
WD026,DPFU,L,71660561065
WD026,DPFU,M,71660561066
WD026,DPFU,S,71660561067
WD026,DPFU,XL,71660561068
WD026,DPFU,XS,71660561069
WD026,PWT,2XL,71660561070
WD026,PWT,3XL,71660561071
WD026,PWT,L,71660561072
WD026,PWT,M,71660561073
WD026,PWT,S,71660561074
WD026,PWT,XL,71660561075
WM841,IND,XS,71660561340
WM832,EGG,S,71660561484
97917,TXTI,XL,71660561562
97917,TXTI,XS,71660561563
WM832,EGG,XL,71660561622
WM832,EGG,XS,71660561623
WM832,YRWM,2XL,71660561624
WM832,YRWM,3XL,71660561625
WM832,YRWM,L,71660561639
WM832,YRWM,M,71660561640
WM832,YRWM,S,71660561641
WM832,YRWM,XL,71660561642
WM832,YRWM,XS,71660561643
7940,DLDS,XS,71660561658
WM833,CRWM,2XL,71660561700
WM833,CRWM,L,71660561701
WM833,CRWM,M,71660561702
WM833,CRWM,S,71660561703
WM833,CRWM,XL,71660561704
WM833,CRWM,XS,71660561705
WD004,DPFU,2XL,71660561871
WD004,DPFU,3XL,71660561872
WM730X5C11,TSAL,ASST,71660561918
WM730X5C7,TSAL,ASST,71660561920
WM731X5C11,CSTE,ASST,71660561921
WM731X5C7,CSTE,ASST,71660561922
WD030,RECH,M,71660561923
WD030,RECH,S,71660561924
WD030,RECH,XL,71660561925
WD030,RECH,XS,71660561926
WD030,RYCH,2XL,71660561927
WD030,RYCH,3XL,71660561953
WD030,RYCH,L,71660561954
WD030,RYCH,M,71660561955
WD030,RYCH,S,71660561967
WD004,DPFU,L,71660561968
WD030,RYCH,XL,71660561970
WD030,RYCH,XS,71660561971
WD030,SHCH,2XL,71660561973
WD030,SHCH,3XL,71660561974
WD030,SHCH,L,71660561975
WD030,SHCH,M,71660561983
WD030,SHCH,S,71660562025
WD030,SHCH,XL,71660562026
WD030,SHCH,XS,71660562059
WD004,DPFU,M,71660562071
WD004,DPFU,S,71660562072
WD004,DPFU,XL,71660562086
WD004,DPFU,XS,71660562087
WD004,PWT,2XL,71660562088
WD030,SUCH,2XL,71660562098
WD030,SUCH,3XL,71660562131
WD030,SUCH,L,71660562150
WD004,PWT,3XL,71660562192
WD004,PWT,L,71660562193
WD004,PWT,M,71660562194
WD004,PWT,S,71660562196
WD004,PWT,XL,71660562338
WD004,PWT,XS,71660562339
WD013,BLK,2XL,71660562356
WD013,BLK,3XL,71660562359
WD013,BLK,L,71660562361
WD013,BLK,M,71660562362
77948,TRDZ,L,71660562509
77948,TRDZ,M,71660562510
77948,TRDZ,S,71660562511
77948,TRDZ,XL,71660562512
77948,TRDZ,XS,71660562513
77948,RYLZ,2XL,71660562514
77948,RYLZ,L,71660562515
77948,RYLZ,M,71660562516
77948,RYLZ,S,71660562517
77948,RYLZ,XL,71660562518
77948,RYLZ,XS,71660562519
77948,PURZ,2XL,71660562520
77948,PURZ,L,71660562521
77948,PURZ,M,71660562522
77948,PURZ,S,71660562523
77948,PURZ,XL,71660562524
77948,PURZ,XS,71660562525
77948,OLIZ,2XL,71660562526
77948,OLIZ,L,71660562527
77948,OLIZ,M,71660562528
77948,OLIZ,S,71660562529
77948,OLIZ,XL,71660562530
77948,OLIZ,XS,71660562531
77948,NVYZ,2XL,71660562532
77948,NVYZ,L,71660562533
77948,NVYZ,M,71660562534
77948,NVYZ,S,71660562535
77948,NVYZ,XL,71660562536
77948,NVYZ,XS,71660562537
77948,KHIZ,2XL,71660562546
77948,KHIZ,L,71660562547
77948,KHIZ,M,71660562548
77948,KHIZ,S,71660562549
77948,KHIZ,XL,71660562550
77948,KHIZ,XS,71660562551
77948,ITQZ,2XL,71660562552
77948,ITQZ,L,71660562553
77948,ITQZ,M,71660562562
77948,ITQZ,S,71660562563
77948,ITQZ,XL,71660562564
77948,ITQZ,XS,71660562565
77948,HTRZ,2XL,71660562566
77948,HTRZ,L,71660562567
77948,HTRZ,M,71660562568
77948,HTRZ,S,71660562569
77948,HTRZ,XL,71660562586
77948,HTRZ,XS,71660562587
77948,CBLZ,2XL,71660562588
77948,CBLZ,L,71660562589
77948,CBLZ,M,71660562590
77948,CBLZ,S,71660562591
77948,CBLZ,XL,71660562592
77948,CBLZ,XS,71660562593
77948,CHCZ,2XL,71660562602
77948,CHCZ,L,71660562603
77948,CHCZ,M,71660562604
77948,CHCZ,S,71660562605
77948,CHCZ,XL,71660562606
77948,CHCZ,XS,71660562607
77948,EGPZ,2XL,71660562608
77948,EGPZ,L,71660562609
77948,EGPZ,M,71660562672
77948,EGPZ,S,71660562673
77948,EGPZ,XL,71660562674
77948,EGPZ,XS,71660562675
77948,GBLZ,2XL,71660562676
77948,GBLZ,L,71660562677
77948,GBLZ,M,71660562678
77948,GBLZ,S,71660562679
77948,GBLZ,XL,71660562680
77948,GBLZ,XS,71660562681
77948,CRBZ,2XL,71660562682
77948,CRBZ,L,71660562683
77948,CRBZ,M,71660562684
77948,CRBZ,S,71660562685
77948,CRBZ,XL,71660562686
77948,CRBZ,XS,71660562687
77950,PEWV,2XL,71660562736
77950,PEWV,L,71660562741
77950,PEWV,M,71660562742
77950,PEWV,S,71660562743
77950,PEWV,XL,71660562805
77950,PEWV,XS,71660562806
77950,ROSV,2XL,71660562807
77950,ROSV,L,71660562808
77950,ROSV,M,71660562809
77951,GRPV,L,71660562810
77951,GRPV,M,71660562811
77951,GRPV,S,71660562812
77951,GRPV,XL,71660562813
77951,GRPV,XS,71660562814
77951,CELV,2XL,71660562815
77951,CELV,L,71660562816
77951,CELV,M,71660562817
77951,CELV,S,71660562821
77951,CELV,XL,71660562822
77951,CELV,XS,71660562823
77951,BLKV,2XL,71660562824
77951,BLKV,L,71660562825
77951,BLKV,M,71660562826
77951,BLKV,S,71660562827
77951,BLKV,XL,71660562848
77951,BLKV,XS,71660562849
77951,WINV,2XL,71660562850
77951,WINV,L,71660562851
77951,WINV,M,71660562852
77951,WINV,S,71660562853
77951,WINV,XL,71660562867
77951,WINV,XS,71660562868
77951,TEAV,2XL,71660562869
77951,TEAV,L,71660562870
77951,TEAV,M,71660562871
77951,TEAV,S,71660562872
77951,TEAV,XL,71660562873
77951,TEAV,XS,71660562874
77951,ROYV,2XL,71660562875
77951,ROYV,L,71660562876
77951,ROYV,M,71660562877
77951,ROYV,S,71660562878
77951,ROYV,XL,71660562879
77951,ROYV,XS,71660562880
97860,DPWM,2XL,71660562899
97860,DPWM,L,71660562901
97860,DPWM,M,71660562902
97860,DPWM,S,71660562903
97860,DPWM,XL,71660562913
97860,DPWM,XS,71660562914
97139,DPWM,2XL,71660562915
97139,DPWM,L,71660562917
97139,DPWM,M,71660562918
97139,DPWM,S,71660562919
97139,DPWM,XL,71660562920
97139,DPWM,XS,71660562929
97765,FLML,2XL,71660562930
97765,FLML,L,71660562932
97765,FLML,M,71660562933
97765,FLML,S,71660562934
97765,FLML,XL,71660562935
97765,FLML,XS,71660562936
77951,PEWV,2XL,71660563045
77951,PEWV,L,71660563046
97872,BOWM,2XL,71660563047
97872,BOWM,3XL,71660563048
97872,BOWM,L,71660563049
97872,BOWM,M,71660563050
97872,BOWM,S,71660563051
97872,BOWM,XL,71660563071
97872,BOWM,XS,71660563072
97150,BOWM,2XL,71660563073
97150,BOWM,3XL,71660563074
97150,BOWM,L,71660563075
97150,BOWM,M,71660563076
97150,BOWM,S,71660563077
97150,BOWM,XL,71660563078
97150,BOWM,XS,71660563079
97150P,BOWM,2XL,71660563080
97150P,BOWM,3XL,71660563081
97150P,BOWM,L,71660563082
97150P,BOWM,M,71660563083
97150P,BOWM,S,71660563084
97150P,BOWM,XS,71660563086
97150P,TWWM,2XL,71660563146
97150P,TWWM,3XL,71660563147
97150P,TWWM,L,71660563148
97150P,TWWM,M,71660563149
97150P,TWWM,S,71660563150
WD702,HEPD,S,71660563204
WD702,HEPD,XL,71660563205
97150P,TWWM,XL,71660563244
97150P,TWWM,XS,71660563245
97630,MNEL,2XL,71660563288
WM721X4,GOES,XS,71660563761
WM721X4,RTAD,2XL,71660563946
7804,FZME,2XL,71660564282
7804,FZME,3XL,71660564283
7804,FZME,L,71660564284
7804,FZME,M,71660564285
7804,FZME,S,71660564344
7804,FZME,XL,71660564345
7804,FZME,XS,71660564347
WM214,IND,L,71660564369
WM214,IND,M,71660564370
WD012,RWWM,L,71660564579
WD012,RWWM,M,71660564954
7940,DLDS,2XL,71660565142
7940,DLDS,3XL,71660565143
7940,DLDS,L,71660565144
7940,DLDS,M,71660565145
7940,DLDS,S,71660565146
7940,DLDS,XL,71660565147
77950,ROSV,S,71660565602
77950,ROSV,XL,71660565603
77950,ROSV,XS,71660565604
77950,NAVV,2XL,71660565605
77950,NAVV,L,71660565606
77950,NAVV,M,71660565607
77950,NAVV,S,71660565608
77950,NAVV,XL,71660565609
77950,NAVV,XS,71660565610
77950,CARV,2XL,71660565611
77950,CARV,L,71660565612
77950,CARV,M,71660565637
77950,CARV,S,71660565638
77950,CARV,XL,71660565653
77950,CARV,XS,71660565654
77950,GRPV,2XL,71660565655
WM214,IND,S,71660565660
WM214,IND,XL,71660565661
WM214,IND,XS,71660565662
WM214,VOKA,2XL,71660565663
WM214,VOKA,L,71660565664
WM214,VOKA,M,71660565665
77950,GRPV,L,71660565666
77950,GRPV,M,71660565667
77950,GRPV,S,71660565668
77950,GRPV,XL,71660565669
77950,GRPV,XS,71660565670
77950,CELV,2XL,71660565671
77950,CELV,L,71660565672
77950,CELV,M,71660565673
77950,CELV,S,71660565674
77950,CELV,XL,71660565675
77950,CELV,XS,71660565690
77950,BLKV,2XL,71660565691
77950,BLKV,L,71660565692
77950,BLKV,M,71660565693
77950,BLKV,S,71660565695
77950,BLKV,XL,71660565702
77950,BLKV,XS,71660565703
77950,ROYV,2XL,71660565704
77950,ROYV,L,71660565705
77950,ROYV,M,71660565706
77950,ROYV,S,71660565707
77950,ROYV,XL,71660565708
77950,ROYV,XS,71660565709
77950,TEAV,2XL,71660565710
77950,TEAV,L,71660565711
77950,TEAV,M,71660565712
77950,TEAV,S,71660565713
77950,TEAV,XL,71660565714
77950,TEAV,XS,71660565715
77950,WINV,2XL,71660565716
77950,WINV,L,71660565717
77950,WINV,M,71660565718
77950,WINV,S,71660565719
77950,WINV,XL,71660565723
77950,WINV,XS,71660565724
77949,BLKZ,2XL,71660565725
77949,BLKZ,L,71660565726
77949,BLKZ,M,71660565727
77949,BLKZ,S,71660565728
77949,BLKZ,XL,71660565729
77949,BLKZ,XS,71660565730
77949,CBLZ,2XL,71660565731
77949,CBLZ,L,71660565732
77949,CBLZ,M,71660565733
77949,CBLZ,S,71660565734
77949,CBLZ,XL,71660565741
77949,CBLZ,XS,71660565742
77949,CRBZ,2XL,71660565743
77949,CRBZ,L,71660565744
77949,CRBZ,M,71660565745
77949,CRBZ,S,71660565746
77949,CRBZ,XL,71660565750
77949,CRBZ,XS,71660565751
77949,CHCZ,2XL,71660565752
77949,CHCZ,L,71660565753
77949,CHCZ,M,71660565754
77949,CHCZ,S,71660565755
77949,CHCZ,XL,71660565756
77949,CHCZ,XS,71660565757
77949,EGPZ,2XL,71660565758
77949,EGPZ,L,71660565759
77949,EGPZ,M,71660565760
77949,EGPZ,S,71660565761
77949,EGPZ,XL,71660565774
77949,EGPZ,XS,71660565775
77949,GBLZ,2XL,71660565776
77949,GBLZ,L,71660565777
77949,GBLZ,M,71660565778
77949,GBLZ,S,71660565779
77949,GBLZ,XL,71660565780
77951,PEWV,M,71660565782
77951,PEWV,S,71660565783
77951,PEWV,XL,71660565784
77951,PEWV,XS,71660565785
97860C13,DPWM,ASST,71660565804
WC207,HTPT,XL,71660565850
7812,FZEL,3XL,71660565860
7812,FZEL,L,71660565866
7812,FZEL,M,71660565867
7812,FZEL,S,71660565868
7812,FZEL,XL,71660565869
7812,FZEL,XS,71660565900
WM214,VOKA,S,71660565916
97716R2,BUFO,3XL,71660566016
WD822,GBLZ,S,71660566031
WD017,OLWZ,L,71660566044
WD017,OLWZ,M,71660566045
WM647,EGG,L,71660566062
WM647,EGG,M,71660566063
WM647,EGG,S,71660566064
WM647,EGG,XL,71660566107
WM047P,IND,M,71660566110
WM047P,IND,S,71660566111
97630,MNEL,3XL,71660566116
97630,MNEL,L,71660566117
97630,MNEL,M,71660566118
97630,MNEL,S,71660566137
97630,MNEL,XL,71660566138
97630,MNEL,XS,71660566139
97792,KOKA,2XL,71660566140
97792,KOKA,3XL,71660566141
97792,KOKA,L,71660566142
97792,KOKA,M,71660566148
97792,KOKA,S,71660566149
97792,KOKA,XL,71660566150
WM047P,IND,XL,71660566159
97792,KOKA,XS,71660566161
7932,FEDS,2XL,71660566172
77956,WHTD,3XL,71660566177
7932,FEDS,3XL,71660566178
7932,FEDS,L,71660566179
7932,FEDS,M,71660566180
7932,FEDS,S,71660566181
7932,FEDS,XL,71660566182
WM047P,IND,XS,71660566188
7932,FEDS,XS,71660566192
77956,WHTD,L,71660566193
97630,ECOJ,XL,71660566225
97630,ECOJ,XS,71660566226
97630,SWMO,2XL,71660566227
97630,SWMO,3XL,71660566228
97630,SWMO,L,71660566229
97630,SWMO,M,71660566230
WM047P,PWT,L,71660566246
7203,NAVW,XL,71660566279
7203,NAVW,XS,71660566280
97529,FZOL,2XL,71660566355
97529,FZOL,3XL,71660566356
97529,FZOL,L,71660566357
97529,FZOL,M,71660566358
97529,FZOL,S,71660566359
97529,FZOL,XL,71660566360
97529,FZOL,XS,71660566361
WM214,VOKA,XL,71660566450
WM047P,PWT,M,71660566468
WM047P,PWT,S,71660566469
WM047P,PWT,XL,71660566472
7203,MYPE,2XL,71660566473
7203,MYPE,L,71660566475
WM214,VOKA,XS,71660566502
7203,MYPE,M,71660566529
7203,MYPE,S,71660566530
7203,MYPE,XL,71660566531
7203,MYPE,XS,71660566563
7203,WHTC,2XL,71660566564
7203,WHTC,3XL,71660566569
7203,WHTC,L,71660566577
7203,WHTC,M,71660566578
7203,WHTC,S,71660566614
7203,WHTC,XL,71660566639
7203,WHTC,XS,71660566640
7500,COC3,2XL,71660566811
7500,COC3,3XL,71660566816
7500,COC3,L,71660566817
7500,COC3,M,71660566818
7500,COC3,S,71660566819
7500,COC3,XL,71660566820
7500,COC3,XS,71660566821
WM047P,PWT,XS,71660566880
WM018P,LRWM,L,71660566881
WM018P,LRWM,M,71660567164
WM018P,LRWM,S,71660567167
WM018P,LRWM,XL,71660567205
WM018P,LRWM,XS,71660567230
77949,HTRZ,2XL,71660567237
77949,HTRZ,L,71660567242
77949,HTRZ,M,71660567243
77949,HTRZ,S,71660567244
77949,HTRZ,XL,71660567248
77949,HTRZ,XS,71660567279
77949,ITQZ,2XL,71660567280
77949,ITQZ,L,71660567281
77949,ITQZ,M,71660567282
77949,ITQZ,S,71660567283
77949,ITQZ,XL,71660567306
77949,ITQZ,XS,71660567307
77949,KHIZ,2XL,71660567308
77949,KHIZ,L,71660567310
77949,KHIZ,M,71660567311
77949,KHIZ,S,71660567315
77949,KHIZ,XL,71660567316
77949,KHIZ,XS,71660567317
77949,NVYZ,2XL,71660567320
77949,NVYZ,L,71660567321
77949,NVYZ,M,71660567322
77949,NVYZ,S,71660567323
77949,NVYZ,XL,71660567324
77949,NVYZ,XS,71660567325
77949,WINZ,2XL,71660567326
77949,WINZ,L,71660567327
77949,WINZ,M,71660567328
77949,WINZ,S,71660567329
77949,WINZ,XL,71660567330
77949,WINZ,XS,71660567331
77949,VIOZ,2XL,71660567332
77949,VIOZ,L,71660567333
77949,VIOZ,M,71660567334
77949,VIOZ,S,71660567335
77949,VIOZ,XL,71660567336
77949,VIOZ,XS,71660567337
77949,TRDZ,2XL,71660567338
77949,TRDZ,L,71660567339
77949,TRDZ,M,71660567340
77949,TRDZ,S,71660567341
77949,TRDZ,XL,71660567342
77949,TRDZ,XS,71660567343
77949,RYLZ,2XL,71660567344
77949,RYLZ,L,71660567345
77949,RYLZ,M,71660567346
77949,RYLZ,S,71660567347
77949,RYLZ,XL,71660567348
77949,RYLZ,XS,71660567349
77949,OLIZ,2XL,71660567350
77949,OLIZ,L,71660567351
77949,OLIZ,M,71660567352
77949,OLIZ,S,71660567353
77949,OLIZ,XL,71660567354
77949,OLIZ,XS,71660567355
77949,PURZ,2XL,71660567356
77949,PURZ,L,71660567357
77949,PURZ,M,71660567358
77949,PURZ,S,71660567359
77949,PURZ,XL,71660567360
77949,PURZ,XS,71660567361
77951,PEWZ,2XL,71660567362
77951,PEWZ,L,71660567363
77951,PEWZ,M,71660567364
77951,PEWZ,S,71660567365
77951,PEWZ,XL,71660567366
77951,PEWZ,XS,71660567367
77951,ROSV,2XL,71660567368
77951,ROSV,L,71660567369
77951,ROSV,M,71660567370
77951,ROSV,S,71660567371
77951,ROSV,XL,71660567373
77951,ROSV,XS,71660567374
METEOR,WHT,6,71660567410
77951,NAVV,2XL,71660567416
77951,NAVV,L,71660567417
77951,NAVV,M,71660567418
77951,NAVV,S,71660567419
77951,NAVV,XL,71660567420
77951,NAVV,XS,71660567421
77951,CARV,2XL,71660567422
77951,CARV,L,71660567423
77951,CARV,M,71660567424
77951,CARV,S,71660567425
77951,CARV,XL,71660567426
77951,CARV,XS,71660567427
77951,GRPV,2XL,71660567428
97793,PUAS,2XL,71660567497
97793,PUAS,3XL,71660567498
97793,PUAS,L,71660567499
97793,PUAS,M,71660567500
97793,PUAS,S,71660567501
97793,PUAS,XL,71660567502
97793,PUAS,XS,71660567509
97629,PNKC,2XL,71660567537
97629,PNKC,3XL,71660567538
97629,PNKC,L,71660567539
97629,PNKC,M,71660567540
97629,PNKC,S,71660567541
97629,PNKC,XL,71660567542
97629,PNKC,XS,71660567543
97900,BBOT,2XL,71660567544
97900,BBOT,3XL,71660567545
97900,BBOT,L,71660567546
97900,BBOT,M,71660567547
97900,BBOT,S,71660567548
97900,BBOT,XL,71660567549
97900,BBOT,XS,71660567550
97900,BTDE,2XL,71660567551
97900,BTDE,3XL,71660567552
97900,BTDE,L,71660567553
97900,BTDE,M,71660567554
97900,BTDE,S,71660567555
97900,BTDE,XL,71660567556
97900,BTDE,XS,71660567557
97903,DZDT,2XL,71660567558
97903,DZDT,3XL,71660567559
97903,DZDT,L,71660567560
97903,DZDT,M,71660567561
97903,DZDT,S,71660567562
97903,DZDT,XL,71660567563
97903,DZDT,XS,71660567564
97901,BTBE,2XL,71660567565
97901,BTBE,3XL,71660567566
97901,BTBE,L,71660567567
97901,BTBE,M,71660567568
97901,BTBE,S,71660567569
97901,BTBE,XL,71660567570
97901,BTBE,XS,71660567571
WM730X5,MKBT,2XL,71660568211
WM730X5,MKBT,3XL,71660568213
WM730X5,MKBT,L,71660568214
WM730X5,MKBT,M,71660568228
WM730X5,MKBT,S,71660568247
WM730X5,MKBT,XL,71660568248
77948,BLKZ,XS,71660568338
77948,BLKZ,2XL,71660568339
77948,BLKZ,L,71660568340
77948,BLKZ,M,71660568341
77948,BLKZ,S,71660568342
77948,BLKZ,XL,71660568343
77948,WINZ,2XL,71660568344
77948,WINZ,L,71660568345
77948,WINZ,M,71660568346
77948,WINZ,S,71660568352
77948,WINZ,XL,71660568353
77948,WINZ,XS,71660568354
77948,VIOZ,2XL,71660568355
77948,VIOZ,L,71660568356
77948,VIOZ,M,71660568367
77948,VIOZ,S,71660568368
77948,VIOZ,XL,71660568369
77948,VIOZ,XS,71660568371
77948,TRDZ,2XL,71660568372
WC023,EBW,XS,71660568639
WC023,PWT,2XL,71660568642
WC023,PWT,L,71660568657
WC023,PWT,M,71660568658
WC023,PWT,S,71660568659
WC023,PWT,XL,71660568660
WC023,PWT,XS,71660568661
WC820,BLK,2XL,71660568707
WMTCW1C22,ASST,ASST,71660568735
WMTCW2C14,ASST,ASST,71660568737
WMPCW3C22,ASST,ASST,71660568739
WC820,BLK,3XL,71660568877
WC820,BLK,L,71660568879
WC820,BLK,M,71660568880
WC820,BLK,S,71660568882
WC820,BLK,XL,71660568921
WC820,BLK,XS,71660568922
WC820,IND,2XL,71660568923
WC820,IND,3XL,71660568925
WC820,IND,L,71660569008
WC820,IND,M,71660569009
WC608,BTAT,L,71660569108
WC608,BTAT,M,71660569118
WC608,BTAT,S,71660569119
WM031,CIE,2XL,71660569182
WM031,CIE,3XL,71660569183
WM031,CIE,L,71660569290
WM832,CIE,2XL,71660569291
WM832,CIE,3XL,71660569292
WM832,CIE,L,71660569293
WM832,CIE,M,71660569294
WM832,CIE,S,71660569295
WM832,CIE,XL,71660569296
WM832,CIE,XS,71660569332
WMPGEB4C22,ASST,ASST,71660569609
WD820,CRED,2XL,71660569652
WD820,CRED,3XL,71660569656
WD820,CRED,L,71660569657
WM00018,PWT,XL,71660569701
7502,EGWM,2XL,71660569724
WM730X5,RURR,2XL,71660569786
WM730X5,RURR,3XL,71660569787
WM730X5,RURR,L,71660569788
WM730X5,RURR,M,71660569789
WM730X5,RURR,S,71660569796
WM730X5,RURR,XL,71660569797
WM731X5,HLHO,2XL,71660569798
WD820,CRED,M,71660569808
WD820,CRED,S,71660569809
WD820,CRED,XL,71660569810
WD820,CRED,XS,71660569811
WD820,EBWM,2XL,71660569812
WD820,EBWM,3XL,71660569813
97630,PHHD,S,71660569858
WD820,EBWM,L,71660569940
WD820,EBWM,M,71660569941
WD820,EBWM,S,71660569961
WD820,EBWM,XL,71660569962
WD820,EBWM,XS,71660569963
WMPGEB5C10,ASST,ASST,71660569964
WMTWHC1C22,ASST,ASST,71660569965
WMTWHC2C14,ASST,ASST,71660569966
90025,CRWM,XS,71660570079
90025,CRWM,2XL,71660570080
90025,CRWM,3XL,71660570081
90025,CRWM,L,71660570082
90025,CRWM,M,71660570091
90025,CRWM,S,71660570092
90025,CRWM,XL,71660570093
90025,LRWM,XS,71660570094
90025,LRWM,2XL,71660570095
90025,LRWM,3XL,71660570096
90025,LRWM,L,71660570097
90025,LRWM,M,71660570098
90025,LRWM,S,71660570107
90025,LRWM,XL,71660570108
90025,YRWM,XS,71660570109
90025,YRWM,2XL,71660570110
90025,YRWM,3XL,71660570111
90025,YRWM,L,71660570112
90025,YRWM,M,71660570113
90025,YRWM,S,71660570114
90025,YRWM,XL,71660570123
90026,CRWM,XS,71660570124
90026,CRWM,2XL,71660570125
90026,CRWM,3XL,71660570126
90026,CRWM,L,71660570127
90026,CRWM,M,71660570128
90026,CRWM,S,71660570129
90026,CRWM,XL,71660570130
90026,LRWM,XS,71660570131
90026,LRWM,2XL,71660570132
90026,LRWM,3XL,71660570133
90026,LRWM,L,71660570134
90026,LRWM,M,71660570135
90026,LRWM,S,71660570136
90026,LRWM,XL,71660570137
90026,YRWM,XS,71660570138
90026,YRWM,2XL,71660570147
90026,YRWM,3XL,71660570148
90026,YRWM,L,71660570150
90026,YRWM,M,71660570151
90026,YRWM,S,71660570152
90026,YRWM,XL,71660570153
WMPWHC3C22,ASST,ASST,71660570292
WMPWHC4C22,ASST,ASST,71660570293
WMPWHC5C10,ASST,ASST,71660570359
WMTWE1C22,ASST,ASST,71660570360
WMTWE2C14,ASST,ASST,71660570361
WMPWE3C22,ASST,ASST,71660570362
7930C9,UNCT,2XL,71660570487
7930C9,UNCT,3XL,71660570488
7930C9,UNCT,L,71660570489
7930C9,UNCT,M,71660570490
7930C9,UNCT,S,71660570491
7930C9,UNCT,XL,71660570492
7930C9,UNCT,XS,71660570502
WMPWE4C22,ASST,ASST,71660570729
WMPWE5C10,ASST,ASST,71660570797
WMTTW1C22,ASST,ASST,71660570798
WD820,HUWM,2XL,71660570799
WD820,HUWM,3XL,71660570800
WM031,CIE,M,71660570994
WM031,CIE,S,71660570995
WM031,CIE,XL,71660570996
WM031,CIE,XS,71660570997
WM031,EGG,2XL,71660570998
WMTTW2C14,ASST,ASST,71660571283
WMPTW3C22,ASST,ASST,71660571284
WMPTW4C22,ASST,ASST,71660571285
WMPTW5C10,ASST,ASST,71660571286
WM00018,PWT,XS,71660571331
WM00018,WIN,2XL,71660571332
WM00018,WIN,3XL,71660571335
97530,DMBG,2XL,71660571421
WM841C12,IND,ASST,71660571944
WM841C12,PWT,ASST,71660572052
WM841C12,RAR,ASST,71660572055
WM841C12,WIN,ASST,71660572056
WM818C12,AQBU,ASST,71660572058
97630,PHHD,2XL,71660572156
97630,PHHD,3XL,71660572157
WM032,RAR,XL,71660572170
WM032,RAR,XS,71660572171
WMTHE2C14,ASST,ASST,71660572411
WMPHE3C22,ASST,ASST,71660572412
WMPHE4C22,ASST,ASST,71660572413
97157,RAWM,XL,71660572465
WMPHE5C10,ASST,ASST,71660572541
WM047,EXPK,M,71660572542
WM047,EXPK,S,71660572546
WM047,EXPK,XL,71660572606
WM047,EXPK,XS,71660572607
WM841,EXPK,2XL,71660572608
WM841,EXPK,3XL,71660572609
WM841,EXPK,L,71660572610
WM841,EXPK,M,71660572611
WM841,EXPK,S,71660572612
WM841,EXPK,XL,71660572613
WM841,EXPK,XS,71660572622
WM818,AQBU,2XL,71660572623
WM818,AQBU,3XL,71660572624
WM818,AQBU,L,71660572625
WM818,AQBU,M,71660572626
WM818,AQBU,S,71660572627
WM818,AQBU,XL,71660572628
WM818,AQBU,XS,71660572629
97630,MNIZ,S,71660572644
97630,MNIZ,XL,71660572645
97630,MNIZ,XS,71660572654
97630,LKHM,2XL,71660572655
97630,LKHM,3XL,71660572656
97630,LKHM,L,71660572657
97630,LKHM,M,71660572658
97630,LKHM,S,71660572659
97630,LKHM,XL,71660572660
97630,LKHM,XS,71660572661
97630,DMWW,2XL,71660572662
97630,DMWW,3XL,71660572663
97630,DMWW,L,71660572664
97630,DMWW,M,71660572665
97630,DMWW,S,71660572666
97630,DMWW,XL,71660572667
97630,DMWW,XS,71660572668
97630,PHUG,L,71660572671
97630,PHUG,M,71660572672
97630,PHUG,XS,71660572675
97630,SWAM,2XL,71660572676
97630,SWAM,3XL,71660572677
97630,SWAM,L,71660572678
97630,SWAM,M,71660572679
97630,SWAM,S,71660572680
97630,SWAM,XL,71660572681
97630,SWAM,XS,71660572682
97630,BASH,2XL,71660572683
97630,BASH,3XL,71660572684
97630,BASH,L,71660572685
97630,BASH,M,71660572692
97630,BASH,S,71660572693
97630,BASH,XL,71660572694
97630,BASH,XS,71660572695
97630,NCJH,2XL,71660572696
97630,NCJH,3XL,71660572697
97630,NCJH,L,71660572698
97630,NCJH,M,71660572699
97630,NCJH,S,71660572700
97630,NCJH,XL,71660572701
97630,NCJH,XS,71660572710
97630,MKFN,2XL,71660572711
97630,MKFN,3XL,71660572712
97630,MKFN,L,71660572713
97630,MKFN,M,71660572714
97630,MKFN,S,71660572715
97630,MKFN,XL,71660572716
97630,MKFN,XS,71660572717
97909,CACU,2XL,71660572726
97909,CACU,3XL,71660572727
97909,CACU,L,71660572728
97909,CACU,M,71660572730
97909,CACU,S,71660572731
97909,CACU,XL,71660572732
97909,CACU,XS,71660572733
97909,MHND,2XL,71660572734
97909,MHND,3XL,71660572735
97909,MHND,L,71660572736
97909,MHND,M,71660572737
97909,MHND,S,71660572738
97909,MHND,XL,71660572739
97909,MHND,XS,71660572740
97904,FLFV,2XL,71660572748
97904,FLFV,3XL,71660572757
97904,FLFV,L,71660572758
97904,FLFV,M,71660572759
97904,FLFV,S,71660572760
97904,FLFV,XL,71660572761
97904,FLFV,XS,71660572762
97910,CEDT,2XL,71660572763
97910,CEDT,3XL,71660572764
97910,CEDT,L,71660572765
97910,CEDT,M,71660572766
97910,CEDT,S,71660572767
WM018,AQBU,2XL,71660572823
WM018,AQBU,3XL,71660572824
WM018,AQBU,L,71660572848
WM018,AQBU,M,71660572849
97630,DMWC,L,71660572905
97630,DMWC,M,71660572906
97630,DMWC,S,71660572973
WD002,AQUZ,2XL,71660573186
WD002,AQUZ,3XL,71660573309
WM731X5,HLHO,L,71660573481
WM731X5,HLHO,M,71660573509
WM731X5,HLHO,S,71660573510
WM731X5,HLHO,XL,71660573511
WM731X5,DYSF,2XL,71660573512
WM731X5,DYSF,3XL,71660573513
WM731X5,DYSF,L,71660573547
WM731X5,DYSF,M,71660573548
WM731X5,DYSF,S,71660573565
WM731X5,DYSF,XL,71660573566
WM731X5,STNF,2XL,71660573567
WM731X5,STNF,3XL,71660573568
WM731X5,STNF,L,71660574240
WM731X5,STNF,M,71660574241
WM731X5,STNF,S,71660574266
WM731X5,STNF,XL,71660574267
WD835,BXCH,2XL,71660574268
WD835,BXCH,3XL,71660574284
WD835,BXCH,L,71660574285
WD835,BXCH,M,71660574286
WD835,BXCH,S,71660574287
WD835,BXCH,XL,71660574288
WD835,BXCH,XS,71660574289
WD835,CACH,2XL,71660574295
WD835,CACH,3XL,71660574296
WD835,CACH,L,71660574297
WD835,CACH,M,71660574304
WD835,CACH,S,71660574305
WD835,CACH,XL,71660574306
WD835,CACH,XS,71660574307
WD835,KAK,2XL,71660574308
WD835,KAK,3XL,71660574315
WD835,KAK,L,71660574316
WD835,KAK,M,71660574317
WD835,KAK,S,71660574318
WD835,KAK,XL,71660574319
WD835,KAK,XS,71660574320
WD835,NVCH,2XL,71660574333
WD835,NVCH,3XL,71660574334
WD835,NVCH,L,71660574336
WD835,NVCH,M,71660574337
WD835,NVCH,S,71660574338
WD835,NVCH,XL,71660574339
WD835,NVCH,XS,71660574340
WD835,OLCH,2XL,71660574341
WD835,OLCH,3XL,71660574409
WD835,OLCH,L,71660574410
WD835,OLCH,M,71660574411
WD835,OLCH,S,71660574420
WD835,OLCH,XL,71660574421
WD835,OLCH,XS,71660574422
WA805,BKWM,S,71660574425
WA805,BKWM,XL,71660574428
WA805,BKWM,XS,71660574429
WA805,CGWM,2XL,71660574430
WD835,PWCH,2XL,71660574436
WD835,PWCH,3XL,71660574437
WD835,PWCH,L,71660574438
WD835,PWCH,M,71660574448
WA805,CGWM,3XL,71660574489
WD002,AQUZ,L,71660574551
97530,DMBG,3XL,71660574658
97630,DMWC,XL,71660574663
97530,DMBG,L,71660574666
97530,DMBG,M,71660574667
97530,DMBG,S,71660574668
97630,DMWC,XS,71660574771
WM721X4,GOES,2XL,71660574772
WM721X4,GOES,3XL,71660574773
WM721X4,GOES,L,71660574774
WM721X4,GOES,M,71660574775
WM721X4,GOES,S,71660574776
WM721X4,GOES,XL,71660574777
WD002,AQUZ,M,71660574778
WD002,AQUZ,S,71660574779
WD002,AQUZ,XL,71660574781
WD002,AQUZ,XS,71660574782
WD002,LIRT,2XL,71660574813
WD002,LIRT,3XL,71660574814
WD002,LIRT,L,71660574815
WD002,LIRT,M,71660574816
WD002,LIRT,S,71660574817
WM730X5C9,LKJC,ASST,71660575072
WM730X5C18,LKJC,ASST,71660575073
WM730X5C9,MKWO,ASST,71660575074
WM730X5C18,MKWO,ASST,71660575075
WM731X5C9,LEFR,ASST,71660575076
WM731X5C18,LEFR,ASST,71660575077
WC241,BLK,2XL,71660575078
WMTHW1C22,ASST,ASST,71660575164
WMTHW2C14,ASST,ASST,71660575168
WMPHW3C22,ASST,ASST,71660575269
WMPHW4C22,ASST,ASST,71660575270
WMPHW5C10,ASST,ASST,71660575433
WM731X5C18,FEFM,ASST,71660575449
WM646C9,HIND,ASST,71660575450
WM646C18,HIND,ASST,71660575451
97910,CEDT,XL,71660575548
97910,CEDT,XS,71660575549
97875,CYWM,2XL,71660575550
97875,CYWM,3XL,71660575551
97875,CYWM,L,71660575552
97875,CYWM,M,71660575553
WA805,EBWM,2XL,71660575565
WA805,EBWM,3XL,71660575566
WMTEBW1C22,ASST,ASST,71660575571
WMTEBW2C14,ASST,ASST,71660575572
97875,CYWM,S,71660575587
97875,CYWM,XL,71660575588
97875,CYWM,XS,71660575589
97875,ERWM,2XL,71660575590
97875,ERWM,3XL,71660575591
97875,ERWM,L,71660575592
97875,ERWM,M,71660575593
97875,ERWM,S,71660575594
97875,ERWM,XL,71660575595
WA805,EBWM,L,71660575604
WA805,EBWM,M,71660575605
WA805,EBWM,S,71660575606
WA805,EBWM,XL,71660575607
97875,ERWM,XS,71660575608
97153,CYWM,2XL,71660575609
97153,CYWM,3XL,71660575624
97153,CYWM,L,71660575625
97153,CYWM,M,71660575626
97153,CYWM,S,71660575627
97153,CYWM,XL,71660575628
97153,CYWM,XS,71660575629
97153,ERWM,2XL,71660575630
WA805,EBWM,XS,71660575631
WA005,BKWM,2XL,71660575632
WA005,BKWM,3XL,71660575633
97153,ERWM,3XL,71660575638
97153,ERWM,L,71660575639
97153,ERWM,M,71660575640
97153,ERWM,S,71660575641
97153,ERWM,XL,71660575642
97153,ERWM,XS,71660575643
97910,HPHR,2XL,71660575644
97910,HPHR,3XL,71660575645
97910,HPHR,L,71660575646
97910,HPHR,M,71660575647
97910,HPHR,S,71660575648
97910,HPHR,XL,71660575649
WA005,BKWM,L,71660575651
97910,HPHR,XS,71660575659
97909,WLFC,2XL,71660575660
97909,WLFC,3XL,71660575661
97909,WLFC,L,71660575662
97909,WLFC,M,71660575663
97909,WLFC,S,71660575664
97909,WLFC,XL,71660575665
97909,WLFC,XS,71660575668
97907,CACZ,2XL,71660575669
97907,CACZ,3XL,71660575670
97907,CACZ,L,71660575671
97907,CACZ,M,71660575672
97907,CACZ,S,71660575673
97907,CACZ,XL,71660575674
97907,CACZ,XS,71660575675
97904,BFBN,2XL,71660575676
97904,BFBN,3XL,71660575677
97904,BFBN,L,71660575678
97904,BFBN,M,71660575679
97904,BFBN,S,71660575687
97904,BFBN,XL,71660575688
97904,BFBN,XS,71660575689
97907,GOGO,2XL,71660575690
97907,GOGO,3XL,71660575691
97907,GOGO,L,71660575692
97907,GOGO,M,71660575693
WD835,SHCH,XS,71660575701
WD835,SUCH,2XL,71660575702
WD835,SUCH,3XL,71660575703
WD835,SUCH,L,71660575704
WD835,SUCH,M,71660575705
WD835,SUCH,S,71660575706
WD835,SUCH,XL,71660575707
WA005,BKWM,M,71660575708
97907,GOGO,S,71660575715
97907,GOGO,XL,71660575716
97907,GOGO,XS,71660575717
97530,DMUP,2XL,71660575718
97530,DMUP,3XL,71660575719
97530,DMUP,L,71660575720
97530,DMUP,M,71660575721
97530,DMUP,S,71660575757
97530,DMUP,XL,71660575758
97530,DMUP,XS,71660575759
97910,WDCR,2XL,71660575760
97910,WDCR,3XL,71660575761
97910,WDCR,L,71660575762
97910,WDCR,M,71660575763
WD035,SUCH,S,71660575764
WD035,SUCH,XL,71660575765
WD035,SUCH,XS,71660575766
WD035,TLCH,2XL,71660575767
WD035,TLCH,3XL,71660575768
WD035,TLCH,L,71660575769
WD035,TLCH,M,71660575770
97910,WDCR,S,71660575771
97910,WDCR,XL,71660575772
97910,WDCR,XS,71660575773
97910,SYLA,2XL,71660575774
97910,SYLA,3XL,71660575775
97910,SYLA,L,71660575776
97910,SYLA,M,71660575777
97910,SYLA,S,71660575785
97910,SYLA,XL,71660575786
97910,SYLA,XS,71660575787
97910,HTME,2XL,71660575788
97910,HTME,3XL,71660575789
97910,HTME,L,71660575790
97910,HTME,M,71660575791
97910,HTME,S,71660575813
97910,HTME,XL,71660575814
97910,HTME,XS,71660575827
97874,ZBWM,2XL,71660575828
97874,ZBWM,3XL,71660575829
97874,ZBWM,L,71660575830
97874,ZBWM,M,71660575831
97874,ZBWM,S,71660575834
97874,ZBWM,XL,71660575835
97874,ZBWM,XS,71660575836
97874,OSWM,2XL,71660575837
97874,OSWM,3XL,71660575838
97874,OSWM,L,71660575839
97874,OSWM,M,71660575840
97874,OSWM,S,71660575844
97874,OSWM,XL,71660575845
97874,OSWM,XS,71660575846
97152,ZBWM,2XL,71660575847
97152,ZBWM,3XL,71660575848
97152,ZBWM,L,71660575849
97152,ZBWM,M,71660575850
97152,ZBWM,S,71660575851
97152,ZBWM,XL,71660575852
97152,ZBWM,XS,71660575853
97152,OSWM,2XL,71660575854
97152,OSWM,3XL,71660575855
97152,OSWM,L,71660575860
97152,OSWM,M,71660575861
MERCURY,WHT,7H,71660576431
MERCURY,WHT,8,71660576432
MERCURY,WHT,8H,71660576433
MERCURY,WHT,9,71660576434
MERCURY,WHT,9H,71660576435
MERCURY,WHT,10,71660576436
MERCURY,WHT,11,71660576437
WC207,HTPT,2XL,71660576968
WC207,HTPT,3XL,71660576969
WC207,HTPT,L,71660577005
WC207,HTPT,M,71660577027
WC207,HTPT,S,71660577030
PANSY,WHT,5H,71660577114
PANSY,WHT,10,71660577115
PANSY,WHT,11,71660577125
PANSY,WHT,6,71660577126
PANSY,WHT,6H,71660577127
PANSY,WHT,7,71660577128
PANSY,WHT,7H,71660577129
PANSY,WHT,8,71660577130
PANSY,WHT,8H,71660577146
PANSY,WHT,9,71660577147
PANSY,WHT,9H,71660577148
WC711X4,MNOC,2XL,71660577246
WC711X4,MNOC,3XL,71660577247
WC711X4,MNOC,L,71660577248
WC711X4,MNOC,M,71660577249
WC711X4,MNOC,S,71660577250
WC711X4,MNOC,XL,71660577251
WC711X4,MNOC,XS,71660577252
WC711X4,PTOU,2XL,71660577253
WC711X4,PTOU,3XL,71660577254
WC711X4,PTOU,L,71660577255
WC711X4,PTOU,M,71660577256
WC711X4,PTOU,S,71660577257
WC711X4,PTOU,XL,71660577258
WC711X4,PTOU,XS,71660577259
7500,TRQ2,2XL,71660577519
7500,TRQ2,3XL,71660577535
7500,TRQ2,L,71660577545
7500,TRQ2,M,71660577546
7500,TRQ2,S,71660577547
WM214,CTIM,L,71660577613
7500,TRQ2,XL,71660577626
7500,TRQ2,XS,71660577632
7050,TRQ2,2XL,71660577662
7050,TRQ2,3XL,71660577663
7050,TRQ2,L,71660577664
WM214,CTIM,M,71660577704
WM214,CTIM,S,71660577705
WM214,CTIM,XL,71660577706
7050,TRQ2,M,71660577722
STARLIGHT,IRR,10,71660578077
WM214,CTIM,XS,71660578104
97917C9,TXTI,ASST,71660578134
97917C9,UTHT,ASST,71660578135
97630C12,DMWB,ASST,71660578136
7711,BMWC,2XL,71660578203
7711,BMWC,3XL,71660578204
7711,BMWC,L,71660578205
7711,BMWC,M,71660578214
7711,BMWC,S,71660578215
7711,BMWC,XL,71660578216
7711,BMWC,XS,71660578217
7711,PKWM,2XL,71660578219
7711,PKWM,3XL,71660578220
7711,PKWM,L,71660578221
7711,PKWM,M,71660578246
7711,PKWM,S,71660578247
7711,PKWM,XL,71660578248
7711,PKWM,XS,71660578249
7015,BMWC,2XL,71660578250
7015,BMWC,3XL,71660578251
7015,BMWC,L,71660578252
7015,BMWC,M,71660578253
WA805,CGWM,L,71660578260
WA805,CGWM,M,71660578261
WA805,CGWM,S,71660578280
WA805,CGWM,XL,71660578288
WA805,CGWM,XS,71660578290
7015,BMWC,S,71660578302
7015,BMWC,XL,71660578303
7015,BMWC,XS,71660578304
7015,PKWM,2XL,71660578305
7015,PKWM,3XL,71660578306
7015,PKWM,L,71660578307
7015,PKWM,M,71660578308
7015,PKWM,S,71660578309
7015,PKWM,XL,71660578314
7015,PKWM,XS,71660578315
7813,MKDR,2XL,71660578316
7813,MKDR,3XL,71660578317
7813,MKDR,L,71660578318
7813,MKDR,M,71660578319
7813,MKDR,S,71660578320
7813,MKDR,XL,71660578321
7813,MKDR,XS,71660578322
7837,BEAR,2XL,71660578323
7837,BEAR,3XL,71660578324
7837,BEAR,L,71660578325
7837,BEAR,M,71660578339
7837,BEAR,S,71660578340
7837,BEAR,XL,71660578341
7837,BEAR,XS,71660578345
7929,KBOM,2XL,71660578346
7929,KBOM,3XL,71660578347
7929,KBOM,L,71660578348
7929,KBOM,M,71660578349
7929,KBOM,S,71660578350
7929,KBOM,XL,71660578351
7929,KBOM,XS,71660578352
7926,KBOM,2XL,71660578353
7926,KBOM,3XL,71660578354
7926,KBOM,L,71660578355
7926,KBOM,M,71660578356
7926,KBOM,S,71660578357
7926,KBOM,XL,71660578412
7926,KBOM,XS,71660578413
7941,TFFN,2XL,71660578454
7941,TFFN,3XL,71660578455
7941,TFFN,L,71660578456
7941,TFFN,M,71660578457
7502,EGWM,3XL,71660578501
7502,EGWM,L,71660578510
7502,EGWM,M,71660578511
7502,EGWM,S,71660578512
7502,EGWM,XL,71660578513
7502,EGWM,XS,71660578514
7009,EGWM,2XL,71660578515
7009,EGWM,3XL,71660578516
7009,EGWM,L,71660578517
7009,EGWM,M,71660578518
7009,EGWM,S,71660578519
7009,EGWM,XL,71660578520
FOXTAIL,WHT,10,71660578971
FOXTAIL,WHT,11,71660578972
FOXTAIL,WHT,5H,71660578973
FOXTAIL,WHT,6,71660578974
FOXTAIL,WHT,6H,71660578975
FOXTAIL,WHT,7,71660578976
FOXTAIL,WHT,7H,71660578977
FOXTAIL,WHT,8,71660578978
FOXTAIL,WHT,8H,71660578979
FOXTAIL,WHT,9,71660578980
FOXTAIL,WHT,9H,71660578981
WD802,AQUZ,M,71660578990
WD802,AQUZ,S,71660578992
WD802,AQUZ,XL,71660578993
WD802,AQUZ,XS,71660578994
WD802,LIRT,2XL,71660579102
WD802,LIRT,3XL,71660579103
WD802,LIRT,L,71660579104
WD802,LIRT,M,71660579105
WD802,LIRT,S,71660579106
WD802,LIRT,XL,71660579107
WD802,LIRT,XS,71660579109
WM721X4,RTAD,3XL,71660579133
WD822,BLKZ,2XL,71660579174
WD822,BLKZ,3XL,71660579175
WD822,BLKZ,L,71660579179
WD822,BLKZ,M,71660579180
WD822,BLKZ,S,71660579246
WD822,BLKZ,XL,71660579247
WD822,BLKZ,XS,71660579248
WD822,GBLZ,2XL,71660579249
97530,DMBG,XL,71660579312
97530,DMBG,XS,71660579313
WM721X4,RTAD,L,71660579315
WM721X4,RTAD,M,71660579318
WM721X4,RTAD,S,71660579319
WM721X4,RTAD,XL,71660579323
WM721X4,RTAD,XS,71660579324
WM721X4,TDHR,2XL,71660579325
WM730X5C7,TSAT,ASST,71660579480
WM730X5C11,TSAT,ASST,71660579481
WM728X5C11,NCTD,ASST,71660579482
WM728X5C7,ALEE,ASST,71660579483
WD822,GBLZ,3XL,71660579568
WM721X4,TDHR,3XL,71660579573
WM721X4,TDHR,L,71660579574
WM721X4,TDHR,M,71660579575
WM721X4,TDHR,S,71660579576
WM721X4,TDHR,XL,71660579577
WM721X4,TDHR,XS,71660579578
WM719C5,DPMS,2XL,71660579579
WM719C5,DPMS,3XL,71660579726
WM719C5,DPMS,L,71660579727
WM719C5,DPMS,M,71660579947
WM719C5,DPMS,S,71660579948
WM719C5,DPMS,XL,71660580380
WM719C5,DPMS,XS,71660580381
WM617,CTIM,2XL,71660580382
WM617,CTIM,L,71660580390
WM617,CTIM,M,71660580391
WM617,CTIM,S,71660580471
WM617,CTIM,XL,71660580472
WD835,PWCH,S,71660580499
WD835,PWCH,XL,71660580526
WD835,PWCH,XS,71660580527
WD835,RECH,2XL,71660580528
WD835,RECH,3XL,71660580627
WD835,RECH,L,71660580631
WD835,RECH,M,71660580632
WD835,RECH,S,71660580633
WD835,RECH,XL,71660580643
WD835,RECH,XS,71660580644
WD835,RYCH,2XL,71660580645
WD835,RYCH,3XL,71660580646
WD835,RYCH,L,71660580647
WD835,RYCH,M,71660580648
WD835,RYCH,S,71660580664
WD835,RYCH,XL,71660580665
WD835,RYCH,XS,71660580666
WD835,SHCH,2XL,71660580679
WD835,SHCH,3XL,71660580680
WD835,SHCH,L,71660580681
WD835,SHCH,M,71660580685
WD835,SHCH,S,71660580686
WD835,SHCH,XL,71660580687
97152,OSWM,S,71660580867
97152,OSWM,XL,71660580868
97152,OSWM,XS,71660580869
97152P,ZBWM,2XL,71660580870
97152P,ZBWM,3XL,71660580871
97152P,ZBWM,L,71660580927
97152P,ZBWM,M,71660580928
97152P,ZBWM,S,71660580929
97152P,ZBWM,XL,71660580930
97152P,ZBWM,XS,71660580931
97152P,OSWM,2XL,71660580937
97152P,OSWM,3XL,71660580938
97152P,OSWM,L,71660580939
97152P,OSWM,M,71660580940
97152P,OSWM,S,71660580941
97152P,OSWM,XL,71660580944
97152P,OSWM,XS,71660580946
97630,SWMO,S,71660581159
97630,SWMO,XL,71660581160
WM049,IND,M,71660581169
WM049,IND,S,71660581170
WM049,IND,XL,71660581171
WD822,GBLZ,L,71660581191
WD822,GBLZ,M,71660581192
97630,SWMO,XS,71660581213
WM049,TRQ,2XL,71660581375
WM018C12,RIWM,ASST,71660581390
WM018C12,WIN,ASST,71660581391
WM018C12,RWWM,ASST,71660581392
WM018C12,LRWM,ASST,71660581444
WM638,BTAT,3XL,71660581479
WM638,BTAT,L,71660581482
WM638,BTAT,M,71660581483
WM638,BTAT,S,71660581504
WM638,BTAT,XL,71660581506
WD817,OLWZ,2XL,71660581554
WD817,OLWZ,3XL,71660581555
WM018,CLRE,2XL,71660581736
WM018,CLRE,3XL,71660581737
WM018,CLRE,L,71660581738
WD817,OLWZ,L,71660581864
WD817,OLWZ,M,71660581865
WD817,OLWZ,S,71660581868
7941,TFFN,S,71660581970
7941,TFFN,XL,71660581971
7941,TFFN,XS,71660581972
7942,GOSA,2XL,71660581973
7942,GOSA,3XL,71660582002
7942,GOSA,L,71660582003
7942,GOSA,M,71660582010
7942,GOSA,S,71660582011
7942,GOSA,XL,71660582012
7942,GOSA,XS,71660582013
WM049,TRQ,3XL,71660582014
WM049,TRQ,L,71660582015
WM049,TRQ,M,71660582017
WM049,TRQ,S,71660582018
7815,PNCK,2XL,71660582034
7815,PNCK,3XL,71660582035
7815,PNCK,L,71660582036
7815,PNCK,M,71660582037
7815,PNCK,S,71660582038
7815,PNCK,XL,71660582069
7815,PNCK,XS,71660582070
7803,TBOD,2XL,71660582090
7803,TBOD,3XL,71660582093
7803,TBOD,L,71660582094
7803,TBOD,M,71660582115
7803,TBOD,S,71660582116
7803,TBOD,XL,71660582117
7803,TBOD,XS,71660582125
WD817,OLWZ,XL,71660582146
WD817,OLWZ,XS,71660582153
7925,CACS,2XL,71660582163
7925,CACS,3XL,71660582164
7925,CACS,L,71660582168
7925,CACS,M,71660582169
7925,CACS,S,71660582170
7925,CACS,XL,71660582171
7925,CACS,XS,71660582172
WD020,HUWM,XS,71660582574
WM240,HIND,2XL,71660582575
WM240,HIND,3XL,71660582576
WM240,HIND,L,71660582577
WM240,HIND,M,71660582578
WM240,HIND,S,71660582660
WM240,HIND,XL,71660582694
WM240,HIND,XS,71660582695
WM241,HTML,2XL,71660582763
WM241,HTML,3XL,71660582764
WM241,HTML,L,71660582765
WM241,HTML,M,71660582766
WM241,HTML,S,71660582767
WM241,HTML,XL,71660582768
WM241,HTML,XS,71660582774
WM242,EGG,2XL,71660582776
WM242,EGG,3XL,71660582777
WM242,EGG,L,71660582778
WM242,EGG,M,71660582779
97630,SWOK,M,71660582836
WM018C48,ASST,ASST,71660582932
WM049,TRQ,XL,71660582933
WM049,WIN,2XL,71660582934
WM049,WIN,3XL,71660582935
WC608,BTAT,2XL,71660582998
WC608,BTAT,3XL,71660582999
WD017,CRBZ,XL,71660583133
97630C9,DMWB,ASST,71660583136
WD017,CRBZ,XS,71660583175
WD017,EGPZ,2XL,71660583195
WD017,EGPZ,3XL,71660583196
WD017,EGPZ,L,71660583197
WM242,EGG,S,71660583317
WM242,EGG,XL,71660583318
WM242,EGG,XS,71660583319
WM645,HTML,2XL,71660583320
WM645,HTML,3XL,71660583321
WD017,EGPZ,M,71660583335
WD017,EGPZ,S,71660583336
WD017,EGPZ,XL,71660583339
WD017,EGPZ,XS,71660583340
WM645,HTML,L,71660583465
WM645,HTML,M,71660583466
WM645,HTML,S,71660583467
WM645,HTML,XL,71660583471
97630,MNIZ,2XL,71660583496
97630,MNIZ,3XL,71660583497
97630,MNIZ,L,71660583499
97630,MNIZ,M,71660583500
WM645,HTML,XS,71660583506
WM646,HIND,2XL,71660583523
WM646,HIND,3XL,71660583531
WM646,HIND,L,71660583601
WD017,OLWZ,2XL,71660583637
7942,TFFN,2XL,71660583648
7942,TFFN,3XL,71660583649
7942,TFFN,L,71660583650
7942,TFFN,M,71660583651
7942,TFFN,S,71660583652
7942,TFFN,XL,71660583653
7942,TFFN,XS,71660583664
97872,TWWM,2XL,71660583665
97872,TWWM,3XL,71660583666
97872,TWWM,L,71660583667
97872,TWWM,M,71660583668
97872,TWWM,S,71660583669
97872,TWWM,XL,71660583670
97872,TWWM,XS,71660583671
97150,TWWM,2XL,71660583672
97150,TWWM,3XL,71660583673
97150,TWWM,L,71660583674
97150,TWWM,M,71660583675
97150,TWWM,S,71660583676
97150,TWWM,XL,71660583677
97150,TWWM,XS,71660583678
WM646,HIND,M,71660583740
WM646,HIND,S,71660583741
WM646,HIND,XL,71660583742
WM646,HIND,XS,71660583743
WM647,EGG,2XL,71660583744
WM647,EGG,3XL,71660583745
WD017,OLWZ,3XL,71660583841
WD701,DMLI,L,71660583867
WD701,DMLI,M,71660583868
WD701,DMLI,S,71660583869
WD701,DMLI,XL,71660583870
WD701,DUSR,2XL,71660583871
WD701,DUSR,3XL,71660583872
WD701,DUSR,L,71660583879
WD701,DUSR,M,71660583880
WD701,DUSR,S,71660583882
WD701,DUSR,XL,71660583883
WD701,MNOT,2XL,71660583884
WM706X5C9,WFWV,ASST,71660583888
WD701,MNOT,3XL,71660583891
WD701,MNOT,L,71660583892
WM049,WIN,L,71660583915
WM049,WIN,M,71660583916
WM049,WIN,S,71660583918
WM049,WIN,XL,71660583919
WM050,WHT,2XL,71660583920
WD701,MNOT,M,71660583926
WD701,MNOT,S,71660583927
WD701,MNOT,XL,71660583928
WD701,PNSI,2XL,71660583929
WD701,PNSI,3XL,71660583930
WD701,PNSI,L,71660583931
WD701,PNSI,M,71660583932
WD701,PNSI,S,71660583933
WD701,PNSI,XL,71660583948
77956,WHTD,M,71660583981
77956,WHTD,S,71660583982
77956,WHTD,XL,71660583983
77956,WHTD,XS,71660583984
7715,LHWC,2XL,71660583985
7715,LHWC,3XL,71660583986
7715,LHWC,L,71660583987
WMPCW5C10,ASST,ASST,71660583992
WM050,WHT,3XL,71660584019
WM050,WHT,L,71660584020
WM050,WHT,M,71660584021
WM050,WHT,S,71660584022
7715,LHWC,M,71660584024
7715,LHWC,S,71660584025
7715,LHWC,XL,71660584026
7715,LHWC,XS,71660584027
7715,SFWC,2XL,71660584028
7715,SFWC,3XL,71660584029
7715,SFWC,L,71660584030
7715,SFWC,M,71660584031
7715,SFWC,S,71660584032
7715,SFWC,XL,71660584033
7715,SFWC,XS,71660584034
WMTWHG1C22,ASST,ASST,71660584078
WMTWHG2C14,ASST,ASST,71660584079
WMPWHG3C22,ASST,ASST,71660584080
WD820,HUWM,L,71660584083
WMPWHG4C22,ASST,ASST,71660584163
WMPWHG5C10,ASST,ASST,71660584165
WMTGE1C22,ASST,ASST,71660584166
WMTGE2C14,ASST,ASST,71660584167
WMPGE3C22,ASST,ASST,71660584168
WD820,HUWM,M,71660584233
WD820,HUWM,S,71660584234
WMPGE4C22,ASST,ASST,71660584288
WMPGE5C10,ASST,ASST,71660584289
WM827,BMWM,2XL,71660584332
WM827,BMWM,3XL,71660584404
WM827,BMWM,L,71660584406
WD820,HUWM,XL,71660584412
WD820,HUWM,XS,71660584413
WMTCG1C22,ASST,ASST,71660584529
WMTCG2C14,ASST,ASST,71660584530
WMPCG3C22,ASST,ASST,71660584531
WMPCG4C22,ASST,ASST,71660584532
WMPCG5C10,ASST,ASST,71660584533
WD702,HEPD,2XL,71660584610
WD702,HEPD,3XL,71660584611
WD702,HEPD,L,71660584612
WD702,HEPD,M,71660584613
97917,UTHT,XL,71660584673
97917,UTHT,XS,71660584676
97630,SESU,2XL,71660584832
97630,SESU,3XL,71660584844
97630,SESU,L,71660584845
97630,SESU,M,71660584846
97630,SESU,S,71660584847
97630,SESU,XL,71660584848
97630,SESU,XS,71660584849
WD820,INDG,2XL,71660584856
WD820,INDG,3XL,71660584857
WD820,INDG,L,71660584858
WD820,INDG,M,71660584859
WD820,INDG,S,71660584860
WD820,INDG,XL,71660584861
WD820,INDG,XS,71660584862
WD820,KIW,2XL,71660584863
97530,SRIM,2XL,71660584868
97530,SRIM,3XL,71660584869
97530,SRIM,L,71660584870
97530,SRIM,M,71660584871
97530,SRIM,S,71660584872
97530,SRIM,XL,71660584873
97530,SRIM,XS,71660584894
WMTTG1C22,ASST,ASST,71660584928
WMTTG2C14,ASST,ASST,71660584929
WMPTG3C22,ASST,ASST,71660584930
WMPTG4C22,ASST,ASST,71660584931
97630,FZIL,2XL,71660584938
77955,EBWM,XL,71660584939
WMPTG5C10,ASST,ASST,71660584946
77955,EBWM,XS,71660584958
77955,PWTB,2XL,71660584959
77955,PWTB,3XL,71660584960
77955,PWTB,L,71660584961
77955,PWTB,M,71660584962
77955,PWTB,S,71660584965
77955,PWTB,XL,71660584966
77955,PWTB,XS,71660584967
77955,INDG,2XL,71660585001
77955,INDG,3XL,71660585002
77955,INDG,L,71660585013
77955,INDG,M,71660585014
77955,INDG,S,71660585015
77955,INDG,XL,71660585016
77955,INDG,XS,71660585017
WD820,KIW,3XL,71660585024
WD820,KIW,L,71660585025
WD820,KIW,M,71660585026
WD820,KIW,S,71660585027
WD820,KIW,XL,71660585028
WD820,KIW,XS,71660585050
77945,RSWM,2XL,71660585063
77945,RSWM,3XL,71660585064
77945,RSWM,L,71660585068
77945,RSWM,M,71660585069
77945,RSWM,S,71660585079
77945,RSWM,XL,71660585080
77945,RSWM,XS,71660585081
WMTGH1C22,ASST,ASST,71660585086
77945,TPWM,2XL,71660585100
77945,TPWM,3XL,71660585101
77945,TPWM,L,71660585102
77945,TPWM,M,71660585103
77945,TPWM,S,71660585104
77945,TPWM,XL,71660585105
WMTGH2C14,ASST,ASST,71660585107
WMPGH3C22,ASST,ASST,71660585108
77945,TPWM,XS,71660585111
77945,SIWM,2XL,71660585112
77945,SIWM,3XL,71660585113
77945,SIWM,L,71660585117
77945,SIWM,M,71660585119
77945,SIWM,S,71660585120
77945,SIWM,XL,71660585121
77945,SIWM,XS,71660585122
77945,QSWM,2XL,71660585123
77945,QSWM,3XL,71660585125
77945,QSWM,L,71660585126
77945,QSWM,M,71660585127
77945,QSWM,S,71660585128
77945,QSWM,XL,71660585129
77945,QSWM,XS,71660585130
77945,KSWM,2XL,71660585131
77945,KSWM,3XL,71660585149
77945,KSWM,L,71660585150
77945,KSWM,M,71660585151
77945,KSWM,S,71660585152
77945,KSWM,XL,71660585153
77945,KSWM,XS,71660585154
77946,RSWM,2XL,71660585164
77946,RSWM,3XL,71660585165
77946,RSWM,L,71660585166
WD820,TRWM,2XL,71660585176
WD820,TRWM,3XL,71660585177
WD820,TRWM,L,71660585178
WMPGH4C22,ASST,ASST,71660585185
WMPGH5C10,ASST,ASST,71660585186
WMTCT1C22,ASST,ASST,71660585187
77946,RSWM,M,71660585191
77946,RSWM,S,71660585192
WC820,IND,S,71660585239
WC820,IND,XL,71660585240
WC820,IND,XS,71660585251
WMTCT2C14,ASST,ASST,71660585309
WMPCT3C22,ASST,ASST,71660585325
WMPCT4C22,ASST,ASST,71660585327
WMPCT5C10,ASST,ASST,71660585328
WMTCH1C22,ASST,ASST,71660585329
WMTCH2C14,ASST,ASST,71660585330
WMPCH3C22,ASST,ASST,71660585471
WD820,TRWM,M,71660585475
WMPCH4C22,ASST,ASST,71660585497
WMPCH5C10,ASST,ASST,71660585520
WMTCEB1C22,ASST,ASST,71660585542
WMTCEB2C14,ASST,ASST,71660585547
WMPCEB3C22,ASST,ASST,71660585548
WMPCEB4C22,ASST,ASST,71660585552
WMPCEB5C10,ASST,ASST,71660585576
WMTCE1C22,ASST,ASST,71660585577
WMTCE2C14,ASST,ASST,71660585578
WMPCE3C22,ASST,ASST,71660585579
WMPCE4C22,ASST,ASST,71660585580
WMPCE5C10,ASST,ASST,71660585600
WMTWHEB1C22,ASST,ASST,71660585601
WM018,AQBU,XL,71660585604
WM018,AQBU,XS,71660585605
WC215,BLK,2XL,71660585703
WC215,BLK,3XL,71660585704
WD820,TRWM,S,71660585712
WD820,TRWM,XL,71660585747
WC215,BLK,L,71660585761
WC022,DIWM,S,71660585843
WC022,DIWM,XL,71660585844
WC022,DIWM,XS,71660585845
WC822,PWT,2XL,71660585846
WC822,PWT,L,71660585847
WC822,PWT,M,71660585848
WC822,PWT,S,71660585904
WA005,CGWM,S,71660585956
MUM,WHT,10,71660585997
MUM,WHT,5H,71660586000
MUM,WHT,6,71660586007
MUM,WHT,6H,71660586008
MUM,WHT,7,71660586009
MUM,WHT,7H,71660586010
MUM,WHT,8,71660586011
MUM,WHT,8H,71660586012
MUM,WHT,9,71660586019
MUM,WHT,9H,71660586020
MUM,WHZ,7W,71660586021
MUM,WHZ,10W,71660586022
MUM,WHZ,7HW,71660586024
MUM,WHZ,8HW,71660586025
MUM,WHZ,8W,71660586026
MUM,WHZ,9HW,71660586027
MUM,WHZ,9W,71660586029
WA005,CGWM,XL,71660586035
WA005,CGWM,XS,71660586036
WA005,EBWM,2XL,71660586037
WA005,EBWM,3XL,71660586038
WC822,PWT,XL,71660586090
97630,SEMR,3XL,71660586121
97630,SEMR,L,71660586122
97630,SEMR,M,71660586123
97630,SEMR,S,71660586124
97630,SEMR,XL,71660586125
97630,SEMR,XS,71660586127
WM716X4,PAAD,XS,71660586135
7930,EVBO,2XL,71660586167
WC215,BLK,M,71660586175
WC215,BLK,S,71660586176
WC215,BLK,XL,71660586177
7930,EVBO,3XL,71660586186
7930,EVBO,L,71660586187
7930,EVBO,M,71660586188
7930,EVBO,S,71660586211
7930,EVBO,XL,71660586212
7930,EVBO,XS,71660586213
7947,TXTS,2XL,71660586214
7947,TXTS,3XL,71660586215
7947,TXTS,L,71660586216
7947,TXTS,M,71660586218
7947,TXTS,S,71660586219
7947,TXTS,XL,71660586220
7947,TXTS,XS,71660586221
7020,RIWM,S,71660586229
7020,RIWM,XL,71660586230
7020,RIWM,XS,71660586232
79400,WHTC,XS,71660586272
79400,WHTC,2XL,71660586273
79400,WHTC,3XL,71660586274
79400,WHTC,L,71660586275
79400,WHTC,M,71660586276
79400,WHTC,S,71660586277
79400,WHTC,XL,71660586278
79401,WHTC,XS,71660586279
WD820,TRWM,XS,71660586283
WD820,WIWM,2XL,71660586284
WD820,WIWM,3XL,71660586285
79401,WHTC,2XL,71660586286
79401,WHTC,3XL,71660586289
79401,WHTC,L,71660586290
79401,WHTC,M,71660586291
79401,WHTC,S,71660586292
79401,WHTC,XL,71660586294
79402,WHTC,XS,71660586295
79402,WHTC,2XL,71660586296
79402,WHTC,3XL,71660586297
79402,WHTC,L,71660586298
79402,WHTC,M,71660586299
79402,WHTC,S,71660586300
79402,WHTC,XL,71660586301
79403,WHTC,XS,71660586302
79403,WHTC,2XL,71660586303
79403,WHTC,3XL,71660586304
79403,WHTC,L,71660586305
77952,RSWM,XS,71660586306
77952,SIWM,2XL,71660586307
77952,SIWM,3XL,71660586308
77952,SIWM,L,71660586309
77952,SIWM,M,71660586310
77952,SIWM,S,71660586311
77952,SIWM,XL,71660586312
77952,SIWM,XS,71660586313
77952,GSWM,2XL,71660586314
77952,GSWM,3XL,71660586315
77952,GSWM,L,71660586316
77952,GSWM,M,71660586317
77952,GSWM,S,71660586318
77952,GSWM,XL,71660586320
77952,GSWM,XS,71660586321
WD820,WIWM,L,71660586350
WD820,WIWM,M,71660586351
WD820,WIWM,S,71660586352
WD820,WIWM,XL,71660586353
WD820,WIWM,XS,71660586354
WC822,PWT,XS,71660586385
WC822,BLK,2XL,71660586386
WC822,BLK,L,71660586387
WC822,BLK,M,71660586413
WC822,BLK,S,71660586414
WC822,BLK,XL,71660586415
WC822,BLK,XS,71660586416
WC822,WIN,2XL,71660586417
WC822,WIN,L,71660586418
WC822,WIN,M,71660586433
WC822,WIN,S,71660586434
WC822,WIN,XL,71660586435
WC822,WIN,XS,71660586436
WC215,BLK,XS,71660586468
WC215,EBW,2XL,71660586469
97920,TRRE,XS,71660586546
WC215,EBW,3XL,71660586555
WC215,EBW,L,71660586564
WC215,EBW,M,71660586586
WC215,EBW,S,71660586769
WC215,EBW,XL,71660586770
77942T,BKWM,2XL,71660586838
77942T,BKWM,3XL,71660586840
77942T,BKWM,L,71660586841
77942T,BKWM,M,71660586842
77942T,BKWM,S,71660586843
77942T,BKWM,XL,71660586844
77942T,BKWM,XS,71660586851
77942T,EBWM,2XL,71660586852
77942T,EBWM,3XL,71660586853
77942T,EBWM,L,71660586854
77942T,EBWM,M,71660586855
77942T,EBWM,S,71660586856
77942T,EBWM,XL,71660586857
77942T,EBWM,XS,71660586858
77942T,WIWM,2XL,71660586859
77942T,WIWM,3XL,71660586860
77942T,WIWM,L,71660586861
77942T,WIWM,M,71660586862
77942T,WIWM,S,71660586863
77942T,WIWM,XL,71660586864
77942T,WIWM,XS,71660586865
7804,LKAB,2XL,71660586867
7804,LKAB,3XL,71660586868
97630,SWOK,3XL,71660587512
WM219C10,BLK,ASST,71660587949
WM219C12,BLK,ASST,71660587950
WM219C12,EBW,ASST,71660587951
WM727X5C18,PLPE,ASST,71660587980
97910C9,SYLA,ASST,71660588154
97910C9,HTME,ASST,71660588155
97910C9,CEDT,ASST,71660588156
97910C9,HPHR,ASST,71660588157
97630C9,MNIZ,ASST,71660588158
97630C9,LKHM,ASST,71660588159
97630C9,DMWW,ASST,71660588160
97874C9,ZBWM,ASST,71660588165
97874C9,OSWM,ASST,71660588166
97152C9,ZBWM,ASST,71660588167
97152PC9,ZBWM,ASST,71660588168
97152C9,OSWM,ASST,71660588173
97152PC9,OSWM,ASST,71660588174
97909C9,CACU,ASST,71660588175
97909C9,MHND,ASST,71660588176
97630C9,SWOK,ASST,71660588193
97916C12,STFW,ASST,71660588194
97909C9,WLFC,ASST,71660588197
97531C9,MABO,ASST,71660588198
97875C9,CYWM,ASST,71660588199
97875C9,ERWM,ASST,71660588200
97153C13,ERWM,ASST,71660588205
97153C13,CYWM,ASST,71660588206
7713,BIWC,XL,71660588652
7713,BIWC,XS,71660588657
7713,DPF2,2XL,71660588658
7713,DPF2,3XL,71660588659
7713,DPF2,L,71660588660
7713,DPF2,M,71660588661
7713,DPF2,S,71660588662
7713,DPF2,XL,71660588663
7713,DPF2,XS,71660588664
7712,RUR2,2XL,71660588665
7712,RUR2,3XL,71660588666
7712,RUR2,L,71660588667
7712,RUR2,M,71660588668
7712,RUR2,S,71660588669
7712,RUR2,XL,71660588670
7712,RUR2,XS,71660588671
7712,MJWC,2XL,71660588672
7712,MJWC,3XL,71660588673
7712,MJWC,L,71660588674
7712,MJWC,M,71660588683
7712,MJWC,S,71660588684
7712,MJWC,XL,71660588685
7712,MJWC,XS,71660588686
7017,BIWC,2XL,71660588687
7017,BIWC,3XL,71660588688
7017,BIWC,L,71660588690
7017,BIWC,M,71660588697
7017,BIWC,S,71660588698
7017,BIWC,XL,71660588699
7017,BIWC,XS,71660588700
7017,DPF2,2XL,71660588701
7017,DPF2,3XL,71660588702
7017,DPF2,L,71660588703
7017,DPF2,M,71660588704
7017,DPF2,S,71660588705
7017,DPF2,XL,71660588707
7017,DPF2,XS,71660588708
7016,RUR2,2XL,71660588709
7016,RUR2,3XL,71660588710
7016,RUR2,L,71660588711
7016,RUR2,M,71660588730
7016,RUR2,S,71660588741
7016,RUR2,XL,71660588742
7016,RUR2,XS,71660588743
7016,MJWC,2XL,71660588744
7016,MJWC,3XL,71660588745
7016,MJWC,L,71660588746
7016,MJWC,M,71660588747
7016,MJWC,S,71660588748
7016,MJWC,XL,71660588749
7016,MJWC,XS,71660588750
7806,LTFY,2XL,71660589067
7806,LTFY,3XL,71660589069
7806,LTFY,L,71660589070
7806,LTFY,M,71660589095
7806,LTFY,S,71660589096
7806,LTFY,XL,71660589097
7806,LTFY,XS,71660589098
79403,WHTC,M,71660589135
79403,WHTC,S,71660589140
79403,WHTC,XL,71660589141
STARLIGHT,IRR,11,71660589176
77954,EBWM,2XL,71660589232
77954,EBWM,3XL,71660589233
77954,EBWM,L,71660589234
77954,EBWM,M,71660589235
77954,EBWM,S,71660589236
77954,EBWM,XL,71660589237
77954,EBWM,XS,71660589238
77954,INDG,2XL,71660589239
77954,INDG,3XL,71660589250
77954,INDG,L,71660589255
77954,INDG,M,71660589256
77954,INDG,S,71660589259
77954,INDG,XL,71660589263
77954,INDG,XS,71660589270
77954,PWTB,2XL,71660589346
77954,PWTB,3XL,71660589347
77954,PWTB,L,71660589348
77954,PWTB,M,71660589372
77954,PWTB,S,71660589373
77954,PWTB,XL,71660589377
77954,PWTB,XS,71660589378
77955,EBWM,2XL,71660589399
77955,EBWM,3XL,71660589400
77955,EBWM,L,71660589401
77955,EBWM,M,71660589402
77955,EBWM,S,71660589403
7970,BLKW,2XL,71660589426
7970,BLKW,3XL,71660589427
90025,RIWM,2XL,71660589441
90025,RIWM,3XL,71660589442
90025,RIWM,L,71660589443
90025,RIWM,M,71660589444
90025,RIWM,S,71660589445
90025,RIWM,XL,71660589449
90025,RIWM,XS,71660589450
90026,RIWM,2XL,71660589451
7970,BLKW,L,71660589452
90026,RIWM,3XL,71660589453
90026,RIWM,L,71660589454
90026,RIWM,M,71660589455
90026,RIWM,S,71660589456
90026,RIWM,XL,71660589457
90026,RIWM,XS,71660589458
7970,BLKW,M,71660589479
7970,BLKW,S,71660589480
7970,BLKW,XL,71660589481
7970,BLKW,XS,71660589482
7970,WHTC,2XL,71660589495
7970,WHTC,3XL,71660589496
7970,WHTC,L,71660589497
7970,WHTC,M,71660589498
7970,WHTC,S,71660589499
WM00018IC14,BLK,ASST,71660589503
7815,DPDP,2XL,71660589510
7815,DPDP,3XL,71660589511
7815,DPDP,L,71660589512
WM00018IC14,IND,ASST,71660589517
WM00018IC14,PWT,ASST,71660589518
7815,DPDP,M,71660589519
7815,DPDP,S,71660589520
7815,DPDP,XL,71660589521
7815,DPDP,XS,71660589522
97630,DPDP,2XL,71660589523
97630,DPDP,3XL,71660589524
7970,WHTC,XL,71660589525
7970,WHTC,XS,71660589526
7970,NAVW,2XL,71660589528
97630,DPDP,L,71660589546
97630,DPDP,M,71660589547
WM00018IC14,WIN,ASST,71660589548
97630,DPDP,S,71660589551
WM00019IC14,BLK,ASST,71660589552
WM00019IC14,IND,ASST,71660589553
97630,DPDP,XL,71660589554
97630,DPDP,XS,71660589556
WM00019IC14,PWT,ASST,71660589558
7970,NAVW,3XL,71660589562
WM00019IC14,WIN,ASST,71660589563
7970,NAVW,L,71660589609
7970,NAVW,M,71660589610
7970,NAVW,S,71660589703
7970,NAVW,XL,71660589802
7970,NAVW,XS,71660589803
97142,RFWM,2XL,71660589858
97142,RFWM,3XL,71660589859
97142,RFWM,L,71660589860
97142,RFWM,M,71660589861
97142,RFWM,S,71660589862
97142,RFWM,XL,71660589863
97142,RFWM,XS,71660589864
WM638,BTAT,2XL,71660589966
WM150,IND,2XL,71660590095
WM150,IND,3XL,71660590096
WM150,IND,L,71660590097
WM150,IND,M,71660590099
WM150,IND,S,71660590100
WM150,IND,XL,71660590101
WM150,IND,XS,71660590102
WM150,PWT,2XL,71660590157
90029,IMWM,S,71660590525
90029,IMWM,2XL,71660590526
90029,IMWM,3XL,71660590527
90029,IMWM,L,71660590528
90029,IMWM,M,71660590529
90029,IMWM,XL,71660590530
90029,BMWM,S,71660590531
90029,BMWM,2XL,71660590535
90029,BMWM,3XL,71660590537
90029,BMWM,L,71660590538
90029,BMWM,M,71660590539
90029,BMWM,XL,71660590540
90029,UMWM,S,71660590541
90029,UMWM,2XL,71660590551
90029,UMWM,3XL,71660590552
90029,UMWM,L,71660590565
90029,UMWM,M,71660590566
90029,UMWM,XL,71660590567
90029,YMWM,S,71660590593
90029,YMWM,2XL,71660590594
90029,YMWM,3XL,71660590595
90029,YMWM,L,71660590596
90029,YMWM,M,71660590597
WM226,DIWM,2XL,71660590612
WM226,DIWM,3XL,71660590613
WM226,DIWM,L,71660590614
WM226,DIWM,M,71660590615
90029,YMWM,XL,71660590616
90030,WMWM,S,71660590617
90030,WMWM,2XL,71660590618
WM150,PWT,3XL,71660590750
WM150,PWT,L,71660590751
WM728X5C9,MNOT,ASST,71660590764
WM728X5C9,DUSR,ASST,71660590772
WM728X5C9,DMLI,ASST,71660590775
WM728X5C9,PNSI,ASST,71660590938
WM729X10C9,HEPD,ASST,71660590940
WM150,PWT,M,71660590942
WM150,PWT,S,71660590943
97716R2,LVNC,2XL,71660590972
97716R2,LVNC,L,71660590973
WM150,PWT,XL,71660590980
WM150,PWT,XS,71660590981
WM00018,BLK,2XL,71660590982
WM00018,BLK,3XL,71660591040
WM00018,BLK,L,71660591042
WM00018,BLK,M,71660591044
WM00018,BLK,S,71660591045
97716R2,LVNC,M,71660591052
97716R2,LVNC,S,71660591053
97716R2,LVNC,XL,71660591054
97630C12,DPHA,ASST,71660591189
WM00018,BLK,XL,71660591221
WM00018,BLK,XS,71660591223
WM00018,IND,2XL,71660591224
97917C12,GFBT,ASST,71660591404
WM00018,IND,3XL,71660591405
WM00018,IND,L,71660591406
WM00018,IND,M,71660591407
WM00018,IND,S,71660591408
WM00018,IND,XL,71660591409
WM00018,IND,XS,71660591410
WM00018,PWT,2XL,71660591438
WM00018,PWT,3XL,71660591439
WM00018,PWT,L,71660591440
WM00018,PWT,M,71660591441
WM00018,PWT,S,71660591529
WD820,BRAL,XS,71660591626
WD820,CGWM,2XL,71660591627
WD820,CGWM,3XL,71660591628
WD820,CGWM,L,71660591629
WD820,CGWM,M,71660591630
WD820,CGWM,S,71660591631
WD820,CGWM,XL,71660591641
WD820,CGWM,XS,71660591642
WM638,BTAT,XS,71660591891
WM233,BTAT,2XL,71660591892
WM233,BTAT,3XL,71660591893
WM233,BTAT,L,71660591894
WM233,BTAT,M,71660591895
WC018,BLK,2XL,71660591911
WC018,BLK,3XL,71660591912
WM233,BTAT,S,71660591914
WM233,BTAT,XL,71660591915
WM233,BTAT,XS,71660591916
WM629,DIWM,2XL,71660591917
WM629,DIWM,3XL,71660591919
7901,BHBL,2XL,71660592057
7901,BHBL,L,71660592058
7901,BHBL,M,71660592059
7901,BHBL,S,71660592060
7901,BHBL,XL,71660592061
7901,BHBL,XS,71660592062
WM629,DIWM,L,71660592183
WA701X5,LKJC,2XL,71660592198
WA701X5,LKJC,3XL,71660592199
WA701X5,LKJC,L,71660592200
WA701X5,LKJC,M,71660592201
WA701X5,LKJC,S,71660592229
WC018,BLK,L,71660592233
WC018,BLK,M,71660592234
WC018,BLK,S,71660592235
WC018,BLK,XL,71660592236
WC018,BLK,XS,71660592237
WM059C12,HTMI,ASST,71660592283
WM863C12,HTMI,ASST,71660592284
WA701X5,LKJC,XL,71660592374
WM629,DIWM,M,71660592496
WM629,DIWM,S,71660592497
WM629,DIWM,XL,71660592500
WM629,DIWM,XS,71660592501
WM629,PUWM,2XL,71660592555
WM629,PUWM,L,71660592556
WM629,PUWM,M,71660592557
WM629,PUWM,S,71660592558
WM629,PUWM,XL,71660592559
WA701X5,LKJC,XS,71660592596
7813,LKCK,2XL,71660592652
WM629,PUWM,XS,71660592665
7813,LKCK,3XL,71660592669
7813,LKCK,L,71660592670
7813,LKCK,M,71660592673
7813,LKCK,S,71660592674
7813,LKCK,XL,71660592675
7813,LKCK,XS,71660592676
7804,MKID,2XL,71660592735
7804,MKID,3XL,71660592736
7804,MKID,L,71660592753
7804,MKID,M,71660592754
7804,MKID,S,71660592755
7804,MKID,XL,71660592756
7926C9,OWTF,ASST,71660592760
7804,MKID,XS,71660592761
7855,SEDT,2XL,71660592762
7855,SEDT,3XL,71660592763
7855,SEDT,L,71660592764
7855,SEDT,M,71660592765
7855,SEDT,S,71660592766
7855,SEDT,XL,71660592767
7855,SEDT,XS,71660592768
7926,SIDT,2XL,71660592777
7926,SIDT,3XL,71660592778
7926,SIDT,L,71660592779
7926,SIDT,M,71660592780
WD035,TLCH,S,71660592782
WD035,TLCH,XL,71660592783
WD035,TLCH,XS,71660592784
7926,SIDT,S,71660592789
7926,SIDT,XL,71660592790
7926,SIDT,XS,71660592791
WA700X5,FEFM,2XL,71660592880
WA700X5,FEFM,3XL,71660592933
WA700X5,FEFM,L,71660592934
WA700X5,FEFM,M,71660592935
WA700X5,FEFM,S,71660592936
WA700X5,FEFM,XL,71660593033
WA700X5,FEFM,XS,71660593034
WC018,IND,2XL,71660593161
WM601,RWWM,2XL,71660593169
90009C9,BKWM,ASST,71660593255
WC608,BTAT,XL,71660593421
WC608,BTAT,XS,71660593422
WC608,TPMT,2XL,71660593423
WC608,TPMT,3XL,71660593424
WC608,TPMT,L,71660593631
WC608,TPMT,M,71660593634
WC608,TPMT,S,71660593635
WC608,TPMT,XL,71660593636
WM731X5,HLHO,3XL,71660593652
WD835,SUCH,XS,71660593653
WD835,TLCH,2XL,71660593654
WD835,TLCH,3XL,71660593655
WD835,TLCH,L,71660593656
WD835,TLCH,M,71660593657
WD835,TLCH,S,71660593658
WD835,TLCH,XL,71660593659
WD835,TLCH,XS,71660593660
WD035,BXCH,2XL,71660593661
WD035,BXCH,3XL,71660593662
WD035,BXCH,L,71660593663
WD035,BXCH,M,71660593664
WD035,BXCH,S,71660593665
WD035,BXCH,XL,71660593666
WC608,TPMT,XS,71660593693
WD035,BXCH,XS,71660593756
WD035,CACH,2XL,71660593757
WD035,CACH,3XL,71660593758
WD035,CACH,L,71660593759
WD035,CACH,M,71660593760
WD035,CACH,S,71660593761
WD035,CACH,XL,71660593762
WD035,CACH,XS,71660593775
7050,TRQ2,S,71660593887
7050,TRQ2,XL,71660593888
7050,TRQ2,XS,71660593956
WD035,KAK,2XL,71660594293
WD035,KAK,3XL,71660594294
WD035,KAK,L,71660594295
WD035,KAK,M,71660594296
WD035,KAK,S,71660594305
WD035,KAK,XL,71660594306
WD035,KAK,XS,71660594307
WD035,NVCH,2XL,71660594308
WD035,NVCH,3XL,71660594309
WD035,NVCH,L,71660594310
WD035,NVCH,M,71660594311
WD035,NVCH,S,71660594312
WD035,NVCH,XL,71660594313
WD035,NVCH,XS,71660594314
WD035,OLCH,2XL,71660594315
WD035,OLCH,3XL,71660594316
WD035,OLCH,L,71660594317
WD035,OLCH,M,71660594318
WD035,OLCH,S,71660594319
WD035,OLCH,XL,71660594320
WD035,OLCH,XS,71660594337
97907C9,CACZ,ASST,71660594346
97907C9,GOGO,ASST,71660594347
97904C9,BFBN,ASST,71660594348
97904C9,FLFV,ASST,71660594349
97530C9,DMUP,ASST,71660594350
97910C9,WDCR,ASST,71660594351
WD035,PWCH,2XL,71660594378
WD035,PWCH,3XL,71660594379
WD035,PWCH,L,71660594380
WD035,PWCH,M,71660594381
WD035,PWCH,S,71660594382
WD035,PWCH,XL,71660594383
WD035,PWCH,XS,71660594384
WD035,RECH,2XL,71660594443
WD035,RECH,3XL,71660594444
WD035,RECH,L,71660594445
WD035,RECH,M,71660594446
WD035,RECH,S,71660594455
WD035,RECH,XL,71660594456
WD035,RECH,XS,71660594457
WD035,RYCH,2XL,71660594458
WD035,RYCH,3XL,71660594459
WD035,RYCH,L,71660594460
WD035,RYCH,M,71660594461
WD035,RYCH,S,71660594462
WD035,RYCH,XL,71660594471
WD035,RYCH,XS,71660594472
WD035,SHCH,2XL,71660594473
WD035,SHCH,3XL,71660594474
WD035,SHCH,L,71660594475
WD035,SHCH,M,71660594476
97630C12,MNYM,ASST,71660594479
WM842,BLK,XL,71660594481
WD035,SHCH,S,71660594492
WD035,SHCH,XL,71660594493
WD035,SHCH,XS,71660594501
WD035,SUCH,2XL,71660594502
WD035,SUCH,3XL,71660594503
WD035,SUCH,L,71660594504
WD035,SUCH,M,71660594505
7964,DYDZ,2XL,71660594715
7964,DYDZ,3XL,71660594716
7964,DYDZ,L,71660594717
7964,DYDZ,M,71660594718
7964,DYDZ,S,71660594719
7964,DYDZ,XL,71660594723
7964,DYDZ,XS,71660594724
7952,VVID,2XL,71660594725
7952,VVID,3XL,71660594726
7952,VVID,L,71660594727
7952,VVID,M,71660594728
7952,VVID,S,71660594729
7952,VVID,XL,71660594730
7952,VVID,XS,71660594733
7952,COCU,2XL,71660594734
7952,COCU,3XL,71660594735
7952,COCU,L,71660594736
7952,COCU,M,71660594741
7952,COCU,S,71660594742
7952,COCU,XL,71660594743
7952,COCU,XS,71660594744
7952,HTCU,2XL,71660594745
7952,HTCU,3XL,71660594746
7952,HTCU,L,71660594747
7952,HTCU,M,71660594750
7952,HTCU,S,71660594751
7952,HTCU,XL,71660594752
7952,HTCU,XS,71660594753
7853,ACSS,2XL,71660594754
7853,ACSS,3XL,71660594755
7853,ACSS,L,71660594758
7853,ACSS,M,71660594759
7853,ACSS,S,71660594760
7853,ACSS,XL,71660594765
7853,ACSS,XS,71660594766
7815,PNAD,2XL,71660594767
7815,PNAD,3XL,71660594768
7815,PNAD,L,71660594769
7815,PNAD,M,71660594770
7815,PNAD,S,71660594783
7815,PNAD,XL,71660594784
7815,PNAD,XS,71660594787
7813,PHPW,2XL,71660594800
7813,PHPW,3XL,71660594801
7813,PHPW,L,71660594802
7813,PHPW,M,71660594818
7813,PHPW,S,71660594819
7813,PHPW,XL,71660594820
7813,PHPW,XS,71660594821
7813,FZCH,2XL,71660594822
7813,FZCH,3XL,71660594828
7813,FZCH,L,71660594829
7813,FZCH,M,71660594830
7813,FZCH,S,71660594833
7813,FZCH,XL,71660594834
7813,FZCH,XS,71660594835
7959,SOPZ,2XL,71660594836
7959,SOPZ,3XL,71660594837
7959,SOPZ,L,71660594838
7959,SOPZ,M,71660594839
7959,SOPZ,S,71660594840
7959,SOPZ,XL,71660594841
7959,SOPZ,XS,71660594842
7926,KDKT,2XL,71660594843
7926,KDKT,3XL,71660594855
7926,KDKT,L,71660594856
7926,KDKT,M,71660594857
7926,KDKT,S,71660594858
7926,KDKT,XL,71660594859
7926,KDKT,XS,71660594860
7813,ALCH,2XL,71660594864
7813,ALCH,3XL,71660594865
7813,ALCH,L,71660594866
7813,ALCH,M,71660594870
7813,ALCH,S,71660594871
7813,ALCH,XL,71660594872
7813,ALCH,XS,71660594876
7813,NCSA,2XL,71660594877
7813,NCSA,3XL,71660594878
7813,NCSA,L,71660594879
7813,NCSA,M,71660594880
WM842,CGW,2XL,71660594881
WM842,CGW,3XL,71660594882
WM842,CGW,L,71660594883
7813,NCSA,S,71660594884
7813,NCSA,XL,71660594885
7813,NCSA,XS,71660594886
7930,SYHW,2XL,71660594887
7930,SYHW,3XL,71660594888
97630,FZIL,3XL,71660594889
97630,FZIL,L,71660594892
97630,FZIL,M,71660594893
97630,FZIL,S,71660594894
97630,FZIL,XL,71660594895
97630,FZIL,XS,71660594896
WD701,DMLI,2XL,71660594898
WD701,DMLI,3XL,71660594899
WC022,DIWM,M,71660594910
97630,SWAK,2XL,71660594925
97630,SWAK,3XL,71660594952
97630,SWAK,L,71660594953
97630,SWAK,M,71660594954
97630,SWAK,S,71660594958
97630,SWAK,XL,71660594959
97630,SWAK,XS,71660594960
97630,RUSS,2XL,71660594964
97630,RUSS,3XL,71660594965
97630,RUSS,L,71660594966
97630,RUSS,M,71660594967
97630,RUSS,S,71660594968
97630,RUSS,XL,71660594969
97630,RUSS,XS,71660594970
97630,SEMR,2XL,71660594971
77946,RSWM,XL,71660594972
77946,RSWM,XS,71660594973
77946,TPWM,2XL,71660594974
77946,TPWM,3XL,71660594975
77946,TPWM,L,71660594979
77946,TPWM,M,71660594980
77946,TPWM,S,71660594981
77946,TPWM,XL,71660594982
77946,TPWM,XS,71660594983
77946,KSWM,2XL,71660594984
77946,KSWM,3XL,71660594985
77946,KSWM,L,71660595011
77946,KSWM,M,71660595012
77946,KSWM,S,71660595013
77946,KSWM,XL,71660595014
77946,KSWM,XS,71660595015
77946,QSWM,2XL,71660595017
77946,QSWM,3XL,71660595018
77946,QSWM,L,71660595019
77946,QSWM,M,71660595020
77946,QSWM,S,71660595021
77946,QSWM,XL,71660595022
77946,QSWM,XS,71660595028
77946,SIWM,2XL,71660595032
77946,SIWM,3XL,71660595033
77946,SIWM,L,71660595042
77946,SIWM,M,71660595043
77946,SIWM,S,71660595044
77946,SIWM,XL,71660595045
77946,SIWM,XS,71660595055
77953,KSWM,2XL,71660595056
77953,KSWM,3XL,71660595057
77953,KSWM,L,71660595058
77953,KSWM,M,71660595059
77953,KSWM,S,71660595060
77953,KSWM,XL,71660595063
77953,KSWM,XS,71660595064
77953,QSWM,2XL,71660595065
77953,QSWM,3XL,71660595066
77953,QSWM,L,71660595067
77953,QSWM,M,71660595068
77953,QSWM,S,71660595069
77953,QSWM,XL,71660595070
77953,QSWM,XS,71660595074
77953,RSWM,2XL,71660595075
77953,RSWM,3XL,71660595076
77953,RSWM,L,71660595085
77953,RSWM,M,71660595086
77953,RSWM,S,71660595087
77953,RSWM,XL,71660595091
77953,RSWM,XS,71660595092
77953,GSWM,2XL,71660595093
77953,GSWM,3XL,71660595108
77953,GSWM,L,71660595109
77953,GSWM,M,71660595110
77953,GSWM,S,71660595111
77953,GSWM,XL,71660595112
77953,GSWM,XS,71660595113
77953,SIWM,2XL,71660595114
77953,SIWM,3XL,71660595115
77953,SIWM,L,71660595116
77953,SIWM,M,71660595117
77953,SIWM,S,71660595118
77953,SIWM,XL,71660595119
77953,SIWM,XS,71660595120
77952,KSWM,2XL,71660595121
77952,KSWM,3XL,71660595122
77952,KSWM,L,71660595123
77952,KSWM,M,71660595124
77952,KSWM,S,71660595125
77952,KSWM,XL,71660595126
77952,KSWM,XS,71660595127
77952,QSWM,2XL,71660595128
77952,QSWM,3XL,71660595129
77952,QSWM,L,71660595130
77952,QSWM,M,71660595131
77952,QSWM,S,71660595132
77952,QSWM,XL,71660595133
77952,QSWM,XS,71660595134
77952,RSWM,2XL,71660595135
77952,RSWM,3XL,71660595136
77952,RSWM,L,71660595137
77952,RSWM,M,71660595138
77952,RSWM,S,71660595139
77952,RSWM,XL,71660595140
WM842,CGW,M,71660595343
WM842,CGW,S,71660595344
WM842,CGW,XL,71660595345
WM842,CIE,2XL,71660595346
WM842,CIE,3XL,71660595347
WM842,CIE,L,71660595348
WM842,CIE,M,71660595349
WM842,CIE,S,71660595350
WM842,CIE,XL,71660595448
WM842,EBW,2XL,71660595449
WM842,EBW,3XL,71660595450
WM842,EBW,L,71660595451
WM842,EBW,M,71660595452
WM842,EBW,S,71660595453
97629,FZOL,2XL,71660595682
77944T,INDG,2XL,71660595706
77944T,INDG,3XL,71660595707
77944T,INDG,L,71660595708
77944T,INDG,M,71660595723
77944T,INDG,S,71660595725
77944T,INDG,XL,71660595726
77944T,INDG,XS,71660595727
77944T,BKWM,2XL,71660595728
77944T,BKWM,3XL,71660595729
77944T,BKWM,L,71660595730
77944T,BKWM,M,71660595741
77944T,BKWM,S,71660595742
77944T,BKWM,XL,71660595743
77944T,BKWM,XS,71660595744
77942T,WTWM,2XL,71660595745
77942T,WTWM,3XL,71660595746
77942T,WTWM,L,71660595753
77942T,WTWM,M,71660595754
77942T,WTWM,S,71660595755
77942T,WTWM,XL,71660595756
77942T,WTWM,XS,71660595759
97917C9,HOTL,ASST,71660596063
WM842,EBW,XL,71660596259
WM842,EGG,2XL,71660596260
97864C12,PAWM,ASST,71660596397
97142C12,PAWM,ASST,71660596398
90003C14,INDG,ASST,71660596407
90025C9,CRWM,ASST,71660596408
90025C13,CRWM,ASST,71660596409
90025C14,CRWM,ASST,71660596410
90025C9,YRWM,ASST,71660596419
90025C13,YRWM,ASST,71660596420
90025C14,YRWM,ASST,71660596421
90025C13,LRWM,ASST,71660596422
90025C14,RIWM,ASST,71660596423
90026C14,RIWM,ASST,71660596424
90026C13,LRWM,ASST,71660596425
90026C14,YRWM,ASST,71660596426
90026C13,YRWM,ASST,71660596428
90026C9,YRWM,ASST,71660596429
90026C14,CRWM,ASST,71660596430
90026C13,CRWM,ASST,71660596440
90026C9,CRWM,ASST,71660596441
WM842,EGG,3XL,71660597298
7930,SYHW,L,71660597347
7930,SYHW,M,71660597348
7930,SYHW,S,71660597349
7930,SYHW,XL,71660597350
7930,SYHW,XS,71660597351
7813,FZGO,2XL,71660597352
7813,FZGO,3XL,71660597353
7813,FZGO,L,71660597354
7813,FZGO,M,71660597355
7813,FZGO,S,71660597356
7813,FZGO,XL,71660597357
7813,FZGO,XS,71660597358
7806,FRZZ,2XL,71660597359
7806,FRZZ,3XL,71660597360
7806,FRZZ,L,71660597361
7806,FRZZ,M,71660597362
7806,FRZZ,S,71660597363
7806,FRZZ,XL,71660597364
7806,FRZZ,XS,71660597365
7930,OBCL,2XL,71660597366
7930,OBCL,3XL,71660597367
7930,OBCL,L,71660597368
7930,OBCL,M,71660597369
7930,OBCL,S,71660597370
7930,OBCL,XL,71660597371
7930,OBCL,XS,71660597372
7815,RUDY,2XL,71660597373
7815,RUDY,3XL,71660597374
7815,RUDY,L,71660597375
7815,RUDY,M,71660597376
7815,RUDY,S,71660597378
7815,RUDY,XL,71660597379
7815,RUDY,XS,71660597380
7926,MTBT,2XL,71660597381
7926,MTBT,3XL,71660597382
7926,MTBT,L,71660597383
7926,MTBT,M,71660597391
7926,MTBT,S,71660597392
7926,MTBT,XL,71660597393
7926,MTBT,XS,71660597395
97917C12,SOWD,ASST,71660597396
7943,LISN,2XL,71660597422
7943,LISN,3XL,71660597426
7943,LISN,L,71660597427
7943,LISN,M,71660597428
7943,LISN,S,71660597429
7943,LISN,XL,71660597430
7943,LISN,XS,71660597431
7813,PRDD,2XL,71660597432
7813,PRDD,3XL,71660597433
7813,PRDD,L,71660597434
7813,PRDD,M,71660597435
7813,PRDD,S,71660597436
7813,PRDD,XL,71660597437
7813,PRDD,XS,71660597438
7806,BEAY,2XL,71660597439
7806,BEAY,3XL,71660597440
7806,BEAY,L,71660597441
7806,BEAY,M,71660597442
7806,BEAY,S,71660597443
7806,BEAY,XL,71660597444
7806,BEAY,XS,71660597445
7953,LELO,2XL,71660597446
7953,LELO,3XL,71660597447
7953,LELO,L,71660597448
7953,LELO,M,71660597449
7953,LELO,S,71660597450
7953,LELO,XL,71660597451
7953,LELO,XS,71660597452
7930,TRTD,2XL,71660597453
7930,TRTD,3XL,71660597454
7930,TRTD,L,71660597455
7930,TRTD,M,71660597456
7930,TRTD,S,71660597457
7930,TRTD,XL,71660597458
7930,TRTD,XS,71660597459
7713,BIWC,2XL,71660597460
7713,BIWC,3XL,71660597461
7713,BIWC,L,71660597462
7713,BIWC,M,71660597463
7713,BIWC,S,71660597464
97864,PAWM,2XL,71660597495
97864,PAWM,3XL,71660597510
97864,PAWM,L,71660597511
97864,PAWM,M,71660597512
97864,PAWM,S,71660597513
97864,PAWM,XL,71660597514
97864,PAWM,XS,71660597516
97142,PAWM,2XL,71660597525
97142,PAWM,3XL,71660597530
97142,PAWM,L,71660597531
97142,PAWM,M,71660597532
97142,PAWM,S,71660597533
97142,PAWM,XL,71660597534
97142,PAWM,XS,71660597535
90031,IMWM,L,71660597582
WM729X5,DRBU,XS,71660597766
WD022,BLKZ,2XL,71660597767
WD022,BLKZ,3XL,71660597768
WD022,BLKZ,L,71660597769
WD022,BLKZ,M,71660597770
WD022,BLKZ,S,71660597771
97873,CKWM,XS,71660597874
97873,CKWM,2XL,71660597883
97873,CKWM,3XL,71660597884
97873,CKWM,L,71660597885
97873,CKWM,M,71660597886
97873,CKWM,S,71660597887
97873,CKWM,XL,71660597888
97873,ICWM,XS,71660597889
97873,ICWM,2XL,71660597890
WD022,BLKZ,XL,71660597891
97873,ICWM,3XL,71660597907
97873,ICWM,L,71660597908
97873,ICWM,M,71660597909
97873,ICWM,S,71660597910
97873,ICWM,XL,71660597911
97151,CKWM,XS,71660597912
97151,CKWM,2XL,71660597923
97151,CKWM,3XL,71660597924
97151,CKWM,L,71660597972
97151,CKWM,M,71660597973
97151,CKWM,S,71660597974
97151,CKWM,XL,71660597975
97151,ICWM,XS,71660597976
97151,ICWM,2XL,71660597977
97151,ICWM,3XL,71660597978
97151,ICWM,L,71660597979
97151,ICWM,M,71660598052
97151,ICWM,S,71660598053
97151,ICWM,XL,71660598054
WD022,BLKZ,XS,71660598200
WD022,GBLZ,2XL,71660598201
WD022,GBLZ,3XL,71660598202
WD022,GBLZ,L,71660598203
WD022,GBLZ,M,71660598204
WD022,GBLZ,S,71660598205
WD022,GBLZ,XL,71660598206
WD022,GBLZ,XS,71660598575
WD022,PWT,2XL,71660598576
WD700X5,DTPR,M,71660598582
WM842,EGG,L,71660598673
WM842,EGG,M,71660598675
WD022,PWT,3XL,71660598833
WD022,PWT,L,71660598834
97920,TRRE,L,71660598836
WD022,PWT,M,71660598908
97630C12,DMWS,ASST,71660598911
WD700X5,DTPR,S,71660598942
WD022,PWT,S,71660599273
WD022,PWT,XL,71660599274
WD022,PWT,XS,71660599350
7815,DMWM,2XL,71660599409
7815,DMWM,3XL,71660599410
7815,DMWM,L,71660599411
7815,DMWM,M,71660599420
7815,DMWM,S,71660599421
7815,DMWM,XL,71660599422
7815,DMWM,XS,71660599423
7815,DMSG,2XL,71660599424
7815,DMSG,3XL,71660599425
7815,DMSG,L,71660599426
7815,DMSG,M,71660599427
7815,DMSG,S,71660599428
7815,DMSG,XL,71660599429
7815,DMSG,XS,71660599445
7845,DMBG,2XL,71660599446
7845,DMBG,3XL,71660599447
7845,DMBG,L,71660599448
7845,DMBG,M,71660599449
7845,DMBG,S,71660599455
7845,DMBG,XL,71660599456
7845,DMBG,XS,71660599457
97530,DMSG,XS,71660599458
97530,DMSG,2XL,71660599459
97530,DMSG,3XL,71660599467
97530,DMSG,L,71660599468
97530,DMSG,M,71660599469
WD700X5,DTPR,XL,71660599478
WD700X5,DTPR,XS,71660599479
97530,DMSG,S,71660599485
97530,DMSG,XL,71660599486
97530,DMWM,XS,71660599487
97530,DMWM,2XL,71660599488
97530,DMWM,3XL,71660599499
97530,DMWM,L,71660599500
97530,DMWM,M,71660599501
97530,DMWM,S,71660599502
97530,DMWM,XL,71660599503
97798,CEPP,2XL,71660599504
97798,CEPP,3XL,71660599505
97798,CEPP,L,71660599506
97798,CEPP,M,71660599507
97798,CEPP,S,71660599524
97798,CEPP,XL,71660599525
97798,CEPP,XS,71660599526
97630,MKAB,2XL,71660599527
97630,MKAB,3XL,71660599528
97630,MKAB,L,71660599529
97630,MKAB,M,71660599530
97630,MKAB,S,71660599531
97630,MKAB,XL,71660599532
97630,MKAB,XS,71660599543
97920,TRRE,M,71660599627
97920,TRRE,S,71660599628
7203,BLKW,2XL,71660599679
7203,BLKW,3XL,71660599687
7203,BLKW,L,71660599715
7203,BLKW,M,71660599716
7203,BLKW,S,71660599717
7203,BLKW,XL,71660599719
7203,BLKW,XS,71660599754
7203,NAVW,2XL,71660599755
7203,NAVW,3XL,71660599756
7203,NAVW,L,71660599758
97920,TRRE,XL,71660599823
7203,NAVW,M,71660599837
7203,NAVW,S,71660599838
90031,BMWM,3XL,72484100001
90031,BMWM,L,72484100002
90031,BMWM,M,72484100003
90031,BMWM,XL,72484100004
90031,UMWM,S,72484100005
90031,UMWM,2XL,72484100006
90031,UMWM,3XL,72484100007
90031,UMWM,L,72484100008
90031,UMWM,M,72484100009
90031,UMWM,XL,72484100010
90031,YMWM,S,72484100011
90031,YMWM,2XL,72484100012
90031,YMWM,3XL,72484100013
90031,YMWM,L,72484100014
90031,YMWM,M,72484100015
90031,YMWM,XL,72484100016
90031P,IMWM,S,72484100023
90031P,IMWM,2XL,72484100024
90031P,IMWM,3XL,72484100025
90031P,IMWM,L,72484100026
90031P,IMWM,M,72484100027
90031P,IMWM,XL,72484100028
90031P,BMWM,S,72484100029
90031P,BMWM,2XL,72484100030
90031P,BMWM,3XL,72484100031
90031P,BMWM,L,72484100032
90031P,BMWM,M,72484100033
90031P,BMWM,XL,72484100034
90031P,UMWM,S,72484100035
90031P,UMWM,2XL,72484100036
90031P,UMWM,3XL,72484100037
90031P,UMWM,L,72484100038
90031P,UMWM,M,72484100039
90031P,UMWM,XL,72484100040
90031P,WMWM,S,72484100041
90031P,WMWM,2XL,72484100042
90031P,WMWM,3XL,72484100043
90031P,WMWM,L,72484100044
90031P,WMWM,M,72484100045
90031P,WMWM,XL,72484100046
WC711X4,PNLB,2XL,72484100119
WC711X4,PNLB,3XL,72484100120
WC711X4,PNLB,L,72484100121
WM214C9,CTIM,ASST,72484100353
WM214C9,IND,ASST,72484100354
WM214C9,VOKA,ASST,72484100355
WM217,PWT,2XL,72484100356
WM217,PWT,3XL,72484100357
WM217,PWT,L,72484100358
WM217,PWT,M,72484100359
WM217,PWT,S,72484100360
WM217,PWT,XL,72484100361
WM217,PWT,XS,72484100362
WM218,DPFU,2XL,72484100364
WM218,DPFU,3XL,72484100365
WM218,DPFU,L,72484100369
WM218,DPFU,M,72484100370
WM218,DPFU,S,72484100375
WC711X4,PNLB,M,72484100394
WC711X4,PNLB,S,72484100395
WC711X4,PNLB,XL,72484100396
WC711X4,PNLB,XS,72484100397
WC711X4,MKAS,2XL,72484100398
WC711X4,MKAS,3XL,72484100399
WC711X4,MKAS,L,72484100400
WC711X4,MKAS,M,72484100401
WC711X4,MKAS,S,72484100402
WC711X4,MKAS,XL,72484100403
WC711X4,MKAS,XS,72484100404
97630C9,NCIP,ASST,72484100626
97630C12,MKBD,ASST,72484100632
97630C12,NCIP,ASST,72484100751
WM722C5,MASW,2XL,72484100752
WM722C5,MASW,3XL,72484100753
WM722C5,MASW,L,72484100754
WM722C5,MASW,M,72484100755
WM722C5,MASW,S,72484100756
WM722C5,MASW,XL,72484100757
WM722C5,MASW,XS,72484100758
WM724C4,MEHR,2XL,72484100759
WM620,PWT,XS,72484100913
WM621,DPFU,2XL,72484100915
WM621,DPFU,3XL,72484100916
WM621,DPFU,L,72484100917
WM621,DPFU,M,72484100918
WM621,DPFU,S,72484100922
WM621,DPFU,XL,72484100925
WM621,DPFU,XS,72484100926
97630,NCIP,2XL,72484102268
97630,NCIP,3XL,72484102276
97630,NCIP,L,72484102277
97630,NCIP,M,72484102280
97630,NCIP,S,72484102281
97630,NCIP,XL,72484102282
97630,NCIP,XS,72484102283
97630,MKBD,2XL,72484102290
97630,MKBD,3XL,72484102291
97630,MKBD,L,72484102292
97630,MKBD,M,72484102293
97630,MKBD,S,72484102300
97630,MKBD,XL,72484102301
97630,MKBD,XS,72484102302
WM723X4,LYHG,L,72484104359
WM218,DPFU,XL,72484104448
WM620,PWT,M,72484105135
WM620,PWT,S,72484105136
WM620,PWT,XL,72484105137
WM218,DPFU,XS,72484105218
WM620,PWT,2XL,72484105219
WM620,PWT,3XL,72484105221
WM620,PWT,L,72484105231
97630,DPBA,XL,72484106191
97630,DPBA,XS,72484106192
97630,DPBA,XXS,72484106193
97630,PHYB,2XL,72484106195
97630,PHYB,3XL,72484106196
97630,PHYB,4XL,72484106197
97630,PHYB,5XL,72484106199
97630,PHYB,6XL,72484106200
97630,PHYB,7XL,72484106201
97630,PHYB,L,72484106203
97630,PHYB,M,72484106204
97630,PHYB,S,72484106205
97630,PHYB,XL,72484106207
97630,PHYB,XS,72484106208
97630,PHYB,XXS,72484106209
WM724C4,MEHR,3XL,72484106425
WM724C4,MEHR,L,72484106426
WM724C4,MEHR,M,72484106427
WM724C4,MEHR,S,72484106428
WM724C4,MEHR,XL,72484106434
WM723X4,LYHG,3XL,72484106994
WM723X4,LYHG,M,72484107454
WM723X4,LYHG,S,72484107455
WM723X4,LYHG,XL,72484107456
WM723X4,LYHG,XS,72484107457
WM723X4C12,LYHG,ASST,72484107458
WM722C5C12,MASW,ASST,72484107459
WM621C12,DPFU,ASST,72484107460
WM620C12,PWT,ASST,72484107466
WM218C12,DPFU,ASST,72484107467
WM217C12,PWT,ASST,72484107468
WM217C10,PWT,ASST,72484107469
WM620C10,PWT,ASST,72484107470
WM724C4C9,MEHR,ASST,72484107473
WM724C4C12,MEHR,ASST,72484107474
WM706X5C9,BOBT,ASST,72484107606
WC703X5,SOWA,2XL,72484107673
WC703X5,SOWA,3XL,72484107674
WC703X5,SOWA,4XL,72484107675
WC703X5,SOWA,5XL,72484107677
WC703X5,SOWA,6XL,72484107678
TONI,WHT,10,72484108155
TONI,WHT,11,72484108156
TONI,WHT,6,72484108157
TONI,WHT,6H,72484108158
TONI,WHT,7,72484108159
TONI,WHT,7H,72484108160
TONI,WHT,8,72484108161
TONI,WHT,8H,72484108162
TONI,WHT,9,72484108163
TONI,WHT,9H,72484108164
TONI,WHZ,10W,72484108165
TONI,WHZ,11W,72484108166
TONI,WHZ,7HW,72484108167
TONI,WHZ,7W,72484108168
TONI,WHZ,8HW,72484108169
TONI,WHZ,8W,72484108170
TONI,WHZ,9HW,72484108171
TONI,WHZ,9W,72484108172
DEANNA,WHT,10,72484108197
DEANNA,WHT,11,72484108198
DEANNA,WHT,6,72484108199
DEANNA,WHT,6H,72484108200
DEANNA,WHT,7,72484108201
DEANNA,WHT,7H,72484108202
DEANNA,WHT,8,72484108203
DEANNA,WHT,8H,72484108204
DEANNA,WHT,9,72484108205
DEANNA,WHT,9H,72484108206
DEANNA,WHZ,10W,72484108207
DEANNA,WHZ,11W,72484108208
DEANNA,WHZ,7HW,72484108209
DEANNA,WHZ,7W,72484108210
DEANNA,WHZ,8HW,72484108211
DEANNA,WHZ,8W,72484108212
DEANNA,WHZ,9HW,72484108213
DEANNA,WHZ,9W,72484108214
97630,DMGI,2XL,72484109395
WM709X5,FSFV,L,72484109622
WM723X4,LYHG,2XL,72484109710
WC703X5,BFFT,3XL,72484110541
WC703X5,BFFT,L,72484110542
WC703X5,BFFT,M,72484110543
WC703X5,BFFT,S,72484110544
WC703X5,BFFT,XL,72484110545
WC703X5,BFFT,XS,72484110546
WC703X5,RDAT,2XL,72484110547
WM724C4,MEHR,XS,72484110770
WM709X5,AUFL,M,72484111226
WM709X5,AUFL,S,72484111232
WM709X5,AUFL,XL,72484111233
WM709X5,AUFL,XS,72484111234
WM709X5,FSFV,2XL,72484111235
WM709X5,FSFV,3XL,72484111236
WM709X5,FSFV,XL,72484111237
WM709X5,FSFV,XS,72484111238
WM709X5,PUON,2XL,72484111240
WM709X5,PUON,3XL,72484111242
WM709X5,PUON,L,72484111248
WM709X5,PUON,M,72484111249
WM709X5,PUON,S,72484111250
WM709X5,PUON,XL,72484111251
WM709X5,PUON,XS,72484111252
WM604,OGSP,2XL,72484111269
WM604,OGSP,3XL,72484111270
WM604,OGSP,L,72484111271
WM604,OGSP,M,72484111272
WM604,OGSP,S,72484111274
WM604,OGSP,XL,72484111275
WM604,OGSP,XS,72484111276
WM604,YRWM,2XL,72484111277
WM604,YRWM,3XL,72484111278
WM604,YRWM,L,72484111281
WM604,YRWM,M,72484111282
WM604,YRWM,S,72484111288
WM604,YRWM,XL,72484111291
WM604,YRWM,XS,72484111292
WM709C5,CAAW,2XL,72484111301
WM709C5,CAAW,3XL,72484111302
WM709C5,CAAW,L,72484111304
WM709C5,CAAW,M,72484111305
WM709C5,CAAW,S,72484111306
WM709C5,CAAW,XL,72484111307
WM709C5,CAAW,XS,72484111308
WM709C5,MTLB,2XL,72484111309
WM709C5,MTLB,3XL,72484111310
WM709C5,MTLB,L,72484111311
WM709C5,MTLB,M,72484111312
WM709C5,MTLB,S,72484111314
WM709C5,MTLB,XL,72484111315
WM709C5,MTLB,XS,72484111316
97630,PNBR,2XL,72484111321
97630,PNBR,3XL,72484111322
97630,PNBR,4XL,72484111328
97630,PNBR,5XL,72484111329
WM709X5,FSFV,M,72484111338
WM709X5,FSFV,S,72484111342
97630,PNBR,M,72484111348
97630,PNBR,S,72484111391
97630,PNBR,XL,72484111392
97630,PNBR,XS,72484111401
97630,PNBR,XXS,72484111402
97630C12,DMGI,ASST,72484111410
97630C9,PHYB,ASST,72484111411
97630C12,PHYB,ASST,72484111412
97630C12,PNBR,ASST,72484111413
97630C9,MKAI,ASST,72484111420
97630C12,MKAI,ASST,72484111421
97630C12,NCLA,ASST,72484111422
97630C12,SEBF,ASST,72484111425
97630C12,SWNG,ASST,72484111427
97630C12,SYSW,ASST,72484111428
97630C9,DPBA,ASST,72484111432
97630C12,DPBA,ASST,72484111433
97630C9,LKBS,ASST,72484111442
97630C12,LKBS,ASST,72484111443
97630,SEBF,7XL,72484111542
97630,SEBF,L,72484111543
97630,SEBF,M,72484111544
97630,SEBF,S,72484111545
97630,SEBF,XL,72484111546
97630,SEBF,XS,72484111547
97630,SEBF,XXS,72484111548
97630,DPBA,2XL,72484111550
97630,DPBA,3XL,72484111552
97630,DPBA,4XL,72484111558
97630,DPBA,5XL,72484111559
97630,DPBA,6XL,72484111560
97630,DPBA,7XL,72484111561
97630,DPBA,L,72484111562
97630,DPBA,M,72484111563
97630,DPBA,S,72484111564
97630,DMGI,3XL,72484111644
97630,DMGI,4XL,72484111646
97630,DMGI,5XL,72484111647
97630,DMGI,6XL,72484111648
97630,DMGI,7XL,72484111653
97630,DMGI,L,72484111655
97630,DMGI,M,72484111656
97630,DMGI,S,72484111657
97630,DMGI,XL,72484111786
97630,DMGI,XS,72484111787
97630,DMGI,XXS,72484111793
97630,SEBF,2XL,72484111877
97630,SEBF,3XL,72484111878
97630,SEBF,4XL,72484111879
97630,SEBF,5XL,72484111880
97630,SEBF,6XL,72484111881
97630C9,PHOT,ASST,72484112042
97630C12,PHOT,ASST,72484112045
97630C12,DMWC,ASST,72484112046
97630C12,SYST,ASST,72484112047
WM719C5C9,DPMS,ASST,72484112048
WM719C5C12,DPMS,ASST,72484112054
WM721X4C12,GOES,ASST,72484112059
WM721X4C9,DCCU,ASST,72484112060
WM721X4C12,DCCU,ASST,72484112063
WM721X4C9,TDHR,ASST,72484112064
WM721X4C12,TDHR,ASST,72484112065
WM721X4C12,RTAD,ASST,72484112066
WM617C9,IND,ASST,72484112068
WM617C9,VOKA,ASST,72484112069
WM617C9,CTIM,ASST,72484112072
WM214C12,CTIM,ASST,72484112073
WM214C12,VOKA,ASST,72484112074
WM214C12,IND,ASST,72484112077
WC703X5,BFFT,2XL,72484112088
WC703X5,RDAT,3XL,72484112316
WC703X5,RDAT,L,72484112317
WC703X5,RDAT,M,72484112318
WC703X5,RDAT,S,72484112324
WC703X5,RDAT,XL,72484112337
WC703X5,RDAT,XS,72484112338
WM709X5,ANOM,2XL,72484112418
WM709X5,ANOM,3XL,72484112424
WM709X5,ANOM,L,72484112427
WM709X5,ANOM,M,72484112428
WM709X5,ANOM,S,72484112434
WM709X5,ANOM,XL,72484112437
WM709X5,ANOM,XS,72484112438
WM709X5,AUFL,2XL,72484112444
WM709X5,AUFL,L,72484112718
WC703X5,SOWA,7XL,72484112966
WC703X5,SOWA,L,72484112998
WC703X5,SOWA,M,72484112999
WC703X5,SOWA,S,72484113000
WC703X5,SOWA,XL,72484113001
WC703X5,SOWA,XS,72484113002
WC703X5,SOWA,XXS,72484113003
WM805C14,CRWM,ASST,72484113004
WM805C14,RIWM,ASST,72484113005
WM805C14,RTWM,ASST,72484113006
WM803C12,LRWM,ASST,72484113007
WM803C12,SHP,ASST,72484113020
WM803C12,RWWM,ASST,72484113021
WM007C16,CRWM,ASST,72484113048
WM007C14,RIWM,ASST,72484113049
WM709X5,AUFL,3XL,72484113051
WM709X5,FSPL,S,72484113356
WM709X5,FSPL,XL,72484113357
WM709X5,FSPL,XS,72484113358
WM709X5,GBLE,2XL,72484113359
WM709X5,GBLE,3XL,72484113360
WM709X5,GBLE,L,72484113361
WM709X5,GBLE,M,72484113362
WM709X5,GBLE,S,72484113363
WM709X5,GBLE,XL,72484113367
WM709X5,GBLE,XS,72484113379
WM709X5C12,GBLE,ASST,72484113380
WM709X5C9,FSFV,ASST,72484113432
WM709X5C12,FSFV,ASST,72484113442
WM709X5C12,FSPL,ASST,72484113452
WM709X5C9,AUFL,ASST,72484113459
WM709X5C12,AUFL,ASST,72484113466
WM709X5C12,PUON,ASST,72484113482
WM205C10,OGSP,ASST,72484113487
WM205C10,YRWM,ASST,72484113489
WM604C10,OGSP,ASST,72484113494
WM604C10,YRWM,ASST,72484113495
97630,LKBS,2XL,72484113496
97630,LKBS,3XL,72484113498
97630,LKBS,4XL,72484113499
97630,LKBS,5XL,72484113501
97630,LKBS,6XL,72484113503
97630,LKBS,7XL,72484113508
97630,LKBS,L,72484113509
97630,LKBS,M,72484113510
97630,LKBS,S,72484113515
97630,PNBR,6XL,72484113534
97630,PNBR,7XL,72484113535
97630,PNBR,L,72484113537
97630,MKAI,2XL,72484113538
97630,MKAI,3XL,72484113539
97630,MKAI,4XL,72484113542
97630,MKAI,5XL,72484113558
97630,MKAI,6XL,72484113559
97630,MKAI,7XL,72484113560
97630,MKAI,L,72484113562
WM709C5C12,MTLB,ASST,72484113645
WM709X5C12,ANOM,ASST,72484113651
97630,MKAI,XXS,72484113654
97630,NCLA,2XL,72484113655
97630,NCLA,3XL,72484113661
97630,NCLA,4XL,72484113678
97630,NCLA,5XL,72484113679
97630,NCLA,6XL,72484113685
97630,NCLA,7XL,72484113688
97630,NCLA,L,72484113689
97630,NCLA,M,72484113695
97630,NCLA,S,72484113698
97630,NCLA,XL,72484113699
97630,NCLA,XS,72484113705
97630,NCLA,XXS,72484113706
97630,SWNG,2XL,72484113707
97630,SWNG,3XL,72484113708
97630,SWNG,4XL,72484113709
97630,SWNG,5XL,72484113715
97630,SWNG,6XL,72484113718
97630,SWNG,7XL,72484113719
97630,SWNG,L,72484113725
97630,SWNG,M,72484113726
97630,SWNG,S,72484113727
97630,SWNG,XL,72484113728
97630,SWNG,XS,72484113729
97630,SWNG,XXS,72484113730
97630,SYSW,2XL,72484113733
97630,SYSW,3XL,72484113735
97630,SYSW,4XL,72484113736
97630,SYSW,5XL,72484113737
97630,SYSW,6XL,72484113738
97630,SYSW,7XL,72484113739
97630,SYSW,L,72484113743
97630,SYSW,M,72484113745
WC703X5,ANMI,5XL,72484113789
WC703X5,ANMI,6XL,72484113795
WC703X5,ANMI,7XL,72484113796
WC703X5,ANMI,L,72484113801
WC703X5,ANMI,M,72484113803
WC703X5,ANMI,S,72484113804
WC703X5,ANMI,XL,72484113805
WC703X5,ANMI,XS,72484113811
WC703X5,ANMI,XXS,72484113830
7804,LKAB,L,72484113848
7804,LKAB,M,72484113855
7804,LKAB,S,72484113862
WM609,CRWM,S,72484113869
97630,LKBS,XL,72484113876
97630,MKAI,M,72484113990
97630,MKAI,S,72484113991
97630,MKAI,XL,72484113994
97630,MKAI,XS,72484113996
7815,DPBA,2XL,72484114012
7815,DPBA,3XL,72484114016
7815,DPBA,4XL,72484114017
7815,DPBA,5XL,72484114018
7815,DPBA,6XL,72484114022
7815,DPBA,7XL,72484114023
7815,DPBA,L,72484114024
7815,DPBA,M,72484114026
7815,DPBA,S,72484114029
7815,DPBA,XL,72484114030
7815,DPBA,XS,72484114031
7815,DPBA,XXS,72484114033
WC703X5,AUFL,2XL,72484114037
WC703X5,AUFL,3XL,72484114038
WC703X5,AUFL,4XL,72484114039
WC703X5,AUFL,5XL,72484114040
WC703X5,AUFL,6XL,72484114044
WC703X5,AUFL,7XL,72484114045
WC703X5,AUFL,L,72484114046
WC703X5,AUFL,M,72484114047
WC703X5,AUFL,S,72484114147
WC703X5,AUFL,XL,72484114148
WC703X5,AUFL,XS,72484114149
WC703X5,AUFL,XXS,72484114150
WC703X5,GELN,2XL,72484114155
WC703X5,GELN,3XL,72484114156
WC703X5,GELN,4XL,72484114157
WC703X5,GELN,5XL,72484114158
WC703X5,GELN,6XL,72484114159
WC703X5,GELN,7XL,72484114170
WC703X5,GELN,L,72484114171
WC703X5,GELN,M,72484114176
WC703X5,GELN,S,72484114177
WC703X5,GELN,XL,72484114178
WC703X5,GELN,XS,72484114179
WC703X5,GELN,XXS,72484114180
WC703X5,THCR,2XL,72484114182
WC703X5,THCR,3XL,72484114183
WC703X5,THCR,4XL,72484114184
WC703X5,THCR,5XL,72484114185
WC703X5,THCR,6XL,72484114188
WC703X5,THCR,7XL,72484114189
WC703X5,THCR,L,72484114195
WC703X5,THCR,M,72484114196
WC703X5,THCR,S,72484114197
WC703X5,THCR,XL,72484114198
WC703X5,THCR,XS,72484114199
WC703X5,THCR,XXS,72484114203
WC703X5,ANMI,2XL,72484114204
WC703X5,ANMI,3XL,72484114207
WC703X5,ANMI,4XL,72484114208
7605,SIWM,7XL,72484115612
7605,SIWM,L,72484115613
7605,SIWM,M,72484115615
7605,SIWM,S,72484115616
7605,SIWM,XL,72484115617
7605,SIWM,XS,72484115618
7605,SIWM,XXS,72484115624
7947,CAAW,2XL,72484115625
7947,CAAW,3XL,72484115626
7947,CAAW,4XL,72484115627
7947,CAAW,5XL,72484115630
7947,CAAW,6XL,72484115632
7947,CAAW,7XL,72484115634
7947,CAAW,L,72484115635
7947,CAAW,M,72484115636
7947,CAAW,S,72484115644
7947,CAAW,XL,72484115645
7947,CAAW,XS,72484115651
7947,CAAW,XXS,72484115654
7813,NCMB,2XL,72484115655
7813,NCMB,3XL,72484115661
7813,NCMB,L,72484115674
7813,NCMB,M,72484115675
7813,NCMB,S,72484115681
7813,NCMB,XL,72484115684
7813,NCMB,XS,72484115685
97630,SYSW,S,72484115731
97630,SYSW,XL,72484115734
97630,SYSW,XS,72484115735
97630,SYSW,XXS,72484115741
WM205,YRWM,2XL,72484115784
WM205,YRWM,3XL,72484115785
WM205,YRWM,L,72484115791
WM205,YRWM,M,72484115794
WM205,YRWM,S,72484115795
WM205,YRWM,XL,72484115801
WM205,YRWM,XS,72484115811
WM709X5,FSPL,2XL,72484115824
WM709X5,FSPL,3XL,72484115825
WM609,CRWM,XL,72484115834
WM609,CRWM,XS,72484115835
WM207,CRWM,2XL,72484115936
WM207,CRWM,3XL,72484115937
WM207,CRWM,L,72484115943
WM207,CRWM,M,72484115946
WM207,CRWM,S,72484115947
WM207,CRWM,XL,72484115953
WM207,CRWM,XS,72484115956
WM609,CRWM,2XL,72484116044
WM609,CRWM,3XL,72484116045
WM609,CRWM,L,72484116046
WM609,CRWM,M,72484116047
90031P,YMWM,2XL,72484116062
90031P,YMWM,3XL,72484116063
90031P,YMWM,L,72484116064
90031P,YMWM,M,72484116065
90031P,YMWM,S,72484116067
90031P,YMWM,XL,72484116068
WM629C18,DIWM,ASST,72484116152
WM709X5,FSPL,L,72484116166
WM709X5,FSPL,M,72484116167
7014,BLKW,2XL,72484116187
7014,BLKW,3XL,72484116188
7014,BLKW,4XL,72484116189
7014,BLKW,5XL,72484116190
7014,BLKW,6XL,72484116191
7014,BLKW,7XL,72484116192
7014,BLKW,L,72484116193
7014,BLKW,M,72484116194
7014,BLKW,S,72484116195
7014,BLKW,XL,72484116196
7014,BLKW,XS,72484116197
7014,BLKW,XXS,72484116200
7014,SIWM,2XL,72484116201
7014,SIWM,3XL,72484116207
7014,SIWM,4XL,72484116210
7014,SIWM,5XL,72484116211
7014,SIWM,6XL,72484116217
7014,SIWM,7XL,72484116228
7014,SIWM,L,72484116229
7014,SIWM,M,72484116230
7014,SIWM,S,72484116231
7014,SIWM,XL,72484116237
7014,SIWM,XS,72484116238
7014,SIWM,XXS,72484116239
7806,LTGB,2XL,72484116240
7806,LTGB,3XL,72484116241
7806,LTGB,L,72484116247
7806,LTGB,M,72484116248
7806,LTGB,S,72484116249
7806,LTGB,XL,72484116250
7806,LTGB,XS,72484116251
7605,BLKW,2XL,72484116257
7605,BLKW,3XL,72484116258
7605,BLKW,4XL,72484116259
7605,BLKW,5XL,72484116260
7605,BLKW,6XL,72484116261
7605,BLKW,7XL,72484116263
7605,BLKW,L,72484116264
7605,BLKW,M,72484116265
7605,BLKW,S,72484116266
7605,BLKW,XL,72484116267
7605,BLKW,XS,72484116268
7605,BLKW,XXS,72484116269
7804,LKAB,XL,72484116398
7804,LKAB,XS,72484116405
7605,SIWM,4XL,72484116817
7605,SIWM,5XL,72484116827
7605,SIWM,6XL,72484116837
WM007C14,CRWM,ASST,72484116976
WM007C16,RIWM,ASST,72484116977
WM007C16,RTWM,ASST,72484116978
WM003C14,LRWM,ASST,72484116979
WM003C12,LRWM,ASST,72484116980
WM003C14,RWWM,ASST,72484116981
WM003C12,RWWM,ASST,72484116982
WM003C14,SHP,ASST,72484116983
WC703X5,ASFG,2XL,72484118559
WC703X5,ASFG,3XL,72484118560
WC703X5,ASFG,L,72484118561
WC703X5,ASFG,M,72484118562
WC703X5,ASFG,S,72484118563
WC703X5,ASFG,XL,72484118564
WC703X5,ASFG,XS,72484118565
WC703X5,DLLC,2XL,72484118566
WC703X5,DLLC,3XL,72484118567
WC703X5,DLLC,L,72484118568
WC703X5,DLLC,M,72484118569
WC703X5,DLLC,S,72484118570
WC703X5,DLLC,XL,72484118571
WM226C18,DIWM,ASST,72484118592
WM226C9,PUWM,ASST,72484118593
WM233C18,BTAT,ASST,72484118594
WC703X5,DLLC,XS,72484118945
97630,LKBS,XS,72484119054
97630,LKBS,XXS,72484119055
WC607,HTPT,2XL,72484119067
WM205,OGSP,2XL,72484119084
WM205,OGSP,3XL,72484119085
WC607,HTPT,3XL,72484119099
WC607,HTPT,L,72484119100
WC607,HTPT,M,72484119105
WM205,OGSP,L,72484119108
WM205,OGSP,M,72484119109
WM205,OGSP,S,72484119115
WC607,HTPT,S,72484119125
WM205,OGSP,XL,72484119138
WM205,OGSP,XS,72484119139
WC607,HTPT,XL,72484119151
WC607,HTPT,XS,72484119152
WC208,BTAT,2XL,72484119535
WC208,BTAT,3XL,72484119536
WC208,BTAT,L,72484119537
WC208,BTAT,M,72484119538
WC208,BTAT,S,72484119539
WC208,BTAT,XL,72484119540
WC208,BTAT,XS,72484119541
WC208,TPMT,2XL,72484119542
WC208,TPMT,3XL,72484119543
WC208,TPMT,L,72484119544
WC208,TPMT,M,72484119545
WC208,TPMT,S,72484119546
WC208,TPMT,XL,72484119547
WC208,TPMT,XS,72484119575
WC826,WHT,3XL,72484119855
WC826,WHT,L,72484119856
WC826,WHT,M,72484119857
WC826,WHT,S,72484119858
WC826,WHT,XL,72484119859
WC826,WHT,XS,72484119860
WC025,WHT,2XL,72484119861
WC025,WHT,3XL,72484119862
WC025,WHT,L,72484119863
WC025,WHT,M,72484119864
WC025,WHT,XS,72484119875
WC025,WHT,S,72484119973
WC025,WHT,XL,72484119974
7605,SIWM,2XL,72484121429
7605,SIWM,3XL,72484121430
9050,WHT,S,72484121519
9050,WHT,3XL,72484121520
9050,WHT,2XL,72484121521
9050,WHT,XL,72484121522
9050,WHT,L,72484121523
9050,WHT,M,72484121524
WC711X4,SREM,M,72484121680
WC711X4,SREM,S,72484121681
WC711X4,SREM,XL,72484121687
WC711X4,SREM,XS,72484121690
WC711X4,SREM,2XL,72484121770
WC711X4,SREM,3XL,72484121771
9050,RED,S,72484121838
9050,RED,3XL,72484121839
9050,RED,2XL,72484121840
9050,RED,XL,72484121841
9050,RED,L,72484121842
9050,RED,M,72484121843
9050,GRAP,S,72484121844
9050,GRAP,3XL,72484121845
9050,GRAP,2XL,72484121846
9050,GRAP,XL,72484121847
9050,GRAP,L,72484121848
9050,GRAP,M,72484121849
9050,CIEL,S,72484121850
9050,CIEL,3XL,72484121851
9050,CIEL,2XL,72484121852
9050,CIEL,XL,72484121853
9050,CIEL,L,72484121854
9050,CIEL,M,72484121855
9050,NAVY,S,72484121856
9050,NAVY,3XL,72484121857
9050,NAVY,2XL,72484121858
9050,NAVY,XL,72484121859
9050,NAVY,L,72484121860
9050,NAVY,M,72484121861
WC711X4,SREM,L,72484121930
WM709C5C12,CAAW,ASST,72484126922
WM609C10,CRWM,ASST,72484126923
WM207C10,CRWM,ASST,72484126925
WM150IC8,BLK,ASST,72484132284
WM150IC8,EBW,ASST,72484132285
WM150IC8,IND,ASST,72484132286
WM150IC8,PWT,ASST,72484132287
WM958IC8,BLK,ASST,72484132288
WM958IC8,EBW,ASST,72484132289
WM958IC8,IND,ASST,72484132290
WM958IC8,PWT,ASST,72484132291
WD813,BLK,XL,72484134808
WD813,BLK,XS,72484134809
90009C9,EBWM,ASST,72484136527
7400,WHTC,L,72484138433
7400,WHTC,M,72484138434
7400,WHTC,S,72484138435
7400,WHTC,XL,72484138436
7400,WHTC,XS,72484138450
WD813,BLK,2XL,72484139694
WD813,BLK,3XL,72484139695
WD813,BLK,L,72484139696
WD813,BLK,M,72484139697
WD813,BLK,S,72484139698
WM629C9,PUWM,ASST,72484140699
WM638C18,BTAT,ASST,72484140700
WC703X5,BUOB,2XL,72484140701
WC703X5,BUOB,3XL,72484140702
WC703X5,BUOB,L,72484140703
WC703X5,BUOB,M,72484140705
WC703X5,BUOB,S,72484140714
WC703X5,BUOB,XL,72484140722
WC703X5,BUOB,XS,72484140723
SMOKEII,WHT,10,72484140916
SMOKEII,WHT,11,72484140917
SMOKEII,WHT,5,72484140918
SMOKEII,WHT,5H,72484140919
SMOKEII,WHT,6,72484140920
SMOKEII,WHT,6H,72484140921
SMOKEII,WHT,7,72484140922
SMOKEII,WHT,7H,72484140923
SMOKEII,WHT,8,72484140924
SMOKEII,WHT,8H,72484140925
SMOKEII,WHT,9,72484140926
SMOKEII,WHT,9H,72484140927
WD805,HPKZ,3XL,72484141404
WD805,HPKZ,L,72484141405
WD805,HPKZ,M,72484141406
WD805,HPKZ,S,72484141413
WD805,HPKZ,XL,72484141414
WD805,HPKZ,XS,72484141415
WM018PC14,RWWM,ASST,72484141430
WM018C18,DESL,ASST,72484141440
WM018C18,LRWM,ASST,72484141450
WM018C18,RAR,ASST,72484141460
WM018PC14,CRWM,ASST,72484141736
WM018C18,CRWM,ASST,72484141737
WM818C18,EGG,ASST,72484141834
WM818C18,KAK,ASST,72484141835
WM818C18,LRWM,ASST,72484141836
WM818C18,RAR,ASST,72484141837
WM818C18,RIWM,ASST,72484141838
WM818C18,RWWM,ASST,72484141839
WM818C18,WIN,ASST,72484141840
WD805,NVYZ,2XL,72484141849
WD805,NVYZ,3XL,72484141850
WD805,NVYZ,S,72484142010
GINA,WHT,10,72484142055
GINA,WHT,11,72484142056
GINA,WHT,6,72484142057
GINA,WHT,6H,72484142058
GINA,WHT,7,72484142059
GINA,WHT,7H,72484142060
GINA,WHT,8,72484142061
GINA,WHT,8H,72484142062
GINA,WHT,9,72484142063
GINA,WHT,9H,72484142064
CINDY,WHT,10,72484142065
CINDY,WHT,11,72484142066
CINDY,WHT,6,72484142067
CINDY,WHT,6H,72484142068
CINDY,WHT,7,72484142069
CINDY,WHT,7H,72484142070
CINDY,WHT,8,72484142071
CINDY,WHT,8H,72484142072
CINDY,WHT,9,72484142073
CINDY,WHT,9H,72484142074
RUTH,WHT,10,72484142075
RUTH,WHT,11,72484142076
RUTH,WHT,6,72484142077
RUTH,WHT,6H,72484142078
RUTH,WHT,7,72484142079
RUTH,WHT,7H,72484142080
RUTH,WHT,8,72484142081
RUTH,WHT,8H,72484142082
RUTH,WHT,9,72484142083
RUTH,WHT,9H,72484142084
JESS,WHT,10,72484142085
JESS,WHT,11,72484142086
JESS,WHT,6,72484142087
JESS,WHT,6H,72484142088
JESS,WHT,7,72484142089
JESS,WHT,7H,72484142090
JESS,WHT,8,72484142091
JESS,WHT,8H,72484142092
JESS,WHT,9,72484142093
JESS,WHT,9H,72484142094
GINA,WHZ,10W,72484142095
GINA,WHZ,11W,72484142096
GINA,WHZ,7HW,72484142097
GINA,WHZ,7W,72484142098
GINA,WHZ,8HW,72484142099
GINA,WHZ,8W,72484142100
GINA,WHZ,9HW,72484142101
GINA,WHZ,9W,72484142102
CINDY,WHZ,10W,72484142103
CINDY,WHZ,11W,72484142104
CINDY,WHZ,7HW,72484142105
CINDY,WHZ,7W,72484142106
CINDY,WHZ,8HW,72484142107
CINDY,WHZ,8W,72484142108
CINDY,WHZ,9HW,72484142109
CINDY,WHZ,9W,72484142110
RUTH,WHZ,10W,72484142111
RUTH,WHZ,11W,72484142112
RUTH,WHZ,7HW,72484142113
RUTH,WHZ,7W,72484142114
RUTH,WHZ,8HW,72484142115
RUTH,WHZ,8W,72484142116
RUTH,WHZ,9HW,72484142117
RUTH,WHZ,9W,72484142118
JESS,WHZ,10W,72484142119
JESS,WHZ,11W,72484142120
JESS,WHZ,7HW,72484142121
JESS,WHZ,7W,72484142122
JESS,WHZ,8HW,72484142123
JESS,WHZ,8W,72484142124
JESS,WHZ,9HW,72484142125
JESS,WHZ,9W,72484142126
WD805,BLKZ,3XL,72484142443
WD805,BLKZ,2XL,72484142509
WM805,RTWM,XS,72484142762
WM803,RWWM,2XL,72484142763
WM803,RWWM,L,72484142764
WM803,RWWM,M,72484142765
WM803,RWWM,S,72484142766
WM803,RWWM,XL,72484142767
WM007V1,CRWM,3XL,72484142862
WM007V1,CRWM,L,72484142863
WM007V1,CRWM,M,72484142864
WM007V1,CRWM,S,72484142865
WM007V1,CRWM,XL,72484142866
WM007V1,CRWM,XS,72484142867
WM007V1,RIWM,2XL,72484142868
WM803,SHP,S,72484142874
WM803,SHP,XL,72484142875
WM803,SHP,XS,72484142881
WM803,LRWM,2XL,72484142882
WM803,LRWM,L,72484142888
WM803,LRWM,M,72484142889
WM803,LRWM,S,72484142895
WM803,LRWM,XL,72484142896
WM018C18,RWWM,ASST,72484143255
WM018PC14,RIWM,ASST,72484143256
WM018C18,EGG,ASST,72484143257
WM018C18,KAK,ASST,72484143258
WM018C18,RIWM,ASST,72484143259
WM018C18,WIN,ASST,72484143260
WM818C18,DESL,ASST,72484143261
WD805,NVYZ,XL,72484143602
WD805,NVYZ,XS,72484143606
WD805,PEWZ,2XL,72484143609
WD805,PEWZ,3XL,72484143610
WD805,WINZ,S,72484143635
WD805,WINZ,XL,72484143642
WD805,WINZ,XS,72484143643
WD805,NVYZ,L,72484143745
WD805,NVYZ,M,72484143746
WD805,PEWZ,XS,72484143747
WD805,RYLZ,2XL,72484143858
WD805,RYLZ,3XL,72484143860
WD805,RYLZ,L,72484143861
WD805,RYLZ,M,72484143870
WD805,RYLZ,S,72484143871
WD805,RYLZ,XL,72484143872
WD805,RYLZ,XS,72484143873
WD805,WINZ,2XL,72484143875
WD805,WINZ,3XL,72484143876
WD805,WINZ,L,72484143877
WD805,WINZ,M,72484143883
WD805,PEWZ,L,72484144361
WD805,BLKZ,L,72484144402
WD805,BLKZ,M,72484144403
WD805,BLKZ,S,72484144408
WD805,BLKZ,XL,72484144409
WD805,BLKZ,XS,72484144410
WD805,HPKZ,2XL,72484144415
WD805,PEWZ,M,72484144540
WD805,PEWZ,S,72484144550
WM803,RWWM,XS,72484144628
WM803,SHP,2XL,72484144629
WM803,SHP,L,72484144635
WM803,SHP,M,72484144645
WM007,CRWM,XS,72484144648
WM007,RIWM,2XL,72484144649
WM007,RIWM,3XL,72484144655
WM018,LRWM,S,72484144658
WM018,LRWM,XL,72484144659
WM018,LRWM,XS,72484144664
WM007,RIWM,L,72484144665
WM018,RAR,2XL,72484144667
WM007,RIWM,M,72484144668
WM007,RIWM,S,72484144669
WM018,RAR,L,72484144674
WM003,LRWM,S,72484144675
WC021,BLK,2XL,72484145921
WC021,BLK,L,72484145922
WC021,BLK,M,72484145923
WC021,BLK,S,72484145924
WC021,BLK,XL,72484145925
WC021,BLK,XS,72484145926
WC021,PWT,2XL,72484145927
WC021,PWT,L,72484145928
WC021,PWT,M,72484145929
WC021,PWT,S,72484145930
WC021,PWT,XL,72484145931
WC021,PWT,XS,72484145932
WC021,WIN,2XL,72484145933
WC021,WIN,L,72484145934
WC021,WIN,M,72484145935
WC021,WIN,S,72484145936
WC021,WIN,XL,72484145937
WC021,WIN,XS,72484145938
WC826,WHT,2XL,72484145963
WM007,RIWM,XL,72484147681
WM007,RIWM,XS,72484147682
WM018,RAR,3XL,72484147687
WM007,RTWM,2XL,72484147688
WM007,RTWM,M,72484147856
WM007,RTWM,S,72484147857
WM007,RTWM,XL,72484147862
WM007,RTWM,XS,72484147863
WM003,LRWM,2XL,72484147866
WM003,LRWM,L,72484147867
WM003,LRWM,M,72484147872
WM003,SHP,L,72484147873
WM007V1,RIWM,L,72484148145
WM007V1,RIWM,M,72484148150
WM805,CRWM,XL,72484148261
WM805,CRWM,XS,72484148262
WM805,RIWM,2XL,72484148263
WM805,RIWM,3XL,72484148264
WM805,RIWM,L,72484148270
WM805,RIWM,M,72484148271
WM805,RIWM,S,72484148272
WM805,RIWM,XL,72484148273
WM805,RIWM,XS,72484148274
WM805,RTWM,2XL,72484148280
WM805,RTWM,3XL,72484148281
WM805,RTWM,L,72484148282
WM805,RTWM,M,72484148283
WM805,RTWM,S,72484148284
WM818,RWWM,3XL,72484148939
7815,DPNA,M,72484148999
7815,DPNA,S,72484149000
7815,DPNA,XL,72484149001
7815,DPNA,XS,72484149002
WM018,LRWM,M,72484149142
7815,RUNA,S,72484149441
7815,RUNA,XL,72484149442
7815,RUNA,XS,72484149448
7815,DPNA,2XL,72484149458
7815,DPNA,3XL,72484149468
7815,DPNA,L,72484149478
WM018,KAK,S,72484149557
WM018,KAK,XL,72484149558
WM018,KAK,XS,72484149563
WM007,CRWM,S,72484149564
WM018,RIWM,M,72484149828
WM018,RIWM,S,72484149829
WM018,RIWM,XL,72484149830
WM003,RWWM,S,72484149859
WM018,DESL,S,72484149946
WM018,DESL,XL,72484149953
WM018,DESL,XS,72484149954
WM018,EGG,2XL,72484149955
WM018,EGG,3XL,72484149956
WM018,EGG,L,72484149957
WM018,EGG,M,72484149958
WM018,EGG,S,72484149959
WM018,EGG,XL,72484149960
WM007V1,RIWM,3XL,72484150364
WM018V1,WIN,M,72484151252
WM018V1,RWWM,3XL,72484151335
WM018V1,RWWM,L,72484151342
WM018V1,RWWM,M,72484151347
WM018V1,RWWM,S,72484151349
WM018V1,WIN,S,72484151356
WM018V1,WIN,XL,72484151363
WM018V1,WIN,XS,72484151370
WM018PV1,RIWM,L,72484151377
WM018PV1,RIWM,M,72484151384
WM018PV1,RIWM,S,72484151391
WM018PV1,RIWM,XL,72484151398
WM018PV1,RIWM,XS,72484151405
WM018PV1,RWWM,L,72484151410
WM018PV1,RWWM,M,72484151412
WM018PV1,RWWM,S,72484151417
WM018PV1,RWWM,XL,72484151419
WM018PV1,RWWM,XS,72484151424
WM007V1,CRWM,2XL,72484151426
WM018V1,RWWM,XL,72484151445
WM018V1,RWWM,XS,72484151447
WM018V1,WIN,2XL,72484151452
WM018V1,WIN,3XL,72484151454
WM018V1,WIN,L,72484151459
WM007V1,RIWM,XL,72484151597
WM007V1,RIWM,XS,72484151604
WM018,RWWM,3XL,72484151636
WM818,RWWM,L,72484151726
WM818,RWWM,M,72484151732
WM818,RWWM,S,72484151735
WM818,RWWM,XL,72484151736
WM818,RWWM,XS,72484151737
WM818,WIN,2XL,72484151738
WM818,WIN,3XL,72484151739
WM818,WIN,L,72484151740
WM818,WIN,M,72484151744
WM018,RWWM,L,72484151750
WM018,RWWM,M,72484151756
WM018,RWWM,S,72484151759
WM018,RWWM,XL,72484151760
WM018,RWWM,XS,72484151761
WM018,WIN,2XL,72484151762
WM018,WIN,3XL,72484151763
WM018,WIN,L,72484151764
WM018,WIN,XL,72484151766
WM018,WIN,XS,72484151767
WM018P,CRWM,L,72484151768
WM018P,CRWM,M,72484151769
WM018P,CRWM,S,72484151770
WM018P,CRWM,XL,72484151771
WM018P,CRWM,XS,72484151772
WM018P,RIWM,L,72484151773
WM018P,RIWM,M,72484151774
WM018P,RIWM,S,72484151775
WM018P,RIWM,XL,72484151776
WM018P,RIWM,XS,72484151777
WM018P,RWWM,L,72484151778
WM018P,RWWM,M,72484151779
WM018P,RWWM,S,72484151780
WM018P,RWWM,XL,72484151784
WM018P,RWWM,XS,72484151786
WM818,DESL,2XL,72484151787
WM818,DESL,3XL,72484151788
WM818,DESL,L,72484151789
WM818,DESL,M,72484151790
WM818,DESL,S,72484151791
WM818,DESL,XL,72484151792
WM818,DESL,XS,72484151793
WM818,EGG,2XL,72484151794
WM818,EGG,3XL,72484151795
WM818,EGG,L,72484151796
WM818,EGG,M,72484151797
WM818,EGG,S,72484151798
WM818,EGG,XL,72484151799
WM818,EGG,XS,72484151800
WM818,KAK,2XL,72484151801
WM818,KAK,3XL,72484151802
WM818,KAK,L,72484151803
WM818,KAK,M,72484151804
WM818,KAK,S,72484151805
WM818,KAK,XL,72484151806
WM818,KAK,XS,72484151807
WM818,LRWM,2XL,72484151808
WM818,LRWM,3XL,72484151809
WM818,LRWM,L,72484151810
WM003V1,RWWM,XL,72484151910
WM003V1,RWWM,XS,72484151919
WM003V1,SHP,2XL,72484151920
WM003V1,SHP,L,72484151929
WM003V1,SHP,M,72484151930
WM003V1,SHP,S,72484151939
WM003V1,SHP,XL,72484151940
WM003V1,LRWM,XL,72484151994
WM003V1,LRWM,XS,72484152003
WM003V1,RWWM,2XL,72484152004
WM003V1,RWWM,L,72484152014
WM003V1,SHP,XS,72484152026
WM003V1,LRWM,L,72484152046
WM003V1,LRWM,M,72484152047
WM818,LRWM,M,72484152060
WM818,LRWM,S,72484152068
WM818,LRWM,XL,72484152070
WM818,LRWM,XS,72484152082
WM003V1,LRWM,S,72484152089
WM818,RAR,2XL,72484152090
WD805,PEWZ,XL,72484152109
WM007,RTWM,3XL,72484152217
WM007,RTWM,L,72484152218
WM018,CRWM,2XL,72484152275
WM018,CRWM,3XL,72484152276
WM018,CRWM,L,72484152277
WM018,CRWM,M,72484152278
WM018,CRWM,S,72484152279
WM018,CRWM,XL,72484152280
WM018,CRWM,XS,72484152281
WM018,DESL,2XL,72484152282
WM018,DESL,3XL,72484152283
WM018,DESL,L,72484152284
WM018,DESL,M,72484152285
WA700X10,HEPD,2XL,72484152320
WM818,WIN,S,72484152690
WM818,WIN,XL,72484152691
WM007V1,RIWM,S,72484152793
WM003V1,LRWM,2XL,72484152838
WM018,RAR,M,72484152845
WM003,LRWM,XL,72484152852
WM003,LRWM,XS,72484152859
WM003,RWWM,2XL,72484152866
WM018,RAR,S,72484152873
WM003,RWWM,L,72484152880
WM018,RAR,XL,72484152887
WM003,RWWM,M,72484152894
WM803,LRWM,XS,72484152901
WM007,CRWM,2XL,72484152908
WM818,RAR,3XL,72484152970
WM818,RAR,L,72484152971
WM818,RAR,M,72484152972
WM818,RAR,S,72484152973
WM818,RAR,XL,72484152974
WM818,RAR,XS,72484152976
WM018,EGG,XS,72484153096
WM018,KAK,2XL,72484153097
WM018,KAK,3XL,72484153098
WM018,KAK,L,72484153103
WM007,CRWM,3XL,72484153104
WM018,RAR,XS,72484153106
WM018,RIWM,2XL,72484153107
WM018,RIWM,3XL,72484153108
WM018,RIWM,L,72484153113
WM003,RWWM,XL,72484153114
7202,NAVW,XS,72484153214
7202,NAVW,S,72484153215
7202,NAVW,M,72484153216
7202,NAVW,L,72484153217
7202,NAVW,XL,72484153218
7202,NAVW,2XL,72484153219
7202,WINW,XS,72484153220
7202,WINW,S,72484153221
7202,WINW,M,72484153222
7202,WINW,L,72484153223
7202,WINW,XL,72484153224
7202,WINW,2XL,72484153225
7202,OLVW,XS,72484153226
7202,OLVW,S,72484153227
7202,OLVW,M,72484153228
7202,OLVW,L,72484153229
7202,OLVW,XL,72484153230
7902,NAVW,XS,72484153232
7902,NAVW,S,72484153233
7902,NAVW,M,72484153234
7902,NAVW,L,72484153235
7902,NAVW,2XL,72484153236
7902,NAVW,XL,72484153237
7902,OLVW,XS,72484153238
7902,OLVW,S,72484153239
7902,OLVW,M,72484153240
7902,OLVW,L,72484153241
WM805,RTWM,XL,72484153242
7902,OLVW,XL,72484153243
7902,CIEW,XS,72484153244
7902,CIEW,S,72484153245
7902,CIEW,M,72484153246
7902,CIEW,L,72484153247
7902,CIEW,2XL,72484153248
7902,CIEW,XL,72484153249
WM003,SHP,M,72484153262
WM003,SHP,S,72484153280
WM003,SHP,XL,72484153281
WM018,RIWM,XS,72484153286
WM003,SHP,XS,72484153287
WM018,RWWM,2XL,72484153296
WM003,RWWM,XS,72484153321
WM003,SHP,2XL,72484153322
WM018,WIN,M,72484153386
WM007,CRWM,L,72484153391
WM018,KAK,M,72484153396
WM007,CRWM,M,72484153397
WM805,CRWM,3XL,72484153461
WM805,CRWM,L,72484153462
WM805,CRWM,M,72484153464
WM805,CRWM,S,72484153480
WM818,WIN,XS,72484153544
WM003V1,RWWM,M,72484153699
WM003V1,RWWM,S,72484153700
7202,BURW,L,72484153926
7202,BURW,M,72484153927
7202,BURW,S,72484153928
7202,BURW,XL,72484153929
7202,BURW,XS,72484153930
7202,CIEW,2XL,72484153960
7202,CIEW,L,72484153961
7202,CIEW,M,72484153962
7202,CIEW,S,72484153963
7202,CIEW,XL,72484153964
7202,CIEW,XS,72484153965
7804,FZOA,XL,72484154686
7804,FZOA,XS,72484154687
7806,FRIC,2XL,72484154692
7806,FRIC,3XL,72484154698
WC703X5,MXDO,2XL,72484154753
WA700X10,HEPD,3XL,72484154754
WA700X10,HEPD,L,72484154755
WA700X10,HEPD,M,72484154756
WA700X10,HEPD,S,72484154757
WA700X10,HEPD,XL,72484154758
WA700X10,HEPD,XS,72484154759
WM818,RIWM,2XL,72484154911
WM818,RIWM,3XL,72484154917
7014,RSWM,2XL,72484154978
7014,RSWM,3XL,72484154988
7804,FZOA,2XL,72484155283
7804,FZOA,3XL,72484155284
7804,FZOA,L,72484155285
7813,PHGS,L,72484155474
7813,PHGS,M,72484155475
7813,PHGS,S,72484155481
7813,PHGS,XL,72484155482
7813,PHGS,XS,72484155489
7815,RUNA,2XL,72484155495
7815,RUNA,3XL,72484155496
7806,FRIC,L,72484155989
7806,FRIC,M,72484155990
WM018,WIN,S,72484156163
71346,WHT,L,72484156340
71346,WHT,M,72484156341
71346,WHT,S,72484156342
71346,WHT,XL,72484156343
71346,WHT,XS,72484156344
WM018,LRWM,2XL,72484156692
WM018,LRWM,3XL,72484156698
WM018,LRWM,L,72484156699
7813,PHGS,2XL,72484156863
7813,PHGS,3XL,72484156864
7815,RUNA,L,72484156870
7815,RUNA,M,72484156871
7806,FRIC,S,72484157253
7806,FRIC,XL,72484157254
7806,FRIC,XS,72484157260
7014,RSWM,XXS,72484157453
7605,RSWM,2XL,72484157460
7014,RSWM,S,72484157467
7014,RSWM,4XL,72484157760
7014,RSWM,5XL,72484157761
7014,RSWM,6XL,72484157763
7014,RSWM,7XL,72484157765
7014,RSWM,L,72484157766
7014,RSWM,M,72484157768
7014,RSWM,XL,72484157801
7014,RSWM,XS,72484157803
WM007,CRWM,XL,72484157804
WC703X5,MXDO,3XL,72484157851
WC703X5,MXDO,L,72484157852
WC703X5,MXDO,M,72484157853
WC703X5,MXDO,S,72484157854
WC703X5,MXDO,XL,72484157855
WC703X5,MXDO,XS,72484157856
WC703X5,LOSB,2XL,72484157857
WC703X5,LOSB,3XL,72484157858
WC703X5,LOSB,L,72484157859
WC703X5,LOSB,M,72484157860
WC703X5,LOSB,S,72484157861
WC703X5,LOSB,XL,72484157862
WC703X5,LOSB,XS,72484157863
WC703X5,HEPW,2XL,72484157864
WC703X5,HEPW,3XL,72484157865
WC703X5,HEPW,L,72484157866
WC703X5,HEPW,M,72484157867
WC703X5,HEPW,S,72484157868
WC703X5,HEPW,XL,72484157869
WC703X5,HEPW,XS,72484157870
97630,DMWS,2XL,72484157908
97630,DMWS,3XL,72484157909
97630,DMWS,L,72484157910
97630,DMWS,M,72484157911
97630,DMWS,S,72484157912
97630,DMWS,XL,72484157913
97630,DMWS,XS,72484157914
97630C12,HKDO,ASST,72484157915
97630C12,MKWD,ASST,72484157916
97630C12,PHHE,ASST,72484157917
97630C12,PNAZ,ASST,72484157918
97630C9,PHHE,ASST,72484157919
97630C9,PNAZ,ASST,72484157920
97917C12,AHRT,ASST,72484157921
97917C12,CAAG,ASST,72484157922
97917C12,PWPE,ASST,72484157923
97917C12,RTLE,ASST,72484157924
WM007V1,RTWM,2XL,72484158559
WM007V1,RTWM,3XL,72484158561
WM007V1,RTWM,L,72484158562
WM007V1,RTWM,M,72484158563
WM007V1,RTWM,S,72484158564
WM007V1,RTWM,XL,72484158565
WM007V1,RTWM,XS,72484158566
7605,RSWM,XXS,72484158818
7804,FZOA,M,72484159029
7804,FZOA,S,72484159030
WM818,RIWM,L,72484161174
WM818,RIWM,M,72484161175
WM818,RIWM,S,72484161176
WM818,RIWM,XL,72484161177
WM818,RIWM,XS,72484161178
WM818,RWWM,2XL,72484161179
7605,RSWM,XL,72484161876
7605,RSWM,XS,72484161877
WD005,HPKZ,L,72484162091
WD005,HPKZ,M,72484162092
WD005,HPKZ,S,72484162093
WD005,HPKZ,XL,72484162094
WD005,HPKZ,XS,72484162095
WD005,NVYZ,2XL,72484162097
WD005,NVYZ,3XL,72484162100
WD005,NVYZ,L,72484162107
WC206,CGW,2XL,72484163117
WC206,CGW,3XL,72484163118
WC206,CGW,L,72484163119
WC206,CGW,M,72484163126
WC206,CGW,S,72484163127
WC206,CGW,XL,72484163128
WC206,CGW,XS,72484163135
WC206,EGG,2XL,72484163136
WC206,EGG,3XL,72484163137
WC206,EGG,L,72484163144
WC206,EGG,M,72484163145
WC206,EGG,S,72484163146
WD005,BLKZ,2XL,72484163170
7500,LKYL,L,72484163211
7500,LKYL,M,72484163212
7500,LKYL,S,72484163213
7500,LKYL,XL,72484163214
7500,LKYL,XS,72484163215
7500,MYEW,L,72484163216
7500,MYEW,M,72484163217
7500,MYEW,S,72484163218
7500,MYEW,XL,72484163219
7500,MYEW,XS,72484163220
7500,BLBW,L,72484163221
7500,BLBW,M,72484163222
7500,BLBW,S,72484163223
7500,BLBW,XL,72484163224
7500,BLBW,XS,72484163225
7500,PPKW,L,72484163226
7500,PPKW,M,72484163227
7500,PPKW,S,72484163228
7500,PPKW,XL,72484163229
7500,PPKW,XS,72484163230
WC206,EGG,XL,72484164520
WC206,EGG,XS,72484164521
7605,RSWM,3XL,72484165137
7605,RSWM,4XL,72484165146
7605,RSWM,5XL,72484165155
7605,RSWM,7XL,72484165873
WD005,BLKZ,M,72484165890
WD005,BLKZ,S,72484166083
WD005,BLKZ,XL,72484166089
WD005,BLKZ,XS,72484166090
WD005,HPKZ,2XL,72484166095
WD005,HPKZ,3XL,72484166096
7605,RSWM,L,72484166467
7605,RSWM,M,72484166468
7605,RSWM,S,72484166474
7605,RSWM,6XL,72484167446
WM805,CRWM,2XL,72484167588
WD005,BLKZ,3XL,72484167834
WD005,BLKZ,L,72484167835
WD005,WINZ,M,72484168345
WD005,NVYZ,M,72484168462
WD005,NVYZ,S,72484168463
WD005,NVYZ,XL,72484168464
WD005,NVYZ,XS,72484168465
WD005,PEWZ,2XL,72484168466
WD005,PEWZ,3XL,72484168467
WD005,PEWZ,L,72484168468
WD005,WINZ,XS,72484168488
WD013,MLGL,M,72484168561
WD013,MLGL,S,72484168566
WD013,MLGL,XL,72484168568
WD013,MLGL,XS,72484168571
WD005,WINZ,3XL,72484168576
WD005,WINZ,L,72484168578
WD013,MLGL,2XL,72484169042
WD013,MLGL,3XL,72484169048
WD013,MLGL,L,72484169049
7815,DMWB,2XL,72484170333
7815,DMWB,3XL,72484170334
7815,DMWB,L,72484170335
7815,DMWB,M,72484170336
7815,DMWB,S,72484170337
7815,DMWB,XL,72484170338
7815,DMWB,XS,72484170339
WD814,TRQ,XL,72484171477
WD814,TRQ,XS,72484171478
WD005,PEWZ,XL,72484173242
WD005,PEWZ,XS,72484173243
WD005,RYLZ,2XL,72484173251
WD005,RYLZ,3XL,72484173252
WD005,RYLZ,L,72484173253
WD005,RYLZ,M,72484173261
WD005,RYLZ,S,72484173262
WD005,RYLZ,XL,72484173263
WD804,PWT,2XL,72484173360
WD804,PWT,3XL,72484173361
WD804,PWT,L,72484173362
WD804,PWT,M,72484173363
WD804,PWT,S,72484173364
WD804,PWT,XL,72484173365
WD804,PWT,XS,72484173366
WD005,RYLZ,XS,72484173982
WD005,WINZ,2XL,72484173983
WD005,WINZ,S,72484174694
WD005,WINZ,XL,72484174695
7202,BLKW,2XL,72484174907
7202,BLKW,L,72484174908
7202,BLKW,M,72484174909
7202,BLKW,S,72484174910
7202,BLKW,XL,72484174911
7202,BLKW,XS,72484174912
7902,BLKW,2XL,72484174913
7902,BLKW,L,72484174914
7902,BLKW,M,72484174915
7902,BLKW,S,72484174916
7902,BLKW,XL,72484174917
7902,BLKW,XS,72484174918
WD014,TRQ,L,72484174955
WD014,TRQ,M,72484174962
WD005,PEWZ,M,72484175161
WD005,PEWZ,S,72484175162
WM818V1,RWWM,S,72484175762
WM818V1,RWWM,XL,72484175763
WM818V1,RWWM,XS,72484175766
WM818V1,WIN,2XL,72484175767
WM818V1,WIN,3XL,72484175768
WM818V1,WIN,L,72484175769
WM818V1,WIN,M,72484175770
WM818V1,WIN,S,72484175771
WM818V1,WIN,XL,72484175772
WM818V1,WIN,XS,72484175775
WM805V1,CRWM,2XL,72484175776
WM805V1,CRWM,3XL,72484175777
WM805V1,CRWM,L,72484175778
WM805V1,CRWM,M,72484175779
WM803V1,SHP,XS,72484175816
90031V1,IMWM,L,72484175820
90031V1,IMWM,M,72484175821
90031V1,IMWM,S,72484175823
90031V1,IMWM,XL,72484175824
WM805V1,CRWM,S,72484175870
WM805V1,CRWM,XL,72484175871
WM805V1,CRWM,XS,72484175874
WM805V1,RIWM,2XL,72484175875
WM805V1,RIWM,3XL,72484175876
WM805V1,RIWM,L,72484175877
WM805V1,RIWM,M,72484175878
WM805V1,RIWM,S,72484175879
WM805V1,RIWM,XL,72484175880
WM805V1,RIWM,XS,72484175883
WM805V1,RTWM,2XL,72484175884
WM805V1,RTWM,3XL,72484175885
WM805V1,RTWM,L,72484175886
WM805V1,RTWM,M,72484175887
WM805V1,RTWM,S,72484175915
WM805V1,RTWM,XL,72484175916
90031V1,BMWM,2XL,72484175919
90031V1,BMWM,3XL,72484175920
90031V1,BMWM,L,72484175921
90031V1,BMWM,M,72484175922
90031V1,BMWM,S,72484175923
WD812,RAR,3XL,72484176474
WD812,RAR,M,72484176513
WD812,RAR,S,72484176537
WD812,RAR,XL,72484176538
WD804,DPFU,2XL,72484176605
WD804,DPFU,3XL,72484176606
WM818V1,RIWM,XL,72484176701
WM818V1,RIWM,XS,72484176702
WM803V1,SHP,L,72484176839
WC713C4,RUJO,M,72484177025
WD812,EGG,3XL,72484177144
90029V1,BMWM,2XL,72484177422
90029V1,BMWM,3XL,72484177423
90029V1,BMWM,L,72484177424
90029V1,BMWM,M,72484177432
90029V1,BMWM,S,72484177433
90029V1,BMWM,XL,72484177436
90029V1,IMWM,2XL,72484177437
90029V1,IMWM,3XL,72484177438
90029V1,IMWM,L,72484177439
90029V1,IMWM,M,72484177440
90029V1,IMWM,S,72484177441
90029V1,IMWM,XL,72484177442
WMTT03C64,ASST,ASST,72484177449
WMTT01C64,ASST,ASST,72484177450
WMTT02C64,ASST,ASST,72484177451
WMTP01C44,ASST,ASST,72484177459
WMTP02C44,ASST,ASST,72484177460
WMTP03C48,ASST,ASST,72484177463
WMTT04C64,ASST,ASST,72484177464
WMTP04C48,ASST,ASST,72484177465
WMTP05C48,ASST,ASST,72484177466
WMTP06C44,ASST,ASST,72484177467
WMTP07C44,ASST,ASST,72484177478
WM818V1,LRWM,2XL,72484177505
WM818V1,LRWM,3XL,72484177508
WM818V1,LRWM,L,72484177509
WM818V1,LRWM,M,72484177510
WM818V1,LRWM,S,72484177511
WM818V1,LRWM,XL,72484177512
WD015,BLK,2XL,72484177681
WD015,BLK,3XL,72484177682
90031PV1,BMWM,S,72484177729
90031PV1,BMWM,XL,72484177733
WC713C4,RUJO,S,72484177987
WC713C4,RUJO,XL,72484177988
WD812,RIWM,XS,72484178059
WD812,RWWM,2XL,72484178102
WD812,RWWM,3XL,72484178103
WD812,RWWM,L,72484178104
WD812,RWWM,M,72484178111
WD812,RWWM,S,72484178112
WD812,RWWM,XL,72484178115
WD812,RWWM,XS,72484178116
WM818V1,RWWM,2XL,72484178138
WM818V1,RWWM,3XL,72484178139
WM818V1,RWWM,L,72484178142
WM818V1,RWWM,M,72484178143
WM805V1,RTWM,XS,72484178144
WM803V1,LRWM,2XL,72484178145
WM803V1,LRWM,L,72484178146
WM803V1,LRWM,M,72484178147
WM803V1,LRWM,S,72484178148
WM803V1,LRWM,XL,72484178151
WM803V1,LRWM,XS,72484178152
WM803V1,RWWM,2XL,72484178153
WM803V1,RWWM,L,72484178154
WM803V1,RWWM,M,72484178155
WM803V1,RWWM,S,72484178156
WM803V1,RWWM,XL,72484178157
WD804,DPFU,S,72484178160
WD804,DPFU,XL,72484178161
WD804,DPFU,XS,72484178162
WD815,BLK,2XL,72484178163
WD815,BLK,3XL,72484178164
WD815,BLK,L,72484178165
WD815,BLK,M,72484178169
WD815,BLK,S,72484178170
WD815,BLK,XL,72484178171
WD815,BLK,XS,72484178172
WD014,TRQ,2XL,72484178197
WD014,TRQ,3XL,72484178216
WD015,BLK,L,72484178227
WM803V1,SHP,M,72484178361
WM803V1,SHP,S,72484178362
WM803V1,SHP,XL,72484178363
WM018V1,LRWM,2XL,72484178428
WM018V1,LRWM,3XL,72484178429
WM018V1,LRWM,L,72484178430
WM018V1,LRWM,M,72484178436
WM018V1,LRWM,S,72484178437
WM018V1,LRWM,XL,72484178438
WM018V1,LRWM,XS,72484178479
WM018V1,RIWM,2XL,72484178480
WM018V1,RIWM,3XL,72484178481
WM018V1,RIWM,L,72484178487
WM018V1,RIWM,M,72484178488
WM018V1,RIWM,S,72484178489
WM018V1,RIWM,XL,72484178583
WM018V1,RIWM,XS,72484178584
WM018V1,RWWM,2XL,72484178585
7500,COCO,L,72484178964
7500,COCO,M,72484178965
7500,COCO,S,72484178966
7500,COCO,XL,72484178967
7500,COCO,XS,72484178968
7500,COCO,2XL,72484178969
7500,MLTL,L,72484178970
7500,MLTL,M,72484178971
7500,MLTL,S,72484178972
7500,MLTL,XL,72484178973
7500,MLTL,XS,72484178974
WM818V1,LRWM,XS,72484178975
7500,FLOH,L,72484178976
7500,FLOH,M,72484178977
7500,FLOH,S,72484178978
7500,FLOH,XL,72484178979
7500,FLOH,XS,72484178980
WM818V1,RIWM,2XL,72484178981
7500,REDW,L,72484178982
7500,REDW,M,72484178983
7500,REDW,S,72484178984
7500,REDW,XL,72484178985
7500,REDW,XS,72484178986
WM818V1,RIWM,3XL,72484178987
90031V1,BMWM,XL,72484179029
90031V1,IMWM,2XL,72484179037
90031V1,IMWM,3XL,72484179045
90031PV1,BMWM,L,72484179598
90031PV1,BMWM,M,72484179603
WMTT05C64,ASST,ASST,72484180911
WMTP08C40,ASST,ASST,72484180915
WMTP09C40,ASST,ASST,72484180919
90031PV1,BMWM,2XL,72484180936
90031PV1,BMWM,3XL,72484180940
WD812,RAR,L,72484181008
WM803V1,RWWM,XS,72484181193
WM803V1,SHP,2XL,72484181194
WD814,TRQ,S,72484181417
WC712X4,MKLI,S,72484182422
WC712X4,MKLI,XL,72484182423
WC712X4,MKLI,XS,72484182424
WC713C4,RUJO,2XL,72484182430
WC713C4,RUJO,3XL,72484182440
WC713C4,RUJO,L,72484182442
WD812,RIWM,2XL,72484182543
WD812,RIWM,3XL,72484182546
WD812,RIWM,L,72484182547
WD812,RIWM,M,72484182552
WD812,RIWM,S,72484182555
WD812,RIWM,XL,72484182556
WD014,TRQ,XS,72484182564
WD814,TRQ,2XL,72484182565
WD814,TRQ,3XL,72484182570
WD814,TRQ,L,72484182573
WD814,TRQ,M,72484182574
WD014,TRQ,S,72484182602
WD014,TRQ,XL,72484182603
WD804,DPFU,L,72484182604
WD804,DPFU,M,72484182609
WC713C4,RUJO,XS,72484183014
TULIPII,WHT,10,72484183238
TULIPII,WHT,11,72484183239
TULIPII,WHT,5,72484183240
TULIPII,WHT,5H,72484183241
TULIPII,WHT,6,72484183242
TULIPII,WHT,6H,72484183243
TULIPII,WHT,7,72484183244
TULIPII,WHT,7H,72484183245
TULIPII,WHT,8,72484183246
TULIPII,WHT,8H,72484183247
TULIPII,WHT,9,72484183248
TULIPII,WHT,9H,72484183249
TULIPII,WHZ,10W,72484183250
TULIPII,WHZ,11W,72484183251
TULIPII,WHZ,7HW,72484183252
TULIPII,WHZ,7W,72484183253
TULIPII,WHZ,8HW,72484183254
TULIPII,WHZ,8W,72484183255
TULIPII,WHZ,9HW,72484183256
TULIPII,WHZ,9W,72484183257
97156C12,CIWM,ASST,72484183354
97156C12,RAWM,ASST,72484183355
WD813,MLGL,XL,72484183648
WD813,MLGL,XS,72484183653
WD015,BLK,M,72484184614
WD015,BLK,S,72484184615
WD015,BLK,XL,72484184616
WD015,BLK,XS,72484184617
WD812,CRWM,2XL,72484184618
WD812,CRWM,3XL,72484184621
WD812,CRWM,L,72484184622
WD812,CRWM,M,72484184623
WD812,CRWM,S,72484184624
WD812,CRWM,XL,72484184625
WD812,CRWM,XS,72484184626
WD812,EGG,2XL,72484184627
WD812,EGG,L,72484184630
WD812,EGG,M,72484184631
WD812,EGG,S,72484184632
WD812,EGG,XL,72484184633
WD812,EGG,XS,72484184634
WD812,LRWM,2XL,72484184635
WD812,LRWM,3XL,72484184636
WD812,LRWM,L,72484184639
WD812,LRWM,M,72484184640
WD812,LRWM,S,72484184641
WD812,LRWM,XL,72484184642
WD812,LRWM,XS,72484184643
WD812,RAR,2XL,72484184651
WC711X4,FNEW,M,72484187778
WC711X4,FNEW,S,72484187779
WC711X4,FNEW,XL,72484187780
WC711X4,FNEW,XS,72484187781
WD813,IND,M,72484187918
WD813,IND,S,72484187919
WC714C4,DPUS,2XL,72484188150
WC714C4,DPUS,3XL,72484188151
WC714C4,DPUS,L,72484188152
WC714C4,DPUS,M,72484188154
WC714C4,DPUS,S,72484188155
WC714C4,DPUS,XL,72484188156
WC714C4,DPUS,XS,72484188161
WC712X4,MKLI,2XL,72484188163
WC712X4,MKLI,3XL,72484188164
WC712X4,MKLI,L,72484188165
WC712X4,MKLI,M,72484188170
WM818V1,RIWM,L,72484188401
WM818V1,RIWM,M,72484188413
WM818V1,RIWM,S,72484188415
WD812,RAR,XS,72484188458
7901,HRTU,2XL,72484189530
7901,HRTU,L,72484189531
7901,HRTU,M,72484189532
7901,HRTU,S,72484189533
7901,HRTU,XL,72484189534
7901,HRTU,XS,72484189535
7901,BOHS,2XL,72484189536
7901,BOHS,L,72484189537
7901,BOHS,M,72484189538
7901,BOHS,S,72484189539
7901,BOHS,XL,72484189540
7901,BOHS,XS,72484189541
7901,GEOL,2XL,72484189542
7901,GEOL,L,72484189543
7901,GEOL,M,72484189544
7901,GEOL,S,72484189545
7901,GEOL,XL,72484189546
7901,GEOL,XS,72484189547
7901,GABO,2XL,72484189548
7901,GABO,L,72484189549
7901,GABO,M,72484189550
7901,GABO,S,72484189551
7901,GABO,XL,72484189552
7901,GABO,XS,72484189553
7801,PHCE,2XL,72484189554
7801,PHCE,L,72484189555
7801,PHCE,M,72484189556
7801,PHCE,S,72484189557
7801,PHCE,XL,72484189558
7801,PHCE,XS,72484189559
7801,MKCU,2XL,72484189560
7801,MKCU,L,72484189561
7801,MKCU,M,72484189562
7801,MKCU,S,72484189563
7801,MKCU,XL,72484189564
7801,MKCU,XS,72484189565
7802,PNST,2XL,72484189566
7802,PNST,L,72484189567
7802,PNST,M,72484189568
7802,PNST,S,72484189569
7802,PNST,XL,72484189570
7802,PNST,XS,72484189571
7802,SSBH,2XL,72484189572
7802,SSBH,L,72484189573
7802,SSBH,M,72484189574
7802,SSBH,S,72484189575
7802,SSBH,XL,72484189576
7802,SSBH,XS,72484189577
7802,BLUT,2XL,72484189578
7802,BLUT,L,72484189579
7802,BLUT,M,72484189580
7802,BLUT,S,72484189581
7802,BLUT,XL,72484189582
7802,BLUT,XS,72484189583
7802,SBMB,2XL,72484189584
7802,SBMB,L,72484189585
7802,SBMB,M,72484189586
7802,SBMB,S,72484189587
7802,SBMB,XL,72484189588
7802,SBMB,XS,72484189589
7802,BELS,2XL,72484189590
7802,BELS,L,72484189591
7802,BELS,M,72484189592
7802,BELS,S,72484189593
7802,BELS,XL,72484189594
7802,BELS,XS,72484189595
7500,AQMR,L,72484189596
7500,AQMR,M,72484189597
7500,AQMR,S,72484189598
7500,AQMR,XL,72484189599
7500,AQMR,XS,72484189600
7500,AQMR,2XL,72484189601
7500,TEAR,L,72484189602
7500,TEAR,M,72484189603
7500,TEAR,S,72484189604
7500,TEAR,XL,72484189605
7500,TEAR,XS,72484189606
7500,TEAR,2XL,72484189607
7500,WALY,L,72484189608
7500,WALY,M,72484189609
7500,WALY,S,72484189610
7500,WALY,XL,72484189611
7500,WALY,XS,72484189612
7500,WALY,2XL,72484189613
WD813,MLGL,L,72484190172
WC711X4,FNEW,2XL,72484190383
WC711X4,FNEW,3XL,72484190390
WD013,IND,2XL,72484190432
WD013,IND,3XL,72484190433
WD013,IND,L,72484190441
WD013,IND,M,72484190442
WD013,IND,S,72484190449
WD013,IND,XL,72484190452
WD013,IND,XS,72484190453
7802,BEAD,2XL,72484190472
7802,BEAD,L,72484190473
7802,BEAD,M,72484190474
7802,BEAD,S,72484190475
7802,BEAD,XL,72484190476
7802,BEAD,XS,72484190477
7802,PNLI,2XL,72484190478
7802,PNLI,L,72484190479
7802,PNLI,M,72484190480
7802,PNLI,S,72484190481
7802,PNLI,XL,72484190482
7802,PNLI,XS,72484190483
WD813,IND,XL,72484190884
WD813,IND,XS,72484190885
WC606,EGG,2XL,72484191082
WC606,EGG,3XL,72484191083
WC606,EGG,L,72484191084
WC606,EGG,M,72484191089
WC606,EGG,S,72484191090
WD813,MLGL,2XL,72484191489
WD813,MLGL,3XL,72484192989
7901,BEMI,L,72484193274
7901,BEMI,M,72484193275
7901,BEMI,S,72484193276
7901,BEMI,XL,72484193277
7901,BEMI,XS,72484193278
7901,BEMI,2XL,72484193279
7901,EXPS,L,72484193280
7901,EXPS,M,72484193281
7901,EXPS,S,72484193282
7901,EXPS,XL,72484193283
7901,EXPS,XS,72484193284
7901,EXPS,2XL,72484193285
7901,FLPT,L,72484193286
7901,FLPT,M,72484193287
7901,FLPT,S,72484193288
7901,FLPT,XL,72484193289
7901,FLPT,XS,72484193290
7901,FLPT,2XL,72484193291
7901,CADA,L,72484193292
7901,CADA,M,72484193293
7901,CADA,S,72484193294
7901,CADA,XL,72484193295
7901,CADA,XS,72484193296
7901,CADA,2XL,72484193297
7901,WHGA,L,72484193298
7901,WHGA,M,72484193299
7901,WHGA,S,72484193300
7901,WHGA,XL,72484193301
7901,WHGA,XS,72484193302
7901,WHGA,2XL,72484193303
7901,FSTF,L,72484193304
7901,FSTF,M,72484193305
7901,FSTF,S,72484193306
7901,FSTF,XL,72484193307
7901,FSTF,XS,72484193308
7901,FSTF,2XL,72484193309
7802,PNIT,2XL,72484193324
7802,PNIT,L,72484193325
7802,PNIT,M,72484193326
7802,PNIT,S,72484193327
7802,PNIT,XL,72484193328
7802,PNIT,XS,72484193329
7802,HKTR,2XL,72484193330
7802,HKTR,L,72484193331
7802,HKTR,M,72484193332
7802,HKTR,S,72484193333
7802,HKTR,XL,72484193334
7802,HKTR,XS,72484193335
7802,BLNU,2XL,72484193336
7802,BLNU,L,72484193337
7802,BLNU,M,72484193338
7802,BLNU,S,72484193339
7802,BLNU,XL,72484193340
7802,BLNU,XS,72484193341
7802,CBHG,2XL,72484193342
7802,CBHG,L,72484193343
7802,CBHG,M,72484193344
7802,CBHG,S,72484193345
7802,CBHG,XL,72484193346
7802,CBHG,XS,72484193347
7801,PHTY,2XL,72484193348
7801,PHTY,L,72484193349
7801,PHTY,M,72484193350
7801,PHTY,S,72484193351
7801,PHTY,XL,72484193352
7801,PHTY,XS,72484193353
7801,TBMT,2XL,72484193354
7801,TBMT,L,72484193355
7801,TBMT,M,72484193356
7801,TBMT,S,72484193357
7801,TBMT,XL,72484193358
7801,TBMT,XS,72484193359
7500,PISO,2XL,72484193360
7500,PISO,L,72484193361
7500,PISO,M,72484193362
7500,PISO,S,72484193363
7500,PISO,XL,72484193364
7500,PISO,XS,72484193365
7500,LECH,2XL,72484193366
7500,LECH,L,72484193367
7500,LECH,M,72484193368
7500,LECH,S,72484193369
7500,LECH,XL,72484193370
7500,LECH,XS,72484193371
7500,MGOM,2XL,72484193372
7500,MGOM,L,72484193373
7500,MGOM,M,72484193374
7500,MGOM,S,72484193375
7500,MGOM,XL,72484193376
7500,MGOM,XS,72484193377
BLOOM,WHT,5,72484193404
BLOOM,WHT,10,72484193405
BLOOM,WHT,11,72484193406
BLOOM,WHT,6,72484193407
BLOOM,WHT,7,72484193408
BLOOM,WHT,8,72484193409
BLOOM,WHT,9,72484193410
WC711X4,FNEW,L,72484194282
7802,CBHG,3XL,72484194372
7802,PNIT,3XL,72484194373
7500,PISO,3XL,72484194375
7606,CRWM,2XL,72484195376
7606,CRWM,3XL,72484195377
7606,CRWM,L,72484195378
7606,CRWM,M,72484195379
7606,CRWM,S,72484195380
7606,CRWM,XL,72484195381
7606,CRWM,XS,72484195382
7606,RIWM,2XL,72484195383
7606,RIWM,3XL,72484195384
7606,RIWM,L,72484195385
7606,RIWM,M,72484195386
7606,RIWM,S,72484195387
7606,RIWM,XL,72484195388
7606,RIWM,XS,72484195389
7020,CRWM,2XL,72484195390
7020,CRWM,3XL,72484195391
WC606,EGG,XL,72484196218
WC606,EGG,XS,72484196221
WD813,IND,3XL,72484196446
WD813,IND,L,72484196448
WILDFLOWER,WHZ,7W,72484196532
WILDFLOWER,WHZ,10W,72484196533
WILDFLOWER,WHZ,11W,72484196534
WILDFLOWER,WHZ,7HW,72484196535
WILDFLOWER,WHZ,8HW,72484196536
WILDFLOWER,WHZ,8W,72484196537
WILDFLOWER,WHZ,9HW,72484196538
WILDFLOWER,WHZ,9W,72484196539
WC606,CGW,2XL,72484196859
WC606,CGW,3XL,72484196860
WC606,CGW,L,72484196866
WC606,CGW,M,72484196868
WC606,CGW,S,72484196869
WC606,CGW,XL,72484196870
WC606,CGW,XS,72484196876
97156C9,CIWM,ASST,72484197824
97156C9,RAWM,ASST,72484197825
WD813,IND,2XL,72484198063
7020,CRWM,S,72484198471
7020,CRWM,XL,72484198472
7020,CRWM,XS,72484198473
WD813,MLGL,M,72484198578
WD813,MLGL,S,72484198579
97919C12,DBSQ,ASST,72484199052
97919C12,FIFE,ASST,72484199053
97919C9,DBSQ,ASST,72484199054
97917C9,RTLE,ASST,72484199055
97877C9,CIWM,ASST,72484199056
97877C9,RAWM,ASST,72484199057
97532C12,DMBA,ASST,72484199058
97532C12,DMSU,ASST,72484199059
97532C12,DMWO,ASST,72484199060
7020,CRWM,L,72484199622
7020,CRWM,M,72484199623
WC703X10,CFCO,2XL,73731400114
WC703X10,CFCO,3XL,73731400115
WC703X10,CFCO,L,73731400116
WC703X10,CFCO,M,73731400117
WC703X10,CFCO,S,73731400118
WC703X10,CFCO,XL,73731400119
WC703X10,CFCO,XS,73731400120
WM835,BLK,3XL,73731400283
WC815,LRWM,2XL,73731400776
WC815,LRWM,L,73731400777
WC815,LRWM,M,73731400778
WC815,LRWM,S,73731400779
WC815,LRWM,XL,73731400780
WC815,LRWM,XS,73731400781
WC703X5,MEYR,S,73731400967
7951,FARO,2XL,73731401075
7951,FARO,3XL,73731401076
7951,FARO,L,73731401077
7951,FARO,M,73731401078
7951,FARO,S,73731401079
7951,FARO,XL,73731401080
7951,FARO,XS,73731401081
7951,CESD,2XL,73731401082
7951,CESD,L,73731401084
7951,CESD,M,73731401085
7951,CESD,S,73731401086
7951,CESD,XL,73731401087
7951,CESD,XS,73731401088
7871,MKSW,2XL,73731401089
7871,MKSW,3XL,73731401090
7871,MKSW,L,73731401091
7871,MKSW,M,73731401092
7871,MKSW,S,73731401093
7871,MKSW,XL,73731401094
7871,MKSW,XS,73731401095
7851,PHPA,2XL,73731401096
7851,PHPA,L,73731401098
7851,PHPA,M,73731401099
7851,PHPA,S,73731401100
7851,PHPA,XL,73731401101
7851,PHPA,XS,73731401102
7852,BEPS,2XL,73731401103
7852,BEPS,L,73731401105
7852,BEPS,M,73731401106
7852,BEPS,S,73731401107
7852,BEPS,XL,73731401108
7852,BEPS,XS,73731401109
7050,MYPE,2XL,73731401110
WC013,RIWM,S,73731401111
7050,MYPE,L,73731401112
7050,MYPE,M,73731401113
7050,MYPE,S,73731401114
7050,MYPE,XL,73731401115
7050,MYPE,XS,73731401116
7500,CRNN,2XL,73731401117
WC013,RIWM,XL,73731401118
7500,CRNN,L,73731401119
7500,CRNN,M,73731401120
7500,CRNN,S,73731401121
7500,CRNN,XL,73731401122
7500,CRNN,XS,73731401123
7203,CRNN,2XL,73731401124
7203,CRNN,3XL,73731401125
7203,CRNN,L,73731401126
7203,CRNN,M,73731401127
7203,CRNN,S,73731401128
7203,CRNN,XL,73731401129
7203,CRNN,XS,73731401130
7851,PHBB,2XL,73731401131
7851,PHBB,L,73731401133
7851,PHBB,M,73731401134
7851,PHBB,S,73731401135
7851,PHBB,XL,73731401136
7851,PHBB,XS,73731401137
7851,TBFP,2XL,73731401138
7851,TBFP,L,73731401140
7851,TBFP,M,73731401141
7851,TBFP,S,73731401142
7851,TBFP,XL,73731401143
7851,TBFP,XS,73731401144
7951,CADI,2XL,73731401145
7951,CADI,L,73731401147
7951,CADI,M,73731401148
7951,CADI,S,73731401149
7951,CADI,XL,73731401150
7951,CADI,XS,73731401151
7050,PERW,2XL,73731401152
WC013,RIWM,XS,73731401153
7050,PERW,L,73731401154
7050,PERW,M,73731401155
7050,PERW,S,73731401156
7050,PERW,XL,73731401157
7050,PERW,XS,73731401158
7971,OUHE,2XL,73731401159
7971,OUHE,3XL,73731401160
7971,OUHE,L,73731401161
7971,OUHE,M,73731401162
7971,OUHE,S,73731401163
7971,OUHE,XL,73731401164
7971,OUHE,XS,73731401165
7951,FGAR,2XL,73731401166
7951,FGAR,L,73731401168
7951,FGAR,M,73731401169
7951,FGAR,S,73731401170
7951,FGAR,XL,73731401171
7951,FGAR,XS,73731401172
7852,PNOS,2XL,73731401173
7852,PNOS,3XL,73731401174
7852,PNOS,L,73731401175
7852,PNOS,M,73731401176
7852,PNOS,S,73731401177
7852,PNOS,XL,73731401178
7852,PNOS,XS,73731401179
7951,CIRI,2XL,73731401180
7951,CIRI,3XL,73731401181
7951,CIRI,L,73731401182
7951,CIRI,M,73731401183
7951,CIRI,S,73731401184
7951,CIRI,XL,73731401185
7951,CIRI,XS,73731401186
WC703X5,GREC,L,73731402167
WC703X5,GREC,M,73731402174
WC617,HIND,XS,73731402270
WM229,HTMI,S,73731402805
WM229,HTMI,XL,73731402806
WM229,HTMI,XS,73731402814
WM636,HERB,2XL,73731402815
WM636,HERB,3XL,73731402823
WM636,HERB,L,73731402824
WM636,HERB,S,73731402876
WM636,HERB,XL,73731402877
WM636,HERB,XS,73731402898
WM636,HTMI,2XL,73731402899
WM636,HTMI,3XL,73731402907
WM636,HTMI,L,73731402908
WC703X5,GREC,S,73731402978
WC703X5,GREC,XL,73731402979
WC703X5,GREC,XS,73731402980
WC711X4,SRMM,2XL,73731402981
WC711X4,SRMM,3XL,73731402982
WC711X4,SRMM,L,73731402983
WC711X4,SRMM,M,73731402984
WM731X5,ATOA,2XL,73731402994
WM731X5,ATOA,3XL,73731402995
WM731X5,ATOA,L,73731402996
WM731X5,ATOA,M,73731402997
WM731X5,ATOA,S,73731402998
WM731X5,HAHY,3XL,73731403036
WC703X5,MEYR,XL,73731403037
7500,PERW,2XL,73731403050
7500,PERW,L,73731403051
7500,PERW,M,73731403052
7500,PERW,S,73731403053
7500,PERW,XL,73731403054
7500,PERW,XS,73731403055
CHARISMA,WHZ,7W,73731403056
CHARISMA,WHZ,10W,73731403057
CHARISMA,WHZ,11W,73731403058
CHARISMA,WHZ,7HW,73731403059
CHARISMA,WHZ,8HW,73731403060
CHARISMA,WHZ,8W,73731403061
CHARISMA,WHZ,9HW,73731403062
CHARISMA,WHZ,9W,73731403063
WC216,HIND,2XL,73731403287
WC216,HIND,3XL,73731403288
HEATHER,WHZ,7W,73731403331
HEATHER,WHZ,10W,73731403332
HEATHER,WHZ,11W,73731403333
HEATHER,WHZ,7HW,73731403334
HEATHER,WHZ,8HW,73731403335
HEATHER,WHZ,8W,73731403336
HEATHER,WHZ,9HW,73731403337
HEATHER,WHZ,9W,73731403338
HEATHER,WHT,10,73731403339
HEATHER,WHT,11,73731403340
WC608,EGG,3XL,73731403341
WC608,EGG,L,73731403343
HEATHER,WHT,6,73731403344
HEATHER,WHT,6H,73731403345
HEATHER,WHT,7,73731403346
HEATHER,WHT,7H,73731403347
HEATHER,WHT,8,73731403348
HEATHER,WHT,8H,73731403349
HEATHER,WHT,9,73731403350
HEATHER,WHT,9H,73731403351
WC608,EGG,M,73731403360
WC608,EGG,S,73731403361
WC608,EGG,XL,73731403362
WC608,EGG,XS,73731403363
WC617,HIND,2XL,73731403364
WC617,HIND,3XL,73731403365
WC617,HIND,L,73731403366
WC617,HIND,M,73731403367
WC711X4,PHKE,XS,73731403368
WC208,EGG,2XL,73731403440
WC208,EGG,3XL,73731403441
WC208,EGG,L,73731403442
WC208,EGG,M,73731403443
WC208,EGG,S,73731403444
WC208,EGG,XL,73731403445
WC813,EGG,2XL,73731403509
WC813,EGG,3XL,73731403510
WC208,EGG,XS,73731403600
WC711X4,DMEE,S,73731403601
WC711X4,DMEE,XL,73731403616
WC216,HIND,L,73731403999
WC216,HIND,M,73731404000
WC216,HIND,S,73731404001
WC216,HIND,XL,73731404002
WC216,HIND,XS,73731404003
WC617,HIND,S,73731404128
WC617,HIND,XL,73731404133
WC703X5,MEYR,L,73731404135
WC703X5,MEYR,M,73731404140
WM836C15,WHT,ASST,73731404215
WC711X4,PHKE,XL,73731404318
WC013,RIWM,L,73731404433
WC013,RIWM,M,73731404447
WC711X4,SRMM,S,73731404829
WC711X4,SRMM,XL,73731404830
WC703X5,MLUN,XS,73731404969
WC019,WIN,L,73731404998
WC019,WIN,M,73731404999
WC019,WIN,S,73731405000
WC019,WIN,XL,73731405001
WC019,WIN,XS,73731405002
WC818,BLK,2XL,73731405008
WC818,BLK,3XL,73731405009
WC818,BLK,L,73731405011
WC818,BLK,M,73731405012
WC818,BLK,S,73731405013
WC819,PWT,XS,73731405016
WC819,WIN,2XL,73731405017
WC819,WIN,L,73731405018
WC819,WIN,M,73731405019
WC819,WIN,S,73731405020
WC819,WIN,XL,73731405021
WC819,WIN,XS,73731405022
WC013,CRWM,2XL,73731405027
WC013,CRWM,3XL,73731405028
WC013,CRWM,L,73731405029
WC013,CRWM,M,73731405030
WC013,CRWM,S,73731405031
WC013,CRWM,XL,73731405032
WC013,CRWM,XS,73731405033
WC013,EGG,2XL,73731405036
WC013,EGG,3XL,73731405037
WC013,EGG,L,73731405038
WC013,EGG,M,73731405042
WC013,EGG,S,73731405045
WM731X5,HAHY,L,73731405046
WM731X5,HAHY,M,73731405047
WM731X5,HAHY,S,73731405048
WM731X5,HAHY,XL,73731405049
WM731X5,HAHY,XS,73731405050
WM730X5,NCIY,2XL,73731405051
WM730X5,NCIY,3XL,73731405054
WM730X5,NCIY,L,73731405055
WM730X5,NCIY,M,73731405056
WM730X5,NCIY,S,73731405057
WM730X5,NCIY,XL,73731405058
WM730X5,NCIY,XS,73731405059
WM730X5,ALSC,2XL,73731405060
WM730X5,ALSC,3XL,73731405063
WM730X5,ALSC,L,73731405064
WM730X5,ALSC,M,73731405065
WM730X5,ALSC,S,73731405066
WM730X5,ALSC,XL,73731405068
WM730X5,ALSC,XS,73731405069
WM731X5C18,ATOA,ASST,73731405074
WM731X5C9,HAHY,ASST,73731405075
WM731X5C18,HAHY,ASST,73731405076
WM731X5C12,HAHY,ASST,73731405077
WM229,HERB,2XL,73731405078
WM229,HERB,3XL,73731405079
WM229,HERB,L,73731405080
WM229,HERB,M,73731405083
WM229,HERB,S,73731405084
WM229,HERB,XL,73731405085
WM229,HERB,XS,73731405086
WM229,HTMI,2XL,73731405087
WM229,HTMI,3XL,73731405088
WC813,CRWM,2XL,73731405089
WC813,CRWM,3XL,73731405095
WC813,CRWM,L,73731405096
WC813,CRWM,M,73731405097
WC813,CRWM,S,73731405098
WC813,CRWM,XL,73731405099
WC813,CRWM,XS,73731405100
WM631,HTPT,2XL,73731405507
WM631,HTPT,3XL,73731405513
WM631,HTPT,L,73731405516
WC013,EGG,XL,73731405615
WC013,EGG,XS,73731405621
WC013,RIWM,2XL,73731405627
WC013,RIWM,3XL,73731405639
WC813,EGG,XL,73731405669
WC813,EGG,XS,73731405672
WC813,RIWM,2XL,73731405678
WC813,RIWM,3XL,73731405684
WC813,RIWM,L,73731405690
WC813,RIWM,M,73731405696
WC813,RIWM,S,73731405708
WC813,RIWM,XL,73731405714
WC813,RIWM,XS,73731405720
WM034,CGW,M,73731405732
WM034,CGW,S,73731405738
WM034,CGW,XL,73731405744
WM034,EBW,2XL,73731405750
WC711X4,SRMM,XS,73731405835
WC711X4,DMEE,2XL,73731405842
WC711X4,DMEE,3XL,73731405849
WC711X4,DMEE,L,73731405856
WC711X4,DMEE,M,73731405863
WM731X5,ATOA,XL,73731405870
WM731X5,ATOA,XS,73731405877
WM229,HTMI,L,73731405884
WM229,HTMI,M,73731405891
WC818,IND,XL,73731405898
WC818,IND,XS,73731405905
WC815,RWWM,2XL,73731405909
WC815,RWWM,L,73731405910
WC815,RWWM,M,73731405911
WC815,RWWM,S,73731405912
WC815,RWWM,XL,73731405919
WC815,RWWM,XS,73731405926
WC819,PWT,2XL,73731405968
WC819,PWT,L,73731405975
WC819,PWT,M,73731405982
WC819,PWT,S,73731405989
WC819,PWT,XL,73731405996
WC711X4,DMEE,XS,73731406034
WC711X4,PHKE,2XL,73731406040
WC711X4,PHKE,3XL,73731406079
WC711X4,PHKE,L,73731406137
WC711X4,PHKE,M,73731406138
WC711X4,PHKE,S,73731406139
WM731X5,HAHY,2XL,73731406145
WC818,IND,2XL,73731406226
WC818,IND,3XL,73731406227
WC818,IND,L,73731406228
WC818,IND,M,73731406229
WC818,IND,S,73731406235
7881,MKHJ,2XL,73731406281
7881,MKHJ,3XL,73731406282
7881,MKHJ,L,73731406283
7881,MKHJ,M,73731406284
7881,MKHJ,S,73731406285
7881,MKHJ,XL,73731406286
7881,MKHJ,XS,73731406287
7960,FLLE,2XL,73731406288
7960,FLLE,3XL,73731406289
7960,FLLE,L,73731406290
7960,FLLE,M,73731406291
7960,FLLE,S,73731406292
7960,FLLE,XL,73731406293
7960,FLLE,XS,73731406294
7960,DYBU,2XL,73731406295
WC703X5,MLUN,2XL,73731406296
7960,DYBU,L,73731406297
7960,DYBU,M,73731406298
7960,DYBU,S,73731406299
7960,DYBU,XL,73731406300
7960,DYBU,XS,73731406301
7960,HOLO,2XL,73731406302
WC703X5,MLUN,3XL,73731406303
7960,HOLO,L,73731406304
7960,HOLO,M,73731406305
7960,HOLO,S,73731406306
7960,HOLO,XL,73731406307
7960,HOLO,XS,73731406308
7960,BFRI,2XL,73731406309
WC703X5,MLUN,L,73731406310
7960,BFRI,L,73731406311
7960,BFRI,M,73731406312
7960,BFRI,S,73731406313
7960,BFRI,XL,73731406314
7960,BFRI,XS,73731406315
7872,PNEG,2XL,73731406316
7872,PNEG,3XL,73731406317
7872,PNEG,L,73731406318
7872,PNEG,M,73731406319
7872,PNEG,S,73731406320
7872,PNEG,XL,73731406321
7872,PNEG,XS,73731406322
7861,MKFF,2XL,73731406323
WC703X5,MLUN,M,73731406324
7861,MKFF,L,73731406325
7861,MKFF,M,73731406326
7861,MKFF,S,73731406327
7861,MKFF,XL,73731406328
7861,MKFF,XS,73731406329
7861,TBCT,2XL,73731406330
WC703X5,MLUN,S,73731406331
7861,TBCT,L,73731406332
7861,TBCT,M,73731406333
7861,TBCT,S,73731406334
7861,TBCT,XL,73731406335
7861,TBCT,XS,73731406336
7861,PHYH,2XL,73731406337
WC703X5,MLUN,XL,73731406338
7861,PHYH,L,73731406339
7861,PHYH,M,73731406340
7861,PHYH,S,73731406341
7861,PHYH,XL,73731406342
7861,PHYH,XS,73731406343
7861,TBSN,2XL,73731406344
7861,TBSN,3XL,73731406345
7861,TBSN,L,73731406346
7861,TBSN,M,73731406347
7861,TBSN,S,73731406348
7861,TBSN,XL,73731406349
7861,TBSN,XS,73731406350
7500,TGEM,2XL,73731406351
7500,TGEM,3XL,73731406352
7500,TGEM,L,73731406353
7500,TGEM,M,73731406354
7500,TGEM,S,73731406355
7500,TGEM,XL,73731406356
7500,TGEM,XS,73731406357
7500,RECU,2XL,73731406372
7500,RECU,L,73731406374
7500,RECU,M,73731406375
7500,RECU,S,73731406376
7500,RECU,XL,73731406377
7500,RECU,XS,73731406378
7203,TGEM,2XL,73731406379
7203,TGEM,3XL,73731406380
7203,TGEM,L,73731406381
7203,TGEM,M,73731406382
7203,TGEM,S,73731406383
7203,TGEM,XL,73731406384
7203,TGEM,XS,73731406385
7050,DPF2,2XL,73731406386
7050,DPF2,L,73731406388
7050,DPF2,M,73731406389
7050,DPF2,S,73731406390
7050,DPF2,XL,73731406391
7050,DPF2,XS,73731406392
7050,SOKE,2XL,73731406393
7050,SOKE,L,73731406395
7050,SOKE,M,73731406396
7050,SOKE,S,73731406397
7050,SOKE,XL,73731406398
7050,SOKE,XS,73731406399
7050,CIEW,2XL,73731406400
7050,CIEW,L,73731406402
7050,CIEW,M,73731406403
7050,CIEW,S,73731406404
7050,CIEW,XL,73731406405
7050,CIEW,XS,73731406406
7050,SHPW,2XL,73731406407
7050,SHPW,3XL,73731406408
7050,SHPW,L,73731406409
7050,SHPW,M,73731406410
7050,SHPW,S,73731406411
7050,SHPW,XL,73731406412
7050,SHPW,XS,73731406413
7050,RECU,2XL,73731406414
7050,RECU,L,73731406416
7050,RECU,M,73731406417
7050,RECU,S,73731406418
7050,RECU,XL,73731406419
7050,RECU,XS,73731406420
7971,FWDL,2XL,73731406428
7971,FWDL,3XL,73731406429
7971,FWDL,L,73731406430
7971,FWDL,M,73731406431
7971,FWDL,S,73731406432
7971,FWDL,XL,73731406433
7971,FWDL,XS,73731406434
7951,WNBC,2XL,73731406435
7951,WNBC,L,73731406437
7951,WNBC,M,73731406438
7951,WNBC,S,73731406439
7951,WNBC,XL,73731406440
7951,WNBC,XS,73731406441
7951,SRWR,2XL,73731406442
7951,SRWR,L,73731406444
7951,SRWR,M,73731406445
7951,SRWR,S,73731406446
7951,SRWR,XL,73731406447
7951,SRWR,XS,73731406448
7862,BETB,2XL,73731406449
7862,BETB,3XL,73731406450
7862,BETB,L,73731406451
7862,BETB,M,73731406452
7862,BETB,S,73731406453
7862,BETB,XL,73731406454
7862,BETB,XS,73731406455
7862,HKDE,2XL,73731406456
WM636,HERB,M,73731406457
7862,HKDE,L,73731406458
7862,HKDE,M,73731406459
7862,HKDE,S,73731406460
7862,HKDE,XL,73731406461
7862,HKDE,XS,73731406462
WC813,EGG,L,73731406618
WC813,EGG,M,73731406619
WC813,EGG,S,73731406636
WC019,PWT,L,73731406704
WC019,PWT,M,73731406705
WC019,PWT,S,73731406706
WC019,PWT,XL,73731406708
WC019,PWT,XS,73731406744
WC019,WIN,2XL,73731406745
7050,GPGM,2XL,73731407298
7050,GPGM,L,73731407300
7050,GPGM,M,73731407301
7050,GPGM,S,73731407302
7050,GPGM,XL,73731407303
7050,GPGM,XS,73731407304
7960,BOGN,2XL,73731407305
7960,BOGN,3XL,73731407306
7960,BOGN,L,73731407307
7960,BOGN,M,73731407308
7960,BOGN,S,73731407309
7960,BOGN,XL,73731407310
7960,BOGN,XS,73731407311
WM836,WHT,XL,73731407429
WM835,BLK,2XL,73731407433
WM636,HTMI,M,73731407554
WM636,HTMI,S,73731407564
WM636,HTMI,XL,73731407570
7960,JLIN,2XL,73731407581
WM730X5C12,ALSC,ASST,73731407582
7960,JLIN,L,73731407583
7960,JLIN,M,73731407584
7960,JLIN,S,73731407585
7960,JLIN,XL,73731407586
7960,DTSO,2XL,73731407588
7960,DTSO,L,73731407590
7960,DTSO,M,73731407591
7960,DTSO,S,73731407592
7960,DTSO,XL,73731407593
7960,GGLO,2XL,73731407595
WC019,BLK,2XL,73731407596
7960,GGLO,L,73731407597
7960,GGLO,M,73731407598
7960,GGLO,S,73731407599
7960,GGLO,XL,73731407600
WC019,BLK,L,73731407601
7960,GMOS,2XL,73731407602
WC019,BLK,M,73731407603
7960,GMOS,L,73731407604
7960,GMOS,M,73731407605
7960,GMOS,S,73731407606
7960,GMOS,XL,73731407607
WC019,BLK,S,73731407608
7971,GLOV,2XL,73731407609
WC019,BLK,XL,73731407610
7971,GLOV,L,73731407611
7971,GLOV,M,73731407612
7971,GLOV,S,73731407613
7971,GLOV,XL,73731407614
WC019,BLK,XS,73731407615
7971,SHDO,2XL,73731407616
WC019,PWT,2XL,73731407617
7971,SHDO,L,73731407618
7971,SHDO,M,73731407619
7971,SHDO,S,73731407620
7971,SHDO,XL,73731407621
7951,PDPR,2XL,73731407623
7951,PDPR,L,73731407625
7951,PDPR,M,73731407626
7951,PDPR,S,73731407627
7951,PDPR,XL,73731407628
7951,PANP,2XL,73731407630
7951,PANP,L,73731407632
7951,PANP,M,73731407633
7951,PANP,S,73731407634
7951,PANP,XL,73731407635
7990,BELL,2XL,73731407637
7990,BELL,L,73731407639
7990,BELL,M,73731407640
7990,BELL,S,73731407641
7990,BELL,XL,73731407642
WM034,EBW,3XL,73731407663
WM034,EBW,L,73731407664
WM034,EBW,M,73731407666
WC703X5,MEYR,XS,73731407688
WC703X5,GREC,2XL,73731407701
WC703X5,GREC,3XL,73731407708
WM636,HTMI,XS,73731407755
WM730X5C18,NCIY,ASST,73731407756
WM730X5C18,ALSC,ASST,73731407757
WM835,IND,2XL,73731407764
WM835,IND,3XL,73731407765
WM835,IND,L,73731407766
WM232,HTPT,M,73731408128
WM232,HTPT,S,73731408129
7851,DAPW,2XL,73731408214
7851,DAPW,L,73731408216
7851,DAPW,M,73731408217
7851,DAPW,S,73731408218
7851,DAPW,XL,73731408219
7851,DAPW,XS,73731408220
WM729X5,JUJM,L,73731408267
WM729X5,JUJM,M,73731408268
WM729X5,JUJM,S,73731408269
WM729X5,JUJM,XL,73731408270
WM729X5,JUJM,XS,73731408271
WM729X5,WDHU,2XL,73731408272
WM729X5,WDHU,3XL,73731408273
WM729X5,WDHU,L,73731408274
WM729X5,WDHU,M,73731408275
WM643,COGW,L,73731408278
WM643,COGW,M,73731408279
WM643,COGW,S,73731408301
WM643,COGW,XL,73731408302
7050,BLKW,2XL,73731408358
WM729X5,JUJM,3XL,73731408359
7050,BLKW,L,73731408360
7050,BLKW,M,73731408361
7050,BLKW,S,73731408362
7050,BLKW,XL,73731408363
7050,BLKW,XS,73731408364
WM835C15,IND,ASST,73731408391
WM232,HTPT,XL,73731408417
7500,BLKW,2XL,73731408903
WM232,HTPT,3XL,73731408904
7500,BLKW,L,73731408905
7500,BLKW,M,73731408906
7500,BLKW,S,73731408907
7500,BLKW,XL,73731408908
7500,BLKW,XS,73731408909
7500,SHPW,2XL,73731408910
WM232,HTPT,L,73731408911
7500,SHPW,L,73731408912
7500,SHPW,M,73731408913
7500,SHPW,S,73731408914
7500,SHPW,XL,73731408915
7500,SHPW,XS,73731408916
WC608,EGG,2XL,73731409030
WC703X5,MEYR,2XL,73731409149
WC703X5,MEYR,3XL,73731409150
7907,RBFE,2XL,73731409752
7907,RBFE,3XL,73731409753
7907,RBFE,L,73731409754
7907,RBFE,M,73731409755
7907,RBFE,S,73731409756
7907,RBFE,XL,73731409757
7907,RBFE,XS,73731409758
7905,FYFL,2XL,73731409759
7905,FYFL,3XL,73731409760
7905,FYFL,L,73731409761
7905,FYFL,M,73731409762
7905,FYFL,S,73731409763
7905,FYFL,XL,73731409764
7905,FYFL,XS,73731409765
7907,OWFR,2XL,73731409766
7907,OWFR,3XL,73731409767
7907,OWFR,L,73731409768
7907,OWFR,M,73731409769
7907,OWFR,S,73731409770
7907,OWFR,XL,73731409771
7907,OWFR,XS,73731409772
7905,LCYD,2XL,73731409773
7905,LCYD,3XL,73731409774
7905,LCYD,L,73731409775
7905,LCYD,M,73731409776
7905,LCYD,S,73731409777
7905,LCYD,XL,73731409778
7905,LCYD,XS,73731409779
7806,LTTW,2XL,73731409780
7806,LTTW,3XL,73731409781
7806,LTTW,L,73731409782
7806,LTTW,M,73731409783
7806,LTTW,S,73731409784
7806,LTTW,XL,73731409785
7806,LTTW,XS,73731409786
7813,PRMS,2XL,73731409787
7813,PRMS,3XL,73731409788
7813,PRMS,L,73731409789
7813,PRMS,M,73731409790
7813,PRMS,S,73731409797
7813,PRMS,XL,73731409798
7813,PRMS,XS,73731409799
7804,LASM,2XL,73731409921
7804,LASM,3XL,73731409922
7804,LASM,L,73731410137
7804,LASM,M,73731410138
7804,LASM,S,73731410139
7804,LASM,XL,73731410140
7804,LASM,XS,73731410141
7907,HLDL,2XL,73731410142
7907,HLDL,3XL,73731410143
7907,HLDL,L,73731410144
7907,HLDL,M,73731410145
7907,HLDL,S,73731410146
7907,HLDL,XL,73731410147
7907,HLDL,XS,73731410148
7804,ALHS,2XL,73731410149
7804,ALHS,3XL,73731410150
7804,ALHS,L,73731410151
7804,ALHS,M,73731410152
7804,ALHS,S,73731410153
7804,ALHS,XL,73731410154
7804,ALHS,XS,73731410155
7813,MKAL,2XL,73731410156
7813,MKAL,3XL,73731410157
7813,MKAL,L,73731410158
7813,MKAL,M,73731410159
7813,MKAL,S,73731410160
7813,MKAL,XL,73731410161
7813,MKAL,XS,73731410162
7912,KCUR,2XL,73731410163
7912,KCUR,3XL,73731410164
7912,KCUR,L,73731410165
7912,KCUR,M,73731410166
7912,KCUR,S,73731410167
7912,KCUR,XL,73731410168
7912,KCUR,XS,73731410169
7907,WSNG,2XL,73731410170
7907,WSNG,3XL,73731410171
7907,WSNG,L,73731410172
7905,JSST,2XL,73731410217
7905,JSST,3XL,73731410218
7905,JSST,L,73731410219
7905,JSST,M,73731410220
7905,JSST,S,73731410221
7905,JSST,XL,73731410222
7905,JSST,XS,73731410223
7907,STHP,2XL,73731410224
7907,STHP,3XL,73731410225
7907,STHP,L,73731410226
7907,STHP,M,73731410227
7907,STHP,S,73731410228
7907,STHP,XL,73731410229
7907,STHP,XS,73731410230
7813,PHFI,2XL,73731410231
7813,PHFI,3XL,73731410232
7813,PHFI,L,73731410233
7813,PHFI,M,73731410234
7813,PHFI,S,73731410235
7813,PHFI,XL,73731410236
7813,PHFI,XS,73731410237
7812,MKHD,2XL,73731410705
7812,MKHD,3XL,73731410706
7812,MKHD,L,73731410713
7812,MKHD,M,73731410717
7812,MKHD,S,73731410718
7812,MKHD,XL,73731410719
7812,MKHD,XS,73731410720
7704,RUR2,XS,73731410770
7004,RUR2,2XL,73731410802
7004,RUR2,3XL,73731410803
7004,RUR2,L,73731410804
7004,RUR2,M,73731410805
7004,RUR2,S,73731410812
7004,RUR2,XL,73731410816
7004,RUR2,XS,73731410817
97750,FLSE,2XL,73731411736
97750,FLSE,3XL,73731411737
97750,FLSE,L,73731411738
97750,FLSE,M,73731411739
97750,FLSE,S,73731411740
97750,FLSE,XL,73731411741
97750,FLSE,XS,73731411747
WM035,WHT,3XL,73731411955
WM035,WHT,L,73731411956
WM035,WHT,M,73731411957
WM035,WHT,S,73731411958
WM035,WHT,XL,73731411959
WM034,BLK,2XL,73731411960
WM034,BLK,3XL,73731411961
WM034,BLK,L,73731411964
WM034,BLK,M,73731411965
WM034,BLK,S,73731411966
WM034,BLK,XL,73731411967
WM034,CGW,2XL,73731411968
WM034,CGW,3XL,73731411969
WM034,CGW,L,73731411970
97630,MAGY,L,73731411987
97630,MAGY,M,73731411988
97630,MAGY,S,73731411989
97630,MAGY,XL,73731411990
97630,MAGY,XS,73731411991
WM729X5,JUJM,2XL,73731411998
WM643,VVIN,2XL,73731412030
WM643,VVIN,3XL,73731412031
WM643,VVIN,L,73731412032
WC818,BLK,XL,73731412157
WC818,BLK,XS,73731412158
WM631C18,HTPT,ASST,73731412374
WM631C18,HTRA,ASST,73731412375
WM631C9,HTPT,ASST,73731412376
WM232C9,HTPT,ASST,73731412377
WM034,EBW,S,73731412476
WM034,EBW,XL,73731412485
WM034,IND,2XL,73731412486
WM034,IND,3XL,73731412499
WM034,IND,L,73731412500
WM034,IND,M,73731412501
WM034,IND,S,73731412502
WM034,IND,XL,73731412503
WM836,WHT,2XL,73731412511
WM836,WHT,3XL,73731412512
WM836,WHT,L,73731412513
WM836,WHT,M,73731412514
WM836,WHT,S,73731412515
7754,MKMI,2XL,73731412713
7754,MKMI,L,73731412715
7754,MKMI,M,73731412716
7754,MKMI,S,73731412717
7754,MKMI,XL,73731412718
7754,TBFD,2XL,73731412720
7754,TBFD,3XL,73731412721
7754,TBFD,L,73731412722
7754,TBFD,M,73731412723
7754,TBFD,S,73731412724
7754,TBFD,XL,73731412725
7753,RUVS,2XL,73731412727
7753,RUVS,3XL,73731412728
7753,RUVS,L,73731412729
7753,RUVS,M,73731412730
7753,RUVS,S,73731412731
7753,RUVS,XL,73731412732
WM034C15,BLK,ASST,73731412760
7907,WSNG,M,73731412824
7907,WSNG,S,73731412825
7907,WSNG,XL,73731412826
7907,WSNG,XS,73731412827
7813,BAWI,2XL,73731412828
7813,BAWI,3XL,73731412829
7813,BAWI,L,73731412830
7813,BAWI,M,73731412831
7813,BAWI,S,73731412832
7813,BAWI,XL,73731412833
7813,BAWI,XS,73731412834
7905,SFDS,2XL,73731412835
7905,SFDS,3XL,73731412836
7905,SFDS,L,73731412837
7905,SFDS,M,73731412838
7905,SFDS,S,73731412839
7905,SFDS,XL,73731412841
7905,SFDS,XS,73731412842
7704,RUR2,2XL,73731412843
7704,RUR2,3XL,73731412844
7704,RUR2,L,73731412845
7704,RUR2,M,73731412846
7704,RUR2,S,73731412847
7704,RUR2,XL,73731412848
WM835,IND,S,73731413141
WM835,CGW,3XL,73731413591
WM835,CGW,L,73731413592
WM835,CGW,M,73731413593
WM835,CGW,S,73731413594
WM835,CGW,XL,73731413595
WM835,EBW,2XL,73731413596
WM835,EBW,3XL,73731413597
WM835,EBW,L,73731413598
WM835,EBW,M,73731413599
WM835,EBW,S,73731413600
WM835,EBW,XL,73731413601
WM643,VVIN,M,73731413961
WM643,VVIN,S,73731413962
WM643,VVIN,XL,73731413963
WM643,VVIN,XS,73731414015
WM643,COGW,2XL,73731414016
WM643,COGW,3XL,73731414017
WM631,HTPT,M,73731414024
WM631,HTPT,S,73731414025
WM631,HTPT,XL,73731414026
WM631,HTPT,XS,73731414028
WM631,HTRA,2XL,73731414029
WM631,HTRA,3XL,73731414030
WM631,HTRA,L,73731414055
WM631,HTRA,M,73731414056
WM631,HTRA,S,73731414057
WM631,HTRA,XL,73731414073
WM631,HTRA,XS,73731414074
WM232,HTPT,2XL,73731414075
WM729X5,WDHU,S,73731414145
WM729X5,WDHU,XL,73731414146
WM729X5,WDHU,XS,73731414147
97630C18,MAGY,ASST,73731414172
WM729X5C18,JUJM,ASST,73731414173
WM729X5C18,WDHU,ASST,73731414174
WM729X5C9,JUJM,ASST,73731414181
WM232C18,HTPT,ASST,73731414182
WM232C18,HTRA,ASST,73731414183
WM835,BLK,L,73731414942
WM835,BLK,M,73731414943
WM835,IND,M,73731415176
WM643,COGW,XS,73731415196
WM237,VVIN,2XL,73731415197
WM237,VVIN,3XL,73731415198
WM237,VVIN,L,73731415199
WM237,VVIN,M,73731415200
WM237,VVIN,S,73731415203
WM237,VVIN,XL,73731415204
WM237,VVIN,XS,73731415205
WM237,COGW,2XL,73731415206
WM237,COGW,3XL,73731415207
WM237,COGW,L,73731415210
WM237,COGW,M,73731415211
WM237,COGW,S,73731415212
WM237,COGW,XL,73731415213
WM237,COGW,XS,73731415214
7970,ROYW,2XL,73731416131
7970,ROYW,3XL,73731416132
7970,ROYW,L,73731416133
7970,ROYW,M,73731416134
7970,ROYW,S,73731416135
7970,ROYW,XL,73731416136
7970,ROYW,XS,73731416137
7203,ROYW,2XL,73731416138
7203,ROYW,3XL,73731416139
7203,ROYW,L,73731416140
7203,ROYW,M,73731416141
7203,ROYW,S,73731416142
7203,ROYW,XL,73731416143
7203,ROYW,XS,73731416144
WM035,WHT,2XL,73731416299
WM835,IND,XL,73731416654
WM034P,BLK,2XL,73731416655
WM034P,BLK,3XL,73731416656
7951,DODA,2XL,73731416760
7951,DODA,3XL,73731416761
7951,DODA,L,73731416762
7951,DODA,M,73731416763
7951,DODA,S,73731416764
7951,DODA,XL,73731416765
7951,DODA,XS,73731416766
7990,FLBT,2XL,73731416767
7990,FLBT,3XL,73731416768
7990,FLBT,L,73731416769
7990,FLBT,M,73731416770
7990,FLBT,S,73731416771
7990,FLBT,XL,73731416772
7990,FLBT,XS,73731416773
7951,HTIM,2XL,73731416774
7951,HTIM,L,73731416776
7951,HTIM,M,73731416777
7951,HTIM,S,73731416778
7951,HTIM,XL,73731416779
7951,HTIM,XS,73731416780
7971,FLCU,2XL,73731416781
7971,FLCU,L,73731416783
7971,FLCU,M,73731416784
7971,FLCU,S,73731416785
7971,FLCU,XL,73731416786
7971,FLCU,XS,73731416787
7871,PHST,2XL,73731416788
7871,PHST,3XL,73731416789
7871,PHST,L,73731416790
7871,PHST,M,73731416791
7871,PHST,S,73731416792
7871,PHST,XL,73731416793
7871,PHST,XS,73731416794
7851,TBDR,2XL,73731416795
7851,TBDR,L,73731416797
7851,TBDR,M,73731416798
7851,TBDR,S,73731416799
7851,TBDR,XL,73731416800
7851,TBDR,XS,73731416801
7852,PNBA,2XL,73731416802
7852,PNBA,L,73731416804
7852,PNBA,M,73731416805
7852,PNBA,S,73731416806
7852,PNBA,XL,73731416807
7852,PNBA,XS,73731416808
7960,GLDS,2XL,73731416809
7960,GLDS,L,73731416811
7960,GLDS,M,73731416812
7960,GLDS,S,73731416813
7960,GLDS,XL,73731416814
7960,GLDS,XS,73731416815
7872,PNOL,2XL,73731416816
7872,PNOL,L,73731416818
7872,PNOL,M,73731416819
7872,PNOL,S,73731416820
7872,PNOL,XL,73731416821
7872,PNOL,XS,73731416822
7971,BFBQ,2XL,73731416823
7971,BFBQ,3XL,73731416824
7971,BFBQ,L,73731416825
7971,BFBQ,M,73731416826
7971,BFBQ,S,73731416827
7971,BFBQ,XL,73731416828
7971,BFBQ,XS,73731416829
7951,WAGA,2XL,73731416830
7951,WAGA,3XL,73731416831
7951,WAGA,L,73731416832
7951,WAGA,M,73731416833
7951,WAGA,S,73731416834
7951,WAGA,XL,73731416835
7951,WAGA,XS,73731416836
7971,FTCL,2XL,73731416837
7971,FTCL,L,73731416839
7971,FTCL,M,73731416840
7971,FTCL,S,73731416841
7971,FTCL,XL,73731416842
7971,FTCL,XS,73731416843
7871,DADP,2XL,73731416844
7871,DADP,3XL,73731416845
7871,DADP,L,73731416846
7871,DADP,M,73731416847
7871,DADP,S,73731416848
7871,DADP,XL,73731416849
7871,DADP,XS,73731416850
7851,MKLB,2XL,73731416851
7851,MKLB,L,73731416853
7851,MKLB,M,73731416854
7851,MKLB,S,73731416855
7851,MKLB,XL,73731416856
7851,MKLB,XS,73731416857
7852,HKSA,2XL,73731416858
7852,HKSA,L,73731416860
7852,HKSA,M,73731416861
7852,HKSA,S,73731416862
7852,HKSA,XL,73731416863
7852,HKSA,XS,73731416864
7861,ACPK,2XL,73731416865
7861,ACPK,3XL,73731416866
7861,ACPK,L,73731416867
7861,ACPK,M,73731416868
7861,ACPK,S,73731416869
7861,ACPK,XL,73731416870
7861,ACPK,XS,73731416871
7951,BFSK,2XL,73731416872
7951,BFSK,L,73731416874
7951,BFSK,M,73731416875
7951,BFSK,S,73731416876
7951,BFSK,XL,73731416877
7951,BFSK,XS,73731416878
7951,ECLO,2XL,73731416879
7951,ECLO,L,73731416881
7951,ECLO,M,73731416882
7951,ECLO,S,73731416883
7951,ECLO,XL,73731416884
7951,ECLO,XS,73731416885
7500,PUIS,2XL,73731417021
7500,PUIS,3XL,73731417022
7500,PUIS,L,73731417023
7500,PUIS,M,73731417024
7500,PUIS,S,73731417025
7500,PUIS,XL,73731417026
7500,PUIS,XS,73731417027
7050,PUIS,2XL,73731417028
7050,PUIS,L,73731417030
7050,PUIS,M,73731417031
7050,PUIS,S,73731417032
7050,PUIS,XL,73731417033
7050,PUIS,XS,73731417034
7203,COBS,2XL,73731417035
7203,COBS,3XL,73731417036
7203,COBS,L,73731417037
7203,COBS,M,73731417038
7203,COBS,S,73731417039
7203,COBS,XL,73731417040
7203,COBS,XS,73731417041
7872,BEDQ,2XL,73731417042
7872,BEDQ,3XL,73731417043
7872,BEDQ,L,73731417044
7872,BEDQ,M,73731417045
7872,BEDQ,S,73731417046
7872,BEDQ,XL,73731417047
7872,BEDQ,XS,73731417048
WM034P,BLK,L,73731417499
WM034P,BLK,M,73731417500
WM034P,BLK,S,73731417501
WM034P,BLK,XL,73731417507
97630,MAGY,2XL,73731417793
97630,MAGY,3XL,73731417794
HOLLY,WHZ,7W,73731417955
HOLLY,WHZ,10W,73731417956
HOLLY,WHZ,11W,73731417957
HOLLY,WHZ,7HW,73731417958
HOLLY,WHZ,8HW,73731417959
HOLLY,WHZ,8W,73731417960
HOLLY,WHZ,9HW,73731417961
HOLLY,WHZ,9W,73731417962
WM232,HTPT,XS,73731417983
WM232,HTRA,2XL,73731417984
WM232,HTRA,3XL,73731417985
WM232,HTRA,L,73731417986
WM232,HTRA,M,73731417988
WM232,HTRA,S,73731417989
WM232,HTRA,XL,73731417990
WM232,HTRA,XS,73731417991
WM034P,IND,2XL,73731418365
WM034P,IND,3XL,73731418384
WM034P,IND,L,73731418391
WM034P,IND,M,73731418413
WM034P,IND,S,73731418414
WM034P,IND,XL,73731418422
7951,GEDA,2XL,73731418463
7951,GEDA,L,73731418465
7951,GEDA,M,73731418466
7951,GEDA,S,73731418467
7951,GEDA,XL,73731418468
7951,GEDA,XS,73731418469
7990,FTCL,2XL,73731418652
7990,FTCL,L,73731418654
7990,FTCL,M,73731418655
7990,FTCL,S,73731418656
7990,FTCL,XL,73731418657
7990,FTCL,XS,73731418658
HOLLY,WHT,10,73731420055
HOLLY,WHT,11,73731420056
HOLLY,WHT,6,73731420057
HOLLY,WHT,6H,73731420058
HOLLY,WHT,7,73731420059
HOLLY,WHT,7H,73731420060
HOLLY,WHT,8,73731420061
HOLLY,WHT,8H,73731420062
HOLLY,WHT,9,73731420063
HOLLY,WHT,9H,73731420064
7872,SDSO,2XL,73731420077
7872,SDSO,L,73731420079
7872,SDSO,M,73731420080
7872,SDSO,S,73731420081
7872,SDSO,XL,73731420082
7872,SDSO,XS,73731420083
7851,BADE,2XL,73731420198
7851,BADE,3XL,73731420199
7851,BADE,L,73731420200
7851,BADE,M,73731420201
7851,BADE,S,73731420202
7851,BADE,XL,73731420203
7851,BADE,XS,73731420204
WM835,CGW,2XL,73731422689
WM034C15,CGW,ASST,73731422968
WM034C15,EBW,ASST,73731422969
WM034C15,IND,ASST,73731422970
WM035C15,WHT,ASST,73731422971
WM034PC10,BLK,ASST,73731422972
WM034PC10,IND,ASST,73731422973
WM835C15,BLK,ASST,73731422974
WM835C15,CGW,ASST,73731422975
WM835C15,EBW,ASST,73731422976
7971,DDTS,2XL,73731423268
7971,DDTS,3XL,73731423269
7971,DDTS,L,73731423270
7971,DDTS,M,73731423271
7971,DDTS,S,73731423272
7971,DDTS,XL,73731423273
7971,DDTS,XS,73731423274
7971,SHHE,2XL,73731423275
7971,SHHE,L,73731423277
7971,SHHE,M,73731423278
7971,SHHE,S,73731423279
7971,SHHE,XL,73731423280
7971,SHHE,XS,73731423281
7971,CADO,2XL,73731423282
7971,CADO,L,73731423284
7971,CADO,M,73731423285
7971,CADO,S,73731423286
7971,CADO,XL,73731423287
7971,CADO,XS,73731423288
7960,STIC,2XL,73731423289
7960,STIC,3XL,73731423290
7960,STIC,L,73731423291
7960,STIC,M,73731423292
7960,STIC,S,73731423293
7960,STIC,XL,73731423294
7960,STIC,XS,73731423295
7960,LUFL,2XL,73731423296
7960,LUFL,L,73731423298
7960,LUFL,M,73731423299
7960,LUFL,S,73731423300
7960,LUFL,XL,73731423301
7960,LUFL,XS,73731423302
7960,GIGA,2XL,73731423303
7960,GIGA,L,73731423305
7960,GIGA,M,73731423306
7960,GIGA,S,73731423307
7960,GIGA,XL,73731423308
7960,GIGA,XS,73731423309
7881,PHEL,2XL,73731423310
7881,PHEL,3XL,73731423311
7881,PHEL,L,73731423312
7881,PHEL,M,73731423313
7881,PHEL,S,73731423314
7881,PHEL,XL,73731423315
7881,PHEL,XS,73731423316
7951,BUWA,2XL,73731423317
7951,BUWA,L,73731423319
7951,BUWA,M,73731423320
7951,BUWA,S,73731423321
7951,BUWA,XL,73731423322
7951,BUWA,XS,73731423323
7500,JAST,2XL,73731423324
7500,JAST,3XL,73731423325
7500,JAST,L,73731423326
7500,JAST,M,73731423327
7500,JAST,S,73731423328
7500,JAST,XL,73731423329
7500,JAST,XS,73731423330
7050,JAST,2XL,73731423331
7050,JAST,3XL,73731423332
7050,JAST,L,73731423333
7050,JAST,M,73731423334
7050,JAST,S,73731423335
7050,JAST,XL,73731423336
7050,JAST,XS,73731423337
7203,PEPE,2XL,73731423338
7203,PEPE,3XL,73731423339
7203,PEPE,L,73731423340
7203,PEPE,M,73731423341
7203,PEPE,S,73731423342
7203,PEPE,XL,73731423343
7203,PEPE,XS,73731423344
7951,HRSP,2XL,73731423345
7951,HRSP,L,73731423347
7951,HRSP,M,73731423348
7951,HRSP,S,73731423349
7951,HRSP,XL,73731423350
7951,HRSP,XS,73731423351
7871,PHPO,2XL,73731423352
7871,PHPO,3XL,73731423353
7871,PHPO,L,73731423354
7871,PHPO,M,73731423355
7871,PHPO,S,73731423356
7871,PHPO,XL,73731423357
7871,PHPO,XS,73731423358
7861,TBRT,2XL,73731423359
7861,TBRT,3XL,73731423360
7861,TBRT,L,73731423361
7861,TBRT,M,73731423362
7861,TBRT,S,73731423363
7861,TBRT,XL,73731423364
7861,TBRT,XS,73731423365
7852,PNSY,2XL,73731423366
7852,PNSY,L,73731423368
7852,PNSY,M,73731423369
7852,PNSY,S,73731423370
7852,PNSY,XL,73731423371
7852,PNSY,XS,73731423372
7872,BEPR,2XL,73731423373
7872,BEPR,L,73731423375
7872,BEPR,M,73731423376
7872,BEPR,S,73731423377
7872,BEPR,XL,73731423378
7872,BEPR,XS,73731423379
7960,BFBU,2XL,73731424146
WM835,BLK,XL,73731424147
7960,BFBU,L,73731424148
7960,BFBU,M,73731424149
7960,BFBU,S,73731424150
7960,BFBU,XL,73731424151
7960,BFBU,XS,73731424152
7960,DTBF,2XL,73731424153
7960,DTBF,3XL,73731424154
7960,DTBF,L,73731424155
7960,DTBF,M,73731424156
7960,DTBF,S,73731424157
7960,DTBF,XL,73731424158
7960,DTBF,XS,73731424159
7971,ARTB,2XL,73731424160
7971,ARTB,3XL,73731424161
7971,ARTB,L,73731424162
7971,ARTB,M,73731424163
7971,ARTB,S,73731424164
7971,ARTB,XL,73731424165
7971,ARTB,XS,73731424166
7971,GDSW,2XL,73731424167
7971,GDSW,L,73731424169
7971,GDSW,M,73731424170
7971,GDSW,S,73731424171
7971,GDSW,XL,73731424172
7971,GDSW,XS,73731424173
7871,DADE,2XL,73731424174
7871,DADE,3XL,73731424175
7871,DADE,L,73731424176
7871,DADE,M,73731424177
7871,DADE,S,73731424178
7871,DADE,XL,73731424179
7871,DADE,XS,73731424180
7872,HKHH,2XL,73731424181
7872,HKHH,L,73731424183
7872,HKHH,M,73731424184
7872,HKHH,S,73731424185
7872,HKHH,XL,73731424186
7872,HKHH,XS,73731424187
7851,MKPB,2XL,73731424188
7851,MKPB,3XL,73731424189
7851,MKPB,L,73731424190
7851,MKPB,M,73731424191
7851,MKPB,S,73731424192
7851,MKPB,XL,73731424193
7851,MKPB,XS,73731424194
7852,SDAS,2XL,73731424195
7852,SDAS,L,73731424197
7852,SDAS,M,73731424198
7852,SDAS,S,73731424199
7852,SDAS,XL,73731424200
7852,SDAS,XS,73731424201
7922,CADO,2XL,73731424879
7922,CADO,L,73731424881
7922,CADO,M,73731424882
7922,CADO,S,73731424883
7922,CADO,XL,73731424884
7922,CADO,XS,73731424885
7500,PEPE,2XL,73731424889
7500,PEPE,L,73731424891
7500,PEPE,M,73731424892
7500,PEPE,S,73731424893
7500,PEPE,XL,73731424894
7500,PEPE,XS,73731424895
7951,DOTA,2XL,73731425159
7951,DOTA,L,73731425161
7951,DOTA,M,73731425162
7951,DOTA,S,73731425163
7951,DOTA,XL,73731425164
7951,DOTA,XS,73731425165
WM835,BLK,S,73731425608
7500,OLIW,2XL,73731426369
7500,OLIW,L,73731426371
7500,OLIW,M,73731426372
7500,OLIW,S,73731426373
7500,OLIW,XL,73731426374
7500,OLIW,XS,73731426375
7050,OLIW,2XL,73731426376
7050,OLIW,L,73731426378
7050,OLIW,M,73731426379
7050,OLIW,S,73731426380
7050,OLIW,XL,73731426381
7050,OLIW,XS,73731426382
97121,INDG,XS,73731426999
97121,INDG,2XL,73731427000
97121,INDG,L,73731427001
97121,INDG,M,73731427002
97121,INDG,S,73731427003
97121,INDG,XL,73731427004
97121,BKWM,XS,73731427005
97121,BKWM,2XL,73731427006
97121,BKWM,L,73731427007
97121,BKWM,M,73731427008
97121,BKWM,S,73731427009
97121,BKWM,XL,73731427010
97121C13,INDG,ASST,73731427011
97121C13,BKWM,ASST,73731427012
7971,BUMO,2XL,73731428424
7971,BUMO,3XL,73731428425
7971,BUMO,L,73731428426
7971,BUMO,M,73731428427
7971,BUMO,S,73731428428
7971,BUMO,XL,73731428429
7971,BUMO,XS,73731428430
7971,AOCL,2XL,73731428431
7971,AOCL,3XL,73731428432
7971,AOCL,L,73731428433
7971,AOCL,M,73731428434
7971,AOCL,S,73731428435
7971,AOCL,XL,73731428436
7971,AOCL,XS,73731428437
7971,HOHT,2XL,73731428438
7971,HOHT,3XL,73731428439
7971,HOHT,L,73731428440
7971,HOHT,M,73731428441
7971,HOHT,S,73731428442
7971,HOHT,XL,73731428443
7971,HOHT,XS,73731428444
7971,POPO,2XL,73731428445
7971,POPO,3XL,73731428446
7971,POPO,L,73731428447
7971,POPO,M,73731428448
7971,POPO,S,73731428449
7971,POPO,XL,73731428450
7971,POPO,XS,73731428451
7960,STAD,2XL,73731428452
7960,STAD,3XL,73731428453
7960,STAD,L,73731428454
7960,STAD,M,73731428455
7960,STAD,S,73731428456
7960,STAD,XL,73731428457
7960,STAD,XS,73731428458
7960,DIAM,2XL,73731428459
7960,DIAM,3XL,73731428460
7960,DIAM,L,73731428461
7960,DIAM,M,73731428462
7960,DIAM,S,73731428463
7960,DIAM,XL,73731428464
7960,DIAM,XS,73731428465
7960,BOXR,2XL,73731428466
7960,BOXR,3XL,73731428467
7960,BOXR,L,73731428468
7960,BOXR,M,73731428469
7960,BOXR,S,73731428470
7960,BOXR,XL,73731428471
7960,BOXR,XS,73731428472
7960,FLIF,2XL,73731428473
7960,FLIF,3XL,73731428474
7960,FLIF,L,73731428475
7960,FLIF,M,73731428476
7960,FLIF,S,73731428477
7960,FLIF,XL,73731428478
7960,FLIF,XS,73731428479
7960,HASN,2XL,73731428480
7960,HASN,3XL,73731428481
7960,HASN,L,73731428482
7960,HASN,M,73731428483
7960,HASN,S,73731428484
7960,HASN,XL,73731428485
7960,HASN,XS,73731428486
7960,HOLC,2XL,73731428487
7960,HOLC,3XL,73731428488
7960,HOLC,L,73731428489
7960,HOLC,M,73731428490
7960,HOLC,S,73731428491
7960,HOLC,XL,73731428492
7960,HOLC,XS,73731428493
7990,HSPO,2XL,73731428494
7990,HSPO,3XL,73731428495
7990,HSPO,L,73731428496
7990,HSPO,M,73731428497
7990,HSPO,S,73731428498
7990,HSPO,XL,73731428499
7990,HSPO,XS,73731428500
7990,PBPA,2XL,73731428508
7990,PBPA,3XL,73731428509
7990,PBPA,L,73731428510
7990,PBPA,M,73731428511
7990,PBPA,S,73731428512
7990,PBPA,XL,73731428513
7990,PBPA,XS,73731428514
7990,SFDO,2XL,73731428515
7990,SFDO,3XL,73731428516
7990,SFDO,L,73731428517
7990,SFDO,M,73731428518
7990,SFDO,S,73731428519
7990,SFDO,XL,73731428520
7990,SFDO,XS,73731428521
7990,BUTP,2XL,73731428522
7990,BUTP,3XL,73731428523
7990,BUTP,L,73731428524
7990,BUTP,M,73731428525
7990,BUTP,S,73731428526
7990,BUTP,XL,73731428527
7990,BUTP,XS,73731428528
7881,MKCC,2XL,73731428529
7881,MKCC,3XL,73731428530
7881,MKCC,L,73731428531
7881,MKCC,M,73731428532
7881,MKCC,S,73731428533
7881,MKCC,XL,73731428534
7881,MKCC,XS,73731428535
7881,BADB,2XL,73731428536
7881,BADB,3XL,73731428537
7881,BADB,L,73731428538
7881,BADB,M,73731428539
7881,BADB,S,73731428540
7881,BADB,XL,73731428541
7881,BADB,XS,73731428542
7881,MKEH,2XL,73731428543
7881,MKEH,3XL,73731428544
7881,MKEH,L,73731428545
7881,MKEH,M,73731428546
7881,MKEH,S,73731428547
7881,MKEH,XL,73731428548
7881,MKEH,XS,73731428549
7880,SWIL,2XL,73731428557
7880,SWIL,3XL,73731428558
7880,SWIL,L,73731428559
7880,SWIL,M,73731428560
7880,SWIL,S,73731428561
7880,SWIL,XL,73731428562
7880,SWIL,XS,73731428563
7880,BEFU,2XL,73731428564
7880,BEFU,3XL,73731428565
7880,BEFU,L,73731428566
7880,BEFU,M,73731428567
7880,BEFU,S,73731428568
7880,BEFU,XL,73731428569
7880,BEFU,XS,73731428570
7852,PNOW,2XL,73731428571
7852,PNOW,3XL,73731428572
7852,PNOW,L,73731428573
7852,PNOW,M,73731428574
7852,PNOW,S,73731428575
7852,PNOW,XL,73731428576
7852,PNOW,XS,73731428577
7500,GRAN,2XL,73731428578
7500,GRAN,3XL,73731428579
7500,GRAN,L,73731428580
7500,GRAN,M,73731428581
7500,GRAN,S,73731428582
7500,GRAN,XL,73731428583
7500,GRAN,XS,73731428584
7500,NEMA,2XL,73731428585
7500,NEMA,3XL,73731428586
7500,NEMA,L,73731428587
7500,NEMA,M,73731428588
7500,NEMA,S,73731428589
7500,NEMA,XL,73731428590
7500,NEMA,XS,73731428591
7050,GRAN,2XL,73731428592
7050,GRAN,3XL,73731428593
7050,GRAN,L,73731428594
7050,GRAN,M,73731428595
7050,GRAN,S,73731428596
7050,GRAN,XL,73731428597
7050,GRAN,XS,73731428598
7203,NEMA,2XL,73731428599
7203,NEMA,3XL,73731428600
7203,NEMA,L,73731428601
7203,NEMA,M,73731428602
7203,NEMA,S,73731428603
7203,NEMA,XL,73731428604
7203,NEMA,XS,73731428605
7871,PHFO,2XL,73731428606
7871,PHFO,3XL,73731428607
7871,PHFO,L,73731428608
7871,PHFO,M,73731428609
7871,PHFO,S,73731428610
7871,PHFO,XL,73731428611
7871,PHFO,XS,73731428612
7861,MKPS,2XL,73731428613
7861,MKPS,3XL,73731428614
7861,MKPS,L,73731428615
7861,MKPS,M,73731428616
7861,MKPS,S,73731428617
7861,MKPS,XL,73731428618
7861,MKPS,XS,73731428619
7861,TBFK,2XL,73731428620
7861,TBFK,3XL,73731428621
7861,TBFK,L,73731428622
7861,TBFK,M,73731428623
7861,TBFK,S,73731428624
7861,TBFK,XL,73731428625
7861,TBFK,XS,73731428626
7862,HKSE,2XL,73731428627
7862,HKSE,3XL,73731428628
7862,HKSE,L,73731428629
7862,HKSE,M,73731428630
7862,HKSE,S,73731428631
7862,HKSE,XL,73731428632
7862,HKSE,XS,73731428633
7872,PNIL,2XL,73731428634
7872,PNIL,3XL,73731428635
7872,PNIL,L,73731428636
7872,PNIL,M,73731428637
7872,PNIL,S,73731428638
7872,PNIL,XL,73731428639
7872,PNIL,XS,73731428640
7851,ALMO,2XL,73731428641
7851,ALMO,3XL,73731428642
7851,ALMO,L,73731428643
7851,ALMO,M,73731428644
7851,ALMO,S,73731428645
7851,ALMO,XL,73731428646
7851,ALMO,XS,73731428647
7862,SDTR,2XL,73731428648
7862,SDTR,3XL,73731428649
7862,SDTR,L,73731428650
7862,SDTR,M,73731428651
7862,SDTR,S,73731428652
7862,SDTR,XL,73731428653
7862,SDTR,XS,73731428654
7851,PHLU,2XL,73731428655
7851,PHLU,3XL,73731428656
7851,PHLU,L,73731428657
7851,PHLU,M,73731428658
7851,PHLU,S,73731428659
7851,PHLU,XL,73731428660
7851,PHLU,XS,73731428661
7851,MUMU,2XL,73731428662
7851,MUMU,3XL,73731428663
7851,MUMU,L,73731428664
7851,MUMU,M,73731428665
7851,MUMU,S,73731428666
7851,MUMU,XL,73731428667
7851,MUMU,XS,73731428668
7203C13,NEMA,ASST,73731430981
7871C13,PHFO,ASST,73731430986
7500,RUR1,2XL,73731431610
7500,RUR1,3XL,73731431611
7500,RUR1,L,73731431612
7500,RUR1,M,73731431613
7500,RUR1,S,73731431614
7500,RUR1,XL,73731431615
7500,RUR1,XS,73731431616
7050,RUR1,2XL,73731431617
7050,RUR1,3XL,73731431618
7050,RUR1,L,73731431619
7050,RUR1,M,73731431620
7050,RUR1,S,73731431621
7050,RUR1,XL,73731431622
7050,RUR1,XS,73731431623
7990,HOHT,2XL,73731434794
7990,HOHT,3XL,73731434795
7990,HOHT,L,73731434796
7990,HOHT,M,73731434797
7990,HOHT,S,73731434798
7990,HOHT,XL,73731434799
7990,HOHT,XS,73731434800
7881,MUCK,2XL,73731434801
7881,MUCK,3XL,73731434802
7881,MUCK,L,73731434803
7881,MUCK,M,73731434804
7881,MUCK,S,73731434805
7881,MUCK,XL,73731434806
7881,MUCK,XS,73731434807
97750,BTSN,2XL,73731435412
97750,BTSN,3XL,73731435413
97750,BTSN,L,73731435414
97750,BTSN,M,73731435415
97750,BTSN,S,73731435416
97750,BTSN,XL,73731435417
97750,BTSN,XS,73731435418
97750,BUTO,2XL,73731435419
97750,BUTO,3XL,73731435420
97750,BUTO,L,73731435421
97750,BUTO,M,73731435422
97750,BUTO,S,73731435423
97750,BUTO,XL,73731435424
97750,BUTO,XS,73731435425
97752,DNET,2XL,73731435433
97752,DNET,3XL,73731435434
97752,DNET,L,73731435435
97752,DNET,M,73731435436
97752,DNET,S,73731435437
97752,DNET,XL,73731435438
97752,DNET,XS,73731435439
97750,GEKI,2XL,73731435440
97750,GEKI,3XL,73731435441
97750,GEKI,L,73731435442
97750,GEKI,M,73731435443
97750,GEKI,S,73731435444
97750,GEKI,XL,73731435445
97750,GEKI,XS,73731435446
97749,GREE,2XL,73731435461
97749,GREE,3XL,73731435462
97749,GREE,L,73731435463
97749,GREE,M,73731435464
97749,GREE,S,73731435465
97749,GREE,XL,73731435466
97749,GREE,XS,73731435467
7990,POPO,2XL,73731435482
7990,POPO,3XL,73731435483
7990,POPO,L,73731435484
7990,POPO,M,73731435485
7990,POPO,S,73731435486
7990,POPO,XL,73731435487
7990,POPO,XS,73731435488
7500,PIS3,2XL,73731435853
7500,PIS3,3XL,73731435854
7500,PIS3,L,73731435855
7500,PIS3,M,73731435856
7500,PIS3,S,73731435857
7500,PIS3,XL,73731435858
7500,PIS3,XS,73731435859
7050,PIS3,2XL,73731435860
7050,PIS3,3XL,73731435861
7050,PIS3,L,73731435862
7050,PIS3,M,73731435863
7050,PIS3,S,73731435864
7050,PIS3,XL,73731435865
7050,PIS3,XS,73731435866
7871,MKCC,2XL,73731435867
7871,MKCC,3XL,73731435868
7871,MKCC,L,73731435869
7871,MKCC,M,73731435870
7871,MKCC,S,73731435871
7871,MKCC,XL,73731435872
7871,MKCC,XS,73731435873
7881,MKOU,2XL,73731437057
7881,MKOU,3XL,73731437058
7881,MKOU,L,73731437059
7881,MKOU,M,73731437060
7881,MKOU,S,73731437061
7881,MKOU,XL,73731437062
7881,MKOU,XS,73731437063
7971,DRTH,2XL,73731437064
7971,DRTH,3XL,73731437065
7971,DRTH,L,73731437066
7971,DRTH,M,73731437067
7971,DRTH,S,73731437068
7971,DRTH,XL,73731437069
7971,DRTH,XS,73731437070
7971,SQDA,2XL,73731437071
7971,SQDA,3XL,73731437072
7971,SQDA,L,73731437073
7971,SQDA,M,73731437074
7971,SQDA,S,73731437075
7971,SQDA,XL,73731437076
7971,SQDA,XS,73731437077
7971,DRBO,2XL,73731437078
7971,DRBO,3XL,73731437079
7971,DRBO,L,73731437080
7971,DRBO,M,73731437081
7971,DRBO,S,73731437082
7971,DRBO,XL,73731437083
7971,DRBO,XS,73731437084
7971,DBUT,2XL,73731437085
7971,DBUT,3XL,73731437086
7971,DBUT,L,73731437087
7971,DBUT,M,73731437088
7971,DBUT,S,73731437089
7971,DBUT,XL,73731437090
7971,DBUT,XS,73731437091
7951,URTW,2XL,73731437092
7951,URTW,3XL,73731437093
7951,URTW,L,73731437094
7951,URTW,M,73731437095
7951,URTW,S,73731437096
7951,URTW,XL,73731437097
7951,URTW,XS,73731437098
7500,PUCA,2XL,73731437099
7500,PUCA,3XL,73731437100
7500,PUCA,L,73731437101
7500,PUCA,M,73731437102
7500,PUCA,S,73731437103
7500,PUCA,XL,73731437104
7500,PUCA,XS,73731437105
7050,PUCA,2XL,73731437113
7050,PUCA,3XL,73731437114
7050,PUCA,L,73731437115
7050,PUCA,M,73731437116
7050,PUCA,S,73731437117
7050,PUCA,XL,73731437118
7050,PUCA,XS,73731437119
7871,TBCA,2XL,73731437127
7871,TBCA,3XL,73731437128
7871,TBCA,L,73731437129
7871,TBCA,M,73731437130
7871,TBCA,S,73731437131
7871,TBCA,XL,73731437132
7871,TBCA,XS,73731437133
7871,ACMA,2XL,73731437134
7871,ACMA,3XL,73731437135
7871,ACMA,L,73731437136
7871,ACMA,M,73731437137
7871,ACMA,S,73731437138
7871,ACMA,XL,73731437139
7871,ACMA,XS,73731437140
7852,BEHL,2XL,73731437141
7852,BEHL,3XL,73731437142
7852,BEHL,L,73731437143
7852,BEHL,M,73731437144
7852,BEHL,S,73731437145
7852,BEHL,XL,73731437146
7852,BEHL,XS,73731437147
7851,MUCL,2XL,73731437148
7851,MUCL,3XL,73731437149
7851,MUCL,L,73731437150
7851,MUCL,M,73731437151
7851,MUCL,S,73731437152
7851,MUCL,XL,73731437153
7851,MUCL,XS,73731437154
7851,MKDU,2XL,73731437155
7851,MKDU,3XL,73731437156
7851,MKDU,L,73731437157
7851,MKDU,M,73731437158
7851,MKDU,S,73731437159
7851,MKDU,XL,73731437160
7851,MKDU,XS,73731437161
7990,BUBB,2XL,73731437162
7990,BUBB,3XL,73731437163
7990,BUBB,L,73731437164
7990,BUBB,M,73731437165
7990,BUBB,S,73731437166
7990,BUBB,XL,73731437167
7990,BUBB,XS,73731437168
7881,DALO,2XL,73731437169
7881,DALO,3XL,73731437170
7881,DALO,L,73731437171
7881,DALO,M,73731437172
7881,DALO,S,73731437173
7881,DALO,XL,73731437174
7881,DALO,XS,73731437175
7881,MKIL,2XL,73731437176
7881,MKIL,3XL,73731437177
7881,MKIL,L,73731437178
7881,MKIL,M,73731437179
7881,MKIL,S,73731437180
7881,MKIL,XL,73731437181
7881,MKIL,XS,73731437182
7861,PHEA,2XL,73731437183
7861,PHEA,3XL,73731437184
7861,PHEA,L,73731437185
7861,PHEA,M,73731437186
7861,PHEA,S,73731437187
7861,PHEA,XL,73731437188
7861,PHEA,XS,73731437189
7990,SOMS,2XL,73731437190
7990,SOMS,3XL,73731437191
7990,SOMS,L,73731437192
7990,SOMS,M,73731437193
7990,SOMS,S,73731437194
7990,SOMS,XL,73731437195
7990,SOMS,XS,73731437196
7960,LACB,2XL,73731437197
7960,LACB,3XL,73731437198
7960,LACB,L,73731437199
7960,LACB,M,73731437200
7960,LACB,S,73731437201
7960,LACB,XL,73731437202
7960,LACB,XS,73731437203
7951,CIDO,2XL,73731437204
7951,CIDO,3XL,73731437205
7951,CIDO,L,73731437206
7951,CIDO,M,73731437207
7951,CIDO,S,73731437208
7951,CIDO,XL,73731437209
7951,CIDO,XS,73731437210
7851,BAMO,2XL,73731437211
7851,BAMO,3XL,73731437212
7851,BAMO,L,73731437213
7851,BAMO,M,73731437214
7851,BAMO,S,73731437215
7851,BAMO,XL,73731437216
7851,BAMO,XS,73731437217
7872,HKPI,2XL,73731437218
7872,HKPI,3XL,73731437219
7872,HKPI,L,73731437220
7872,HKPI,M,73731437221
7872,HKPI,S,73731437222
7872,HKPI,XL,73731437223
7872,HKPI,XS,73731437224
7852,PNUD,2XL,73731437225
7852,PNUD,3XL,73731437226
7852,PNUD,L,73731437227
7852,PNUD,M,73731437228
7852,PNUD,S,73731437229
7852,PNUD,XL,73731437230
7852,PNUD,XS,73731437231
7951,FLOG,2XL,73731437234
7951,FLOG,3XL,73731437235
7951,FLOG,L,73731437236
7951,FLOG,M,73731437237
7951,FLOG,S,73731437238
7951,FLOG,XL,73731437239
7951,FLOG,XS,73731437240
7951,FSFL,2XL,73731437241
7951,FSFL,3XL,73731437242
7951,FSFL,L,73731437243
7951,FSFL,M,73731437244
7951,FSFL,S,73731437245
7951,FSFL,XL,73731437246
7951,FSFL,XS,73731437247
97750,HEAL,2XL,73731437287
97750,HEAL,3XL,73731437288
97750,HEAL,L,73731437289
97750,HEAL,M,73731437290
97750,HEAL,S,73731437291
97750,HEAL,XL,73731437292
97750,HEAL,XS,73731437293
97752,BEEM,2XL,73731437308
97752,BEEM,3XL,73731437309
97752,BEEM,L,73731437310
97752,BEEM,M,73731437311
97752,BEEM,S,73731437312
97752,BEEM,XL,73731437313
97752,BEEM,XS,73731437314
97749,DRAG,2XL,73731437315
97749,DRAG,3XL,73731437316
97749,DRAG,L,73731437317
97749,DRAG,M,73731437318
97749,DRAG,S,73731437319
97749,DRAG,XL,73731437320
97749,DRAG,XS,73731437321
97749,SPLU,2XL,73731437359
97749,SPLU,3XL,73731437360
97749,SPLU,L,73731437361
97749,SPLU,M,73731437362
97749,SPLU,S,73731437363
97749,SPLU,XL,73731437364
97749,SPLU,XS,73731437365
97749,STAN,2XL,73731438133
97749,STAN,3XL,73731438134
97749,STAN,L,73731438135
97749,STAN,M,73731438136
97749,STAN,S,73731438137
97749,STAN,XL,73731438138
97749,STAN,XS,73731438139
97749,SYBO,XS,73731438210
97749,SYBO,2XL,73731438211
97749,SYBO,3XL,73731438212
97749,SYBO,L,73731438213
97749,SYBO,M,73731438214
97749,SYBO,S,73731438215
97749,SYBO,XL,73731438216
7402,WHTC,2XL,73731438224
7402,WHTC,3XL,73731438225
7402,WHTC,4XL,73731438226
7402,WHTC,5XL,73731438227
7402,WHTC,L,73731438228
7402,WHTC,M,73731438229
7402,WHTC,S,73731438230
7402,WHTC,XL,73731438231
7402,WHTC,XS,73731438232
7402,WHTC,XXS,73731438233
7501,BLKW,2XL,73731438234
7501,BLKW,3XL,73731438235
7501,BLKW,L,73731438236
7501,BLKW,M,73731438237
7501,BLKW,S,73731438238
7501,BLKW,XL,73731438239
7501,BLKW,XS,73731438240
7501,TRQ2,2XL,73731438241
7501,TRQ2,3XL,73731438242
7501,TRQ2,L,73731438243
7501,TRQ2,M,73731438244
7501,TRQ2,S,73731438245
7501,TRQ2,XL,73731438246
7501,TRQ2,XS,73731438247
7501,OLIW,2XL,73731438248
7501,OLIW,3XL,73731438249
7501,OLIW,L,73731438250
7501,OLIW,M,73731438251
7501,OLIW,S,73731438252
7501,OLIW,XL,73731438253
7501,OLIW,XS,73731438254
7501,SHPW,2XL,73731438255
7501,SHPW,3XL,73731438256
7501,SHPW,L,73731438257
7501,SHPW,M,73731438258
7501,SHPW,S,73731438259
7501,SHPW,XL,73731438260
7501,SHPW,XS,73731438261
7600,BLKW,2XL,73731438262
7600,BLKW,3XL,73731438263
7600,BLKW,L,73731438264
7600,BLKW,M,73731438265
7600,BLKW,S,73731438266
7600,BLKW,XL,73731438267
7600,BLKW,XS,73731438268
7600,WHTC,2XL,73731438269
7600,WHTC,3XL,73731438270
7600,WHTC,L,73731438271
7600,WHTC,M,73731438272
7600,WHTC,S,73731438273
7600,WHTC,XL,73731438274
7600,WHTC,XS,73731438275
7600,ROYW,2XL,73731438276
7600,ROYW,3XL,73731438277
7600,ROYW,L,73731438278
7600,ROYW,M,73731438279
7600,ROYW,S,73731438280
7600,ROYW,XL,73731438281
7600,ROYW,XS,73731438282
7600,NAVW,2XL,73731438283
7600,NAVW,3XL,73731438284
7600,NAVW,L,73731438285
7600,NAVW,M,73731438286
7600,NAVW,S,73731438287
7600,NAVW,XL,73731438288
7600,NAVW,XS,73731438289
97750,BUTS,2XL,73731438533
97750,BUTS,3XL,73731438534
97750,BUTS,L,73731438535
97750,BUTS,M,73731438536
97750,BUTS,S,73731438537
97750,BUTS,XL,73731438538
97750,BUTS,XS,73731438539
97749,CHEB,2XL,73731438547
97749,CHEB,3XL,73731438548
97749,CHEB,L,73731438549
97749,CHEB,M,73731438550
97749,CHEB,S,73731438551
97749,CHEB,XL,73731438552
97749,CHEB,XS,73731438553
97749,SULO,2XL,73731438554
97749,SULO,3XL,73731438555
97749,SULO,L,73731438556
97749,SULO,M,73731438557
97749,SULO,S,73731438558
97749,SULO,XL,73731438559
97749,SULO,XS,73731438560
97752,AMST,2XL,73731438568
97752,AMST,3XL,73731438569
97752,AMST,L,73731438570
97752,AMST,M,73731438571
97752,AMST,S,73731438572
97752,AMST,XL,73731438573
97752,AMST,XS,73731438574
97750,LOBO,2XL,73731438575
97750,LOBO,3XL,73731438576
97750,LOBO,L,73731438577
97750,LOBO,M,73731438578
97750,LOBO,S,73731438579
97750,LOBO,XL,73731438580
97750,LOBO,XS,73731438581
97752,CICI,2XL,73731438957
97752,CICI,3XL,73731438958
97752,CICI,L,73731438959
97752,CICI,M,73731438960
97752,CICI,S,73731438961
97752,CICI,XL,73731438962
97752,CICI,XS,73731438963
7905,FLWW,2XL,73731442110
7905,FLWW,3XL,73731442111
7905,FLWW,L,73731442112
7905,FLWW,M,73731442113
7905,FLWW,S,73731442114
7905,FLWW,XL,73731442115
7905,FLWW,XS,73731442116
7907,FASF,2XL,73731442117
7907,FASF,3XL,73731442118
7907,FASF,L,73731442119
7907,FASF,M,73731442120
7907,FASF,S,73731442121
7907,FASF,XL,73731442122
7907,FASF,XS,73731442123
7804,MKES,2XL,73731442131
7804,MKES,3XL,73731442132
7804,MKES,L,73731442133
7804,MKES,M,73731442134
7804,MKES,S,73731442135
7804,MKES,XL,73731442136
7804,MKES,XS,73731442137
7813,PHOJ,2XL,73731442138
7813,PHOJ,3XL,73731442139
7813,PHOJ,L,73731442140
7813,PHOJ,M,73731442141
7813,PHOJ,S,73731442142
7813,PHOJ,XL,73731442143
7813,PHOJ,XS,73731442144
7907,HRTI,2XL,73731442145
7907,HRTI,3XL,73731442146
7907,HRTI,L,73731442147
7907,HRTI,M,73731442148
7907,HRTI,S,73731442149
7907,HRTI,XL,73731442150
7907,HRTI,XS,73731442151
7907,DTOL,2XL,73731442152
7907,DTOL,3XL,73731442153
7907,DTOL,L,73731442154
7907,DTOL,M,73731442155
7907,DTOL,S,73731442156
7907,DTOL,XL,73731442157
7907,DTOL,XS,73731442158
7815,BECF,2XL,73731442159
7815,BECF,3XL,73731442160
7815,BECF,L,73731442161
7815,BECF,M,73731442162
7815,BECF,S,73731442163
7815,BECF,XL,73731442164
7815,BECF,XS,73731442165
7907,INTB,2XL,73731442166
7907,INTB,3XL,73731442167
7907,INTB,L,73731442168
7907,INTB,M,73731442169
7907,INTB,S,73731442170
7907,INTB,XL,73731442171
7907,INTB,XS,73731442172
7806,SETI,2XL,73731442173
7806,SETI,3XL,73731442174
7806,SETI,L,73731442175
7806,SETI,M,73731442176
7806,SETI,S,73731442177
7806,SETI,XL,73731442178
7806,SETI,XS,73731442179
7813,MNWT,2XL,73731442180
7813,MNWT,3XL,73731442181
7813,MNWT,L,73731442182
7813,MNWT,M,73731442183
7813,MNWT,S,73731442184
7813,MNWT,XL,73731442185
7813,MNWT,XS,73731442186
7700,BUSP,2XL,73731442187
7700,BUSP,3XL,73731442188
7700,BUSP,L,73731442189
7700,BUSP,M,73731442190
7700,BUSP,S,73731442191
7700,BUSP,XL,73731442192
7700,BUSP,XS,73731442193
7700,KIWC,2XL,73731442194
7700,KIWC,3XL,73731442195
7700,KIWC,L,73731442196
7700,KIWC,M,73731442197
7700,KIWC,S,73731442198
7700,KIWC,XL,73731442199
7700,KIWC,XS,73731442200
7000,BUSP,2XL,73731442201
7000,BUSP,3XL,73731442202
7000,BUSP,L,73731442203
7000,BUSP,M,73731442204
7000,BUSP,S,73731442205
7000,BUSP,XL,73731442206
7000,BUSP,XS,73731442207
7000,KIWC,2XL,73731442208
7000,KIWC,3XL,73731442209
7000,KIWC,L,73731442210
7000,KIWC,M,73731442211
7000,KIWC,S,73731442212
7000,KIWC,XL,73731442213
7000,KIWC,XS,73731442214
7906,SQIB,2XL,73731442215
7906,SQIB,3XL,73731442216
7906,SQIB,L,73731442217
7906,SQIB,M,73731442218
7906,SQIB,S,73731442219
7906,SQIB,XL,73731442220
7906,SQIB,XS,73731442221
7803,TBOP,2XL,73731442229
7803,TBOP,3XL,73731442230
7803,TBOP,L,73731442231
7803,TBOP,M,73731442232
7803,TBOP,S,73731442233
7803,TBOP,XL,73731442234
7803,TBOP,XS,73731442235
7803,ALAD,2XL,73731442236
7803,ALAD,3XL,73731442237
7803,ALAD,L,73731442238
7803,ALAD,M,73731442239
7803,ALAD,S,73731442240
7803,ALAD,XL,73731442241
7803,ALAD,XS,73731442242
7904,VBBO,2XL,73731442243
7904,VBBO,3XL,73731442244
7904,VBBO,L,73731442245
7904,VBBO,M,73731442246
7904,VBBO,S,73731442247
7904,VBBO,XL,73731442248
7904,VBBO,XS,73731442249
7904,LBUB,2XL,73731442250
7904,LBUB,3XL,73731442251
7904,LBUB,L,73731442252
7904,LBUB,M,73731442253
7904,LBUB,S,73731442254
7904,LBUB,XL,73731442255
7904,LBUB,XS,73731442256
7904,LIBU,2XL,73731442257
7904,LIBU,3XL,73731442258
7904,LIBU,L,73731442259
7904,LIBU,M,73731442260
7904,LIBU,S,73731442261
7904,LIBU,XL,73731442262
7904,LIBU,XS,73731442263
7906,QUBU,2XL,73731442264
7906,QUBU,3XL,73731442265
7906,QUBU,L,73731442266
7906,QUBU,M,73731442267
7906,QUBU,S,73731442268
7906,QUBU,XL,73731442269
7906,QUBU,XS,73731442270
7812,BAEZ,2XL,73731442271
7812,BAEZ,3XL,73731442272
7812,BAEZ,L,73731442273
7812,BAEZ,M,73731442274
7812,BAEZ,S,73731442275
7812,BAEZ,XL,73731442276
7812,BAEZ,XS,73731442277
7805,HKIH,2XL,73731442278
7805,HKIH,3XL,73731442279
7805,HKIH,L,73731442280
7805,HKIH,M,73731442281
7805,HKIH,S,73731442282
7805,HKIH,XL,73731442283
7805,HKIH,XS,73731442284
7905,LOVP,2XL,73731443397
7905,LOVP,3XL,73731443398
7905,LOVP,L,73731443399
7905,LOVP,M,73731443400
7905,LOVP,S,73731443401
7905,LOVP,XL,73731443402
7905,LOVP,XS,73731443403
7812,LAPU,2XL,73731443404
7812,LAPU,3XL,73731443405
7812,LAPU,L,73731443406
7812,LAPU,M,73731443407
7812,LAPU,S,73731443408
7812,LAPU,XL,73731443409
7812,LAPU,XS,73731443410
97749,BFSS,2XL,73731443497
97749,BFSS,3XL,73731443498
97749,BFSS,L,73731443499
97749,BFSS,M,73731443500
97749,BFSS,S,73731443501
97749,BFSS,XL,73731443502
97749,BFSS,XS,73731443503
97750,TRGE,2XL,73731443504
97750,TRGE,3XL,73731443505
97750,TRGE,L,73731443506
97750,TRGE,M,73731443507
97750,TRGE,S,73731443508
97750,TRGE,XL,73731443509
97750,TRGE,XS,73731443510
97750,CRDT,2XL,73731443511
97750,CRDT,3XL,73731443512
97750,CRDT,L,73731443513
97750,CRDT,M,73731443514
97750,CRDT,S,73731443515
97750,CRDT,XL,73731443516
97750,CRDT,XS,73731443517
97750,PANT,2XL,73731443518
97750,PANT,3XL,73731443519
97750,PANT,L,73731443520
97750,PANT,M,73731443521
97750,PANT,S,73731443522
97750,PANT,XL,73731443523
97750,PANT,XS,73731443524
97750,ARFL,2XL,73731443525
97750,ARFL,3XL,73731443526
97750,ARFL,L,73731443527
97750,ARFL,M,73731443528
97750,ARFL,S,73731443529
97750,ARFL,XL,73731443530
97750,ARFL,XS,73731443531
97750,PATL,2XL,73731443532
97750,PATL,3XL,73731443533
97750,PATL,L,73731443534
97750,PATL,M,73731443535
97750,PATL,S,73731443536
97750,PATL,XL,73731443537
97750,PATL,XS,73731443538
97750,APPF,2XL,73731443539
97750,APPF,3XL,73731443540
97750,APPF,L,73731443541
97750,APPF,M,73731443542
97750,APPF,S,73731443543
97750,APPF,XL,73731443544
97750,APPF,XS,73731443545
97750,SPHK,2XL,73731443546
97750,SPHK,3XL,73731443547
97750,SPHK,L,73731443548
97750,SPHK,M,73731443549
97750,SPHK,S,73731443550
97750,SPHK,XL,73731443551
97750,SPHK,XS,73731443552
97750,DZZL,2XL,73731443553
97750,DZZL,3XL,73731443554
97750,DZZL,L,73731443555
97750,DZZL,M,73731443556
97750,DZZL,S,73731443557
97750,DZZL,XL,73731443558
97750,DZZL,XS,73731443559
97750,FRIB,2XL,73731443560
97750,FRIB,3XL,73731443561
97750,FRIB,L,73731443562
97750,FRIB,M,73731443563
97750,FRIB,S,73731443564
97750,FRIB,XL,73731443565
97750,FRIB,XS,73731443566
97752,CASF,2XL,73731443847
97752,CASF,3XL,73731443848
97752,CASF,L,73731443849
97752,CASF,M,73731443850
97752,CASF,S,73731443851
97752,CASF,XL,73731443852
97752,CASF,XS,73731443853
7806,MDMD,2XL,73731443854
7806,MDMD,3XL,73731443855
7806,MDMD,L,73731443856
7806,MDMD,M,73731443857
7806,MDMD,S,73731443858
7806,MDMD,XL,73731443859
7806,MDMD,XS,73731443860
97749,FPAR,2XL,73731443861
97749,FPAR,3XL,73731443862
97749,FPAR,L,73731443863
97749,FPAR,M,73731443864
97749,FPAR,S,73731443865
97749,FPAR,XL,73731443866
97749,FPAR,XS,73731443867
7905,CRCF,2XL,73731445506
7905,CRCF,3XL,73731445507
7905,CRCF,L,73731445508
7905,CRCF,M,73731445509
7905,CRCF,S,73731445510
7905,CRCF,XL,73731445511
7905,CRCF,XS,73731445512
7905,PZCE,2XL,73731445513
7905,PZCE,3XL,73731445514
7905,PZCE,L,73731445515
7905,PZCE,M,73731445516
7905,PZCE,S,73731445517
7905,PZCE,XL,73731445518
7905,PZCE,XS,73731445519
7907,BFSH,2XL,73731445520
7907,BFSH,3XL,73731445521
7907,BFSH,L,73731445522
7907,BFSH,M,73731445523
7907,BFSH,S,73731445524
7907,BFSH,XL,73731445525
7907,BFSH,XS,73731445526
7904,BBBL,2XL,73731445527
7904,BBBL,3XL,73731445528
7904,BBBL,L,73731445529
7904,BBBL,M,73731445530
7904,BBBL,S,73731445531
7904,BBBL,XL,73731445532
7904,BBBL,XS,73731445533
7813,MNLO,2XL,73731445534
7813,MNLO,3XL,73731445535
7813,MNLO,L,73731445536
7813,MNLO,M,73731445537
7813,MNLO,S,73731445538
7813,MNLO,XL,73731445539
7813,MNLO,XS,73731445540
7804,ACMR,2XL,73731445541
7804,ACMR,3XL,73731445542
7804,ACMR,L,73731445543
7804,ACMR,M,73731445544
7804,ACMR,S,73731445545
7804,ACMR,XL,73731445546
7804,ACMR,XS,73731445547
7804,SNIM,2XL,73731445548
7804,SNIM,3XL,73731445549
7804,SNIM,L,73731445550
7804,SNIM,M,73731445551
7804,SNIM,S,73731445552
7804,SNIM,XL,73731445553
7804,SNIM,XS,73731445554
7804,TBEE,2XL,73731445555
7804,TBEE,3XL,73731445556
7804,TBEE,L,73731445557
7804,TBEE,M,73731445558
7804,TBEE,S,73731445559
7804,TBEE,XL,73731445560
7804,TBEE,XS,73731445561
7001,PWWC,L,73731445562
7001,PWWC,M,73731445563
7001,PWWC,S,73731445564
7001,PWWC,XL,73731445565
7001,PWWC,XS,73731445566
7001,PWWC,2XL,73731445567
7001,CAWC,L,73731445568
7001,CAWC,M,73731445569
7001,CAWC,S,73731445570
7001,CAWC,XL,73731445571
7001,CAWC,XS,73731445572
7001,CAWC,2XL,73731445573
7701,PWWC,2XL,73731445574
7701,PWWC,3XL,73731445575
7701,PWWC,L,73731445576
7701,PWWC,M,73731445577
7701,PWWC,S,73731445578
7701,PWWC,XL,73731445579
7701,PWWC,XS,73731445580
7701,CAWC,2XL,73731445581
7701,CAWC,3XL,73731445582
7701,CAWC,L,73731445583
7701,CAWC,M,73731445584
7701,CAWC,S,73731445585
7701,CAWC,XL,73731445586
7701,CAWC,XS,73731445587
7904,PABO,2XL,73731446599
7904,PABO,3XL,73731446600
7904,PABO,L,73731446601
7904,PABO,M,73731446602
7904,PABO,S,73731446603
7904,PABO,XL,73731446604
7904,PABO,XS,73731446605
7905,BBBL,2XL,73731449981
7905,BBBL,3XL,73731449982
7905,BBBL,L,73731449983
7905,BBBL,M,73731449984
7905,BBBL,S,73731449985
7905,BBBL,XL,73731449986
7905,BBBL,XS,73731449987
7905,WOSC,2XL,73731449988
7905,WOSC,3XL,73731449989
7905,WOSC,L,73731449990
7905,WOSC,M,73731449991
7905,WOSC,S,73731449992
7905,WOSC,XL,73731449993
7905,WOSC,XS,73731449994
7813,MKMY,2XL,73731449995
7813,MKMY,3XL,73731449996
7813,MKMY,L,73731449997
7813,MKMY,M,73731449998
7813,MKMY,S,73731449999
7813,MKMY,XL,73731450000
7813,MKMY,XS,73731450001
7806,SWGR,2XL,73731450002
7806,SWGR,3XL,73731450003
7806,SWGR,L,73731450004
7806,SWGR,M,73731450005
7806,SWGR,S,73731450006
7806,SWGR,XL,73731450007
7806,SWGR,XS,73731450008
7806,BETU,2XL,73731450009
7806,BETU,3XL,73731450010
7806,BETU,L,73731450011
7806,BETU,M,73731450012
7806,BETU,S,73731450013
7806,BETU,XL,73731450014
7806,BETU,XS,73731450015
7803,PHJB,2XL,73731450016
7803,PHJB,3XL,73731450017
7803,PHJB,L,73731450018
7803,PHJB,M,73731450019
7803,PHJB,S,73731450020
7803,PHJB,XL,73731450021
7803,PHJB,XS,73731450022
7907,DTOS,2XL,73731450023
7907,DTOS,3XL,73731450024
7907,DTOS,L,73731450025
7907,DTOS,M,73731450026
7907,DTOS,S,73731450027
7907,DTOS,XL,73731450028
7907,DTOS,XS,73731450029
7907,VVFL,2XL,73731450030
7907,VVFL,3XL,73731450031
7907,VVFL,L,73731450032
7907,VVFL,M,73731450033
7907,VVFL,S,73731450034
7907,VVFL,XL,73731450035
7907,VVFL,XS,73731450036
7904,MTMO,2XL,73731450037
7904,MTMO,3XL,73731450038
7904,MTMO,L,73731450039
7904,MTMO,M,73731450040
7904,MTMO,S,73731450041
7904,MTMO,XL,73731450042
7904,MTMO,XS,73731450043
7905,STLE,2XL,73731450044
7905,STLE,3XL,73731450045
7905,STLE,L,73731450046
7905,STLE,M,73731450047
7905,STLE,S,73731450048
7905,STLE,XL,73731450049
7905,STLE,XS,73731450050
7804,MNNG,2XL,73731450051
7804,MNNG,3XL,73731450052
7804,MNNG,L,73731450053
7804,MNNG,M,73731450054
7804,MNNG,S,73731450055
7804,MNNG,XL,73731450056
7804,MNNG,XS,73731450057
7804,BARG,2XL,73731450058
7804,BARG,3XL,73731450059
7804,BARG,L,73731450060
7804,BARG,M,73731450061
7804,BARG,S,73731450062
7804,BARG,XL,73731450063
7804,BARG,XS,73731450064
7806,SECO,2XL,73731450065
7806,SECO,3XL,73731450066
7806,SECO,L,73731450067
7806,SECO,M,73731450068
7806,SECO,S,73731450069
7806,SECO,XL,73731450070
7806,SECO,XS,73731450071
7815,PNAN,2XL,73731450072
7815,PNAN,3XL,73731450073
7815,PNAN,L,73731450074
7815,PNAN,M,73731450075
7815,PNAN,S,73731450076
7815,PNAN,XL,73731450077
7815,PNAN,XS,73731450078
7905,SYNI,2XL,73731450088
7905,SYNI,3XL,73731450089
7905,SYNI,L,73731450090
7905,SYNI,M,73731450091
7905,SYNI,S,73731450092
7905,SYNI,XL,73731450093
7905,SYNI,XS,73731450094
7905,PBON,2XL,73731450095
7905,PBON,3XL,73731450096
7905,PBON,L,73731450097
7905,PBON,M,73731450098
7905,PBON,S,73731450099
7905,PBON,XL,73731450100
7905,PBON,XS,73731450101
7815,HKIK,2XL,73731450102
7815,HKIK,3XL,73731450103
7815,HKIK,L,73731450104
7815,HKIK,M,73731450105
7815,HKIK,S,73731450106
7815,HKIK,XL,73731450107
7815,HKIK,XS,73731450108
7701,VPWC,2XL,73731450109
7701,VPWC,3XL,73731450110
7701,VPWC,L,73731450111
7701,VPWC,M,73731450112
7701,VPWC,S,73731450113
7701,VPWC,XL,73731450114
7701,VPWC,XS,73731450115
7701,TRWC,2XL,73731450116
7701,TRWC,3XL,73731450117
7701,TRWC,L,73731450118
7701,TRWC,M,73731450119
7701,TRWC,S,73731450120
7701,TRWC,XL,73731450121
7701,TRWC,XS,73731450122
7001,VPWC,2XL,73731450123
7001,VPWC,L,73731450124
7001,VPWC,M,73731450125
7001,VPWC,S,73731450126
7001,VPWC,XL,73731450127
7001,VPWC,XS,73731450128
7001,TRWC,2XL,73731450129
7001,TRWC,L,73731450130
7001,TRWC,M,73731450131
7001,TRWC,S,73731450132
7001,TRWC,XL,73731450133
7001,TRWC,XS,73731450134
7904,WIWO,2XL,73731450135
7904,WIWO,3XL,73731450136
7904,WIWO,L,73731450137
7904,WIWO,M,73731450138
7904,WIWO,S,73731450139
7904,WIWO,XL,73731450140
7904,WIWO,XS,73731450141
7906,PGOO,2XL,73731450142
7906,PGOO,3XL,73731450143
7906,PGOO,L,73731450144
7906,PGOO,M,73731450145
7906,PGOO,S,73731450146
7906,PGOO,XL,73731450147
7906,PGOO,XS,73731450148
7806,HKAT,2XL,73731450149
7806,HKAT,3XL,73731450150
7806,HKAT,L,73731450151
7806,HKAT,M,73731450152
7806,HKAT,S,73731450153
7806,HKAT,XL,73731450154
7806,HKAT,XS,73731450155
7806,RUON,2XL,73731450156
7806,RUON,3XL,73731450157
7806,RUON,L,73731450158
7806,RUON,M,73731450159
7806,RUON,S,73731450160
7806,RUON,XL,73731450161
7806,RUON,XS,73731450162
7806,SEMA,2XL,73731450163
7806,SEMA,3XL,73731450164
7806,SEMA,L,73731450165
7806,SEMA,M,73731450166
7806,SEMA,S,73731450167
7806,SEMA,XL,73731450168
7806,SEMA,XS,73731450169
7804,TBCC,2XL,73731450170
7804,TBCC,3XL,73731450171
7804,TBCC,L,73731450172
7804,TBCC,M,73731450173
7804,TBCC,S,73731450174
7804,TBCC,XL,73731450175
7804,TBCC,XS,73731450176
7905,CHRG,2XL,73731450177
7905,CHRG,3XL,73731450178
7905,CHRG,L,73731450179
7905,CHRG,M,73731450180
7905,CHRG,S,73731450181
7905,CHRG,XL,73731450182
7905,CHRG,XS,73731450183
97750,BUME,2XL,73731450581
97750,BUME,3XL,73731450582
97750,BUME,L,73731450583
97750,BUME,M,73731450584
97750,BUME,S,73731450585
97750,BUME,XL,73731450586
97750,BUME,XS,73731450587
97749,LVFE,2XL,73731450595
97749,LVFE,3XL,73731450596
97749,LVFE,L,73731450597
97749,LVFE,M,73731450598
97749,LVFE,S,73731450599
97749,LVFE,XL,73731450600
97749,LVFE,XS,73731450601
97750,LVFE,2XL,73731450901
97750,LVFE,3XL,73731450902
97750,LVFE,L,73731450903
97750,LVFE,M,73731450904
97750,LVFE,S,73731450905
97750,LVFE,XL,73731450906
97750,LVFE,XS,73731450907
7815,BEIT,2XL,73731451017
7815,BEIT,3XL,73731451018
7815,BEIT,L,73731451019
7815,BEIT,M,73731451020
7815,BEIT,S,73731451021
7815,BEIT,XL,73731451022
7815,BEIT,XS,73731451023
7813C9,MKMY,ASST,73731451040
97750,RMBT,2XL,73731451333
97750,RMBT,3XL,73731451334
97750,RMBT,L,73731451335
97750,RMBT,M,73731451336
97750,RMBT,S,73731451337
97750,RMBT,XL,73731451358
97750,RMBT,XS,73731451359
97750,FSUG,2XL,73731451360
97750,FSUG,3XL,73731451361
97750,FSUG,L,73731451362
97750,FSUG,M,73731451363
97750,FSUG,S,73731451364
97750,FSUG,XL,73731451365
97750,FSUG,XS,73731451366
97750,HASE,2XL,73731452371
97750,HASE,3XL,73731452372
97750,HASE,L,73731452373
97750,HASE,M,73731452374
97750,HASE,S,73731452375
97750,HASE,XL,73731452376
97750,HASE,XS,73731452377
97849,ZSTL,2XL,73731452502
97849,ZSTL,3XL,73731452503
97849,ZSTL,L,73731452504
97849,ZSTL,M,73731452505
97849,ZSTL,S,73731452506
97849,ZSTL,XL,73731452507
97849,ZSTL,XS,73731452508
97849,JAST,2XL,73731452509
97849,JAST,3XL,73731452510
97849,JAST,L,73731452511
97849,JAST,M,73731452512
97849,JAST,S,73731452513
97849,JAST,XL,73731452514
97849,JAST,XS,73731452515
97849,MIST,2XL,73731452516
97849,MIST,3XL,73731452517
97849,MIST,L,73731452518
97849,MIST,M,73731452519
97849,MIST,S,73731452520
97849,MIST,XL,73731452521
97849,MIST,XS,73731452522
97849,MLTL,2XL,73731452523
97849,MLTL,3XL,73731452524
97849,MLTL,L,73731452525
97849,MLTL,M,73731452526
97849,MLTL,S,73731452527
97849,MLTL,XL,73731452528
97849,MLTL,XS,73731452529
97130,ZSTL,2XL,73731452530
97130,ZSTL,3XL,73731452531
97130,ZSTL,L,73731452532
97130,ZSTL,M,73731452533
97130,ZSTL,S,73731452534
97130,ZSTL,XL,73731452535
97130,ZSTL,XS,73731452536
97130,JAST,2XL,73731452537
97130,JAST,3XL,73731452538
97130,JAST,L,73731452539
97130,JAST,M,73731452540
97130,JAST,S,73731452541
97130,JAST,XL,73731452542
97130,JAST,XS,73731452543
97130,MLTL,2XL,73731452544
97130,MLTL,3XL,73731452545
97130,MLTL,L,73731452546
97130,MLTL,M,73731452547
97130,MLTL,S,73731452548
97130,MLTL,XL,73731452549
97130,MLTL,XS,73731452550
97130,MIST,2XL,73731452551
97130,MIST,3XL,73731452552
97130,MIST,L,73731452553
97130,MIST,M,73731452554
97130,MIST,S,73731452555
97130,MIST,XL,73731452556
97130,MIST,XS,73731452557
97750,GPZZ,2XL,73731453887
97750,GPZZ,3XL,73731453888
97750,GPZZ,L,73731453889
97750,GPZZ,M,73731453890
97750,GPZZ,S,73731453891
97750,GPZZ,XL,73731453892
97750,GPZZ,XS,73731453893
97750,DFBU,2XL,73731453901
97750,DFBU,3XL,73731453902
97750,DFBU,L,73731453903
97750,DFBU,M,73731453904
97750,DFBU,S,73731453905
97750,DFBU,XL,73731453906
97750,DFBU,XS,73731453907
97750,ECHB,2XL,73731453908
97750,ECHB,3XL,73731453909
97750,ECHB,L,73731453910
97750,ECHB,M,73731453911
97750,ECHB,S,73731453912
97750,ECHB,XL,73731453913
97750,ECHB,XS,73731453914
97749,LYOU,2XL,73731453929
97749,LYOU,3XL,73731453930
97749,LYOU,L,73731453931
97749,LYOU,M,73731453932
97749,LYOU,S,73731453933
97749,LYOU,XL,73731453934
97749,LYOU,XS,73731453935
97750,FYGA,2XL,73731454137
97750,FYGA,3XL,73731454138
97750,FYGA,L,73731454139
97750,FYGA,M,73731454140
97750,FYGA,S,73731454141
97750,FYGA,XL,73731454142
97750,FYGA,XS,73731454143
97750,CAGO,2XL,73731454144
97750,CAGO,3XL,73731454145
97750,CAGO,L,73731454146
97750,CAGO,M,73731454147
97750,CAGO,S,73731454148
97750,CAGO,XL,73731454149
97750,CAGO,XS,73731454150
97750,JUSA,2XL,73731454151
97750,JUSA,3XL,73731454152
97750,JUSA,L,73731454153
97750,JUSA,M,73731454154
97750,JUSA,S,73731454155
97750,JUSA,XL,73731454156
97750,JUSA,XS,73731454157
97750,IMNA,2XL,73731454158
97750,IMNA,3XL,73731454159
97750,IMNA,L,73731454160
97750,IMNA,M,73731454161
97750,IMNA,S,73731454162
97750,IMNA,XL,73731454163
97750,IMNA,XS,73731454164
97749,BISO,2XL,73731454200
97749,BISO,3XL,73731454201
97749,BISO,L,73731454202
97749,BISO,M,73731454203
97749,BISO,S,73731454204
97749,BISO,XL,73731454205
97749,BISO,XS,73731454206
7500,RURD,2XL,73731454782
7500,RURD,3XL,73731454783
7500,RURD,L,73731454787
7500,RURD,M,73731454788
7500,RURD,S,73731454789
7500,RURD,XL,73731454790
7500,RURD,XS,73731455112
7050,RURD,2XL,73731455972
7050,RURD,3XL,73731455998
7050,RURD,L,73731455999
7050,RURD,M,73731456000
7050,RURD,S,73731456018
7050,RURD,XL,73731456019
7050,RURD,XS,73731456020
97750,ONHR,2XL,73731456435
97750,ONHR,3XL,73731456436
97750,ONHR,L,73731456437
97750,ONHR,M,73731456438
97750,ONHR,S,73731456439
97750,ONHR,XL,73731456440
97750,ONHR,XS,73731456441
97750,CICI,2XL,73731456456
97750,CICI,3XL,73731456457
97750,CICI,L,73731456458
97750,CICI,M,73731456459
97750,CICI,S,73731456460
97750,CICI,XL,73731456461
97750,CICI,XS,73731456462
97750,LVGO,2XL,73731456463
97750,LVGO,3XL,73731456464
97750,LVGO,L,73731456465
97750,LVGO,M,73731456466
97750,LVGO,S,73731456467
97750,LVGO,XL,73731456468
97750,LVGO,XS,73731456469
97750,DTCR,2XL,73731456632
97750,DTCR,3XL,73731456633
97750,DTCR,L,73731456634
97750,DTCR,M,73731456635
97750,DTCR,S,73731456636
97750,DTCR,XL,73731456637
97750,DTCR,XS,73731456638
97750,GEGL,2XL,73731456680
97750,GEGL,3XL,73731456681
97750,GEGL,L,73731456682
97750,GEGL,M,73731456683
97750,GEGL,S,73731456684
97750,GEGL,XL,73731456685
97750,GEGL,XS,73731456686
97749,NAIN,2XL,73731456701
97749,NAIN,3XL,73731456702
97749,NAIN,L,73731456703
97749,NAIN,M,73731456704
97749,NAIN,S,73731456705
97749,NAIN,XL,73731456706
97749,NAIN,XS,73731456707
97749,STGO,2XL,73731456708
97749,STGO,3XL,73731456709
97749,STGO,L,73731456710
97749,STGO,M,73731456711
97749,STGO,S,73731456712
97749,STGO,XL,73731456713
97749,STGO,XS,73731456714
97750,LVER,2XL,73731456715
97750,LVER,3XL,73731456716
97750,LVER,L,73731456717
97750,LVER,M,73731456718
97750,LVER,S,73731456719
97750,LVER,XL,73731456720
97750,LVER,XS,73731456721
7806,LTPE,2XL,73731456729
7806,LTPE,3XL,73731456730
7806,LTPE,L,73731456731
7806,LTPE,M,73731456732
7806,LTPE,S,73731456733
7806,LTPE,XL,73731456734
7806,LTPE,XS,73731456735
7904,KTOM,2XL,73731456736
7904,KTOM,3XL,73731456737
7904,KTOM,L,73731456738
7904,KTOM,M,73731456739
7904,KTOM,S,73731456740
7904,KTOM,XL,73731456741
7904,KTOM,XS,73731456742
7905,EEEA,2XL,73731456743
7905,EEEA,3XL,73731456744
7905,EEEA,L,73731456745
7905,EEEA,M,73731456746
7905,EEEA,S,73731456747
7905,EEEA,XL,73731456748
7905,EEEA,XS,73731456749
7905,GOMT,2XL,73731456750
7905,GOMT,3XL,73731456751
7905,GOMT,L,73731456752
7905,GOMT,M,73731456753
7905,GOMT,S,73731456754
7905,GOMT,XL,73731456755
7905,GOMT,XS,73731456756
7815,PNAM,2XL,73731456757
7815,PNAM,3XL,73731456758
7815,PNAM,L,73731456759
7815,PNAM,M,73731456760
7815,PNAM,S,73731456761
7815,PNAM,XL,73731456762
7815,PNAM,XS,73731456763
7905,GEOP,2XL,73731456764
7905,GEOP,3XL,73731456765
7905,GEOP,L,73731456766
7905,GEOP,M,73731456767
7905,GEOP,S,73731456768
7905,GEOP,XL,73731456769
7905,GEOP,XS,73731456770
7905,SOAV,2XL,73731456771
7905,SOAV,3XL,73731456772
7905,SOAV,L,73731456773
7905,SOAV,M,73731456774
7905,SOAV,S,73731456775
7905,SOAV,XL,73731456776
7905,SOAV,XS,73731456777
7905,BOBY,2XL,73731456778
7905,BOBY,3XL,73731456779
7905,BOBY,L,73731456780
7905,BOBY,M,73731456781
7905,BOBY,S,73731456782
7905,BOBY,XL,73731456783
7905,BOBY,XS,73731456784
7907,STGL,2XL,73731456785
7907,STGL,3XL,73731456786
7907,STGL,L,73731456787
7907,STGL,M,73731456788
7907,STGL,S,73731456789
7907,STGL,XL,73731456790
7907,STGL,XS,73731456791
7907,STIG,2XL,73731456792
7907,STIG,3XL,73731456793
7907,STIG,L,73731456794
7907,STIG,M,73731456795
7907,STIG,S,73731456796
7907,STIG,XL,73731456797
7907,STIG,XS,73731456798
7907,DCRA,2XL,73731456799
7907,DCRA,3XL,73731456800
7907,DCRA,L,73731456801
7907,DCRA,M,73731456802
7907,DCRA,S,73731456803
7907,DCRA,XL,73731456804
7907,DCRA,XS,73731456805
7813,ACMM,2XL,73731456813
7813,ACMM,3XL,73731456814
7813,ACMM,L,73731456815
7813,ACMM,M,73731456816
7813,ACMM,S,73731456817
7813,ACMM,XL,73731456818
7813,ACMM,XS,73731456819
7804,SNNA,2XL,73731456820
7804,SNNA,3XL,73731456821
7804,SNNA,L,73731456822
7804,SNNA,M,73731456823
7804,SNNA,S,73731456824
7804,SNNA,XL,73731456825
7804,SNNA,XS,73731456826
7806,BEMF,2XL,73731456827
7806,BEMF,3XL,73731456828
7806,BEMF,L,73731456829
7806,BEMF,M,73731456830
7806,BEMF,S,73731456831
7806,BEMF,XL,73731456832
7806,BEMF,XS,73731456833
7904,FLTP,2XL,73731456834
7904,FLTP,3XL,73731456835
7904,FLTP,L,73731456836
7904,FLTP,M,73731456837
7904,FLTP,S,73731456838
7904,FLTP,XL,73731456839
7904,FLTP,XS,73731456840
7803,BANC,2XL,73731456841
7803,BANC,3XL,73731456842
7803,BANC,L,73731456843
7803,BANC,M,73731456844
7803,BANC,S,73731456845
7803,BANC,XL,73731456846
7803,BANC,XS,73731456847
7805,LTTS,2XL,73731456848
7805,LTTS,3XL,73731456849
7805,LTTS,L,73731456850
7805,LTTS,M,73731456851
7805,LTTS,S,73731456852
7805,LTTS,XL,73731456853
7805,LTTS,XS,73731456854
7814,SERO,2XL,73731456855
7814,SERO,3XL,73731456856
7814,SERO,L,73731456857
7814,SERO,M,73731456858
7814,SERO,S,73731456859
7814,SERO,XL,73731456860
7814,SERO,XS,73731456861
7904,BUCH,2XL,73731456862
7904,BUCH,3XL,73731456863
7904,BUCH,L,73731456864
7904,BUCH,M,73731456865
7904,BUCH,S,73731456866
7904,BUCH,XL,73731456867
7904,BUCH,XS,73731456868
7904,FLDL,2XL,73731456870
7904,FLDL,3XL,73731456871
7904,FLDL,L,73731456872
7904,FLDL,M,73731456873
7904,FLDL,S,73731456874
7904,FLDL,XL,73731456875
7904,FLDL,XS,73731456876
7803,MNWM,2XL,73731456877
7803,MNWM,3XL,73731456878
7803,MNWM,L,73731456879
7803,MNWM,M,73731456881
7803,MNWM,S,73731456882
7803,MNWM,XL,73731456883
7803,MNWM,XS,73731456884
7803,PHFU,2XL,73731456885
7803,PHFU,3XL,73731456886
7803,PHFU,L,73731456887
7803,PHFU,M,73731456888
7803,PHFU,S,73731456889
7803,PHFU,XL,73731456890
7803,PHFU,XS,73731456891
7806,HKHE,2XL,73731456892
7806,HKHE,3XL,73731456893
7806,HKHE,L,73731456894
7806,HKHE,M,73731456895
7806,HKHE,S,73731456896
7806,HKHE,XL,73731456897
7806,HKHE,XS,73731456898
7812,TBSH,2XL,73731456899
7812,TBSH,3XL,73731456900
7812,TBSH,L,73731456901
7812,TBSH,M,73731456902
7812,TBSH,S,73731456903
7812,TBSH,XL,73731456904
7812,TBSH,XS,73731456905
7702,GRAN,2XL,73731456915
7702,GRAN,3XL,73731456916
7702,GRAN,L,73731456917
7702,GRAN,M,73731456918
7702,GRAN,S,73731456919
7702,GRAN,XL,73731456920
7702,GRAN,XS,73731456921
7702,KKWC,2XL,73731456922
7702,KKWC,3XL,73731456923
7702,KKWC,L,73731456924
7702,KKWC,M,73731456925
7702,KKWC,S,73731456926
7702,KKWC,XL,73731456927
7702,KKWC,XS,73731456928
7002,KKWC,2XL,73731456929
7002,KKWC,L,73731456930
7002,KKWC,M,73731456931
7002,KKWC,S,73731456932
7002,KKWC,XL,73731456933
7002,KKWC,XS,73731456934
7002,GRAN,2XL,73731456935
7002,GRAN,L,73731456936
7002,GRAN,M,73731456937
7002,GRAN,S,73731456938
7002,GRAN,XL,73731456939
7002,GRAN,XS,73731456940
97752,ELBT,2XL,73731457000
97752,ELBT,3XL,73731457001
97752,ELBT,L,73731457002
97752,ELBT,M,73731457003
97752,ELBT,S,73731457004
97752,ELBT,XL,73731457005
97752,ELBT,XS,73731457006
97750,DGDN,2XL,73731457007
97750,DGDN,3XL,73731457008
97750,DGDN,L,73731457010
97750,DGDN,M,73731457011
97750,DGDN,S,73731457012
97750,DGDN,XL,73731457013
97750,DGDN,XS,73731457014
7907,TTRT,2XL,73731457129
7907,TTRT,3XL,73731457130
7907,TTRT,L,73731457131
7907,TTRT,M,73731457132
7907,TTRT,S,73731457133
7907,TTRT,XL,73731457134
7907,TTRT,XS,73731457135
2730CC16,HTNN,ASST,73731458472
97752,FUHE,2XL,73731458795
97752,FUHE,3XL,73731458796
97752,FUHE,L,73731458797
97752,FUHE,M,73731458798
97752,FUHE,S,73731458799
97752,FUHE,XL,73731458800
97752,FUHE,XS,73731458801
97749,ONHR,2XL,73731458802
97749,ONHR,3XL,73731458803
97749,ONHR,L,73731458804
97749,ONHR,M,73731458805
97749,ONHR,S,73731458806
97749,ONHR,XL,73731458807
97749,ONHR,XS,73731458808
97750,HPCR,2XL,73731458809
97750,HPCR,3XL,73731458810
97750,HPCR,L,73731458811
97750,HPCR,M,73731458812
97750,HPCR,S,73731458813
97750,HPCR,XL,73731458814
97750,HPCR,XS,73731458815
97752,DTCR,2XL,73731458816
97752,DTCR,3XL,73731458817
97752,DTCR,L,73731458818
97752,DTCR,M,73731458819
97752,DTCR,S,73731458820
97752,DTCR,XL,73731458821
97752,DTCR,XS,73731458822
97749,GEGL,2XL,73731458830
97749,GEGL,3XL,73731458831
97749,GEGL,L,73731458832
97749,GEGL,M,73731458833
97749,GEGL,S,73731458834
97749,GEGL,XL,73731458835
97749,GEGL,XS,73731458836
97752,FARD,2XL,73731458858
97752,FARD,3XL,73731458859
97752,FARD,L,73731458860
97752,FARD,M,73731458861
97752,FARD,S,73731458862
97752,FARD,XL,73731458863
97752,FARD,XS,73731458864
7816,PHOP,2XL,73731458923
7816,PHOP,3XL,73731458924
7816,PHOP,L,73731458925
7816,PHOP,M,73731458926
7816,PHOP,S,73731458927
7816,PHOP,XL,73731458928
7816,PHOP,XS,73731458929
97749,PBTR,2XL,73731459121
97749,PBTR,3XL,73731459122
97749,PBTR,L,73731459123
97749,PBTR,M,73731459124
97749,PBTR,S,73731459125
97749,PBTR,XL,73731459126
97749,PBTR,XS,73731459127
97750,DIDH,2XL,73731459135
97750,DIDH,3XL,73731459136
97750,DIDH,L,73731459137
97750,DIDH,M,73731459138
97750,DIDH,S,73731459139
97750,DIDH,XL,73731459140
97750,DIDH,XS,73731459141
97750,SUMF,2XL,73731459142
97750,SUMF,3XL,73731459143
97750,SUMF,L,73731459144
97750,SUMF,M,73731459145
97750,SUMF,S,73731459146
97750,SUMF,XL,73731459147
97750,SUMF,XS,73731459148
97749,VBFL,2XL,73731459149
97749,VBFL,3XL,73731459150
97749,VBFL,L,73731459151
97749,VBFL,M,73731459152
97749,VBFL,S,73731459153
97749,VBFL,XL,73731459154
97749,VBFL,XS,73731459155
97752,FOFR,2XL,73731459789
97752,FOFR,3XL,73731459790
97752,FOFR,L,73731459791
97752,FOFR,M,73731459792
97752,FOFR,S,73731459793
97752,FOFR,XL,73731459794
97752,FOFR,XS,73731459795
7907C9,STGL,ASST,73731460528
97132C9,SRWM,ASST,73731460647
97132C9,GSWM,ASST,73731460648
97132C9,ISWM,ASST,73731460649
97851C9,SRWM,ASST,73731460650
97851C9,GSWM,ASST,73731460651
97851C9,ISWM,ASST,73731460652
97852C9,SRWM,ASST,73731460653
97852C9,ISWM,ASST,73731460654
97852C9,GSWM,ASST,73731460655
97750,NAIN,2XL,73731461040
97750,NAIN,3XL,73731461041
97750,NAIN,L,73731461042
97750,NAIN,M,73731461043
97750,NAIN,S,73731461044
97750,NAIN,XL,73731461045
97750,NAIN,XS,73731461046
97750,NTAF,2XL,73731461054
97750,NTAF,3XL,73731461055
97750,NTAF,L,73731461056
97750,NTAF,M,73731461057
97750,NTAF,S,73731461058
97750,NTAF,XL,73731461059
97750,NTAF,XS,73731461060
7703,GRAN,2XL,73731462410
7703,GRAN,3XL,73731462411
7703,GRAN,L,73731462412
7703,GRAN,M,73731462413
7703,GRAN,S,73731462414
7703,GRAN,XL,73731462415
7703,GRAN,XS,73731462416
7703,LEWC,2XL,73731462417
7703,LEWC,3XL,73731462418
7703,LEWC,L,73731462419
7703,LEWC,M,73731462420
7703,LEWC,S,73731462421
7703,LEWC,XL,73731462422
7703,LEWC,XS,73731462423
7703,PUIS,2XL,73731462424
7703,PUIS,3XL,73731462425
7703,PUIS,L,73731462426
7703,PUIS,M,73731462427
7703,PUIS,S,73731462428
7703,PUIS,XL,73731462429
7703,PUIS,XS,73731462430
7003,GRAN,2XL,73731462431
7003,GRAN,L,73731462432
7003,GRAN,M,73731462433
7003,GRAN,S,73731462434
7003,GRAN,XL,73731462435
7003,GRAN,XS,73731462436
7003,LEWC,2XL,73731462437
7003,LEWC,L,73731462438
7003,LEWC,M,73731462439
7003,LEWC,S,73731462440
7003,LEWC,XL,73731462441
7003,LEWC,XS,73731462442
7003,PUIS,2XL,73731462443
7003,PUIS,L,73731462444
7003,PUIS,M,73731462445
7003,PUIS,S,73731462446
7003,PUIS,XL,73731462447
7003,PUIS,XS,73731462448
7907,IVMM,2XL,73731462699
7907,IVMM,3XL,73731462700
7907,IVMM,L,73731462701
7907,IVMM,M,73731462702
7907,IVMM,S,73731462703
7907,IVMM,XL,73731462704
7907,IVMM,XS,73731462705
7907,GRNS,2XL,73731462706
7907,GRNS,3XL,73731462707
7907,GRNS,L,73731462708
7907,GRNS,M,73731462709
7907,GRNS,S,73731462710
7907,GRNS,XL,73731462711
7907,GRNS,XS,73731462712
7905,MNGO,2XL,73731462713
7905,MNGO,3XL,73731462714
7905,MNGO,L,73731462715
7905,MNGO,M,73731462716
7905,MNGO,S,73731462717
7905,MNGO,XL,73731462718
7905,MNGO,XS,73731462719
7905,SUSC,2XL,73731462720
7905,SUSC,3XL,73731462721
7905,SUSC,L,73731462722
7905,SUSC,M,73731462723
7905,SUSC,S,73731462724
7905,SUSC,XL,73731462725
7905,SUSC,XS,73731462726
7905,PSRG,2XL,73731462727
7905,PSRG,3XL,73731462728
7905,PSRG,L,73731462729
7905,PSRG,M,73731462730
7905,PSRG,S,73731462731
7905,PSRG,XL,73731462732
7905,PSRG,XS,73731462733
7905,LELV,2XL,73731462734
7905,LELV,3XL,73731462735
7905,LELV,L,73731462736
7905,LELV,M,73731462737
7905,LELV,S,73731462738
7905,LELV,XL,73731462739
7905,LELV,XS,73731462740
7905,DDIY,2XL,73731462741
7905,DDIY,3XL,73731462742
7905,DDIY,L,73731462743
7905,DDIY,M,73731462744
7905,DDIY,S,73731462745
7905,DDIY,XL,73731462746
7905,DDIY,XS,73731462747
7905,PLCT,2XL,73731462748
7905,PLCT,3XL,73731462749
7905,PLCT,L,73731462750
7905,PLCT,M,73731462751
7905,PLCT,S,73731462752
7905,PLCT,XL,73731462753
7905,PLCT,XS,73731462754
7904,BTPZ,2XL,73731462755
7904,BTPZ,3XL,73731462756
7904,BTPZ,L,73731462757
7904,BTPZ,M,73731462758
7904,BTPZ,S,73731462759
7904,BTPZ,XL,73731462760
7904,BTPZ,XS,73731462761
7904,LUGS,2XL,73731462762
7904,LUGS,3XL,73731462763
7904,LUGS,L,73731462764
7904,LUGS,M,73731462766
7904,LUGS,S,73731462767
7904,LUGS,XL,73731462769
7904,LUGS,XS,73731462773
7813,MKSU,2XL,73731462774
7813,MKSU,3XL,73731462775
7813,MKSU,L,73731462776
7813,MKSU,M,73731462777
7813,MKSU,S,73731462778
7813,MKSU,XL,73731462779
7813,MKSU,XS,73731462780
7813,DAFP,2XL,73731462781
7813,DAFP,3XL,73731462782
7813,DAFP,L,73731462783
7813,DAFP,M,73731462784
7813,DAFP,S,73731462785
7813,DAFP,XL,73731462786
7813,DAFP,XS,73731462787
7803,TBTV,2XL,73731462788
7803,TBTV,3XL,73731462789
7803,TBTV,L,73731462790
7803,TBTV,M,73731462791
7803,TBTV,S,73731462792
7803,TBTV,XL,73731462793
7803,TBTV,XS,73731462794
7803,PHLB,2XL,73731462795
7803,PHLB,3XL,73731462796
7803,PHLB,L,73731462797
7803,PHLB,M,73731462798
7803,PHLB,S,73731462799
7803,PHLB,XL,73731462800
7803,PHLB,XS,73731462801
7806,SEGR,2XL,73731462802
7806,SEGR,3XL,73731462803
7806,SEGR,L,73731462804
7806,SEGR,M,73731462805
7806,SEGR,S,73731462806
7806,SEGR,XL,73731462807
7806,SEGR,XS,73731462808
7806,SWSV,2XL,73731462809
7806,SWSV,3XL,73731462810
7806,SWSV,L,73731462811
7806,SWSV,M,73731462812
7806,SWSV,S,73731462813
7806,SWSV,XL,73731462814
7806,SWSV,XS,73731462815
7806,PNNG,2XL,73731462816
7806,PNNG,3XL,73731462817
7806,PNNG,L,73731462818
7806,PNNG,M,73731462819
7806,PNNG,S,73731462820
7806,PNNG,XL,73731462821
7806,PNNG,XS,73731462822
7804,PHLE,2XL,73731462823
7804,PHLE,3XL,73731462824
7804,PHLE,L,73731462825
7804,PHLE,M,73731462826
7804,PHLE,S,73731462827
7804,PHLE,XL,73731462828
7804,PHLE,XS,73731462829
7812,BAGG,2XL,73731462830
7812,BAGG,3XL,73731462831
7812,BAGG,L,73731462832
7812,BAGG,M,73731462833
7812,BAGG,S,73731462834
7812,BAGG,XL,73731462835
7812,BAGG,XS,73731462836
7906,LUGS,2XL,73731462837
7906,LUGS,3XL,73731462838
7906,LUGS,L,73731462839
7906,LUGS,M,73731462840
7906,LUGS,S,73731462841
7906,LUGS,XL,73731462842
7906,LUGS,XS,73731462843
7815,LTTC,2XL,73731462844
7815,LTTC,3XL,73731462845
7815,LTTC,L,73731462846
7815,LTTC,M,73731462847
7815,LTTC,S,73731462848
7815,LTTC,XL,73731462849
7815,LTTC,XS,73731462850
7815,HKLO,2XL,73731462851
7815,HKLO,3XL,73731462852
7815,HKLO,L,73731462853
7815,HKLO,M,73731462854
7815,HKLO,S,73731462855
7815,HKLO,XL,73731462856
7815,HKLO,XS,73731462857
7906,FTFW,2XL,73731462865
7906,FTFW,3XL,73731462866
7906,FTFW,L,73731462867
7906,FTFW,M,73731462868
7906,FTFW,S,73731462869
7906,FTFW,XL,73731462870
7906,FTFW,XS,73731462871
97750,BMBG,2XL,73731463255
97750,BMBG,3XL,73731463256
97750,BMBG,L,73731463257
97750,BMBG,M,73731463258
97750,BMBG,S,73731463259
97750,BMBG,XL,73731463260
97750,BMBG,XS,73731463261
97750,WADS,2XL,73731463327
97750,WADS,3XL,73731463328
97750,WADS,L,73731463329
97750,WADS,M,73731463330
97750,WADS,S,73731463331
97750,WADS,XL,73731463332
97750,WADS,XS,73731463333
97749,BTLG,2XL,73731463334
97749,BTLG,3XL,73731463335
97749,BTLG,L,73731463336
97749,BTLG,M,73731463337
97749,BTLG,S,73731463338
97749,BTLG,XL,73731463339
97749,BTLG,XS,73731463340
7804,TBWW,2XL,73731463983
7804,TBWW,3XL,73731463984
7804,TBWW,L,73731463985
7804,TBWW,M,73731463986
7804,TBWW,S,73731463987
7804,TBWW,XL,73731463988
7804,TBWW,XS,73731463989
97750,UNLC,2XL,73731464548
97750,UNLC,3XL,73731464549
97750,UNLC,L,73731464550
97750,UNLC,M,73731464551
97750,UNLC,S,73731464552
97750,UNLC,XL,73731464553
97750,UNLC,XS,73731464554
97750,RNBX,2XL,73731464555
97750,RNBX,3XL,73731464556
97750,RNBX,L,73731464557
97750,RNBX,M,73731464647
97750,RNBX,S,73731464654
97750,RNBX,XL,73731464655
97750,RNBX,XS,73731464656
97750,OBTR,2XL,73731464657
97750,OBTR,3XL,73731464658
97750,OBTR,L,73731464659
97750,OBTR,M,73731464660
97750,OBTR,S,73731464661
97750,OBTR,XL,73731464662
97750,OBTR,XS,73731464663
97750,DTRC,2XL,73731464664
97750,DTRC,3XL,73731464665
97750,DTRC,L,73731464666
97750,DTRC,M,73731464667
97750,DTRC,S,73731464668
97750,DTRC,XL,73731464669
97750,DTRC,XS,73731464670
97750,BTBW,2XL,73731464671
97750,BTBW,3XL,73731464672
97750,BTBW,L,73731464673
97750,BTBW,M,73731464674
97750,BTBW,S,73731464675
97750,BTBW,XL,73731464676
97750,BTBW,XS,73731464677
97750,FALR,2XL,73731464678
97750,FALR,3XL,73731464679
97750,FALR,L,73731464680
97750,FALR,M,73731464681
97750,FALR,S,73731464682
97750,FALR,XL,73731464683
97750,FALR,XS,73731464684
97750,APLS,2XL,73731464685
97750,APLS,3XL,73731464686
97750,APLS,L,73731464687
97750,APLS,M,73731464688
97750,APLS,S,73731464689
97750,APLS,XL,73731464690
97750,APLS,XS,73731464691
97750,HOTR,2XL,73731464706
97750,HOTR,3XL,73731464707
97750,HOTR,L,73731464708
97750,HOTR,M,73731464709
97750,HOTR,S,73731464710
97750,HOTR,XL,73731464711
97750,HOTR,XS,73731464712
97752,CTGO,2XL,73731464727
97752,CTGO,3XL,73731464728
97752,CTGO,L,73731464729
97752,CTGO,M,73731464730
97752,CTGO,S,73731464731
97752,CTGO,XL,73731464732
97752,CTGO,XS,73731464733
97752,FDLV,2XL,73731464741
97752,FDLV,3XL,73731464742
97752,FDLV,L,73731464743
97752,FDLV,M,73731464744
97752,FDLV,S,73731464745
97752,FDLV,XL,73731464746
97752,FDLV,XS,73731464747
97752,FAFS,2XL,73731464748
97752,FAFS,3XL,73731464749
97752,FAFS,L,73731464750
97752,FAFS,M,73731464751
97752,FAFS,S,73731464752
97752,FAFS,XL,73731464753
97752,FAFS,XS,73731464754
97752,FODL,2XL,73731464755
97752,FODL,3XL,73731464756
97752,FODL,L,73731464757
97752,FODL,M,73731464758
97752,FODL,S,73731464759
97752,FODL,XL,73731464760
97752,FODL,XS,73731464761
97749,FLSE,2XL,73731464825
97749,FLSE,3XL,73731464826
97749,FLSE,L,73731464827
97749,FLSE,M,73731464828
97749,FLSE,S,73731464829
97749,FLSE,XL,73731464830
97749,FLSE,XS,73731464831
97749,RBCR,2XL,73731464832
97749,RBCR,3XL,73731464833
97749,RBCR,L,73731464834
97749,RBCR,M,73731464835
97749,RBCR,S,73731464836
97749,RBCR,XL,73731464837
97749,RBCR,XS,73731464839
7905,APAP,2XL,73731465943
7905,APAP,3XL,73731465944
7905,APAP,L,73731465945
7905,APAP,M,73731465946
7905,APAP,S,73731465947
7905,APAP,XL,73731465948
7905,APAP,XS,73731465949
7905,BTFS,2XL,73731465950
7905,BTFS,3XL,73731465951
7905,BTFS,L,73731465952
7905,BTFS,M,73731465953
7905,BTFS,S,73731465954
7905,BTFS,XL,73731465955
7905,BTFS,XS,73731465956
7907,IOGO,2XL,73731465957
7907,IOGO,3XL,73731465958
7907,IOGO,L,73731465959
7907,IOGO,M,73731465960
7907,IOGO,S,73731465961
7907,IOGO,XL,73731465962
7907,IOGO,XS,73731465963
7804,TBKL,2XL,73731465964
7804,TBKL,3XL,73731465965
7804,TBKL,L,73731465966
7804,TBKL,M,73731465967
7804,TBKL,S,73731465968
7804,TBKL,XL,73731465969
7804,TBKL,XS,73731465970
7813,BALA,2XL,73731465971
7813,BALA,3XL,73731465972
7813,BALA,L,73731465973
7813,BALA,M,73731465974
7813,BALA,S,73731465975
7813,BALA,XL,73731465976
7813,BALA,XS,73731465977
7806,BELP,2XL,73731465978
7806,BELP,3XL,73731465979
7806,BELP,L,73731465980
7806,BELP,M,73731465981
7806,BELP,S,73731465982
7806,BELP,XL,73731465983
7806,BELP,XS,73731465984
7906,BHTS,2XL,73731465985
7906,BHTS,3XL,73731465986
7906,BHTS,L,73731465987
7906,BHTS,M,73731465988
7906,BHTS,S,73731465989
7906,BHTS,XL,73731465990
7906,BHTS,XS,73731465991
7812,PHTP,2XL,73731465992
7812,PHTP,3XL,73731465993
7812,PHTP,L,73731465994
7812,PHTP,M,73731465995
7812,PHTP,S,73731465996
7812,PHTP,XL,73731465997
7812,PHTP,XS,73731465998
7906,NTSN,2XL,73731465999
7906,NTSN,3XL,73731466000
7906,NTSN,L,73731466001
7906,NTSN,M,73731466002
7906,NTSN,S,73731466003
7906,NTSN,XL,73731466004
7906,NTSN,XS,73731466005
7813,ALWW,2XL,73731466006
7813,ALWW,3XL,73731466007
7813,ALWW,L,73731466008
7813,ALWW,M,73731466009
7813,ALWW,S,73731466010
7813,ALWW,XL,73731466011
7813,ALWW,XS,73731466012
7815,PNBY,2XL,73731466013
7815,PNBY,3XL,73731466014
7815,PNBY,L,73731466015
7815,PNBY,M,73731466016
7815,PNBY,S,73731466017
7815,PNBY,XL,73731466018
7815,PNBY,XS,73731466019
7806,HKHA,2XL,73731466020
7806,HKHA,3XL,73731466021
7806,HKHA,L,73731466022
7806,HKHA,M,73731466023
7806,HKHA,S,73731466024
7806,HKHA,XL,73731466025
7806,HKHA,XS,73731466026
7806,SWLE,2XL,73731466027
7806,SWLE,3XL,73731466028
7806,SWLE,L,73731466029
7806,SWLE,M,73731466030
7806,SWLE,S,73731466031
7806,SWLE,XL,73731466032
7806,SWLE,XS,73731466033
7704,PWWC,2XL,73731466034
7704,PWWC,3XL,73731466035
7704,PWWC,L,73731466036
7704,PWWC,M,73731466037
7704,PWWC,S,73731466038
7704,PWWC,XL,73731466039
7704,PWWC,XS,73731466040
7704,CLWC,2XL,73731466041
7704,CLWC,3XL,73731466042
7704,CLWC,L,73731466043
7704,CLWC,M,73731466044
7704,CLWC,S,73731466045
7704,CLWC,XL,73731466046
7704,CLWC,XS,73731466047
7004,PWWC,2XL,73731466048
7004,PWWC,3XL,73731466049
7004,PWWC,L,73731466050
7004,PWWC,M,73731466051
7004,PWWC,S,73731466052
7004,PWWC,XL,73731466053
7004,PWWC,XS,73731466054
7004,CLWC,2XL,73731466055
7004,CLWC,3XL,73731466056
7004,CLWC,L,73731466057
7004,CLWC,M,73731466058
7004,CLWC,S,73731466059
7004,CLWC,XL,73731466060
7004,CLWC,XS,73731466061
WM211,VRD,M,73731466713
WM211,VRD,S,73731466714
WM211,VRD,XL,73731466715
WM211,VRD,XS,73731466716
97530,PHLT,2XL,73731466717
WM713X5,SOOB,S,73731466728
WM713X5,SOOB,XL,73731466729
WM713X5,SOOB,XS,73731466730
97530,PHLT,3XL,73731466838
97530,PHLT,L,73731466840
97530,PHLT,M,73731466841
97530,PHLT,S,73731466842
97530,PHLT,XL,73731466843
97530,PHLT,XS,73731466844
97630,MKGF,2XL,73731466845
97630,MKGF,3XL,73731466847
97630,MKGF,L,73731466848
97630,MKGF,M,73731466849
97630,MKGF,S,73731466850
97630,MKGF,XL,73731466852
97630,MKGF,XS,73731466857
97630,FRFF,2XL,73731466858
97630,FRFF,3XL,73731466859
97630,FRFF,L,73731466861
97630,FRFF,M,73731466866
97630,FRFF,S,73731466868
97630,FRFF,XL,73731466873
97630,FRFF,XS,73731466875
97630,FZIM,2XL,73731466880
97630,FZIM,3XL,73731466882
97630,FZIM,L,73731466887
97630,FZIM,M,73731466893
97630,FZIM,S,73731466894
97630,FZIM,XL,73731466896
97630,FZIM,XS,73731466897
97630,DPDO,2XL,73731466898
97630,DPDO,3XL,73731466899
97630,DPDO,L,73731466936
97630,DPDO,M,73731466937
97630,DPDO,S,73731466939
97630,DPDO,XL,73731466940
97630,DPDO,XS,73731466941
WM713C5,FLLL,2XL,73731466942
WM713C5,FLLL,3XL,73731466952
WM713C5,FLLL,L,73731466953
WM713C5,FLLL,M,73731466958
WM713C5,FLLL,S,73731466963
WM713C5,FLLL,XL,73731466964
WM713C5,FLLL,XS,73731466965
WM713X4,SPSD,2XL,73731466966
WM713X4,SPSD,3XL,73731466967
WM713X4,SPSD,L,73731466968
WM713X4,SPSD,M,73731466970
WM713X4,SPSD,S,73731466971
WM713X4,SPSD,XL,73731466972
WM713X5,SISW,2XL,73731466987
WM713X5,SISW,3XL,73731466988
WM713X5,SISW,L,73731466989
WM713X5,SISW,M,73731466991
WM713X5,SISW,S,73731466992
WM713X5,SISW,XL,73731466993
WM713X5,SISW,XS,73731467153
WM713X5,GOFS,2XL,73731467154
WM713X5,GOFS,3XL,73731467155
WM713X5,GOFS,L,73731467157
WM713X5,GOFS,M,73731467170
WM713X5,GOFS,S,73731467171
WM713X5,GOFS,XL,73731467173
WM713X5,SOOB,2XL,73731467174
WM713X5,SOOB,3XL,73731467175
WM713X5,SOOB,L,73731467176
WM713X5,SOOB,M,73731467177
97630R12,FZIM,ASST,73731467492
WM713X5R12,SISW,ASST,73731467493
WD807,FOWM,XL,73731467958
METEOR,IRR,10,73731467965
METEOR,IRR,11,73731467966
METEOR,IRR,5,73731467967
METEOR,IRR,5H,73731467968
METEOR,IRR,6,73731467969
METEOR,IRR,6H,73731467970
METEOR,IRR,7,73731467971
METEOR,IRR,7H,73731467972
METEOR,IRR,8,73731467973
METEOR,IRR,8H,73731467974
METEOR,IRR,9,73731467975
METEOR,IRR,9H,73731467976
WM614,VRD,3XL,73731468069
WM614,VRD,L,73731468070
WM614,VRD,M,73731468074
WM614,VRD,S,73731468075
WM614,VRD,XL,73731468076
WM614,VRD,XS,73731468077
SUN,IRR,5H,73731468338
SUN,IRR,6,73731468339
SUN,IRR,7H,73731468342
SUN,IRR,8H,73731468344
SUN,IRR,9,73731468345
SUN,IRR,9H,73731468346
SUN,IRR,10,73731468347
SUN,IRR,11,73731468348
SATURN,IRR,5,73731468361
SATURN,IRR,6,73731468363
SATURN,IRR,7H,73731468366
SATURN,IRR,8,73731468367
SATURN,IRR,9,73731468369
SATURN,IRR,9H,73731468370
SATURN,IRR,10,73731468371
SATURN,IRR,11,73731468372
7813,FNDO,L,73731468942
7813,FNDO,M,73731468943
WM713C5C12,FLLL,ASST,73731469092
WM713X5C12,GOFS,ASST,73731469094
WM713X5C12,SISW,ASST,73731469095
WM713C5C9,FLLL,ASST,73731469097
WM211C12,EGG,ASST,73731469100
WM211C12,VRD,ASST,73731469101
WM713X4C12,SPSD,ASST,73731469102
WM713X5C12,SOOB,ASST,73731469103
WM713X5C9,SOOB,ASST,73731469122
97630R12,DPDO,ASST,73731469164
WM211R12,VRD,ASST,73731469165
WM211R12,EGG,ASST,73731469166
WM614C12,EGG,ASST,73731469167
WM614C12,VRD,ASST,73731469168
WM614R12,VRD,ASST,73731469170
WM614R12,EGG,ASST,73731469171
WM616,DIWM,2XL,73731469281
WM616,DIWM,L,73731469282
WM616,DIWM,M,73731469283
WM616,DIWM,S,73731469284
WD007,HUWM,M,73731469285
WM616,DIWM,XL,73731469286
WM616,DIWM,XS,73731469287
WM616,KCWM,2XL,73731469288
WM616,KCWM,L,73731469289
WM616,KCWM,M,73731469290
WM616,KCWM,S,73731469301
WM616,KCWM,XL,73731469302
WD007,HUWM,S,73731469303
WM616,KCWM,XS,73731469304
WM616,PUWM,2XL,73731469305
WM616,PUWM,L,73731469306
WM616,PUWM,M,73731469307
WM616,PUWM,S,73731469308
WM616,PUWM,XL,73731469309
WM616,PUWM,XS,73731469310
WM213,DIWM,2XL,73731469311
WM213,DIWM,L,73731469312
WM213,DIWM,M,73731469313
WD007,HUWM,XL,73731469314
WM213,DIWM,S,73731469315
WM213,DIWM,XL,73731469316
WM213,DIWM,XS,73731469317
WD807,DPWM,3XL,73731469450
WD807,DPWM,L,73731469476
WD807,DPWM,M,73731469477
WD807,DPWM,S,73731469478
WD807,DPWM,XL,73731469479
WD807,DPWM,XS,73731469480
WD807,EBWM,2XL,73731469481
WD807,EBWM,3XL,73731469482
WD807,EBWM,L,73731469484
WD807,EBWM,M,73731469485
WD807,EBWM,S,73731469487
WD807,EBWM,XL,73731469488
WD807,EBWM,XS,73731469489
WD807,FOWM,2XL,73731469510
WD807,FOWM,3XL,73731469511
WD807,FOWM,L,73731469512
WD807,FOWM,M,73731469513
WD807,FOWM,S,73731469514
77945,SRWM,2XL,73731469515
77945,SRWM,3XL,73731469516
77945,SRWM,L,73731469517
77945,SRWM,M,73731469518
77945,SRWM,S,73731469519
77945,SRWM,XL,73731469520
77945,SRWM,XS,73731469521
WD807,FOWM,XS,73731469572
WD807,HUWM,2XL,73731469573
WD807,HUWM,3XL,73731469574
WD807,HUWM,L,73731469575
WD807,HUWM,M,73731469576
WD807,HUWM,S,73731469594
WM211,EGG,2XL,73731469839
WM211,EGG,3XL,73731469840
WM211,EGG,L,73731469841
WM211,EGG,M,73731469843
WM211,EGG,S,73731469844
WM211,EGG,XL,73731469845
WM211,EGG,XS,73731469847
WM211,VRD,2XL,73731469849
WM211,VRD,3XL,73731469851
WM211,VRD,L,73731469852
WD807,HUWM,XS,73731470483
WD807,KIW,2XL,73731470492
WD807,KIW,3XL,73731470494
WD807,KIW,L,73731470517
WD807,KIW,M,73731470519
WD807,KIW,S,73731470521
WD807,KIW,XL,73731470522
WD807,KIW,XS,73731470523
WD807,PKWM,2XL,73731470524
WM615,TRQ,XL,73731470562
WM615,TRQ,XS,73731470564
WM212,MLGL,2XL,73731470566
WM212,MLGL,L,73731470568
WM212,MLGL,M,73731470569
WM212,MLGL,S,73731470571
WM212,MLGL,XL,73731470572
WM212,MLGL,XS,73731470573
WM212,TRQ,2XL,73731470574
WD000,LRWM,3XL,73731470600
WD000,LRWM,L,73731470601
WD000,LRWM,M,73731470602
WD000,LRWM,S,73731470603
WD000,LRWM,XL,73731470604
WD000,LRWM,XS,73731470605
WD000,RWWM,2XL,73731470606
WD000,RWWM,3XL,73731470622
WD000,RWWM,L,73731470631
WD000,RWWM,M,73731470634
WD000,RWWM,S,73731470635
97630,JBUM,S,73731470636
97630,JBUM,XL,73731470637
WD000,RWWM,XL,73731470639
97630,JBUM,XS,73731470640
97630,FZAK,2XL,73731470641
WM706X5,HAAD,S,73731470665
WD807,BKWM,2XL,73731470671
WD807,BKWM,3XL,73731470672
WD807,BKWM,L,73731470673
WD807,BKWM,M,73731470674
WD807,CRED,M,73731470984
WD807,CRED,S,73731470985
WD807,CRED,XL,73731470986
WD807,CRED,XS,73731470987
WD807,DPWM,2XL,73731470988
WD807,PKWM,3XL,73731470992
WD807,PKWM,L,73731470993
WD807,PKWM,M,73731470994
WD807,PKWM,S,73731470995
WD807,PKWM,XL,73731470996
WD807,PKWM,XS,73731470997
WD807,TRWM,2XL,73731470998
WM219,EBW,2XL,73731471069
WM727X5,PLPE,L,73731471168
WM727X5,PLPE,M,73731471178
WC802,BMWM,2XL,73731471201
WC802,BMWM,3XL,73731471202
WC802,BMWM,L,73731471203
WC802,BMWM,M,73731471204
WC802,BMWM,S,73731471205
WC802,BMWM,XL,73731471303
WC802,BMWM,XS,73731471305
WD007,NSWM,3XL,73731471325
WM213,KCWM,2XL,73731471326
WM213,KCWM,L,73731471327
WM213,KCWM,M,73731471328
WD007,NSWM,L,73731471329
WD007,NSWM,M,73731471330
WM213,KCWM,S,73731471331
WD007,NSWM,S,73731471332
WM213,KCWM,XL,73731471333
WD007,NSWM,XL,73731471334
WM213,KCWM,XS,73731471335
WD007,BLUE,XL,73731471537
WD007,BLUE,XS,73731471538
WD007,CGWM,2XL,73731471539
WD007,CGWM,3XL,73731471540
WD007,CGWM,L,73731471541
WD007,CGWM,M,73731471542
WD007,CGWM,S,73731471543
WD007,CGWM,XL,73731471544
WD007,CGWM,XS,73731471545
7805,DPSP,S,73731471559
7805,DPSP,XL,73731471560
WD007,CRED,2XL,73731471561
WD007,CRED,3XL,73731471562
7805,DPSP,XS,73731471563
WD007,CRED,L,73731471565
WD007,CRED,M,73731471566
7813,LAPI,2XL,73731471567
7813,LAPI,3XL,73731471568
WD007,CRED,S,73731471569
7813,LAPI,L,73731471571
7813,LAPI,M,73731471572
WD007,CRED,XL,73731471573
WD007,CRED,XS,73731471652
WD007,DKES,2XL,73731471654
WD007,DKES,3XL,73731471656
WD007,DKES,L,73731471658
WD007,DKES,M,73731471659
WD007,DKES,S,73731471660
WD007,DKES,XL,73731471661
WD007,DKES,XS,73731471662
WD007,DPWM,2XL,73731471663
WD007,DPWM,3XL,73731471664
WD007,DPWM,L,73731471665
WD007,DPWM,M,73731471666
WD007,DPWM,S,73731471667
WD007,DPWM,XL,73731471668
WD007,DPWM,XS,73731471669
WD007,EBWM,2XL,73731471670
WD007,EBWM,3XL,73731471671
WD007,EBWM,L,73731471672
WD007,EBWM,M,73731471673
WD007,EBWM,S,73731471674
WD007,EBWM,XL,73731471675
WD007,EBWM,XS,73731471676
WD007,FOWM,2XL,73731471702
WD007,FOWM,3XL,73731471703
WD007,FOWM,L,73731471704
WD007,FOWM,M,73731471705
WD007,FOWM,S,73731471706
WD007,FOWM,XL,73731471707
WD007,FOWM,XS,73731471708
WD007,HUWM,2XL,73731471709
WD007,HUWM,3XL,73731471710
WD007,HUWM,L,73731471711
WD007,PLWM,XS,73731471749
WD007,TRWM,2XL,73731471750
WD007,TRWM,3XL,73731471751
WD007,TRWM,L,73731471752
WD007,TRWM,M,73731471753
WD007,TRWM,S,73731471754
WD007,TRWM,XL,73731471757
WD007,TRWM,XS,73731471758
77946,ISWM,2XL,73731471764
77946,ISWM,3XL,73731471767
77946,ISWM,L,73731471768
77946,ISWM,M,73731471769
77946,ISWM,S,73731471770
77946,ISWM,XL,73731471774
77946,ISWM,XS,73731471790
77946,SRWM,2XL,73731471791
77946,SRWM,3XL,73731471792
77946,SRWM,L,73731471793
77946,SRWM,M,73731471794
77946,SRWM,S,73731471795
77946,SRWM,XL,73731471796
77946,SRWM,XS,73731471797
77946,GSWM,2XL,73731471798
77946,GSWM,3XL,73731471800
77946,GSWM,L,73731471801
77946,GSWM,M,73731471802
77946,GSWM,S,73731471803
77946,GSWM,XL,73731471804
77946,GSWM,XS,73731471805
77945,GSWM,2XL,73731471806
77945,GSWM,3XL,73731471807
77945,GSWM,L,73731471815
97630,SYIG,XS,73731471892
WM717X4,CVGD,2XL,73731471893
WM717X4,CVGD,3XL,73731471894
WM213,PUWM,2XL,73731471982
WD007,PKWM,L,73731471983
WM213,PUWM,L,73731471984
WD007,PKWM,M,73731471985
WM213,PUWM,M,73731471986
WD007,PKWM,S,73731471987
WM213,PUWM,S,73731471988
WM213,PUWM,XL,73731471989
WM213,PUWM,XS,73731471990
WM601,RWWM,L,73731471991
WD007,PKWM,XL,73731471992
WM601,RWWM,M,73731471993
WM601,RWWM,S,73731471994
WM601,RWWM,XL,73731471995
WD007,PKWM,XS,73731471999
WM601,RWWM,XS,73731472000
WM202,RWWM,2XL,73731472011
WM202,RWWM,L,73731472012
WM202,RWWM,M,73731472013
WM202,RWWM,S,73731472014
WM202,RWWM,XL,73731472015
WM202,RWWM,XS,73731472016
WM202C9,RWWM,ASST,73731472017
WM601C9,RWWM,ASST,73731472018
WD007,PLWM,2XL,73731472021
WD007,PLWM,3XL,73731472022
WD007,PLWM,L,73731472023
WD007,PLWM,M,73731472024
WD007,PLWM,S,73731472025
WD007,PLWM,XL,73731472026
WC700X5,ANKM,2XL,73731472031
WC700X5,ANKM,3XL,73731472032
WC700X5,ANKM,L,73731472035
WC700X5,ANKM,M,73731472036
WM212,TRQ,L,73731472170
WM212,TRQ,M,73731472171
WM212,TRQ,S,73731472174
WM212,TRQ,XL,73731472180
WM212,TRQ,XS,73731472181
WM716X4,WIAV,2XL,73731472182
WM716X4,WIAV,3XL,73731472184
WM716X4,WIAV,L,73731472185
WM716X4,WIAV,M,73731472190
WM716X4,WIAV,S,73731472191
WM716X4,WIAV,XL,73731472195
WM716X4,WIAV,XS,73731472200
WM716X4,MBTP,2XL,73731472210
WM716X4,MBTP,3XL,73731472211
WM716X4,MBTP,L,73731472212
WM716X4,MBTP,M,73731472213
WM716X4,MBTP,S,73731472220
WM716X4,MBTP,XL,73731472222
WM716X4,MBTP,XS,73731472224
WM716X4,HTHL,2XL,73731472226
WM716X4,HTHL,3XL,73731472230
WD807,BKWM,S,73731472278
WD807,BKWM,XL,73731472284
WD807,BKWM,XS,73731472285
WD807,BLUE,2XL,73731472286
WD807,BLUE,3XL,73731472287
WD807,BLUE,L,73731472313
WD807,BLUE,M,73731472314
WD807,BLUE,S,73731472315
WD807,BLUE,XL,73731472316
WD807,BLUE,XS,73731472317
WD807,CGWM,2XL,73731472318
WD807,CGWM,3XL,73731472319
WD807,CGWM,L,73731472320
WD807,CGWM,M,73731472329
WD807,CGWM,S,73731472335
WD807,CGWM,XL,73731472336
WD807,CGWM,XS,73731472337
WD807,CRED,2XL,73731472338
WD807,CRED,3XL,73731472339
WD807,CRED,L,73731472340
77945,GSWM,M,73731472341
77945,GSWM,S,73731472342
7813,LAPI,S,73731472575
7813,LAPI,XL,73731472576
7813,LAPI,XS,73731472577
7813,FNDO,2XL,73731472578
7813,FNDO,3XL,73731472579
97630,SERW,L,73731472647
97630,SERW,M,73731472648
97630,SERW,S,73731472651
97630,SERW,XL,73731472652
97630,SERW,XS,73731472653
97630,JBUM,2XL,73731472654
WD800,LRWM,2XL,73731472655
97630,JBUM,3XL,73731472656
97630,JBUM,L,73731472657
WM706X5,HAAD,XL,73731472702
WM706X5,WFWV,XS,73731472703
WM706X5,WFWV,2XL,73731472704
WD807,TRWM,3XL,73731472705
WM706X5,WFWV,3XL,73731472706
WM706X5,WFWV,L,73731472707
WD807,TRWM,L,73731472708
WM706X5,WFWV,M,73731472709
WM706X5,WFWV,S,73731472710
WM706X5,WFWV,XL,73731472721
WM707X5,CAPY,XS,73731472722
WD807,TRWM,M,73731472723
WM707X5,CAPY,2XL,73731472724
WM707X5,CAPY,3XL,73731472725
WM707X5,CAPY,L,73731472726
WM707X5,CAPY,M,73731472733
WM707X5,CAPY,S,73731472734
WD807,TRWM,S,73731472735
WM707X5,CAPY,XL,73731472736
WM708X5,AOIP,XS,73731472737
WM708X5,AOIP,2XL,73731472738
WD807,TRWM,XL,73731472741
WM708X5,AOIP,3XL,73731472746
WM708X5,AOIP,L,73731472747
WD807,TRWM,XS,73731472748
WM708X5,AOIP,M,73731472749
WM708X5,AOIP,S,73731472750
WM708X5,AOIP,XL,73731472751
WM708X5,WDSF,2XL,73731472752
WM708X5,WDSF,3XL,73731472753
WM708X5,WDSF,L,73731472754
WM708X5,WDSF,M,73731472755
WM708X5,WDSF,S,73731472756
WM708X5,WDSF,XL,73731472757
WM708X5,WDSF,XS,73731472758
7805,DPSP,2XL,73731472759
7805,DPSP,3XL,73731472760
7805,DPSP,L,73731472761
7805,DPSP,M,73731472762
7813,FNDO,S,73731472764
7813,FNDO,XL,73731472765
7813,FNDO,XS,73731472766
7813,JBYT,2XL,73731472767
7813,JBYT,3XL,73731472768
7813,JBYT,L,73731472769
7813,JBYT,M,73731472770
7813,JBYT,S,73731472772
7813,JBYT,XL,73731472773
7813,JBYT,XS,73731472774
7843,DCUG,2XL,73731472775
7930,MEAR,L,73731472776
7930,MEAR,M,73731472777
7930,MEAR,S,73731472778
7930,MEAR,XL,73731472779
7930,MEAR,XS,73731472780
WC200,LSWM,2XL,73731472782
WC200,LSWM,3XL,73731472783
WC200,LSWM,L,73731472784
WC200,LSWM,M,73731472786
WC200,LSWM,S,73731472787
WC200,LSWM,XL,73731472788
WC200,LSWM,XS,73731472789
WC200,CIWM,2XL,73731472790
WC200,CIWM,3XL,73731472791
WC200,CIWM,L,73731472792
WC200,CIWM,M,73731472794
WC200,CIWM,S,73731472795
WC200,CIWM,XL,73731472796
WC200,CIWM,XS,73731472797
WC600,LSWM,2XL,73731472798
7843,DCUG,3XL,73731473005
7843,DCUG,L,73731473006
7843,DCUG,M,73731473009
7843,DCUG,S,73731473011
7843,DCUG,XL,73731473012
7843,DCUG,XS,73731473013
7926,OWTF,2XL,73731473014
7926,OWTF,3XL,73731473015
7926,OWTF,L,73731473017
7926,OWTF,M,73731473018
7926,OWTF,S,73731473062
7926,OWTF,XL,73731473063
7926,OWTF,XS,73731473064
7930,MEAR,2XL,73731473065
7930,MEAR,3XL,73731473067
97630,FROW,2XL,73731473081
97630,FROW,3XL,73731473082
97630,FROW,L,73731473083
97630,FROW,M,73731473084
97630,FROW,S,73731473085
97630,FROW,XL,73731473086
97630,FROW,XS,73731473087
97630,SEDN,2XL,73731473088
97630,SEDN,3XL,73731473089
97630,SEDN,L,73731473090
97630,SEDN,M,73731473091
WM202,HPKZ,XS,73731473171
WM202,HPKZ,2XL,73731473172
WM202,HPKZ,3XL,73731473173
97630,RUOM,XS,73731473174
WM202,HPKZ,L,73731473175
WM202,HPKZ,M,73731473176
WM202,HPKZ,S,73731473181
WM202,HPKZ,XL,73731473182
WM202,RIWM,XS,73731473183
WM202,RIWM,XL,73731473184
WM219,EBW,L,73731473185
WM601,HPKZ,XS,73731473186
WM601,HPKZ,2XL,73731473187
WM601,HPKZ,3XL,73731473188
WM601,HPKZ,L,73731473189
WM601,HPKZ,M,73731473190
WM219,EBW,M,73731473191
WM601,HPKZ,S,73731473192
WM601,HPKZ,XL,73731473193
WM601,RIWM,XS,73731473194
WM601,RIWM,2XL,73731473195
WM601,RIWM,3XL,73731473196
WM219,EBW,S,73731473197
WM601,RIWM,L,73731473198
WM601,RIWM,M,73731473199
WM601,RIWM,S,73731473200
WM601,RIWM,XL,73731473201
WM706X5,BOBT,XS,73731473202
WM219,EBW,XL,73731473203
WM706X5,BOBT,2XL,73731473204
WM706X5,BOBT,3XL,73731473205
WM706X5,BOBT,L,73731473206
WM706X5,BOBT,M,73731473207
WM706X5,BOBT,S,73731473208
WM706X5,BOBT,XL,73731473209
WC700X5,ANKM,S,73731473211
WC700X5,ANKM,XL,73731473212
WC700X5,ANKM,XS,73731473213
WC701X5,LPOT,2XL,73731473214
WC701X5,LPOT,3XL,73731473215
WC701X5,LPOT,L,73731473216
WC701X5,LPOT,M,73731473217
WC701X5,LPOT,S,73731473219
WC600,LSWM,3XL,73731473357
WC600,LSWM,L,73731473358
WC600,LSWM,M,73731473359
WC600,LSWM,S,73731473360
WC600,LSWM,XL,73731473361
WC600,LSWM,XS,73731473362
WC600,CIWM,2XL,73731473363
WC600,CIWM,3XL,73731473364
WC600,CIWM,L,73731473365
WC600,CIWM,M,73731473366
WC600,CIWM,S,73731473367
WC600,CIWM,XL,73731473368
WC600,CIWM,XS,73731473371
WM730X5C7,SEIB,ASST,73731473457
WM730X5C11,SEIB,ASST,73731473471
WM730X5C7,MKBT,ASST,73731473485
WM730X5C11,MKBT,ASST,73731473486
WM730X5C7,RURR,ASST,73731473517
WM730X5C11,RURR,ASST,73731473544
WM731X5C7,STNF,ASST,73731473545
WM731X5C11,STNF,ASST,73731473547
WM728X5C7,LHOI,ASST,73731473548
WM728X5C11,LHOI,ASST,73731473549
WM728X5C7,FZWI,ASST,73731473552
WM728X5C11,FZWI,ASST,73731473553
WM729X5C11,PLAP,ASST,73731473554
WM729X5C7,PLAP,ASST,73731473555
WM729X5C11,AICH,ASST,73731473556
WM729X5C7,AICH,ASST,73731473557
WM818C12,CLRE,ASST,73731473558
WM731X5,HECO,2XL,73731473559
WM731X5,HECO,3XL,73731473560
WM731X5,HECO,L,73731473561
WM731X5,HECO,M,73731473570
WM731X5,HECO,S,73731473580
WM731X5,HECO,XL,73731473594
WM731X5,BDBR,2XL,73731473595
WM731X5,BDBR,3XL,73731473596
WM731X5,BDBR,L,73731473597
WM731X5,BDBR,M,73731473598
WM731X5,BDBR,S,73731473599
WM731X5,BDBR,XL,73731473600
WM730X5,MKTL,2XL,73731473607
WM730X5,MKTL,3XL,73731473608
WM730X5,MKTL,L,73731473609
WM730X5,MKTL,M,73731473610
WM730X5,MKTL,S,73731473611
WM730X5,MKTL,XL,73731473612
WM841,MEMV,2XL,73731473784
WM841,MEMV,3XL,73731473785
WM841,MEMV,L,73731473786
WM841,MEMV,M,73731473787
WM841,MEMV,S,73731473788
WM841,MEMV,XL,73731473789
WM841,MEMV,XS,73731473790
WM047,MEMV,2XL,73731473791
WM047,MEMV,3XL,73731473792
WM047,MEMV,L,73731473793
WM047,MEMV,M,73731473794
WM047,MEMV,S,73731473795
WM047,MEMV,XL,73731473796
WM047,MEMV,XS,73731473797
WM614,EGG,2XL,73731473885
WC701X5,LPOT,XL,73731473943
77945,GSWM,XL,73731474134
77945,GSWM,XS,73731474135
77945,ISWM,2XL,73731474136
77945,ISWM,3XL,73731474137
77945,ISWM,L,73731474138
77945,ISWM,M,73731474139
77945,ISWM,S,73731474140
77945,ISWM,XL,73731474141
77945,ISWM,XS,73731474142
WM614,EGG,3XL,73731474306
WM614,EGG,L,73731474307
WM614,EGG,M,73731474308
WM614,EGG,S,73731474310
WM614,EGG,XL,73731474311
WM614,EGG,XS,73731474312
WM614,VRD,2XL,73731474313
WC006,RIWM,XL,73731474614
WC006,RIWM,XS,73731474615
97630,SEDN,S,73731474659
97630,SEDN,XL,73731474673
97630,SEDN,XS,73731474674
97630,RUOM,2XL,73731474675
97630,RUOM,3XL,73731474676
97630,RUOM,L,73731474677
97630,RUOM,M,73731474678
WM219,EBW,XS,73731474751
WM727X5,PLPE,S,73731474916
WM727X5,PLPE,XL,73731474923
97630C18,RUOM,ASST,73731474937
97630C18,SEDN,ASST,73731474943
97630C18,FROW,ASST,73731474949
97630,FZAK,M,73731475029
97630,FZAK,S,73731475030
97630,FZAK,XL,73731475031
97630,FZAK,XS,73731475032
WM727X5,PLPE,XS,73731475033
WM627,EBW,M,73731475034
WM627,EBW,S,73731475036
WM627,EBW,XL,73731475037
WM627,EBW,XS,73731475038
WM219,BLK,2XL,73731475039
WM219,BLK,3XL,73731475040
WM219,BLK,L,73731475041
97630,RUOM,S,73731475137
WM706X5,HAAD,M,73731475166
97629,DPBP,XL,73731475167
97629,DPBP,XS,73731475168
97630,MANV,2XL,73731475169
WM706X5,HAAD,L,73731475258
WM627,EBW,L,73731475332
WM706X5,FMFA,XS,73731475355
WM706X5,FMFA,2XL,73731475356
WM706X5,FMFA,3XL,73731475357
WM219,BLK,M,73731475433
WM202,RIWM,3XL,73731475437
WM219,BLK,S,73731475439
WM202,RIWM,L,73731475440
WM202,RIWM,M,73731475443
WM202,RIWM,S,73731475444
WM219,BLK,XL,73731475445
WM706X5,FMFA,L,73731475465
WM706X5,FMFA,M,73731475466
WM706X5,FMFA,S,73731475467
WM706X5,FMFA,XL,73731475468
WM706X5,HAAD,XS,73731475469
WM706X5,HAAD,2XL,73731475470
WM706X5,HAAD,3XL,73731475471
97530,DCUG,2XL,73731475475
97530,DCUG,3XL,73731475476
97530,DCUG,L,73731475508
97530,DCUG,M,73731475509
97530,DCUG,S,73731475510
97530,DCUG,XL,73731475511
97530,DCUG,XS,73731475513
97629,DPBP,2XL,73731475514
WD807,HUWM,XL,73731475551
WM729X5,HECO,2XL,73731475627
WM729X5,HECO,3XL,73731475628
WM729X5,HECO,L,73731475629
WM729X5,HECO,M,73731475630
WM729X5,HECO,S,73731475631
WM729X5,HECO,XL,73731475632
WM729X5,BDBR,2XL,73731475633
WM729X5,BDBR,3XL,73731475634
WM729X5,BDBR,L,73731475635
WM729X5,BDBR,M,73731475636
WM729X5,BDBR,S,73731475637
WM729X5,BDBR,XL,73731475638
WM729X5,DIMT,2XL,73731475639
WM729X5,DIMT,3XL,73731475640
WM729X5,DIMT,L,73731475641
WM729X5,DIMT,M,73731475642
WM729X5,DIMT,S,73731475643
WM729X5,DIMT,XL,73731475644
WM729X5,SPPT,2XL,73731475645
WM729X5,SPPT,3XL,73731475646
WM729X5,SPPT,L,73731475647
WM729X5,SPPT,M,73731475648
WM729X5,SPPT,S,73731475649
WM729X5,SPPT,XL,73731475650
WM729X5,BTEX,2XL,73731475651
WM729X5,BTEX,3XL,73731475652
WM729X5,BTEX,L,73731475653
WM729X5,BTEX,M,73731475654
WM729X5,BTEX,S,73731475655
WM729X5,BTEX,XL,73731475656
WM729X5,LUCN,2XL,73731475657
WM729X5,LUCN,3XL,73731475658
WM729X5,LUCN,L,73731475659
WM729X5,LUCN,M,73731475660
WD800,LRWM,3XL,73731475661
WD800,LRWM,L,73731475662
WD800,LRWM,M,73731475663
WD800,LRWM,S,73731475664
WD800,LRWM,XL,73731475665
WD800,LRWM,XS,73731475666
WD800,RWWM,2XL,73731475667
WD800,RWWM,3XL,73731475668
WD800,RWWM,L,73731475669
WD800,RWWM,M,73731475670
WD800,RWWM,S,73731475671
WD800,RWWM,XL,73731475672
WD800,RWWM,XS,73731475673
WD000,LRWM,2XL,73731475674
97630,JBUM,M,73731475675
WM729X5,LUCN,S,73731475708
WM729X5,LUCN,XL,73731475709
WM728X5,MKLY,2XL,73731475710
WM728X5,MKLY,3XL,73731475713
WM728X5,MKLY,L,73731475715
WM728X5,MKLY,M,73731475716
WM728X5,MKLY,S,73731475717
WM728X5,MKLY,XL,73731475718
WM728X5,MCWK,2XL,73731475719
WM728X5,MCWK,3XL,73731475721
WM728X5,MCWK,L,73731475722
WM728X5,MCWK,M,73731475723
WM728X5,MCWK,S,73731475724
WM728X5,MCWK,XL,73731475726
WM728X5,MKTL,2XL,73731475727
WM728X5,MKTL,3XL,73731475728
WM728X5,MKTL,L,73731475729
WM728X5,MKTL,M,73731475730
WM728X5,MKTL,S,73731475731
WM728X5,MKTL,XL,73731475732
WM728X5,PHGO,2XL,73731475745
WM728X5,PHGO,3XL,73731475746
WM728X5,PHGO,L,73731475747
WM728X5,PHGO,M,73731475748
WM728X5,PHGO,S,73731475749
WM728X5,PHGO,XL,73731475750
WM728X5C11,MKTL,ASST,73731475751
WM728X5C11,MCWK,ASST,73731475752
WM729X5C11,HECO,ASST,73731475753
WM729X5C11,BDBR,ASST,73731475754
WM729X5C7,BDBR,ASST,73731475755
97630,MANV,3XL,73731475757
97630,MANV,L,73731475758
97630,MANV,M,73731475759
97630,MANV,S,73731475760
97630,MANV,XL,73731475767
WM728X5C11,MKLY,ASST,73731475768
97630,MANV,XS,73731475769
WM728X5C11,PHGO,ASST,73731475770
97630,FNOR,2XL,73731475771
WM728X5C7,PHGO,ASST,73731475772
97630,FNOR,3XL,73731475773
WM729X5C11,DIMT,ASST,73731475786
WM729X5C7,DIMT,ASST,73731475787
WM729X5C11,SPPT,ASST,73731475788
WM729X5C7,SPPT,ASST,73731475789
WM729X5C11,BTEX,ASST,73731475790
WM729X5C7,BTEX,ASST,73731475791
WM728X5C7,MCWK,ASST,73731475792
WC711X4,TOTT,2XL,73731475794
WC711X4,TOTT,3XL,73731475795
WC711X4,TOTT,L,73731475796
WC711X4,TOTT,M,73731475797
WC711X4,TOTT,S,73731475798
WC711X4,TOTT,XL,73731475799
WC711X4,TOTT,XS,73731475800
WC711X4,MNKD,2XL,73731475801
WC711X4,MNKD,3XL,73731475805
WC711X4,MNKD,L,73731475806
WC711X4,MNKD,M,73731475807
WC711X4,MNKD,S,73731475808
WC711X4,MNKD,XL,73731475809
WC711X4,MNKD,XS,73731475810
97630,FNOR,L,73731475855
97630,FNOR,M,73731475858
97630,FNOR,S,73731475865
97630,FNOR,XL,73731475868
97630,FNOR,XS,73731475869
97630,SERW,2XL,73731475873
97630,SERW,3XL,73731475874
97629,DPBP,3XL,73731475948
97629,DPBP,L,73731475951
97629,DPBP,M,73731475952
97629,DPBP,S,73731475955
WM219,BLK,XS,73731475972
97630,RUOM,XL,73731476081
WD000,RWWM,XS,73731476167
97630,FZAK,3XL,73731476168
97630,FZAK,L,73731476169
WM727X5,PLPE,2XL,73731476174
WM727X5,PLPE,3XL,73731476175
WM627C10,BLK,ASST,73731476372
WM627C12,BLK,ASST,73731476373
WM627C12,EBW,ASST,73731476374
WD007,BKWM,2XL,73731476459
WD007,BKWM,3XL,73731476460
WD007,BKWM,L,73731476461
WD007,BKWM,M,73731476462
WD007,BKWM,S,73731476463
WD007,BKWM,XL,73731476464
WD007,BKWM,XS,73731476465
WD007,BLUE,2XL,73731476466
WD007,BLUE,3XL,73731476467
WD007,BLUE,L,73731476468
WD007,BLUE,M,73731476469
WD007,BLUE,S,73731476470
WD007,HUWM,XS,73731476471
WD007,KAKY,2XL,73731476472
WD007,KAKY,3XL,73731476473
WD007,KAKY,L,73731476474
WD007,KAKY,M,73731476475
WD007,KAKY,S,73731476476
WD007,KAKY,XL,73731476477
WD007,KAKY,XS,73731476478
WD007,KIW,2XL,73731476479
WD007,KIW,3XL,73731476480
WD007,KIW,L,73731476481
WD007,KIW,M,73731476482
WD007,KIW,S,73731476483
WD007,KIW,XL,73731476484
WD007,KIW,XS,73731476494
WD007,NSWM,2XL,73731476495
97630C9,RUOM,ASST,73731476497
WM627,BLK,2XL,73731476499
WM202,RIWM,2XL,73731476500
WM627,BLK,3XL,73731476502
WM627,BLK,L,73731476503
WM627,BLK,M,73731476504
WM627,BLK,S,73731476505
WM627,BLK,XL,73731476516
WM627,BLK,XS,73731476518
WM627,EBW,2XL,73731476520
WC243,HERB,2XL,73731476867
WC243,HERB,3XL,73731476868
WC243,HERB,L,73731476869
WC243,HERB,M,73731476870
WC243,HERB,S,73731476871
WC243,HERB,XL,73731476872
WC243,HERB,XS,73731476873
WC644,HERB,2XL,73731476874
WC644,HERB,3XL,73731476875
WC644,HERB,L,73731476876
WC644,HERB,M,73731476877
WC644,HERB,S,73731476878
WC644,HERB,XL,73731476879
WC644,HERB,XS,73731476880
WC632,BTAT,2XL,73731476881
WC632,BTAT,3XL,73731476882
WC632,BTAT,L,73731476883
WC632,BTAT,M,73731476884
WC632,BTAT,S,73731476886
WC632,BTAT,XL,73731476887
WC632,BTAT,XS,73731476888
WC632,PWT,2XL,73731476889
WC632,PWT,3XL,73731476890
WC632,PWT,L,73731476891
WC632,PWT,M,73731476892
WC632,PWT,S,73731476893
WC632,PWT,XL,73731476894
WD007,NSWM,XS,73731476952
WD007,PKWM,2XL,73731476953
WD007,PKWM,3XL,73731476954
WC632,PWT,XS,73731477039
WC242,BLK,2XL,73731477040
WC242,BLK,3XL,73731477041
WC242,BLK,L,73731477042
WC242,BLK,M,73731477043
WC242,BLK,S,73731477044
WC242,BLK,XL,73731477045
WC242,BLK,XS,73731477046
WC703X5,FOFN,2XL,73731477047
WC703X5,FOFN,3XL,73731477048
WC703X5,FOFN,L,73731477049
WC703X5,FOFN,M,73731477050
WC703X5,FOFN,S,73731477057
WC703X5,FOFN,XL,73731477059
WC703X5,FOFN,XS,73731477060
WC703X5,WOVA,2XL,73731477062
WC703X5,WOVA,3XL,73731477081
WC703X5,WOVA,L,73731477082
WC703X5,WOVA,M,73731477083
WC703X5,WOVA,S,73731477084
WC703X5,WOVA,XL,73731477085
WC703X5,WOVA,XS,73731477086
WC822,BLK,3XL,73731477087
WC822,PWT,3XL,73731477088
WC822,WIN,3XL,73731477089
WC021,BLK,3XL,73731477090
WC021,PWT,3XL,73731477091
WC021,WIN,3XL,73731477092
WC822,IND,2XL,73731477093
WC822,IND,3XL,73731477094
WC822,IND,L,73731477095
WC822,IND,M,73731477096
WC822,IND,S,73731477097
WC822,IND,XL,73731477099
WC822,IND,XS,73731477101
WC021,IND,2XL,73731477102
WC021,IND,3XL,73731477103
WC021,IND,L,73731477104
WC021,IND,M,73731477105
WC021,IND,S,73731477117
WC021,IND,XL,73731477120
WC021,IND,XS,73731477121
WC029,EGG,2XL,73731477446
WC029,EGG,3XL,73731477447
WC029,EGG,L,73731477448
WC029,EGG,M,73731477449
WC029,EGG,S,73731477451
WM716X4,HTHL,S,73731477464
WC029,EGG,XL,73731477473
WC029,EGG,XS,73731477474
WC029,BLK,2XL,73731477475
WC029,BLK,3XL,73731477476
WC029,BLK,L,73731477477
WC029,BLK,M,73731477478
WC029,BLK,S,73731477479
WC029,BLK,XL,73731477480
WC029,BLK,XS,73731477481
WC029,IND,2XL,73731477482
WC029,IND,3XL,73731477483
WC029,IND,L,73731477484
WC029,IND,M,73731477485
WC029,IND,S,73731477486
WC029,IND,XL,73731477487
WC029,IND,XS,73731477488
WM068,BLK,2XL,73731477489
WM068,BLK,3XL,73731477490
WM068,BLK,L,73731477491
WM068,BLK,M,73731477492
WM068,BLK,S,73731477493
WM716X4,HTHL,XL,73731477494
WM716X4,HTHL,XS,73731477495
WM068,BLK,XL,73731477501
WM068,CGW,2XL,73731477511
WM068,CGW,3XL,73731477512
WM068,CGW,L,73731477515
WM068,CGW,M,73731477517
WM068,CGW,S,73731477529
WM068,CGW,XL,73731477530
WM068,CIE,2XL,73731477531
WM068,CIE,3XL,73731477532
WM068,CIE,L,73731477533
WM068,CIE,M,73731477534
WM068,CIE,S,73731477535
WM068,CIE,XL,73731477536
WM068,EBW,2XL,73731477537
WD006,KSWM,XS,73731477565
WM068,EBW,3XL,73731477566
WD006,QSWM,2XL,73731477567
WD006,QSWM,3XL,73731477568
WD006,QSWM,L,73731477569
WM068,EBW,L,73731477570
WD006,QSWM,M,73731477571
WD006,QSWM,S,73731477579
WD006,QSWM,XL,73731477580
WD006,QSWM,XS,73731477581
WD006,SRWM,2XL,73731477582
WD006,SRWM,3XL,73731477583
WD006,SRWM,L,73731477584
WD006,SRWM,M,73731477585
WM068,EBW,M,73731477586
WM068,EBW,S,73731477587
WM068,EBW,XL,73731477588
WM068,EGG,2XL,73731477589
WM068,EGG,3XL,73731477590
WM068,EGG,L,73731477591
WM068,EGG,M,73731477592
WM068,EGG,S,73731477611
WM068,EGG,XL,73731477612
WM068,HUN,2XL,73731477613
WM068,HUN,3XL,73731477614
WM068,HUN,L,73731477619
WM068,HUN,M,73731477620
WM068,HUN,S,73731477621
WM068,HUN,XL,73731477626
WM068,TRQ,2XL,73731477627
WM068,TRQ,3XL,73731477628
WM068,TRQ,L,73731477629
WM068,TRQ,M,73731477630
WM068,TRQ,S,73731477707
WM068,TRQ,XL,73731477741
WM068,WIN,2XL,73731477747
WM068,WIN,3XL,73731477754
WM068,WIN,L,73731477760
WM068,WIN,M,73731477761
WM068,WIN,S,73731477771
WM068,WIN,XL,73731477773
WM068,IND,2XL,73731477775
WM068,IND,3XL,73731477781
WM068,IND,L,73731477796
WM068,IND,M,73731477797
WM068,IND,S,73731477798
WM068,IND,XL,73731477799
WM872,BLK,2XL,73731477800
WM872,BLK,3XL,73731477801
WM872,BLK,L,73731477802
WM872,BLK,M,73731477803
WM872,BLK,S,73731477804
WM872,BLK,XL,73731477805
WM872,CGW,2XL,73731477806
WM872,CGW,3XL,73731477807
WM872,CGW,L,73731477808
WM872,CGW,M,73731477809
WM872,CGW,S,73731477810
WM872,CGW,XL,73731477811
WM872,CIE,2XL,73731477812
WM872,CIE,3XL,73731477813
WM872,CIE,L,73731477814
WM872,CIE,M,73731477815
WM872,CIE,S,73731477816
WM872,CIE,XL,73731477817
WM872,EBW,2XL,73731477818
WM872,EBW,3XL,73731477819
WM872,EBW,L,73731477820
WM872,EBW,M,73731477821
WM872,EBW,S,73731477822
WM872,EBW,XL,73731477832
WM872,IND,2XL,73731477833
WM872,IND,3XL,73731477834
WM872,IND,L,73731477835
WM872,IND,M,73731477836
WM872,IND,S,73731477837
WM872,IND,XL,73731477838
WM872,TRQ,2XL,73731477848
WM872,TRQ,3XL,73731477849
WM872,TRQ,L,73731477850
WM872,TRQ,M,73731477851
WM872,TRQ,S,73731477852
WM872,TRQ,XL,73731477853
WM872,WIN,2XL,73731477854
WM872,WIN,3XL,73731477855
WM872,WIN,L,73731477856
WM872,WIN,M,73731477857
WM872,WIN,S,73731477858
WM872,WIN,XL,73731477859
WM872,EGG,2XL,73731477860
WM872,EGG,3XL,73731477862
WM872,EGG,L,73731477863
WM872,EGG,M,73731477864
WM872,EGG,S,73731477865
WM872,EGG,XL,73731477866
WM872,HUN,2XL,73731477867
WM872,HUN,3XL,73731477868
WM872,HUN,L,73731477869
WM872,HUN,M,73731477870
WM872,HUN,S,73731477871
WM872,HUN,XL,73731477872
WM873,WHT,2XL,73731477873
WM873,WHT,3XL,73731477874
WM873,WHT,L,73731477875
WM873,WHT,M,73731477876
WM873,WHT,S,73731477877
WM873,WHT,XL,73731477878
WC832,WHT,2XL,73731477879
WC832,WHT,3XL,73731477880
WC832,WHT,L,73731477881
WC832,WHT,M,73731477882
WC832,WHT,S,73731477883
WC832,WHT,XL,73731477884
WC832,WHT,XS,73731477885
WC031,WHT,2XL,73731477886
WC031,WHT,3XL,73731477888
WC031,WHT,L,73731477889
WC031,WHT,M,73731477890
WC031,WHT,S,73731477891
WC031,WHT,XL,73731477892
WC031,WHT,XS,73731477893
WC830,BLK,2XL,73731477894
WC830,BLK,3XL,73731477895
WC830,BLK,L,73731477896
WC830,BLK,M,73731477897
WC830,BLK,S,73731477898
WM717X4,CVGD,L,73731477976
WM717X4,CVGD,M,73731477983
WM717X4,CVGD,S,73731477989
WC830,BLK,XL,73731478015
WC830,BLK,XS,73731478016
WC830,EGG,2XL,73731478017
WC830,EGG,3XL,73731478018
WC830,EGG,L,73731478019
WC830,EGG,M,73731478020
WM717X4,CVGD,XL,73731478021
WM717X4,CVGD,XS,73731478022
WM718C4,WIIM,2XL,73731478023
WM718C4,WIIM,3XL,73731478024
WM718C4,WIIM,L,73731478031
WM718C4,WIIM,M,73731478032
WM718C4,WIIM,S,73731478033
WM718C4,WIIM,XL,73731478034
WC830,EGG,S,73731478035
WC830,EGG,XL,73731478036
WC830,EGG,XS,73731478037
WC830,IND,2XL,73731478038
WC830,IND,3XL,73731478039
WC830,IND,L,73731478040
WM718C4,WIIM,XS,73731478041
WM615,MLGL,2XL,73731478042
WM615,MLGL,L,73731478043
WC830,IND,M,73731478066
WC830,IND,S,73731478067
WC830,IND,XL,73731478068
WC830,IND,XS,73731478069
WM056,BLK,2XL,73731478070
WM056,BLK,3XL,73731478071
WM056,BLK,L,73731478072
WM056,BLK,M,73731478073
WM056,BLK,S,73731478074
WM056,BLK,XL,73731478076
WM056,BLK,XS,73731478077
WM056,CIE,2XL,73731478078
WM056,CIE,3XL,73731478081
WM056,CIE,L,73731478082
WM056,CIE,M,73731478084
WM056,CIE,S,73731478088
WM056,CIE,XL,73731478091
WM056,CIE,XS,73731478095
WM056,DESL,2XL,73731478096
WM056,DESL,3XL,73731478097
WM056,DESL,L,73731478098
WM056,DESL,M,73731478100
WM056,DESL,S,73731478101
WM056,DESL,XL,73731478103
WM056,DESL,XS,73731478104
WM056,EBW,2XL,73731478117
WM056,EBW,3XL,73731478118
WM056,EBW,L,73731478119
WM056,EBW,M,73731478120
WM056,EBW,S,73731478121
WM056,EBW,XL,73731478122
WM056,EBW,XS,73731478123
WM056,EGG,2XL,73731478124
WM056,EGG,3XL,73731478125
WM056,EGG,L,73731478129
WM056,EGG,M,73731478130
WM056,EGG,S,73731478131
WM056,EGG,XL,73731478132
WM056,EGG,XS,73731478133
WM056,GLMS,2XL,73731478134
WM056,GLMS,3XL,73731478135
WM056,GLMS,L,73731478136
WM056,GLMS,M,73731478137
WM056,GLMS,S,73731478138
WM056,GLMS,XL,73731478139
WM056,GLMS,XS,73731478140
WM056,IND,2XL,73731478141
WM056,IND,3XL,73731478142
WM056,IND,L,73731478143
WM056,IND,M,73731478144
WM056,IND,S,73731478145
WM056,IND,XL,73731478146
WD006,SRWM,S,73731478158
WD006,SRWM,XL,73731478165
WC002,BMWM,2XL,73731478190
WC002,BMWM,3XL,73731478191
WM056,IND,XS,73731478192
WC002,BMWM,L,73731478194
WC002,BMWM,M,73731478195
WC002,BMWM,S,73731478196
WC002,BMWM,XL,73731478197
WC002,BMWM,XS,73731478198
WC806,CRWM,2XL,73731478199
WC806,CRWM,3XL,73731478200
WC806,CRWM,L,73731478201
WC806,CRWM,M,73731478202
WC806,CRWM,S,73731478203
WC806,CRWM,XL,73731478204
WM056,PWT,2XL,73731478205
WM056,PWT,3XL,73731478206
WM056,PWT,L,73731478207
WM056,PWT,M,73731478208
WM056,PWT,S,73731478209
WM056,PWT,XL,73731478210
WM056,PWT,XS,73731478211
WM056,WIN,2XL,73731478212
WM056,WIN,3XL,73731478213
WM056,WIN,L,73731478329
WC804,LRWM,2XL,73731478383
WC804,LRWM,L,73731478384
WC804,LRWM,M,73731478385
WC804,LRWM,S,73731478386
WC804,LRWM,XL,73731478387
WC804,LRWM,XS,73731478392
WC804,RWWM,2XL,73731478393
WC804,RWWM,L,73731478394
WC804,RWWM,M,73731478395
WC804,RWWM,S,73731478396
WC804,RWWM,XL,73731478397
WC806,CRWM,XS,73731478405
WC806,EGG,2XL,73731478406
WC806,EGG,3XL,73731478407
WC806,EGG,L,73731478408
WC806,EGG,M,73731478409
WC806,EGG,S,73731478410
WC806,EGG,XL,73731478411
WC806,EGG,XS,73731478412
WC806,RIWM,2XL,73731478413
WC806,RIWM,3XL,73731478414
WC806,RIWM,L,73731478415
WC806,RIWM,M,73731478416
WC806,RIWM,S,73731478417
WC806,RIWM,XL,73731478418
WC806,RIWM,XS,73731478419
90029C9,BMWM,ASST,73731478430
90031PC9,BMWM,ASST,73731478436
90031C9,BMWM,ASST,73731478440
97630,DPMV,2XL,73731478441
97630,DPMV,3XL,73731478442
WM056,WIN,M,73731478443
97630,DPMV,L,73731478444
97630,DPMV,M,73731478445
97630,DPMV,S,73731478446
97630,DPMV,XL,73731478447
97630,DPMV,XS,73731478448
97630,HKCO,2XL,73731478449
97630,HKCO,3XL,73731478450
97630,HKCO,L,73731478451
97630,HKCO,M,73731478452
97630,HKCO,S,73731478453
97630,HKCO,XL,73731478454
97630,HKCO,XS,73731478455
97630,SETP,2XL,73731478456
97630,SETP,3XL,73731478457
97630,SETP,L,73731478458
97630,SETP,M,73731478459
97630,SETP,S,73731478460
97630,SETP,XL,73731478461
97630,SETP,XS,73731478462
97630,SYIG,2XL,73731478463
97630,SYIG,3XL,73731478464
97630,SYIG,L,73731478465
97630,SYIG,M,73731478466
97630,SYIG,S,73731478467
97630,SYIG,XL,73731478468
WM056,WIN,S,73731478485
WM056,WIN,XL,73731478486
WM056,WIN,XS,73731478487
WM862,BLK,2XL,73731478488
WM862,BLK,3XL,73731478489
WM862,BLK,L,73731478490
WM862,BLK,M,73731478491
WM862,BLK,S,73731478492
WM862,BLK,XL,73731478493
WM862,BLK,XS,73731478527
WM862,CIE,2XL,73731478528
WM862,CIE,3XL,73731478529
WM862,CIE,L,73731478530
WM862,CIE,M,73731478531
WM862,CIE,S,73731478532
WM862,CIE,XL,73731478533
WM862,CIE,XS,73731478541
WM862,DESL,2XL,73731478543
WM862,DESL,3XL,73731478544
WM862,DESL,L,73731478545
WM862,DESL,M,73731478547
WM862,DESL,S,73731478650
WM862,DESL,XL,73731478651
WM862,DESL,XS,73731478652
WM862,EBW,2XL,73731478653
WM862,EBW,3XL,73731478654
WM862,EBW,L,73731478655
WM862,EBW,M,73731478656
WM862,EBW,S,73731478665
WM862,EBW,XL,73731478672
WM862,EBW,XS,73731478680
WM862,EGG,2XL,73731478681
WM862,EGG,3XL,73731478682
WM862,EGG,L,73731478685
WM862,EGG,M,73731478699
WM862,EGG,S,73731478703
WM862,EGG,XL,73731478704
WM862,EGG,XS,73731478705
WM862,GLMS,2XL,73731478706
WM862,GLMS,3XL,73731478707
WM862,GLMS,L,73731478708
WM862,GLMS,M,73731478709
WM862,GLMS,S,73731478710
WM862,GLMS,XL,73731478729
WM862,GLMS,XS,73731478730
WM862,IND,2XL,73731478731
WM862,IND,3XL,73731478732
WM862,IND,L,73731478733
WM862,IND,M,73731478734
WM862,IND,S,73731478735
WM862,IND,XL,73731478736
WM862,IND,XS,73731478743
WM862,PWT,2XL,73731478744
WM862,PWT,3XL,73731478745
WM862,PWT,L,73731478746
WM862,PWT,M,73731478747
WM862,PWT,S,73731478748
WM862,PWT,XL,73731478749
WM862,PWT,XS,73731478759
WM862,WIN,2XL,73731478760
WM862,WIN,3XL,73731478761
WM862,WIN,L,73731478762
WM862,WIN,M,73731478763
WM862,WIN,S,73731478764
WM862,WIN,XL,73731478765
WM862,WIN,XS,73731478775
WC802,IMWM,2XL,73731478805
WC802,IMWM,3XL,73731478806
WC802,IMWM,L,73731478807
WC802,IMWM,M,73731478808
WM056C14,CIE,ASST,73731478844
WM056C14,BLK,ASST,73731478845
WM056C14,DESL,ASST,73731478846
WM056C14,EGG,ASST,73731478847
WM056C14,EBW,ASST,73731478848
WM056C14,IND,ASST,73731478849
WM056C14,PWT,ASST,73731478850
WM056C14,WIN,ASST,73731478851
WM862C14,CIE,ASST,73731478852
WM862C14,BLK,ASST,73731478853
WM862C14,DESL,ASST,73731478854
WM862C14,EGG,ASST,73731478855
WM862C14,EBW,ASST,73731478856
WM862C14,IND,ASST,73731478857
WM862C14,PWT,ASST,73731478884
WM862C14,WIN,ASST,73731478885
WM069,WHT,2XL,73731478886
WM069,WHT,3XL,73731478887
WM069,WHT,L,73731478888
WM069,WHT,M,73731478889
WM069,WHT,S,73731478890
WM069,WHT,XL,73731478891
WM056P,IND,2XL,73731478892
WM056P,IND,3XL,73731478893
WM056P,IND,L,73731478894
WM056P,IND,M,73731478895
WM056P,IND,S,73731478896
WM056P,IND,XL,73731478897
WM056P,IND,XS,73731478898
WM056P,EBW,2XL,73731478899
WM056P,EBW,3XL,73731478910
WM056P,EBW,L,73731478912
WM056P,EBW,M,73731478948
WM056P,EBW,S,73731478950
WM056P,EBW,XL,73731478952
WM056P,EBW,XS,73731478979
WM056P,BLK,2XL,73731479008
WM056P,BLK,3XL,73731479009
WM056P,BLK,L,73731479010
WM056P,BLK,M,73731479011
WM056P,BLK,S,73731479012
WM056P,BLK,XL,73731479013
WM056P,BLK,XS,73731479014
WM056P,PWT,2XL,73731479015
WM056P,PWT,3XL,73731479016
WM056P,PWT,L,73731479017
WM056P,PWT,M,73731479018
WM056P,PWT,S,73731479019
WM056P,PWT,XL,73731479020
WM056P,PWT,XS,73731479021
WM728X5,ALEE,M,73731479022
WM047C14,MEMV,ASST,73731479024
WM862C14,GLMS,ASST,73731479033
WM841C14,MEMV,ASST,73731479042
WM056C14,GLMS,ASST,73731479043
WM047C14,BLK,ASST,73731479044
WM047C14,DESL,ASST,73731479045
WM047C14,EBW,ASST,73731479046
WM047C14,IND,ASST,73731479056
WM047C14,PWT,ASST,73731479057
WM047C14,RAR,ASST,73731479067
WM047C14,WIN,ASST,73731479068
WM047PC4,BLK,ASST,73731479069
WM047PC4,IND,ASST,73731479070
WM047PC4,PWT,ASST,73731479071
WM841C14,BLK,ASST,73731479072
WM841C14,DESL,ASST,73731479073
WM841C14,EBW,ASST,73731479074
WM841C14,IND,ASST,73731479075
WM841C14,PWT,ASST,73731479076
WM841C14,RAR,ASST,73731479077
WM841C14,WIN,ASST,73731479078
WC803,MWWM,XS,73731479148
WC701X7,TRRE,2XL,73731479455
WC701X7,TRRE,3XL,73731479456
WC701X7,TRRE,L,73731479458
WC701X5,LPOT,XS,73731480052
WC804,RWWM,XS,73731480096
WC802,IMWM,S,73731480459
WC802,IMWM,XL,73731480460
WC802,IMWM,XS,73731480461
WC802,PWT,2XL,73731480487
WC802,PWT,3XL,73731480488
WC802,PWT,L,73731480489
WC802,PWT,M,73731480490
WC802,PWT,S,73731480491
WC802,PWT,XL,73731480492
WC802,PWT,XS,73731480493
WM056PC4,BLK,ASST,73731480523
WC002,IMWM,2XL,73731480524
WC002,IMWM,3XL,73731480525
WC002,IMWM,L,73731480526
WC002,IMWM,M,73731480527
WC002,IMWM,S,73731480529
WM056PC4,IND,ASST,73731480538
WM056PC4,PWT,ASST,73731480539
WM056PC4,EBW,ASST,73731480540
WC803,PWT,2XL,73731480657
WC803,PWT,L,73731480658
WC803,PWT,M,73731480659
WC803,PWT,S,73731480661
WC803,PWT,XL,73731480662
WC803,PWT,XS,73731480663
WC803,MWWM,2XL,73731480664
WC803,MWWM,L,73731480666
WC803,MWWM,M,73731480691
WC803,MWWM,S,73731480692
WC803,MWWM,XL,73731480695
WC003,BMWM,2XL,73731480747
WC003,BMWM,L,73731480748
WC003,BMWM,M,73731480750
WC003,BMWM,S,73731480751
WC003,BMWM,XL,73731480752
WC003,BMWM,XS,73731480753
WC003,MWWM,2XL,73731480755
WC003,MWWM,L,73731480756
WC003,MWWM,M,73731480757
WC003,MWWM,S,73731480758
WC003,MWWM,XL,73731480760
WC003,MWWM,XS,73731480761
WC003,PWT,2XL,73731480762
WC003,PWT,L,73731480763
WC003,PWT,M,73731480765
WC003,PWT,S,73731480766
WC003,PWT,XL,73731480767
WC003,PWT,XS,73731480768
WC006,CRWM,2XL,73731480770
WC006,CRWM,3XL,73731480777
WC006,CRWM,L,73731480778
WC006,CRWM,M,73731480779
WC006,CRWM,S,73731480780
WC006,CRWM,XL,73731480782
WC006,CRWM,XS,73731480791
WC006,EGG,2XL,73731480792
WC006,EGG,3XL,73731480793
WC006,EGG,L,73731480798
WC006,EGG,M,73731480799
WC006,EGG,S,73731480800
WC006,EGG,XL,73731480801
WC006,EGG,XS,73731480802
WC006,RIWM,2XL,73731480803
WC006,RIWM,3XL,73731480805
WC006,RIWM,L,73731480807
WC006,RIWM,M,73731480808
WC006,RIWM,S,73731480809
WM049C12,BLK,ASST,73731480881
WM049C12,CGW,ASST,73731480883
WM049C12,CIE,ASST,73731480885
WM049C12,EBW,ASST,73731480886
WM049C12,EGG,ASST,73731480888
WM049C12,HUN,ASST,73731480889
WM049C12,IND,ASST,73731480893
WM049C12,TRQ,ASST,73731480896
WM049C12,WIN,ASST,73731480899
WM050C12,WHT,ASST,73731480900
WM842C12,CGW,ASST,73731480901
WM842C12,CIE,ASST,73731480902
WM842C12,EBW,ASST,73731480903
WM842C12,EGG,ASST,73731480904
WM842C12,HUN,ASST,73731480905
WM842C12,IND,ASST,73731480906
WM842C12,TRQ,ASST,73731480907
WM842C12,WIN,ASST,73731480909
WM842C12,BLK,ASST,73731480910
WM852C12,WHT,ASST,73731480911
WC002,IMWM,XL,73731480918
WC002,IMWM,XS,73731480928
WC701X7,TRRE,M,73731481097
WC701X7,TRRE,S,73731481098
WC701X7,TRRE,XL,73731481099
WC701X7,TRRE,XS,73731481104
WC004,RWWM,2XL,73731481308
WC004,RWWM,L,73731481309
WC004,RWWM,M,73731481310
WC004,RWWM,S,73731481311
WC004,RWWM,XL,73731481312
WC004,RWWM,XS,73731481313
WC004,LRWM,2XL,73731481314
WC004,LRWM,L,73731481315
WC004,LRWM,M,73731481316
WC004,LRWM,S,73731481317
WC004,LRWM,XL,73731481318
WC004,LRWM,XS,73731481319
WM202C12,RWWM,ASST,73731481685
WM728X5,LHTS,2XL,73731481817
WM728X5,LHTS,3XL,73731481818
WM728X5,LHTS,L,73731481819
WM728X5,LHTS,M,73731481820
WM728X5,LHTS,S,73731481821
WM728X5,LHTS,XL,73731481822
WM731X5,MEWC,2XL,73731481823
WM731X5,MEWC,3XL,73731481824
WM731X5,MEWC,L,73731481826
WM731X5,MEWC,M,73731481850
WM731X5,MEWC,S,73731481851
WM731X5,MEWC,XL,73731481852
WM729X5,JULF,2XL,73731481853
WM729X5,JULF,3XL,73731481854
WM729X5,JULF,L,73731481855
WM729X5,JULF,M,73731481856
WM729X5,JULF,S,73731481857
WM729X5,JULF,XL,73731481858
WM728X19,LKKI,2XL,73731481859
WM728X19,LKKI,3XL,73731481860
WM728X19,LKKI,L,73731481861
WM728X19,LKKI,M,73731481862
WM728X19,LKKI,S,73731481863
WM728X19,LKKI,XL,73731481864
WM728X19,MHPH,2XL,73731481865
WM728X19,MHPH,3XL,73731481866
WM728X19,MHPH,L,73731481867
WM728X19,MHPH,M,73731481886
WM728X19,MHPH,S,73731481887
WM728X19,MHPH,XL,73731481888
WM730X5,DMOG,2XL,73731481889
WM730X5,DMOG,3XL,73731481890
WM730X5,DMOG,L,73731481891
WM730X5,DMOG,M,73731481892
WM730X5,DMOG,S,73731481893
WM730X5,DMOG,XL,73731481894
WD034,BLK,2XL,73731481895
WD034,BLK,3XL,73731481896
WD034,BLK,L,73731481897
WD034,BLK,M,73731481898
WD034,BLK,S,73731481899
WD034,BLK,XL,73731481900
WD034,BLK,XS,73731481901
WD034,DPFU,2XL,73731481902
WD034,DPFU,3XL,73731481903
WD034,DPFU,L,73731481904
WD034,DPFU,M,73731481905
WD034,DPFU,S,73731481907
WD034,DPFU,XL,73731481908
WD034,DPFU,XS,73731481909
WD034,IND,2XL,73731481911
WD034,IND,3XL,73731481912
WD034,IND,L,73731481913
WD034,IND,M,73731481914
WD034,IND,S,73731481915
WD034,IND,XL,73731481916
WD034,IND,XS,73731481918
WD034,MLGL,2XL,73731481920
WD034,MLGL,3XL,73731481921
WD034,MLGL,L,73731481931
WD034,MLGL,M,73731481932
WD034,MLGL,S,73731481933
WD034,MLGL,XL,73731481934
WD034,MLGL,XS,73731481936
WD300,BLK,2XL,73731481937
WD300,BLK,L,73731481938
WD300,BLK,M,73731481939
WD300,BLK,S,73731481940
WD300,BLK,XL,73731481944
WD300,BLK,XS,73731481947
WM615,MLGL,M,73731482451
WM716X4,HTHL,L,73731482459
WM716X4,HTHL,M,73731482460
WA812,BLK,2XL,73731483623
WA812,BLK,3XL,73731483624
WA812,BLK,L,73731483625
WA812,BLK,M,73731483626
WA812,BLK,S,73731483627
WA812,BLK,XL,73731483628
WA812,BLK,XS,73731483629
WA812,CGW,2XL,73731483630
WA812,CGW,3XL,73731483631
WA812,CGW,L,73731483632
WA812,CGW,M,73731483633
WA812,CGW,S,73731483634
WA812,CGW,XL,73731483635
WA812,CGW,XS,73731483636
WA812,CIE,2XL,73731483637
WA812,CIE,3XL,73731483638
WA812,CIE,L,73731483639
WA812,CIE,M,73731483640
WA812,CIE,S,73731483641
WA812,CIE,XL,73731483642
WA812,CIE,XS,73731483643
WA812,IND,2XL,73731483644
WA812,IND,3XL,73731483645
WA812,IND,L,73731483646
WA812,IND,M,73731483647
WA812,IND,S,73731483648
WA812,IND,XL,73731483649
WA812,IND,XS,73731483650
WA012,BLK,2XL,73731483651
WA012,BLK,3XL,73731483652
WA012,BLK,L,73731483653
WA012,BLK,M,73731483654
WA012,BLK,S,73731483655
WA012,BLK,XL,73731483656
WA012,BLK,XS,73731483657
WA012,CGW,2XL,73731483658
WA012,CGW,3XL,73731483659
WA012,CGW,L,73731483660
WA012,CGW,M,73731483661
WA012,CGW,S,73731483662
WA012,CGW,XL,73731483663
WA012,CGW,XS,73731483664
WA012,IND,2XL,73731483665
WA012,IND,3XL,73731483666
WA012,IND,L,73731483667
WA012,IND,M,73731483668
WA012,IND,S,73731483669
WA012,IND,XL,73731483670
WA012,IND,XS,73731483671
WM068C12,BLK,ASST,73731483672
WM068C12,CGW,ASST,73731483673
WM068C12,CIE,ASST,73731483674
WM068C12,EBW,ASST,73731483675
WM068C12,EGG,ASST,73731483676
WM068C12,HUN,ASST,73731483677
WM068C12,IND,ASST,73731483678
WM068C12,TRQ,ASST,73731483679
WM068C12,WIN,ASST,73731483680
WM729X5C11,LUCN,ASST,73731483681
WM069C12,WHT,ASST,73731483682
WM872C12,BLK,ASST,73731483683
WM872C12,CGW,ASST,73731483684
WM872C12,CIE,ASST,73731483685
WM872C12,EBW,ASST,73731483686
WM872C12,EGG,ASST,73731483687
WM872C12,HUN,ASST,73731483688
WM872C12,IND,ASST,73731483689
WM872C12,TRQ,ASST,73731483690
WM872C12,WIN,ASST,73731483691
WM873C12,WHT,ASST,73731483692
WM615,MLGL,S,73731483839
WM615,MLGL,XL,73731483840
WM615,MLGL,XS,73731483841
WM615,TRQ,2XL,73731483849
WM615,TRQ,L,73731483850
WM615,TRQ,M,73731483851
WM615,TRQ,S,73731483861
WD604,BME,2XL,73731484055
WD604,BME,L,73731484056
WD604,BME,M,73731484059
WD604,BME,S,73731484060
WD604,BME,XL,73731484061
WD604,BME,XS,73731484069
WD604,BTME,2XL,73731484148
WD604,BTME,L,73731484164
WD604,BTME,M,73731484177
WD604,BTME,S,73731484178
WD604,BTME,XL,73731484179
WD604,BTME,XS,73731484180
WD604,IDME,2XL,73731484181
WD604,IDME,L,73731484182
WD604,IDME,M,73731484183
WD604,IDME,S,73731484184
WD604,IDME,XL,73731484185
WD604,IDME,XS,73731484186
WD604,EBM,2XL,73731484188
WD604,EBM,L,73731484189
WD604,EBM,M,73731484190
WD604,EBM,S,73731484191
WD604,EBM,XL,73731484192
WD604,EBM,XS,73731484193
WD838,PWT,2XL,73731484194
WD838,PWT,3XL,73731484198
WD838,PWT,L,73731484199
WD838,PWT,M,73731484200
WD838,PWT,S,73731484201
WD838,PWT,XL,73731484202
WD838,PWT,XS,73731484203
WD838,EBW,2XL,73731484204
WD838,EBW,3XL,73731484216
WD838,EBW,L,73731484218
WD838,EBW,M,73731484232
WD838,EBW,S,73731484233
WD838,EBW,XL,73731484234
WD838,EBW,XS,73731484235
WD838,MEMV,2XL,73731484236
WD838,MEMV,3XL,73731484237
WD838,MEMV,L,73731484238
WD838,MEMV,M,73731484239
WD838,MEMV,S,73731484240
WD838,MEMV,XL,73731484241
WD838,MEMV,XS,73731484242
WD838,IND,2XL,73731484243
WD838,IND,3XL,73731484244
WD838,IND,L,73731484245
WD838,IND,M,73731484246
WD838,IND,S,73731484247
WD838,IND,XL,73731484248
WD838,IND,XS,73731484249
WD606,BLKW,2XL,73731484250
WD606,BLKW,L,73731484268
WD606,BLKW,M,73731484269
WD606,BLKW,S,73731484270
WD606,BLKW,XL,73731484271
WD606,BLKW,XS,73731484272
WD606,PWTW,2XL,73731484273
WD606,PWTW,L,73731484274
WD606,PWTW,M,73731484275
WD606,PWTW,S,73731484276
WD606,PWTW,XL,73731484278
WD606,PWTW,XS,73731484279
WA012,CIE,2XL,73731484280
WA012,CIE,3XL,73731484281
WA012,CIE,L,73731484282
WA012,CIE,M,73731484283
WA012,CIE,S,73731484284
WA012,CIE,XL,73731484285
WA012,CIE,XS,73731484286
WD038,EBW,2XL,73731484337
WD038,EBW,3XL,73731484338
WD038,EBW,L,73731484339
WD038,EBW,M,73731484340
WD038,EBW,S,73731484341
WD038,EBW,XL,73731484342
WD038,EBW,XS,73731484343
WD038,IND,2XL,73731484344
WD038,IND,3XL,73731484345
WD038,IND,L,73731484346
WD038,IND,M,73731484347
WD038,IND,S,73731484348
WD038,IND,XL,73731484349
WD038,IND,XS,73731484350
WD038,MEMV,2XL,73731484351
WD038,MEMV,3XL,73731484360
WD038,MEMV,L,73731484361
WD038,MEMV,M,73731484362
WD038,MEMV,S,73731484363
WD038,MEMV,XL,73731484364
WD038,MEMV,XS,73731484365
WD038,PWT,2XL,73731484366
WD038,PWT,3XL,73731484367
WD038,PWT,L,73731484368
WD038,PWT,M,73731484369
WD038,PWT,S,73731484413
WD038,PWT,XL,73731484414
WD038,PWT,XS,73731484415
WM728X19C11,LKKI,ASST,73731484425
WM728X19C7,LKKI,ASST,73731484426
WM728X19C11,MHPH,ASST,73731484427
WM728X19C7,MHPH,ASST,73731484428
WM730X5C11,DMOG,ASST,73731484429
WM731X5C11,MEWC,ASST,73731484430
WM729X5C7,JULF,ASST,73731484431
WM729X5C11,JULF,ASST,73731484432
WM728X5C7,LHTS,ASST,73731484475
WM728X5C11,LHTS,ASST,73731484476
97750,ARSA,M,73731484751
97750,ARSA,S,73731484752
97750,ARSA,XL,73731484753
97750,ARSA,XS,73731484754
97752,BDSG,2XL,73731484755
97752,BDSG,3XL,73731484756
97752,BDSG,L,73731484757
97752,BDSG,M,73731484758
97752,BDSG,S,73731484759
97752,BDSG,XL,73731484760
97752,BDSG,XS,73731484791
97750,WIFN,2XL,73731484792
97750,WIFN,3XL,73731484793
97750,WIFN,L,73731484794
97750,WIFN,M,73731484795
97750,WIFN,S,73731484796
97750,WIFN,XL,73731484797
97750,WIFN,XS,73731484798
97752,FLPP,2XL,73731484799
97752,FLPP,3XL,73731484800
WD834,BLK,2XL,73731485050
WD834,BLK,3XL,73731485051
WD834,BLK,L,73731485052
WD834,BLK,M,73731485053
WD834,BLK,S,73731485054
WD834,BLK,XL,73731485055
WD834,BLK,XS,73731485056
WD834,DPFU,2XL,73731485057
WD834,DPFU,3XL,73731485096
WD834,DPFU,L,73731485097
WD834,DPFU,M,73731485098
WD834,DPFU,S,73731485099
WD834,DPFU,XL,73731485100
WD834,DPFU,XS,73731485101
WD834,IND,2XL,73731485102
WD834,IND,3XL,73731485103
WD834,IND,L,73731485104
WD834,IND,M,73731485105
WD834,IND,S,73731485106
WD834,IND,XL,73731485107
WD834,IND,XS,73731485129
WD834,MLGL,2XL,73731485130
WD834,MLGL,3XL,73731485131
WD834,MLGL,L,73731485132
WD834,MLGL,M,73731485133
WD834,MLGL,S,73731485134
WD834,MLGL,XL,73731485135
WD834,MLGL,XS,73731485136
WD006,GSWM,2XL,73731485472
WD006,GSWM,3XL,73731485473
WD006,GSWM,L,73731485474
WD006,GSWM,M,73731485475
WD006,GSWM,S,73731485476
WD006,GSWM,XL,73731485477
WD006,GSWM,XS,73731485478
WD006,ISWM,2XL,73731485479
WD006,ISWM,3XL,73731485480
WD006,ISWM,L,73731485481
WD006,ISWM,M,73731485482
WD006,ISWM,S,73731485483
97752,FLPP,L,73731485561
97752,FLPP,M,73731485562
97752,FLPP,S,73731485563
97752,FLPP,XL,73731485564
97752,FLPP,XS,73731485565
97750,WDWM,2XL,73731485999
97750,WDWM,3XL,73731486000
97750,WDWM,L,73731486001
97750,WDWM,M,73731486002
97750,WDWM,S,73731486003
97750,WDWM,XL,73731486004
97750,WDWM,XS,73731486005
97750,ARSA,2XL,73731486018
97750,ARSA,3XL,73731486019
97750,ARSA,L,73731486020
WD006,SRWM,XS,73731486685
WC703X5,MXNM,2XL,73731486875
77943,EBWM,2XL,73731486876
WC703X5,MXNM,3XL,73731486877
WC703X5,MXNM,L,73731486878
WD006,ISWM,XL,73731486894
WD006,ISWM,XS,73731486895
WD006,KSWM,2XL,73731486896
WD006,KSWM,3XL,73731486897
WD006,KSWM,L,73731486898
WD006,KSWM,M,73731486899
WD006,KSWM,S,73731486903
WD006,KSWM,XL,73731486904
WM213C9,DIWM,ASST,73731486974
WM616C9,DIWM,ASST,73731486975
WM616C9,PUWM,ASST,73731486976
WM616C9,KCWM,ASST,73731486978
77944,EBWM,3XL,73731486991
77944,EBWM,L,73731486992
77944,EBWM,M,73731486993
77944,EBWM,S,73731486994
77944,EBWM,XL,73731486995
77944,CGWM,2XL,73731486996
77944,CGWM,3XL,73731486997
77944,CGWM,L,73731486998
77944,CGWM,M,73731486999
WC703X5,OWTF,S,73731487005
77944,CGWM,S,73731487006
WC703X5,OWTF,XL,73731487007
WC703X5,OWTF,XS,73731487008
WC604,HPKZ,2XL,73731487009
WD808,PUWM,S,73731487207
WD808,PUWM,XL,73731487208
WD808,PUWM,XS,73731487209
WD008,DIWM,2XL,73731487210
WD008,DIWM,L,73731487211
WD008,DIWM,M,73731487212
WD008,DIWM,S,73731487213
WD008,DIWM,XL,73731487214
WD808,PUWM,2XL,73731488345
WC604,HPKZ,3XL,73731488366
WC604,HPKZ,L,73731488367
WC604,HPKZ,M,73731488368
WC604,HPKZ,S,73731488369
WM213C9,KCWM,ASST,73731488370
WM213C9,PUWM,ASST,73731488371
77943,EBWM,3XL,73731488492
77943,EBWM,L,73731488493
77943,EBWM,M,73731488494
77943,EBWM,S,73731488496
77943,EBWM,XL,73731488497
77943,BKWM,2XL,73731488498
77943,BKWM,3XL,73731488499
77943,BKWM,L,73731488500
77943,BKWM,M,73731488501
77943,BKWM,S,73731488502
77943,BKWM,XL,73731488503
77943,CGWM,2XL,73731488504
77943,CGWM,3XL,73731488505
77943,CGWM,L,73731488506
77943,CGWM,M,73731488507
77943,CGWM,S,73731488508
WC703X5,MXNM,M,73731488513
WC703X5,MXNM,S,73731488514
WC703X5,MXNM,XL,73731488522
WC703X5,MXNM,XS,73731488523
77943,CGWM,XL,73731488534
77944,EBWM,2XL,73731488535
WC703X5,OWTF,2XL,73731488537
WC703X5,OWTF,3XL,73731488538
WC703X5,OWTF,L,73731488539
WC703X5,OWTF,M,73731488542
77944,CGWM,XL,73731488615
77944,BKWM,2XL,73731488616
77944,BKWM,3XL,73731488618
77944,BKWM,L,73731488619
77944,BKWM,M,73731488620
77944,BKWM,S,73731488621
77944,BKWM,XL,73731488622
77944P,EBWM,L,73731488624
77944P,EBWM,M,73731488625
77944P,EBWM,S,73731488627
77944P,EBWM,XL,73731488637
77944P,EBWM,XS,73731488638
77944P,BKWM,L,73731488639
77944P,BKWM,M,73731488642
77944P,BKWM,S,73731488643
77944P,BKWM,XL,73731488644
77944P,BKWM,XS,73731488645
WD808,DIWM,2XL,73731488647
WD808,DIWM,L,73731488648
WD808,DIWM,M,73731488649
WD808,DIWM,S,73731488650
WD808,DIWM,XL,73731488651
WD808,DIWM,XS,73731488652
WD808,KCWM,2XL,73731488653
WD808,KCWM,L,73731488654
WD808,KCWM,M,73731488655
WD808,KCWM,S,73731488656
WD808,KCWM,XL,73731488658
WD808,KCWM,XS,73731488659
WC204,ISWM,2XL,73731488887
WD008,DIWM,XS,73731488888
WC204,ISWM,3XL,73731488889
WD008,KCWM,2XL,73731488890
WD008,KCWM,L,73731488892
WC204,ISWM,L,73731488893
WD008,KCWM,M,73731488894
WD008,KCWM,S,73731488895
97630,LTDR,L,73731488949
97630,LTDR,M,73731488950
97630,LTDR,S,73731488951
97630,LTDR,XL,73731488952
WD008,PUWM,2XL,73731488953
97630,LTDR,XS,73731488954
97630,MAKA,2XL,73731488955
97630,MAKA,3XL,73731488956
97630,MAKA,L,73731488957
97630,MAKA,M,73731488958
97630,MAKA,S,73731488959
97630,MAKA,XL,73731488960
97630,MAKA,XS,73731488961
WD008,PUWM,L,73731488964
WD008,PUWM,M,73731488973
WC204,ISWM,M,73731489312
WC204,ISWM,S,73731489313
WC204,ISWM,XL,73731489314
WC204,ISWM,XS,73731489315
97630,PHOU,2XL,73731489316
WD008,KCWM,XL,73731489317
97630,PHOU,3XL,73731489318
97630,PHOU,L,73731489319
97630,PHOU,M,73731489320
97630,PHOU,S,73731489321
97630,PHOU,XL,73731489322
97630,PHOU,XS,73731489323
97630,LTDR,2XL,73731489324
97630,LTDR,3XL,73731489325
WD008,KCWM,XS,73731489326
WD008,PUWM,S,73731489417
WD008,PUWM,XL,73731489420
WD008,PUWM,XS,73731489421
WC604,HPKZ,XL,73731490014
WC604,HPKZ,XS,73731490015
WC604,ISWM,2XL,73731490016
WD808,PUWM,L,73731490017
WC604,ISWM,3XL,73731490018
WC604,ISWM,L,73731490019
WC604,ISWM,M,73731490020
WC604,ISWM,S,73731490021
WC604,ISWM,XL,73731490022
WC604,ISWM,XS,73731490041
WC204,HPKZ,2XL,73731490042
WC204,HPKZ,3XL,73731490043
WD808,PUWM,M,73731490044
WC204,HPKZ,L,73731490045
WC204,HPKZ,M,73731490046
WC204,HPKZ,S,73731490047
WC204,HPKZ,XL,73731490048
WC204,HPKZ,XS,73731490049
97750,DZDL,2XL,73731491126
97750,DZDL,3XL,73731491127
97750,DZDL,L,73731491128
97750,DZDL,M,73731491129
97750,DZDL,S,73731491130
97750,DZDL,XL,73731491131
97750,DZDL,XS,73731491132
WD806,GSWM,2XL,73731491214
WD806,GSWM,3XL,73731491215
WD806,GSWM,L,73731491216
WD003,EGG,XS,73731491414
WD003,RTWM,2XL,73731491415
WD003,RTWM,L,73731491416
WD003,RTWM,M,73731491417
WD003,RTWM,S,73731491422
WD003,RTWM,XL,73731491423
WD003,RTWM,XS,73731491424
WD200,BLK,2XL,73731491425
WD200,BLK,3XL,73731491426
WD200,BLK,L,73731491427
WD200,WIN,3XL,73731491534
WD200,WIN,L,73731491535
WD200,WIN,M,73731491536
WD200,WIN,S,73731491537
WD200,WIN,XL,73731491544
WD200,WIN,XS,73731491545
WD201,IMWM,2XL,73731491546
WD201,IMWM,L,73731491547
WD600,BLK,3XL,73731491554
WD600,BLK,L,73731491556
WD600,BLK,M,73731491564
WD600,BLK,S,73731491565
WD600,BLK,XL,73731491566
WD600,BLK,XS,73731491567
WD600,HPKZ,2XL,73731491574
WD600,HPKZ,3XL,73731491575
WD600,HPKZ,L,73731491576
WD600,HPKZ,M,73731491577
97750,BTMD,2XL,73731491786
97750,BTMD,3XL,73731491787
97750,BTMD,L,73731491788
97750,BTMD,M,73731491789
97750,BTMD,S,73731491790
97750,BTMD,XL,73731491791
WD003,EGG,2XL,73731492651
WD003,EGG,L,73731492652
WD003,EGG,M,73731492653
WD003,EGG,S,73731492654
WD003,EGG,XL,73731492655
WD806,GSWM,M,73731492983
WC711X4,DPRU,2XL,73731492989
WC711X4,DPRU,3XL,73731492990
WC711X4,DPRU,L,73731492991
WD806,GSWM,S,73731492992
WC711X4,DPRU,M,73731492993
WC711X4,DPRU,S,73731492994
WC711X4,DPRU,XL,73731492995
WC711X4,DPRU,XS,73731492996
WC711X4,LTMD,2XL,73731492997
WC711X4,LTMD,3XL,73731492998
WC711X4,LTMD,L,73731492999
WC711X4,LTMD,M,73731493000
WD806,GSWM,XL,73731493001
WC711X4,LTMD,S,73731493002
WC711X4,LTMD,XL,73731493003
WC711X4,LTMD,XS,73731493004
WM805C9,RIWM,ASST,73731493005
WM007C9,RIWM,ASST,73731493006
WM803C9,SHP,ASST,73731493034
WM003C9,LRWM,ASST,73731493035
WM805C9,CRWM,ASST,73731493036
WM805C9,RTWM,ASST,73731493038
WM007C9,CRWM,ASST,73731493039
WM007C9,RTWM,ASST,73731493040
WM803C9,RWWM,ASST,73731493041
97750,BTMD,XS,73731493497
WD806,ISWM,XL,73731493639
WD806,ISWM,XS,73731493640
WM730X5,FZIT,2XL,73731493755
WM730X5,FZIT,3XL,73731493757
WM730X5,FZIT,L,73731493758
WM730X5,FZIT,M,73731493759
WM049P12,BLK,2XL,73731493826
WM049P12,BLK,3XL,73731493827
WM049P12,BLK,L,73731493828
WM049P12,BLK,M,73731493829
WM049P12,BLK,S,73731493830
WM049P12,BLK,XL,73731493831
WM049P24,BLK,2XL,73731493832
WM049P24,BLK,3XL,73731493833
WM049P24,BLK,L,73731493834
WM049P24,BLK,M,73731493835
WM049P24,BLK,S,73731493836
WM049P24,BLK,XL,73731493837
WM730X5C18,FZIT,ASST,73731495061
WM730X5C18,SRAR,ASST,73731495062
WM730X5C9,FZIT,ASST,73731495063
WM731X5C18,EMLC,ASST,73731495064
WM731X5C18,SGML,ASST,73731495065
WM731X5C9,EMLC,ASST,73731495066
WD601,UMWM,L,73731495094
WD601,UMWM,M,73731495096
WD601,UMWM,S,73731495097
WM803C9,LRWM,ASST,73731495329
WM003C9,SHP,ASST,73731495330
WM003C9,RWWM,ASST,73731495331
97630C12,DPMV,ASST,73731495332
97630C12,SYIG,ASST,73731495333
97630C9,SYIG,ASST,73731495334
97630C12,SETP,ASST,73731495335
97630C12,HKCO,ASST,73731495336
97630C12,LTDR,ASST,73731495337
WD806,GSWM,XS,73731495338
WD806,ISWM,2XL,73731495339
WD806,ISWM,3XL,73731495340
WD806,ISWM,L,73731495341
WD806,ISWM,M,73731495342
WD806,ISWM,S,73731495343
WD806,KSWM,2XL,73731495372
WD806,KSWM,3XL,73731495383
97630C9,LTDR,ASST,73731495384
97630C12,MAKA,ASST,73731495385
WD806,KSWM,L,73731495386
WD806,KSWM,M,73731495387
WD806,KSWM,S,73731495388
WD806,KSWM,XL,73731495389
WD806,KSWM,XS,73731495390
WD806,QSWM,2XL,73731495391
97630C12,PHOU,ASST,73731495392
97630C9,PHOU,ASST,73731495393
97630C8,PHOU,ASST,73731495394
97630C8,MAKA,ASST,73731495395
97630C8,LTDR,ASST,73731495396
WM717X4C12,CVGD,ASST,73731495397
WD806,QSWM,3XL,73731495398
WM717X4C9,CVGD,ASST,73731495399
WM718C4C12,WIIM,ASST,73731495400
WD806,QSWM,L,73731495402
WD806,QSWM,M,73731495403
WD806,QSWM,S,73731495404
WM718C4C8,WIIM,ASST,73731495410
WM716X4C12,HTHL,ASST,73731495411
WM716X4C8,HTHL,ASST,73731495412
WM716X4C12,MBTP,ASST,73731495413
WM716X4C8,MBTP,ASST,73731495414
WM716X4C12,WIAV,ASST,73731495415
WD806,QSWM,XL,73731495416
WM716X4C8,WIAV,ASST,73731495417
WM212C12,MLGL,ASST,73731495418
WM615C9,TRQ,ASST,73731495419
WM615C8,TRQ,ASST,73731495422
WM615C9,MLGL,ASST,73731495423
WM615C8,MLGL,ASST,73731495424
WD806,QSWM,XS,73731495425
WM212C9,MLGL,ASST,73731495426
WM212C12,TRQ,ASST,73731495427
WD806,SRWM,2XL,73731495428
WD806,SRWM,3XL,73731495429
WD806,SRWM,L,73731495430
WD806,SRWM,M,73731495431
WD806,SRWM,S,73731495432
WD806,SRWM,XL,73731495433
WD806,SRWM,XS,73731495434
WM730X5,FZIT,S,73731495489
WM730X5,FZIT,XL,73731495493
WM730X5,FZIT,XS,73731495495
WM730X5,SRAR,2XL,73731495497
WM212C9,TRQ,ASST,73731495530
WM730X5,SRAR,3XL,73731495531
WM730X5,SRAR,L,73731495532
WM730X5,SRAR,M,73731495534
WM730X5,SRAR,S,73731495536
WM730X5,SRAR,XL,73731495538
WM730X5,SRAR,XS,73731495544
WM731X5,EMLC,2XL,73731495545
WM731X5,EMLC,3XL,73731495546
WM731X5,EMLC,L,73731495547
WM731X5,EMLC,M,73731495548
WM731X5,EMLC,S,73731495601
WM731X5,EMLC,XL,73731495602
WM731X5,EMLC,XS,73731495603
WM731X5,SGML,2XL,73731495616
WM731X5,SGML,3XL,73731495618
WM731X5,SGML,L,73731495619
WM731X5,SGML,M,73731495620
WM731X5,SGML,S,73731495621
WM731X5,SGML,XL,73731495622
WM731X5,SGML,XS,73731495623
TANYA,WHZ,6W,73731495935
TANYA,WHZ,6HW,73731495936
MILAN,IRR,12,73731496063
TANYA,IRR,5H,73731496379
TANYA,IRR,6,73731496380
TANYA,IRR,6H,73731496381
TANYA,IRR,7,73731496382
TANYA,IRR,7H,73731496383
TANYA,IRR,8,73731496384
TANYA,IRR,5,73731496385
TANYA,IRR,8H,73731496386
TANYA,IRR,9,73731496387
TANYA,IRR,9H,73731496388
TANYA,IRR,10,73731496389
TANYA,IRR,11,73731496390
TAMMY,IRR,5,73731496403
TAMMY,IRR,6,73731496404
TAMMY,IRR,7,73731496405
TAMMY,IRR,8,73731496406
TAMMY,IRR,9,73731496407
TAMMY,IRR,10,73731496408
TAMMY,IRR,11,73731496409
TAMMY,IRR,12,73731496410
TRISH,IRR,5,73731496411
TRISH,IRR,6,73731496412
TRISH,IRR,7,73731496413
TRISH,IRR,8,73731496414
TRISH,IRR,9,73731496415
TRISH,IRR,10,73731496416
TRISH,IRR,11,73731496417
TRISH,IRR,12,73731496418
TAMMY,DMG,OS,73731496421
TRISH,DMG,OS,73731496422
WD803,EGG,2XL,73731496748
WD803,EGG,L,73731496749
WD803,EGG,M,73731496750
WD803,EGG,S,73731496751
WD803,EGG,XL,73731496752
WD803,EGG,XS,73731496754
WD803,RTWM,2XL,73731496755
WD803,RTWM,L,73731496756
WD803,RTWM,M,73731496758
WD803,RTWM,S,73731496759
WD803,RTWM,XL,73731496760
WD803,RTWM,XS,73731496761
WD202,WMWM,2XL,73731496762
WD202,WMWM,L,73731496763
WD202,WMWM,M,73731496766
WD202,WMWM,S,73731496768
WD202,WMWM,XL,73731496770
WD202,WMWM,XS,73731496771
WD002,EGG,2XL,73731496772
WD002,EGG,3XL,73731496773
WD002,EGG,L,73731496775
WD002,EGG,M,73731496776
WD002,EGG,S,73731496777
WD002,EGG,XL,73731496778
WD002,EGG,XS,73731496780
WD002,LRWM,2XL,73731496781
WD002,LRWM,3XL,73731496782
WD002,LRWM,L,73731496783
WD002,LRWM,M,73731496785
WD002,LRWM,S,73731496786
WD002,LRWM,XL,73731496787
WD002,LRWM,XS,73731496788
WD002,RWWM,2XL,73731496790
WD002,RWWM,3XL,73731496791
WD002,RWWM,L,73731496793
WD002,RWWM,M,73731496794
WD002,RWWM,S,73731496905
WD002,RWWM,XL,73731496906
WD002,RWWM,XS,73731496907
WD002,SHP,2XL,73731496908
WD002,SHP,3XL,73731496909
WC637,RADZ,2XL,73731496981
WC637,RADZ,3XL,73731496982
WC637,RADZ,L,73731496983
WC637,RADZ,M,73731496985
WC637,RADZ,S,73731496986
WC637,RADZ,XL,73731496987
WC637,RADZ,XS,73731496988
WC637,DNSU,2XL,73731496989
WC637,DNSU,3XL,73731496990
WC637,DNSU,L,73731496991
WC637,DNSU,M,73731496999
WC637,DNSU,S,73731497000
WC637,DNSU,XL,73731497001
WC637,DNSU,XS,73731497003
WC711X4,MKVC,2XL,73731497004
WC711X4,MKVC,3XL,73731497005
WC711X4,MKVC,L,73731497006
WC711X4,MKVC,M,73731497007
WC711X4,MKVC,S,73731497008
WC711X4,MKVC,XL,73731497009
WC711X4,MKVC,XS,73731497010
WC711X4,LHWA,2XL,73731497011
WC711X4,LHWA,3XL,73731497012
WC711X4,LHWA,L,73731497021
WC711X4,LHWA,M,73731497064
WC711X4,LHWA,S,73731497066
WC711X4,LHWA,XL,73731497067
WC711X4,LHWA,XS,73731497068
WC230,RADZ,2XL,73731497069
WC230,RADZ,3XL,73731497071
WC230,RADZ,L,73731497073
WC230,RADZ,M,73731497074
WC230,RADZ,S,73731497075
WC230,RADZ,XL,73731497076
WC230,RADZ,XS,73731497078
WC230,IND,2XL,73731497080
WC230,IND,3XL,73731497081
WC230,IND,L,73731497082
WC230,IND,M,73731497083
WC230,IND,S,73731497085
WC230,IND,XL,73731497087
WC230,IND,XS,73731497088
WC703X5,SOYO,2XL,73731497346
WC703X5,SOYO,3XL,73731497347
WC703X5,SOYO,L,73731497348
WC703X5,SOYO,M,73731497349
WC703X5,SOYO,S,73731497350
WC703X5,SOYO,XL,73731497351
WC703X5,SOYO,XS,73731497352
WC703X5,PYCH,2XL,73731497353
WC703X5,PYCH,3XL,73731497354
WC703X5,PYCH,L,73731497355
WC703X5,PYCH,M,73731497356
WC703X5,PYCH,S,73731497357
WC703X5,PYCH,XL,73731497358
WC703X5,PYCH,XS,73731497359
WD600,PWT,XL,73731497913
WD600,PWT,XS,73731497914
WD600,ROY,2XL,73731497915
WD600,ROY,3XL,73731497918
WD600,ROY,L,73731497919
WD600,ROY,M,73731497920
WD600,ROY,S,73731497922
WD600,ROY,XL,73731497923
WD600,ROY,XS,73731497937
WD201,BMWM,2XL,73731497938
WD201,BMWM,L,73731497939
WD201,BMWM,M,73731497940
WD201,BMWM,S,73731497941
WD201,BMWM,XL,73731497942
WD201,BMWM,XS,73731497943
WD600,NAV,2XL,73731497945
WD600,NAV,3XL,73731497946
WD600,NAV,L,73731497947
WD600,NAV,M,73731497948
WD600,NAV,S,73731497949
WM729X19,BOFR,2XL,73731498080
WM729X19,BOFR,3XL,73731498081
WM729X19,BOFR,L,73731498082
WM729X19,BOFR,M,73731498085
WM729X19,BOFR,S,73731498089
WM729X19,BOFR,XL,73731498090
WM729X19,MTWC,2XL,73731498091
WM729X19,MTWC,3XL,73731498092
WM729X19,MTWC,L,73731498093
WD601,UMWM,XS,73731498108
WD802,EGG,2XL,73731498109
WD802,EGG,3XL,73731498110
WD802,EGG,L,73731498111
WD802,EGG,M,73731498113
WD802,EGG,S,73731498114
WD802,EGG,XL,73731498115
WD802,EGG,XS,73731498116
WD802,LRWM,2XL,73731498117
WD802,LRWM,3XL,73731498118
WD802,LRWM,L,73731498120
WD802,LRWM,M,73731498121
WD802,LRWM,S,73731498122
WD802,LRWM,XL,73731498123
WD802,LRWM,XS,73731498124
WD802,RWWM,2XL,73731498125
WD802,RWWM,3XL,73731498127
WD200,BLK,M,73731498128
WD200,BLK,S,73731498142
WD200,BLK,XL,73731498143
WD200,BLK,XS,73731498144
WD200,HPKZ,2XL,73731498145
WD200,HPKZ,3XL,73731498146
WD200,HPKZ,L,73731498147
WD200,HPKZ,M,73731498148
WD200,HPKZ,S,73731498149
WD200,HPKZ,XL,73731498150
WD200,HPKZ,XS,73731498151
WD200,NAV,2XL,73731498152
WD200,NAV,3XL,73731498153
WD200,NAV,L,73731498154
WM729X19,MTWC,M,73731498155
WM729X19,MTWC,S,73731498156
WM729X19,MTWC,XL,73731498157
WM731X5,DGGV,2XL,73731498158
WM731X5,DGGV,3XL,73731498159
WM731X5,DGGV,L,73731498160
WM731X5,DGGV,M,73731498161
WM731X5,DGGV,S,73731498162
WM731X5,DGGV,XL,73731498163
WM730X19,MKCA,2XL,73731498164
WM730X19,MKCA,3XL,73731498165
WM730X19,MKCA,L,73731498166
WM730X19,MKCA,M,73731498167
WM730X19,MKCA,S,73731498168
WM730X19,MKCA,XL,73731498169
WM731X5,MEWC,XS,73731498170
WM047,PACT,2XL,73731498171
WM047,PACT,3XL,73731498172
WM047,PACT,L,73731498173
WM047,PACT,M,73731498174
WM047,PACT,S,73731498175
WM047,PACT,XL,73731498176
WM047,PACT,XS,73731498177
WM841,PACT,2XL,73731498178
WM841,PACT,3XL,73731498179
WM841,PACT,L,73731498180
WM841,PACT,M,73731498181
WM841,PACT,S,73731498182
WM841,PACT,XL,73731498183
WM841,PACT,XS,73731498184
WM862,MEGR,2XL,73731498185
WM862,MEGR,3XL,73731498186
WM862,MEGR,L,73731498187
WM862,MEGR,M,73731498188
WM862,MEGR,S,73731498189
WM862,MEGR,XL,73731498190
WM862,MEGR,XS,73731498191
WM056,MEGR,2XL,73731498192
WM056,MEGR,3XL,73731498193
WM056,MEGR,L,73731498194
WM056,MEGR,M,73731498195
WD200,NAV,M,73731498196
WD200,NAV,S,73731498197
WD200,NAV,XL,73731498198
WM056,MEGR,S,73731498199
WM056,MEGR,XL,73731498200
WM056,MEGR,XS,73731498201
WM729X19C11,MTWC,ASST,73731498220
WM729X19C7,MTWC,ASST,73731498221
WM729X19C11,BOFR,ASST,73731498222
WM729X19C7,BOFR,ASST,73731498223
WM731X5C11,DGGV,ASST,73731498224
WM731X5C7,DGGV,ASST,73731498225
WM730X19C11,MKCA,ASST,73731498226
WM730X19C7,MKCA,ASST,73731498227
WD200,NAV,XS,73731498247
WD200,PWT,2XL,73731498248
WD200,PWT,3XL,73731498249
WD200,PWT,L,73731498250
WD200,PWT,M,73731498251
WD200,PWT,S,73731498252
WD200,PWT,XL,73731498253
WD200,PWT,XS,73731498254
WD200,ROY,2XL,73731498292
WD200,ROY,3XL,73731498293
WD200,ROY,L,73731498294
WD200,ROY,M,73731498295
WD200,ROY,S,73731498297
WD200,ROY,XL,73731498298
WD200,ROY,XS,73731498299
WD200,WIN,2XL,73731498300
WD601,PWT,XS,73731498337
WD601,BMWM,2XL,73731498338
WD601,BMWM,L,73731498339
WD601,BMWM,M,73731498340
WD601,BMWM,S,73731498341
WD601,BMWM,XL,73731498346
WD601,BMWM,XS,73731498347
WD601,UMWM,2XL,73731498348
WD600,HPKZ,S,73731498369
WD600,HPKZ,XL,73731498372
WD600,HPKZ,XS,73731498373
WD600,PWT,2XL,73731498374
WD600,PWT,3XL,73731498375
WD600,PWT,L,73731498387
WD600,PWT,M,73731498388
WD600,PWT,S,73731498414
WD201,IMWM,M,73731498482
WD201,IMWM,S,73731498483
WD201,IMWM,XL,73731498502
WD201,IMWM,XS,73731498508
WD201,PWT,2XL,73731498548
WD201,PWT,L,73731498549
WD201,PWT,M,73731498550
WD600,NAV,XL,73731498551
WD600,NAV,XS,73731498552
WD600,WIN,2XL,73731498553
WD600,WIN,3XL,73731498554
WD600,WIN,L,73731498555
WD600,WIN,M,73731498556
WD600,WIN,S,73731498557
WD600,WIN,XL,73731498558
WD600,WIN,XS,73731498560
WD601,IMWM,2XL,73731498562
WD601,IMWM,L,73731498563
WD601,IMWM,M,73731498564
WD601,IMWM,S,73731498565
WD601,IMWM,XL,73731498566
WD601,IMWM,XS,73731498567
WD601,PWT,2XL,73731498568
WD201,PWT,S,73731498649
WD201,PWT,XL,73731498655
WD201,PWT,XS,73731498656
WD201,UMWM,2XL,73731498657
WD201,UMWM,L,73731498658
WD201,UMWM,M,73731498660
WD201,UMWM,S,73731498661
WD201,UMWM,XL,73731498662
WD201,UMWM,XS,73731498663
WD600,BLK,2XL,73731498664
WD002,SHP,L,73731498934
WD002,SHP,M,73731498935
WD002,SHP,S,73731498936
WD002,SHP,XL,73731498937
WD002,SHP,XS,73731498939
WD602,WMWM,2XL,73731498958
WD602,WMWM,L,73731498963
WD602,WMWM,M,73731498964
WD602,WMWM,S,73731498965
WD602,WMWM,XL,73731498966
WD602,WMWM,XS,73731498967
WD601,UMWM,XL,73731499012
97752,BTSW,XL,73731499040
97752,BTSW,XS,73731499041
97752,BTSW,2XL,73731499045
97752,BTSW,3XL,73731499046
97752,BTSW,L,73731499047
97752,BTSW,M,73731499048
97752,BTSW,S,73731499049
WD802,RWWM,L,73731499855
WD802,RWWM,M,73731499856
WD802,RWWM,S,73731499864
WD802,RWWM,XL,73731499865
WD802,RWWM,XS,73731499881
WD802,SHP,2XL,73731499883
WD802,SHP,3XL,73731499884
WD802,SHP,L,73731499885
WD802,SHP,M,73731499886
WD802,SHP,S,73731499908
WD802,SHP,XL,73731499909
WD802,SHP,XS,73731499910
WD601,PWT,L,73731499972
WD601,PWT,M,73731499973
WD601,PWT,S,73731499991
WD601,PWT,XL,73731499999
WM00018IC8,BLK,ASST,84029593066
WM00018IC8,IND,ASST,84029593067
WM00018IC8,PWT,ASST,84029593068
WM00018IC8,WIN,ASST,84029593069
WM00019IC8,BLK,ASST,84029593070
WM00019IC8,IND,ASST,84029593071
WM00019IC8,PWT,ASST,84029593072
WM00019IC8,WIN,ASST,84029593073
WC728,MKXL,2XL,84029597355
WC728,MKXL,3XL,84029597356
WC728,MKXL,L,84029597357
WC728,MKXL,M,84029597358
WC728,MKXL,S,84029597359
WC728,MKXL,XL,84029597360
WC728,MKXL,XS,84029597361
WC728,ACCP,2XL,84029597362
WC728,ACCP,3XL,84029597363
WC728,ACCP,L,84029597364
WC728,ACCP,M,84029597365
WC728,ACCP,S,84029597366
WC728,ACCP,XL,84029597367
WC728,ACCP,XS,84029597368
WC728,DAXS,2XL,84029597369
WC728,DAXS,3XL,84029597370
WC728,DAXS,L,84029597371
WC728,DAXS,M,84029597372
WC728,DAXS,S,84029597373
WC728,DAXS,XL,84029597374
WC728,DAXS,XS,84029597375
WC728,LHAL,2XL,84029597376
WC728,LHAL,3XL,84029597377
WC728,LHAL,L,84029597378
WC728,LHAL,M,84029597379
WC728,LHAL,S,84029597380
WC728,LHAL,XL,84029597381
WC728,LHAL,XS,84029597382
WC047A,PWT,2XL,84029597383
WC047A,PWT,3XL,84029597384
WC047A,PWT,L,84029597385
WC047A,PWT,M,84029597386
WC047A,PWT,S,84029597387
WC047A,PWT,XL,84029597388
WC047A,PWT,XS,84029597389
WC854A,PWT,2XL,84029597390
WC854A,PWT,3XL,84029597391
WC854A,PWT,L,84029597392
WC854A,PWT,M,84029597393
WC854A,PWT,S,84029597394
WC854A,PWT,XL,84029597395
WC854A,PWT,XS,84029597396
WC728IC11,ACCP,ASST,84029597912
WC728IC11,MKXL,ASST,84029597913
WC728IC11,DAXS,ASST,84029597914
WC728IC11,LHAL,ASST,84029597915
WC854AIC9,PWT,ASST,84029597916
WC047AIC9,PWT,ASST,84029597917
WC728,PHCB,2XL,84029597918
WC728,PHCB,3XL,84029597919
WC728,PHCB,L,84029597920
WC728,PHCB,M,84029597921
WC728,PHCB,S,84029597922
WC728,PHCB,XL,84029597923
WC728,PHCB,XS,84029597924
WC728,BADW,2XL,84029597925
WC728,BADW,3XL,84029597926
WC728,BADW,L,84029597927
WC728,BADW,M,84029597928
WC728,BADW,S,84029597929
WC728,BADW,XL,84029597930
WC728,BADW,XS,84029597931
WC728,LTCI,2XL,84029597932
WC728,LTCI,3XL,84029597933
WC728,LTCI,L,84029597934
WC728,LTCI,M,84029597935
WC728,LTCI,S,84029597936
WC728,LTCI,XL,84029597937
WC728,LTCI,XS,84029597938
WC728,TBXG,2XL,84029597939
WC728,TBXG,3XL,84029597940
WC728,TBXG,L,84029597941
WC728,TBXG,M,84029597942
WC728,TBXG,S,84029597943
WC728,TBXG,XL,84029597944
WC728,TBXG,XS,84029597945
WC854AIC9,BLK,ASST,84029597946
WC854AIC9,IND,ASST,84029597947
WC854AIC9,WNNE,ASST,84029597948
WC047AIC9,BLK,ASST,84029597949
WC047AIC9,IND,ASST,84029597950
WC728,PHXS,2XL,84029597951
WC728,PHXS,3XL,84029597952
WC728,PHXS,L,84029597953
WC728,PHXS,M,84029597954
WC728,PHXS,S,84029597955
WC728,PHXS,XL,84029597956
WC728,PHXS,XS,84029597957
WC728,ALAT,2XL,84029597958
WC728,ALAT,3XL,84029597959
WC728,ALAT,L,84029597960
WC728,ALAT,M,84029597961
WC728,ALAT,S,84029597962
WC728,ALAT,XL,84029597963
WC728,ALAT,XS,84029597964
WC728,MHGT,2XL,84029597965
WC728,MHGT,3XL,84029597966
WC728,MHGT,L,84029597967
WC728,MHGT,M,84029597968
WC728,MHGT,S,84029597969
WC728,MHGT,XL,84029597970
WC728,MHGT,XS,84029597971
WC728,LKWK,2XL,84029597972
WC728,LKWK,3XL,84029597973
WC728,LKWK,L,84029597974
WC728,LKWK,M,84029597975
WC728,LKWK,S,84029597976
WC728,LKWK,XL,84029597977
WC728,LKWK,XS,84029597978
WC728,LHPS,2XL,84029597979
WC728,LHPS,3XL,84029597980
WC728,LHPS,L,84029597981
WC728,LHPS,M,84029597982
WC728,LHPS,S,84029597983
WC728,LHPS,XL,84029597984
WC728,LHPS,XS,84029597985
WC728,MKZF,2XL,84029597986
WC728,MKZF,3XL,84029597987
WC728,MKZF,L,84029597988
WC728,MKZF,M,84029597989
WC728,MKZF,S,84029597990
WC728,MKZF,XL,84029597991
WC728,MKZF,XS,84029597992
WC728,TSWW,2XL,84029597993
WC728,TSWW,3XL,84029597994
WC728,TSWW,L,84029597995
WC728,TSWW,M,84029597996
WC728,TSWW,S,84029597997
WC728,TSWW,XL,84029597998
WC728,TSWW,XS,84029597999
WC728,PNXO,2XL,84029598000
WC728,PNXO,3XL,84029598001
WC728,PNXO,L,84029598002
WC728,PNXO,M,84029598003
WC728,PNXO,S,84029598004
WC728,PNXO,XL,84029598005
WC728,PNXO,XS,84029598006
WC728IC11,PHCB,ASST,84029598007
WC728IC11,BADW,ASST,84029598008
WC728IC11,LTCI,ASST,84029598009
WC728IC11,TBXG,ASST,84029598010
WC728IC11,LHPS,ASST,84029598011
WC728IC11,TSWW,ASST,84029598012
WC728IC11,MKZF,ASST,84029598013
WC728IC11,PNXO,ASST,84029598014
WC728IC11,PHXS,ASST,84029598015
WC728IC11,ALAT,ASST,84029598016
WC728IC11,MHGT,ASST,84029598017
WC728IC11,LKWK,ASST,84029598018
WM958W,WHT,2XL,84029599589
WM958W,WHT,3XL,84029599590
WM958W,WHT,L,84029599591
WM958W,WHT,M,84029599592
WM958W,WHT,S,84029599593
WM958W,WHT,XL,84029599594
WM958W,WHT,XS,84029599595
WM958WIC8,WHT,ASST,84029599596
WM150W,WHT,2XL,84029599597
WM150W,WHT,3XL,84029599598
WM150W,WHT,L,84029599599
WM150W,WHT,M,84029599600
WM150W,WHT,S,84029599601
WM150W,WHT,XL,84029599602
WM150W,WHT,XS,84029599603
WM150WIC8,WHT,ASST,84029599604
WC728,PHXH,2XL,84052123303
WC728,PHXH,3XL,84052123304
WC728,PHXH,L,84052123305
WC728,PHXH,M,84052123306
WC728,PHXH,S,84052123307
WC728,PHXH,XL,84052123308
WC728,PHXH,XS,84052123309
WC728RC11,PHXH,2XL,84052123310
WC728RC11,PHXH,3XL,84052123311
WC728RC11,PHXH,L,84052123312
WC728RC11,PHXH,M,84052123313
WC728RC11,PHXH,S,84052123314
WC728RC11,PHXH,XL,84052123315
WC728RC11,PHXH,XS,84052123316
WC728IC11,PHXH,2XL,84052123320
WC728IC11,PHXH,3XL,84052123321
WC728IC11,PHXH,L,84052123322
WC728IC11,PHXH,M,84052123323
WC728IC11,PHXH,S,84052123324
WC728IC11,PHXH,XL,84052123325
WC728IC11,PHXH,XS,84052123326
WC728IC11,PHXH,ASST,84052123327
WC728RC11,PHXH,ASST,84052123328
995ML,BKWM,L,88438915558
995ML,BKWM,M,88438915559
995ML,BKWM,S,88438915560
995ML,BKWM,XL,88438915561
995ML,BKWM,2XL,88438915562
995ML,BKWM,3XL,88438915563
