upc,url
19466103447,https://walmart.com/ip/629653948
19466103448,https://walmart.com/ip/829473640
19466103449,https://walmart.com/ip/979576660
19466103450,https://walmart.com/ip/417635857
19466103451,https://walmart.com/ip/352309566
19466103452,https://walmart.com/ip/795639003
19466103453,https://walmart.com/ip/507734932
19466103454,https://walmart.com/ip/518353259
19466103455,https://walmart.com/ip/867754249
19466103456,https://walmart.com/ip/572373575
19466103457,https://walmart.com/ip/720890768
19466103458,https://walmart.com/ip/318017112
19466103459,https://walmart.com/ip/259567205
19466103460,https://walmart.com/ip/706838430
19466103461,https://walmart.com/ip/808475328
19466103462,https://walmart.com/ip/460024006
19466103463,https://walmart.com/ip/996049745
19466103464,https://walmart.com/ip/288807649
19466103465,https://walmart.com/ip/723635120
19466103466,https://walmart.com/ip/248622187
19466103467,https://walmart.com/ip/291071119
19466103468,https://walmart.com/ip/706707870
19466103469,https://walmart.com/ip/440592055
19466103470,https://walmart.com/ip/634443371
19466103471,https://walmart.com/ip/868501385
19466103472,https://walmart.com/ip/532972912
19466103473,https://walmart.com/ip/594920176
19466103474,https://walmart.com/ip/240143101
19466103475,https://walmart.com/ip/576811391
19466103476,https://walmart.com/ip/683396567
19466103477,https://walmart.com/ip/546737020
19466103478,https://walmart.com/ip/604529476
19466103479,https://walmart.com/ip/588360785
19466103480,https://walmart.com/ip/782388329
19466103481,https://walmart.com/ip/790922978
19466103482,https://walmart.com/ip/717168374
19466103483,https://walmart.com/ip/320489377
19466103484,https://walmart.com/ip/935386558
19466103485,https://walmart.com/ip/797306326
19466103486,https://walmart.com/ip/345486919
19466103487,https://walmart.com/ip/987801298
19466103488,https://walmart.com/ip/470385449
19466103489,https://walmart.com/ip/230671375
19466103490,https://walmart.com/ip/927169809
19466103491,https://walmart.com/ip/223132561
19466103492,https://walmart.com/ip/674435464
19466103493,https://walmart.com/ip/885342254
19466103494,https://walmart.com/ip/398764149
19466103495,https://walmart.com/ip/175924871
19466103496,https://walmart.com/ip/719117545
19466103497,https://walmart.com/ip/487908185
19466103498,https://walmart.com/ip/958335705
19466103499,https://walmart.com/ip/485790622
19466103500,https://walmart.com/ip/701558191
19466103501,https://walmart.com/ip/533122822
19466103502,https://walmart.com/ip/741367795
19466103503,https://walmart.com/ip/254262530
19466103504,https://walmart.com/ip/249510434
19466103505,https://walmart.com/ip/100948340
19466103506,https://walmart.com/ip/995827680
19466103507,https://walmart.com/ip/515245392
19466103508,https://walmart.com/ip/134057274
19466103509,https://walmart.com/ip/312889592
19466103510,https://walmart.com/ip/250637916
19466103511,https://walmart.com/ip/960831520
19466103512,https://walmart.com/ip/999746655
19466103513,https://walmart.com/ip/517213445
19466103514,https://walmart.com/ip/594961088
19466103515,https://walmart.com/ip/476962297
19466103516,https://walmart.com/ip/653977655
19466103517,https://walmart.com/ip/516296933
19466103518,https://walmart.com/ip/283495586
19466103519,https://walmart.com/ip/347828711
19466103520,https://walmart.com/ip/881005807
19466103521,https://walmart.com/ip/990005697
19466103522,https://walmart.com/ip/521468793
19466103523,https://walmart.com/ip/803259784
19466103524,https://walmart.com/ip/693027830
19466103525,https://walmart.com/ip/469326721
19466103526,https://walmart.com/ip/424044068
19466103527,https://walmart.com/ip/934670389
19466103528,https://walmart.com/ip/979740535
19466103529,https://walmart.com/ip/737028423
19466103530,https://walmart.com/ip/180946132
19466103531,https://walmart.com/ip/286726802
19466103532,https://walmart.com/ip/576834100
19466103533,https://walmart.com/ip/771234899
19466103534,https://walmart.com/ip/163199177
19466103535,https://walmart.com/ip/902352864
19466103536,https://walmart.com/ip/825679719
19466103537,https://walmart.com/ip/304030604
19466103538,https://walmart.com/ip/539266275
19466103539,https://walmart.com/ip/285989970
19466103540,https://walmart.com/ip/223927610
19466103541,https://walmart.com/ip/395076129
19466103542,https://walmart.com/ip/597954001
19466103543,https://walmart.com/ip/479711941
19466103544,https://walmart.com/ip/500568337
19466103545,https://walmart.com/ip/280210937
19466103546,https://walmart.com/ip/670031079
19466103547,https://walmart.com/ip/983215076
19466103548,https://walmart.com/ip/990748978
19466103549,https://walmart.com/ip/335609543
19466103550,https://walmart.com/ip/914120199
19466103551,https://walmart.com/ip/714382031
19466103552,https://walmart.com/ip/930618591
19466103553,https://walmart.com/ip/643393906
19466103554,https://walmart.com/ip/789674545
19466103555,https://walmart.com/ip/166891427
19466103556,https://walmart.com/ip/688050401
19466103557,https://walmart.com/ip/677266740
19466103558,https://walmart.com/ip/881501085
19466103559,https://walmart.com/ip/274012885
19466103560,https://walmart.com/ip/144741221
19466103561,https://walmart.com/ip/665076645
19466103562,https://walmart.com/ip/807895053
19466103563,https://walmart.com/ip/935292121
19466103564,https://walmart.com/ip/763112659
19466103565,https://walmart.com/ip/486457209
19466103566,https://walmart.com/ip/910588790
19466103567,https://walmart.com/ip/124959317
19466103568,https://walmart.com/ip/180960947
19466103569,https://walmart.com/ip/288765842
19466103570,https://walmart.com/ip/638707837
19466103571,https://walmart.com/ip/393959180
19466103572,https://walmart.com/ip/338475123
19466104632,https://walmart.com/ip/658862545
19466104633,https://walmart.com/ip/360525000
19466104634,https://walmart.com/ip/566327581
19466104635,https://walmart.com/ip/406857311
19466104636,https://walmart.com/ip/460425529
19466104637,https://walmart.com/ip/685592240
19466104638,https://walmart.com/ip/448563009
19466104639,https://walmart.com/ip/225697770
19466104640,https://walmart.com/ip/934032829
19466104641,https://walmart.com/ip/588363496
19466104642,https://walmart.com/ip/237923494
19466104643,https://walmart.com/ip/683366349
19466104644,https://walmart.com/ip/699206838
19466104645,https://walmart.com/ip/217701880
19466104646,https://walmart.com/ip/505825139
19466104647,https://walmart.com/ip/433373018
19466104648,https://walmart.com/ip/595694874
19466104649,https://walmart.com/ip/779851463
19466104650,https://walmart.com/ip/228803159
19466104651,https://walmart.com/ip/419288266
19466104652,https://walmart.com/ip/163507085
19466104653,https://walmart.com/ip/468585399
19466104654,https://walmart.com/ip/577745954
19466104655,https://walmart.com/ip/472816161
19466104656,https://walmart.com/ip/550616386
19466104657,https://walmart.com/ip/832849923
19466104658,https://walmart.com/ip/628630428
19466104659,https://walmart.com/ip/886830619
19466104660,https://walmart.com/ip/989279932
19466104661,https://walmart.com/ip/361919108
19466104662,https://walmart.com/ip/217858431
19466104663,https://walmart.com/ip/893816854
19466104664,https://walmart.com/ip/622149959
19466104665,https://walmart.com/ip/400484735
19466104666,https://walmart.com/ip/576863190
19466104667,https://walmart.com/ip/561056430
19466104668,https://walmart.com/ip/458589291
19466104669,https://walmart.com/ip/190042689
19466104670,https://walmart.com/ip/184330962
19466104671,https://walmart.com/ip/690796434
19466104672,https://walmart.com/ip/361330544
19466104673,https://walmart.com/ip/617232715
19466104674,https://walmart.com/ip/154597709
19466104675,https://walmart.com/ip/145061159
19466104676,https://walmart.com/ip/886074838
19466104677,https://walmart.com/ip/933531950
19466104678,https://walmart.com/ip/911333691
19466104679,https://walmart.com/ip/577845530
19466104680,https://walmart.com/ip/280123295
19466104681,https://walmart.com/ip/270657609
19466104682,https://walmart.com/ip/475567249
19466104683,https://walmart.com/ip/470058715
19466104684,https://walmart.com/ip/930486605
19466104685,https://walmart.com/ip/492930007
19466104686,https://walmart.com/ip/137769678
19466104687,https://walmart.com/ip/861721067
19466104688,https://walmart.com/ip/965587512
19466104689,https://walmart.com/ip/644116750
19466104690,https://walmart.com/ip/495917398
19466104691,https://walmart.com/ip/583626643
19466104692,https://walmart.com/ip/817995382
19466104693,https://walmart.com/ip/260446623
19466104694,https://walmart.com/ip/202984983
19466104695,https://walmart.com/ip/355778938
19466104696,https://walmart.com/ip/973882104
19466104697,https://walmart.com/ip/643774820
19466104698,https://walmart.com/ip/542174805
19466104699,https://walmart.com/ip/688310631
19466104700,https://walmart.com/ip/770277884
19466104701,https://walmart.com/ip/286201328
19466104702,https://walmart.com/ip/398303504
19466104703,https://walmart.com/ip/628743834
19466104704,https://walmart.com/ip/904864324
19466104705,https://walmart.com/ip/313926836
19466104706,https://walmart.com/ip/425162056
19466104707,https://walmart.com/ip/168563153
19466104708,https://walmart.com/ip/768400017
19466104709,https://walmart.com/ip/997660923
19466104710,https://walmart.com/ip/879401860
19466104711,https://walmart.com/ip/186276643
19466104712,https://walmart.com/ip/957885392
19466104713,https://walmart.com/ip/406003794
19466104714,https://walmart.com/ip/727165858
19466104715,https://walmart.com/ip/309789810
19466104716,https://walmart.com/ip/714377420
19466104717,https://walmart.com/ip/175472063
19466104718,https://walmart.com/ip/413312125
19466104719,https://walmart.com/ip/229824273
19466104720,https://walmart.com/ip/974653335
19466104721,https://walmart.com/ip/702106219
19466104722,https://walmart.com/ip/153397259
19466104723,https://walmart.com/ip/533435230
19466104724,https://walmart.com/ip/813810728
19466104725,https://walmart.com/ip/501113972
19466104891,https://walmart.com/ip/238723842
19466104892,https://walmart.com/ip/919928295
19466104893,https://walmart.com/ip/803838005
19466104894,https://walmart.com/ip/129847337
19466104895,https://walmart.com/ip/230389605
19466104896,https://walmart.com/ip/765177070
19466105099,https://walmart.com/ip/681571596
19466105100,https://walmart.com/ip/702458752
19466105101,https://walmart.com/ip/540045705
19466105102,https://walmart.com/ip/427847870
19466105103,https://walmart.com/ip/641544693
19466105104,https://walmart.com/ip/320207229
19466105105,https://walmart.com/ip/234814500
19466105106,https://walmart.com/ip/470012935
19466105120,https://walmart.com/ip/760850207
19466105121,https://walmart.com/ip/255436935
19466105122,https://walmart.com/ip/745696296
19466105123,https://walmart.com/ip/227228963
19466105347,https://walmart.com/ip/120059544
19466108087,https://walmart.com/ip/867891892
19466108088,https://walmart.com/ip/944890860
19466108089,https://walmart.com/ip/292203265
19466108090,https://walmart.com/ip/973889836
19466108091,https://walmart.com/ip/581922435
19466108092,https://walmart.com/ip/669359499
19466108093,https://walmart.com/ip/493894639
19466108101,https://walmart.com/ip/461096830
19466108102,https://walmart.com/ip/993310978
19466108103,https://walmart.com/ip/264767146
19466108104,https://walmart.com/ip/204111085
19466108105,https://walmart.com/ip/564262150
19466108106,https://walmart.com/ip/402594472
19466108107,https://walmart.com/ip/648492129
19466108533,https://walmart.com/ip/481110021
19466108534,https://walmart.com/ip/997555256
19466108535,https://walmart.com/ip/545674754
19466108536,https://walmart.com/ip/536048474
19466108537,https://walmart.com/ip/505869156
19466108538,https://walmart.com/ip/970097855
19466108539,https://walmart.com/ip/548171975
19466108540,https://walmart.com/ip/616164956
19466108541,https://walmart.com/ip/888395509
19466108542,https://walmart.com/ip/261956427
19466108543,https://walmart.com/ip/828632014
19466108544,https://walmart.com/ip/496627799
19466108585,https://walmart.com/ip/358311052
19466108586,https://walmart.com/ip/714891453
19466108587,https://walmart.com/ip/497919468
19466108875,https://walmart.com/ip/486559352
19466108876,https://walmart.com/ip/432967149
19466108877,https://walmart.com/ip/710670488
19466108878,https://walmart.com/ip/136282666
19466108879,https://walmart.com/ip/538132506
19466108880,https://walmart.com/ip/798639957
19466108881,https://walmart.com/ip/364260773
19466108882,https://walmart.com/ip/745969171
19466108883,https://walmart.com/ip/745464279
19466108884,https://walmart.com/ip/846821033
19466108885,https://walmart.com/ip/628395500
19466108886,https://walmart.com/ip/808295731
19466108887,https://walmart.com/ip/289948011
19466108888,https://walmart.com/ip/263174660
19466108889,https://walmart.com/ip/863197168
19466108890,https://walmart.com/ip/835734221
19466108904,https://walmart.com/ip/510155857
19466108905,https://walmart.com/ip/508179845
19466108906,https://walmart.com/ip/980848716
19466108907,https://walmart.com/ip/101892616
19466108908,https://walmart.com/ip/395434180
19466108909,https://walmart.com/ip/482885667
19466108910,https://walmart.com/ip/149661094
19466108911,https://walmart.com/ip/206931633
19466108912,https://walmart.com/ip/746706524
19466108913,https://walmart.com/ip/487135704
19466108914,https://walmart.com/ip/672236421
19466108915,https://walmart.com/ip/733669844
19466108916,https://walmart.com/ip/972508896
19466108917,https://walmart.com/ip/810903622
19466109014,https://walmart.com/ip/137738097
19466109015,https://walmart.com/ip/870287740
19466109699,https://walmart.com/ip/729602696
19466109700,https://walmart.com/ip/516699571
19466109701,https://walmart.com/ip/710023745
19466109702,https://walmart.com/ip/895676304
19466109703,https://walmart.com/ip/772471113
19466109704,https://walmart.com/ip/609815487
19466109705,https://walmart.com/ip/406654577
19466109706,https://walmart.com/ip/217493659
19466109707,https://walmart.com/ip/850053292
19466109708,https://walmart.com/ip/264828491
19466109709,https://walmart.com/ip/825410887
19466109710,https://walmart.com/ip/706983751
19466109711,https://walmart.com/ip/624757869
19466109712,https://walmart.com/ip/308588725
19466109713,https://walmart.com/ip/243284115
19466109714,https://walmart.com/ip/827757463
19466109715,https://walmart.com/ip/808935877
19466109716,https://walmart.com/ip/733071459
19466109717,https://walmart.com/ip/886594579
19466109718,https://walmart.com/ip/146308619
19466109719,https://walmart.com/ip/455805391
19466109720,https://walmart.com/ip/369816737
19466109721,https://walmart.com/ip/477263674
19466109722,https://walmart.com/ip/535171033
19466109723,https://walmart.com/ip/633674905
19466109724,https://walmart.com/ip/658658048
19466109725,https://walmart.com/ip/599969210
19466109726,https://walmart.com/ip/538613469
19466109727,https://walmart.com/ip/502374039
19466109728,https://walmart.com/ip/496887848
19466109729,https://walmart.com/ip/857913371
19466109730,https://walmart.com/ip/774691708
19466109731,https://walmart.com/ip/783295650
19466109732,https://walmart.com/ip/659987892
19466109733,https://walmart.com/ip/171359175
19466109734,https://walmart.com/ip/821404826
19466109735,https://walmart.com/ip/929314374
19466109736,https://walmart.com/ip/181952373
19466109737,https://walmart.com/ip/886773215
19466109738,https://walmart.com/ip/251038907
19466109739,https://walmart.com/ip/847114979
19466109740,https://walmart.com/ip/142674001
19466109741,https://walmart.com/ip/384658725
19466109742,https://walmart.com/ip/551105810
19466109743,https://walmart.com/ip/234945695
19466109744,https://walmart.com/ip/277135181
19466109745,https://walmart.com/ip/465463212
19466109746,https://walmart.com/ip/645789612
19466109747,https://walmart.com/ip/681089958
19466109748,https://walmart.com/ip/752872156
19466109749,https://walmart.com/ip/206795734
19466109750,https://walmart.com/ip/748289386
19466109751,https://walmart.com/ip/546601182
19466109752,https://walmart.com/ip/268683643
19466109753,https://walmart.com/ip/764347233
19466109754,https://walmart.com/ip/605036185
19466109755,https://walmart.com/ip/569592897
19466109756,https://walmart.com/ip/229487396
19466109757,https://walmart.com/ip/883905176
19466109758,https://walmart.com/ip/169245738
19466109759,https://walmart.com/ip/989029245
19466109760,https://walmart.com/ip/198336037
19466109761,https://walmart.com/ip/560559889
19466109762,https://walmart.com/ip/864550281
19466109763,https://walmart.com/ip/419324862
19466109764,https://walmart.com/ip/740482898
19466109765,https://walmart.com/ip/763952820
19466109766,https://walmart.com/ip/660472265
19466109767,https://walmart.com/ip/632959117
19466109768,https://walmart.com/ip/974094386
19466109769,https://walmart.com/ip/952032438
19466109770,https://walmart.com/ip/376931974
19466109771,https://walmart.com/ip/642738821
19466109772,https://walmart.com/ip/899706590
19466109773,https://walmart.com/ip/214609846
19466109774,https://walmart.com/ip/912978829
19466109775,https://walmart.com/ip/329521151
19466109778,https://walmart.com/ip/490174358
19466109779,https://walmart.com/ip/709715521
19466109780,https://walmart.com/ip/240627821
19466109781,https://walmart.com/ip/648430474
19466109782,https://walmart.com/ip/878309983
19466109783,https://walmart.com/ip/537929550
19466109784,https://walmart.com/ip/125943317
19466109785,https://walmart.com/ip/431325197
19466109786,https://walmart.com/ip/270083975
19466109787,https://walmart.com/ip/178705103
19466109788,https://walmart.com/ip/624986458
19466109789,https://walmart.com/ip/661113882
19466109790,https://walmart.com/ip/965611317
19466109791,https://walmart.com/ip/803460959
19466109792,https://walmart.com/ip/372570498
19466109793,https://walmart.com/ip/105840406
19466109794,https://walmart.com/ip/576255252
19466109795,https://walmart.com/ip/295162915
19466109796,https://walmart.com/ip/843490527
19466109797,https://walmart.com/ip/934158531
19466109798,https://walmart.com/ip/973117549
19466109799,https://walmart.com/ip/422308651
19466109800,https://walmart.com/ip/433833017
19466109801,https://walmart.com/ip/540330557
19466109802,https://walmart.com/ip/845518980
19466109803,https://walmart.com/ip/846714031
19466109804,https://walmart.com/ip/373281783
19466109805,https://walmart.com/ip/970123031
19466109806,https://walmart.com/ip/881915102
19466109807,https://walmart.com/ip/167639579
19466109808,https://walmart.com/ip/344831709
19466109809,https://walmart.com/ip/966528899
19466109810,https://walmart.com/ip/590772258
19466109811,https://walmart.com/ip/978608394
19466109812,https://walmart.com/ip/982531927
19466109813,https://walmart.com/ip/807819655
19466109814,https://walmart.com/ip/621023876
19466109815,https://walmart.com/ip/448250003
19466109816,https://walmart.com/ip/943676795
19466109817,https://walmart.com/ip/884195527
19466109818,https://walmart.com/ip/570447416
19466109819,https://walmart.com/ip/245411986
19466109820,https://walmart.com/ip/403580544
19466109821,https://walmart.com/ip/602689072
19466109822,https://walmart.com/ip/411581905
19466109823,https://walmart.com/ip/129667962
19466109824,https://walmart.com/ip/270542898
19466109825,https://walmart.com/ip/257018477
19466109826,https://walmart.com/ip/909577126
19466109827,https://walmart.com/ip/872641650
19466109828,https://walmart.com/ip/738944611
19466109829,https://walmart.com/ip/460021957
19466109830,https://walmart.com/ip/547146372
19466109831,https://walmart.com/ip/435317677
19466109832,https://walmart.com/ip/618399670
19466109833,https://walmart.com/ip/762562447
19466109834,https://walmart.com/ip/476661053
19466109835,https://walmart.com/ip/769025607
19466109836,https://walmart.com/ip/884671794
19466109837,https://walmart.com/ip/402942533
19466109838,https://walmart.com/ip/743362372
19466109839,https://walmart.com/ip/490268247
19466109840,https://walmart.com/ip/320896582
19466109841,https://walmart.com/ip/958373167
19466109842,https://walmart.com/ip/333707637
19466109843,https://walmart.com/ip/765260343
19466109844,https://walmart.com/ip/587699183
19466109845,https://walmart.com/ip/600997631
19466109846,https://walmart.com/ip/254836640
19466109847,https://walmart.com/ip/159360851
19466109848,https://walmart.com/ip/500665446
19466109849,https://walmart.com/ip/298777059
19466109850,https://walmart.com/ip/232550202
19466109851,https://walmart.com/ip/616316306
19466109852,https://walmart.com/ip/753150770
19466109853,https://walmart.com/ip/475561316
19466109854,https://walmart.com/ip/933023502
19466109855,https://walmart.com/ip/279379183
19466109856,https://walmart.com/ip/699842741
19466109857,https://walmart.com/ip/995814794
19466109858,https://walmart.com/ip/217116171
19466109859,https://walmart.com/ip/307005888
19466109860,https://walmart.com/ip/406318299
19466109861,https://walmart.com/ip/874759927
19466109867,https://walmart.com/ip/532606663
19466109868,https://walmart.com/ip/957226837
19466109869,https://walmart.com/ip/937658292
19466109870,https://walmart.com/ip/747685633
19466109871,https://walmart.com/ip/947240071
19466109872,https://walmart.com/ip/334361842
19466109873,https://walmart.com/ip/265116303
19466109874,https://walmart.com/ip/712842066
19466109875,https://walmart.com/ip/711201866
19466109876,https://walmart.com/ip/227932386
19466109877,https://walmart.com/ip/324320840
19466109878,https://walmart.com/ip/870409961
19466109879,https://walmart.com/ip/624885868
19466109880,https://walmart.com/ip/305718823
19466109881,https://walmart.com/ip/312998407
19466109882,https://walmart.com/ip/809589476
19466109883,https://walmart.com/ip/809712794
19466109884,https://walmart.com/ip/354699038
19466109885,https://walmart.com/ip/102466130
19466109886,https://walmart.com/ip/241359360
19466109887,https://walmart.com/ip/760473201
19466109888,https://walmart.com/ip/247977749
19466109889,https://walmart.com/ip/639478222
19466109890,https://walmart.com/ip/918859898
19466109891,https://walmart.com/ip/350538764
19466109892,https://walmart.com/ip/367698019
19466109893,https://walmart.com/ip/617352264
19466109894,https://walmart.com/ip/216391203
19466109895,https://walmart.com/ip/799521027
19466109896,https://walmart.com/ip/161826857
19466109897,https://walmart.com/ip/976028995
19466109898,https://walmart.com/ip/867613593
19466109899,https://walmart.com/ip/672828148
19466109900,https://walmart.com/ip/524582532
19466109901,https://walmart.com/ip/607202676
19466109902,https://walmart.com/ip/157317847
19466109903,https://walmart.com/ip/925799724
19466109904,https://walmart.com/ip/984502635
19466109905,https://walmart.com/ip/788433159
19466109906,https://walmart.com/ip/345112542
19466109907,https://walmart.com/ip/504822122
19466109908,https://walmart.com/ip/796058913
19466109909,https://walmart.com/ip/962780606
19466109910,https://walmart.com/ip/144060713
19466109911,https://walmart.com/ip/648028892
19466109912,https://walmart.com/ip/266274776
19466109913,https://walmart.com/ip/517007037
19466109914,https://walmart.com/ip/677160791
19466109915,https://walmart.com/ip/561905150
19466111039,https://walmart.com/ip/247830078
19466111040,https://walmart.com/ip/789014512
19466111041,https://walmart.com/ip/517404704
19466111042,https://walmart.com/ip/848999575
19466111043,https://walmart.com/ip/489025834
19466111044,https://walmart.com/ip/667145590
19466111045,https://walmart.com/ip/204282418
19466111046,https://walmart.com/ip/971275904
19466111047,https://walmart.com/ip/464086272
19466111048,https://walmart.com/ip/320257878
19466111049,https://walmart.com/ip/149588529
19466111050,https://walmart.com/ip/537852929
19466111051,https://walmart.com/ip/546000206
19466111052,https://walmart.com/ip/213794292
19466111053,https://walmart.com/ip/819462841
19466111054,https://walmart.com/ip/227379306
19466111055,https://walmart.com/ip/234767581
19466111056,https://walmart.com/ip/530022174
19466111057,https://walmart.com/ip/228380700
19466111058,https://walmart.com/ip/918826549
19466111059,https://walmart.com/ip/743511895
19466111067,https://walmart.com/ip/813030180
19466111068,https://walmart.com/ip/876747442
19466111069,https://walmart.com/ip/348752523
19466111070,https://walmart.com/ip/678198180
19466111071,https://walmart.com/ip/826987182
19466111072,https://walmart.com/ip/977981521
19466111073,https://walmart.com/ip/457918104
19466111074,https://walmart.com/ip/752390678
19466111075,https://walmart.com/ip/800908873
19466111076,https://walmart.com/ip/350198835
19466111077,https://walmart.com/ip/559890762
19466111078,https://walmart.com/ip/684829313
19466111079,https://walmart.com/ip/560947865
19466111080,https://walmart.com/ip/786139138
19466111418,https://walmart.com/ip/679608754
19466111419,https://walmart.com/ip/815848833
19466111420,https://walmart.com/ip/234238238
19466111421,https://walmart.com/ip/611468630
19466111422,https://walmart.com/ip/912109340
19466111423,https://walmart.com/ip/478915972
19466111424,https://walmart.com/ip/692438708
19466111425,https://walmart.com/ip/446550097
19466111426,https://walmart.com/ip/777911036
19466111427,https://walmart.com/ip/955660821
19466111428,https://walmart.com/ip/653041993
19466111429,https://walmart.com/ip/290563661
19466111430,https://walmart.com/ip/155377146
19466111431,https://walmart.com/ip/225177466
19466111432,https://walmart.com/ip/648348517
19466111433,https://walmart.com/ip/135584525
19466111434,https://walmart.com/ip/352113380
19466111435,https://walmart.com/ip/519255662
19466111436,https://walmart.com/ip/722748704
19466111437,https://walmart.com/ip/110644429
19466111438,https://walmart.com/ip/205916803
19466111439,https://walmart.com/ip/930728988
19466111440,https://walmart.com/ip/695387525
19466111441,https://walmart.com/ip/923945606
19466111442,https://walmart.com/ip/399479412
19466111443,https://walmart.com/ip/598916690
19466111444,https://walmart.com/ip/150154071
19466111445,https://walmart.com/ip/215570492
19466111446,https://walmart.com/ip/888709295
19466111447,https://walmart.com/ip/560899107
19466111448,https://walmart.com/ip/732307860
19466111449,https://walmart.com/ip/111611678
19466111450,https://walmart.com/ip/495080140
19466111451,https://walmart.com/ip/826002493
19466111452,https://walmart.com/ip/800349544
19466111453,https://walmart.com/ip/236369181
19466111454,https://walmart.com/ip/210192681
19466111455,https://walmart.com/ip/923172361
19466111456,https://walmart.com/ip/957284809
19466111457,https://walmart.com/ip/942636826
19466111458,https://walmart.com/ip/905469066
19466111459,https://walmart.com/ip/721807122
19466111460,https://walmart.com/ip/914076213
19466111461,https://walmart.com/ip/496849426
19466111462,https://walmart.com/ip/538822812
19466111463,https://walmart.com/ip/652456681
19466111464,https://walmart.com/ip/933774700
19466111465,https://walmart.com/ip/648422332
19466111466,https://walmart.com/ip/857220586
19466111467,https://walmart.com/ip/165477475
19466111468,https://walmart.com/ip/432949775
19466111469,https://walmart.com/ip/634081282
19466111470,https://walmart.com/ip/748283324
19466111471,https://walmart.com/ip/551134058
19466111472,https://walmart.com/ip/741732245
19466111473,https://walmart.com/ip/170610041
19466111474,https://walmart.com/ip/238717491
19466111475,https://walmart.com/ip/687912710
19466111476,https://walmart.com/ip/338104890
19466111477,https://walmart.com/ip/977900155
19466111478,https://walmart.com/ip/895962177
19466111479,https://walmart.com/ip/479831180
19466111480,https://walmart.com/ip/939675023
19466111481,https://walmart.com/ip/183487353
19466111482,https://walmart.com/ip/796080335
19466111483,https://walmart.com/ip/355693434
19466111484,https://walmart.com/ip/184248557
19466111485,https://walmart.com/ip/925672392
19466111486,https://walmart.com/ip/970403496
19466111487,https://walmart.com/ip/141171760
19466111488,https://walmart.com/ip/812178725
19466111489,https://walmart.com/ip/351976547
19466111490,https://walmart.com/ip/951345288
19466111491,https://walmart.com/ip/665651700
19466111492,https://walmart.com/ip/819225234
19466111493,https://walmart.com/ip/308219393
19466111494,https://walmart.com/ip/543475303
19466111495,https://walmart.com/ip/907242758
19466111496,https://walmart.com/ip/735412883
19466111497,https://walmart.com/ip/573588936
19466111498,https://walmart.com/ip/882155852
19466111499,https://walmart.com/ip/944408547
19466111500,https://walmart.com/ip/627072646
19466111501,https://walmart.com/ip/844254958
19466111502,https://walmart.com/ip/452389445
19466111503,https://walmart.com/ip/175683022
19466111504,https://walmart.com/ip/844178549
19466111505,https://walmart.com/ip/581222357
19466111506,https://walmart.com/ip/654953851
19466111507,https://walmart.com/ip/134453576
19466111508,https://walmart.com/ip/691774460
19466111509,https://walmart.com/ip/110048596
19466111510,https://walmart.com/ip/971943302
19466111511,https://walmart.com/ip/287692246
19466111512,https://walmart.com/ip/504592331
19466111513,https://walmart.com/ip/234555534
19466111514,https://walmart.com/ip/845656626
19466111515,https://walmart.com/ip/825859895
19466111516,https://walmart.com/ip/977753588
19466111517,https://walmart.com/ip/513714538
19466111518,https://walmart.com/ip/619810707
19466111519,https://walmart.com/ip/524011314
19466111520,https://walmart.com/ip/861702012
19466111521,https://walmart.com/ip/426959258
19466111522,https://walmart.com/ip/306696070
19466111523,https://walmart.com/ip/427559330
19466111524,https://walmart.com/ip/886530065
19466111525,https://walmart.com/ip/363338900
19466111526,https://walmart.com/ip/642514181
19466111527,https://walmart.com/ip/266167764
19466111528,https://walmart.com/ip/490402211
19466111529,https://walmart.com/ip/991739824
19466111684,https://walmart.com/ip/876022887
19466111685,https://walmart.com/ip/277516072
19466111686,https://walmart.com/ip/617383289
19466111687,https://walmart.com/ip/975696323
19466111688,https://walmart.com/ip/619747604
19466111689,https://walmart.com/ip/371668858
19466111690,https://walmart.com/ip/316018736
19466113279,https://walmart.com/ip/342941836
19466113280,https://walmart.com/ip/662191487
19466113281,https://walmart.com/ip/858967611
19466113282,https://walmart.com/ip/722982042
19466113283,https://walmart.com/ip/572476172
19466113284,https://walmart.com/ip/276383015
19466113285,https://walmart.com/ip/529801677
19466113286,https://walmart.com/ip/327865410
19466113287,https://walmart.com/ip/987356576
19466113288,https://walmart.com/ip/745203568
19466113289,https://walmart.com/ip/533882380
19466113290,https://walmart.com/ip/690838902
19466113291,https://walmart.com/ip/833397847
19466113292,https://walmart.com/ip/656744761
19466113293,https://walmart.com/ip/682225377
19466113294,https://walmart.com/ip/345826613
19466113295,https://walmart.com/ip/376043696
19466113296,https://walmart.com/ip/341974786
19466113297,https://walmart.com/ip/952177293
19466113298,https://walmart.com/ip/849058245
19466113299,https://walmart.com/ip/861263036
19466113300,https://walmart.com/ip/381083740
19466113301,https://walmart.com/ip/643414151
19466113302,https://walmart.com/ip/157158341
19466113330,https://walmart.com/ip/715056636
19466113331,https://walmart.com/ip/800078187
19466113332,https://walmart.com/ip/567920751
19466113333,https://walmart.com/ip/700602819
19466113334,https://walmart.com/ip/713316279
19466113335,https://walmart.com/ip/232635057
19466113336,https://walmart.com/ip/372488879
19466113337,https://walmart.com/ip/736588905
19466113338,https://walmart.com/ip/128977239
19466113339,https://walmart.com/ip/879729678
19466113340,https://walmart.com/ip/401033359
19466113341,https://walmart.com/ip/585417019
19466113342,https://walmart.com/ip/237408158
19466113343,https://walmart.com/ip/121734474
19466113344,https://walmart.com/ip/661828430
19466113345,https://walmart.com/ip/141288734
19466113346,https://walmart.com/ip/221930562
19466113347,https://walmart.com/ip/162143181
19466113348,https://walmart.com/ip/452831976
19466113349,https://walmart.com/ip/704342432
19466113350,https://walmart.com/ip/916151207
19466113351,https://walmart.com/ip/627241499
19466113352,https://walmart.com/ip/495620316
19466113353,https://walmart.com/ip/671861143
19466113354,https://walmart.com/ip/384415963
19466113355,https://walmart.com/ip/724041116
19466113356,https://walmart.com/ip/988623393
19466113357,https://walmart.com/ip/548565527
19466113358,https://walmart.com/ip/378818216
19466113359,https://walmart.com/ip/402798590
19466113360,https://walmart.com/ip/268020771
19466113361,https://walmart.com/ip/586021220
19466113362,https://walmart.com/ip/695438300
19466113363,https://walmart.com/ip/240136749
19466113364,https://walmart.com/ip/395923761
19466113365,https://walmart.com/ip/778045073
19466113366,https://walmart.com/ip/902907597
19466113367,https://walmart.com/ip/266728067
19466113368,https://walmart.com/ip/178456653
19466113369,https://walmart.com/ip/498220025
19466113370,https://walmart.com/ip/855059919
19466113371,https://walmart.com/ip/210803564
19466113372,https://walmart.com/ip/959839051
19466113373,https://walmart.com/ip/842241043
19466113374,https://walmart.com/ip/782306057
19466113375,https://walmart.com/ip/867524300
19466113376,https://walmart.com/ip/582782107
19466113377,https://walmart.com/ip/504920467
19466113378,https://walmart.com/ip/587525318
19466113379,https://walmart.com/ip/403160711
19466113380,https://walmart.com/ip/357084333
19466113381,https://walmart.com/ip/222542892
19466113382,https://walmart.com/ip/841586557
19466113383,https://walmart.com/ip/574413122
19466113384,https://walmart.com/ip/967553249
19466113385,https://walmart.com/ip/950820520
19466113387,https://walmart.com/ip/730488837
19466113388,https://walmart.com/ip/953729983
19466113396,https://walmart.com/ip/436115077
19466113397,https://walmart.com/ip/404537753
19466113398,https://walmart.com/ip/175380876
19466113399,https://walmart.com/ip/757591503
19466113400,https://walmart.com/ip/204255997
19466113401,https://walmart.com/ip/347355690
19466113402,https://walmart.com/ip/294277048
19466113403,https://walmart.com/ip/802254026
19466113404,https://walmart.com/ip/230283843
19466113405,https://walmart.com/ip/584596256
19466113406,https://walmart.com/ip/507129374
19466113407,https://walmart.com/ip/755735971
19466113408,https://walmart.com/ip/915257906
19466113409,https://walmart.com/ip/976985512
19466113410,https://walmart.com/ip/861850246
19466113411,https://walmart.com/ip/240534088
19466113412,https://walmart.com/ip/250180491
19466113413,https://walmart.com/ip/288395671
19466113414,https://walmart.com/ip/374339538
19466113415,https://walmart.com/ip/724601301
19466113416,https://walmart.com/ip/987786008
19466113417,https://walmart.com/ip/197277045
19466113418,https://walmart.com/ip/941633944
19466113419,https://walmart.com/ip/961365987
19466113420,https://walmart.com/ip/793068046
19466113421,https://walmart.com/ip/267076349
19466113422,https://walmart.com/ip/646716095
19466113423,https://walmart.com/ip/904938740
19466113424,https://walmart.com/ip/438980191
19466113425,https://walmart.com/ip/297963337
19466113426,https://walmart.com/ip/340001045
19466113427,https://walmart.com/ip/159869810
19466113428,https://walmart.com/ip/130459537
19466113429,https://walmart.com/ip/381542613
19466113430,https://walmart.com/ip/189278098
19466113431,https://walmart.com/ip/534191448
19466113432,https://walmart.com/ip/695028746
19466113433,https://walmart.com/ip/198073899
19466113434,https://walmart.com/ip/648554590
19466113435,https://walmart.com/ip/214361163
19466113436,https://walmart.com/ip/908390896
19466113437,https://walmart.com/ip/368521178
19466113438,https://walmart.com/ip/340806163
19466113439,https://walmart.com/ip/186510142
19466113440,https://walmart.com/ip/594092903
19466113441,https://walmart.com/ip/706380644
19466113442,https://walmart.com/ip/317149747
19466113443,https://walmart.com/ip/937626195
19466113444,https://walmart.com/ip/999672471
19466113445,https://walmart.com/ip/953796239
19466113446,https://walmart.com/ip/359376174
19466113447,https://walmart.com/ip/262170156
19466113448,https://walmart.com/ip/315141152
19466113449,https://walmart.com/ip/429940242
19466113450,https://walmart.com/ip/291038729
19466113451,https://walmart.com/ip/644651522
19466113470,https://walmart.com/ip/367043055
19466113471,https://walmart.com/ip/396732460
19466113472,https://walmart.com/ip/575377675
19466113473,https://walmart.com/ip/538598148
19466113474,https://walmart.com/ip/107871723
19466113475,https://walmart.com/ip/955478162
19466113476,https://walmart.com/ip/221586246
19466113477,https://walmart.com/ip/469450193
19466113570,https://walmart.com/ip/659675820
19466113571,https://walmart.com/ip/321925126
19466113572,https://walmart.com/ip/911846849
19466113573,https://walmart.com/ip/834538666
19466113574,https://walmart.com/ip/425881243
19466113575,https://walmart.com/ip/411969762
19466113582,https://walmart.com/ip/328147064
19466113583,https://walmart.com/ip/904705862
19466113584,https://walmart.com/ip/975736333
19466113585,https://walmart.com/ip/666907841
19466113586,https://walmart.com/ip/273097800
19466113587,https://walmart.com/ip/419611125
19466113588,https://walmart.com/ip/680697518
19466113589,https://walmart.com/ip/633834688
19466113590,https://walmart.com/ip/215829505
19466113591,https://walmart.com/ip/492042822
19466113592,https://walmart.com/ip/566788076
19466113593,https://walmart.com/ip/867163327
19466113594,https://walmart.com/ip/320269553
19466113595,https://walmart.com/ip/779398829
19466113596,https://walmart.com/ip/909956601
19466113597,https://walmart.com/ip/902014941
19466113598,https://walmart.com/ip/365957293
19466113599,https://walmart.com/ip/944315046
19466113600,https://walmart.com/ip/123824694
19466113601,https://walmart.com/ip/102983811
19466113602,https://walmart.com/ip/740802503
19466113603,https://walmart.com/ip/685512323
19466113604,https://walmart.com/ip/866529355
19466113605,https://walmart.com/ip/794766394
19466113606,https://walmart.com/ip/551266674
19466113607,https://walmart.com/ip/783020582
19466113608,https://walmart.com/ip/245080959
19466113609,https://walmart.com/ip/762078676
19466113610,https://walmart.com/ip/549438510
19466113611,https://walmart.com/ip/175752762
19466113612,https://walmart.com/ip/112885971
19466113613,https://walmart.com/ip/491039520
19466113614,https://walmart.com/ip/457344206
19466113615,https://walmart.com/ip/481983568
19466113616,https://walmart.com/ip/362557845
19466113617,https://walmart.com/ip/574195978
19466113618,https://walmart.com/ip/548917346
19466113619,https://walmart.com/ip/770405024
19466113620,https://walmart.com/ip/362111014
19466113621,https://walmart.com/ip/655043099
19466113622,https://walmart.com/ip/594355180
19466113623,https://walmart.com/ip/339246524
19466113624,https://walmart.com/ip/172356278
19466113625,https://walmart.com/ip/918559205
19466113626,https://walmart.com/ip/509257390
19466113627,https://walmart.com/ip/240171165
19466113628,https://walmart.com/ip/334156590
19466113629,https://walmart.com/ip/948092309
19466113630,https://walmart.com/ip/287547133
19466113631,https://walmart.com/ip/943876338
19466113632,https://walmart.com/ip/467163482
19466113633,https://walmart.com/ip/447835598
19466113634,https://walmart.com/ip/165789796
19466113635,https://walmart.com/ip/837521534
19466113636,https://walmart.com/ip/396813609
19466113637,https://walmart.com/ip/612763564
19466113638,https://walmart.com/ip/887452723
19466113639,https://walmart.com/ip/997484657
19466113640,https://walmart.com/ip/905655525
19466113641,https://walmart.com/ip/980077939
19466113642,https://walmart.com/ip/900734453
19466113643,https://walmart.com/ip/114021819
19466113644,https://walmart.com/ip/634836327
19466113645,https://walmart.com/ip/237698110
19466113646,https://walmart.com/ip/615041435
19466113647,https://walmart.com/ip/863819133
19466113648,https://walmart.com/ip/639221795
19466113649,https://walmart.com/ip/182922543
19466113650,https://walmart.com/ip/183870155
19466113651,https://walmart.com/ip/691105783
19466113652,https://walmart.com/ip/891675575
19466113653,https://walmart.com/ip/923701165
19466113654,https://walmart.com/ip/502512708
19466113655,https://walmart.com/ip/260662082
19466113656,https://walmart.com/ip/353491107
19466113657,https://walmart.com/ip/284186388
19466113658,https://walmart.com/ip/676571248
19466113659,https://walmart.com/ip/365882614
19466113660,https://walmart.com/ip/954355049
19466113661,https://walmart.com/ip/753793285
19466113662,https://walmart.com/ip/285430886
19466113663,https://walmart.com/ip/569750275
19466113664,https://walmart.com/ip/306821610
19466113665,https://walmart.com/ip/484887674
19466113666,https://walmart.com/ip/898439284
19466113667,https://walmart.com/ip/498197115
19466113668,https://walmart.com/ip/200494467
19466113669,https://walmart.com/ip/514919565
19466113670,https://walmart.com/ip/909978648
19466113671,https://walmart.com/ip/343892264
19466113672,https://walmart.com/ip/973779417
19466113673,https://walmart.com/ip/773758264
19466113674,https://walmart.com/ip/210768619
19466113675,https://walmart.com/ip/806858346
19466113676,https://walmart.com/ip/740114501
19466113677,https://walmart.com/ip/989125516
19466113678,https://walmart.com/ip/629165810
19466113679,https://walmart.com/ip/355138483
19466113680,https://walmart.com/ip/628281685
19466113681,https://walmart.com/ip/538050209
19466113682,https://walmart.com/ip/876541544
19466113683,https://walmart.com/ip/458501123
19466113684,https://walmart.com/ip/898063067
19466113685,https://walmart.com/ip/389656066
19466113686,https://walmart.com/ip/695495783
19466113687,https://walmart.com/ip/282892807
19466113688,https://walmart.com/ip/290645648
19466113689,https://walmart.com/ip/435886853
19466113690,https://walmart.com/ip/934007797
19466113691,https://walmart.com/ip/864916504
19466113692,https://walmart.com/ip/815808384
19466113693,https://walmart.com/ip/656256472
19466113694,https://walmart.com/ip/800294696
19466113695,https://walmart.com/ip/624204495
19466113698,https://walmart.com/ip/645340813
19466113699,https://walmart.com/ip/819720044
19466113700,https://walmart.com/ip/578967905
19466113701,https://walmart.com/ip/660338570
19466113702,https://walmart.com/ip/860673935
19466113703,https://walmart.com/ip/113733668
19466113704,https://walmart.com/ip/147234108
19466113705,https://walmart.com/ip/397536852
19466113706,https://walmart.com/ip/891207136
19466113707,https://walmart.com/ip/667337484
19466113708,https://walmart.com/ip/704522257
19466113709,https://walmart.com/ip/573975770
19466113710,https://walmart.com/ip/994117666
19466113711,https://walmart.com/ip/494946143
19466113712,https://walmart.com/ip/625046793
19466113713,https://walmart.com/ip/219286827
19466113714,https://walmart.com/ip/996806844
19466113715,https://walmart.com/ip/823816280
19466113716,https://walmart.com/ip/454482376
19466113717,https://walmart.com/ip/752730871
19466113718,https://walmart.com/ip/154342320
19466113719,https://walmart.com/ip/357308461
19466113720,https://walmart.com/ip/225684869
19466113721,https://walmart.com/ip/968049934
19466113722,https://walmart.com/ip/866065590
19466113723,https://walmart.com/ip/152760488
19466113724,https://walmart.com/ip/680115323
19466113725,https://walmart.com/ip/823625902
19466113726,https://walmart.com/ip/818335242
19466113727,https://walmart.com/ip/968775349
19466113728,https://walmart.com/ip/466356230
19466113729,https://walmart.com/ip/293026041
19466113730,https://walmart.com/ip/474019477
19466113731,https://walmart.com/ip/816344166
19466113732,https://walmart.com/ip/558187504
19466113733,https://walmart.com/ip/134603958
19466113734,https://walmart.com/ip/428253969
19466113735,https://walmart.com/ip/925724525
19466113736,https://walmart.com/ip/101422390
19466113737,https://walmart.com/ip/148291265
19466113738,https://walmart.com/ip/578145534
19466113739,https://walmart.com/ip/856105458
19466113740,https://walmart.com/ip/193225915
19466113741,https://walmart.com/ip/791401170
19466113742,https://walmart.com/ip/437564206
19466113743,https://walmart.com/ip/994831696
19466113744,https://walmart.com/ip/618279110
19466113745,https://walmart.com/ip/228506020
19466113746,https://walmart.com/ip/723162216
19466113747,https://walmart.com/ip/612054949
19466113748,https://walmart.com/ip/291393885
19466113749,https://walmart.com/ip/198988624
19466113750,https://walmart.com/ip/267524699
19466113751,https://walmart.com/ip/158813623
19466113752,https://walmart.com/ip/430215721
19466113753,https://walmart.com/ip/146586501
19466113754,https://walmart.com/ip/838885438
19466113755,https://walmart.com/ip/402018867
19466113756,https://walmart.com/ip/109653891
19466113757,https://walmart.com/ip/411847931
19466113758,https://walmart.com/ip/432789394
19466113759,https://walmart.com/ip/956660439
19466113760,https://walmart.com/ip/893341647
19466113761,https://walmart.com/ip/300642124
19466113762,https://walmart.com/ip/710956680
19466113763,https://walmart.com/ip/818421015
19466113764,https://walmart.com/ip/677207709
19466113765,https://walmart.com/ip/952777483
19466113766,https://walmart.com/ip/714262381
19466113767,https://walmart.com/ip/257790481
19466113768,https://walmart.com/ip/275073999
19466113769,https://walmart.com/ip/239163144
19466113770,https://walmart.com/ip/913466154
19466113771,https://walmart.com/ip/905553104
19466113772,https://walmart.com/ip/121688001
19466113773,https://walmart.com/ip/384983792
19466113774,https://walmart.com/ip/283847163
19466113775,https://walmart.com/ip/291761621
19466113776,https://walmart.com/ip/857780235
19466113777,https://walmart.com/ip/345060884
19466113778,https://walmart.com/ip/490532165
19466113779,https://walmart.com/ip/387527692
19466113780,https://walmart.com/ip/115981968
19466113781,https://walmart.com/ip/924853899
19466113782,https://walmart.com/ip/346000026
19466113783,https://walmart.com/ip/369019591
19466113784,https://walmart.com/ip/334722414
19466113785,https://walmart.com/ip/645277070
19466113786,https://walmart.com/ip/731693432
19466113787,https://walmart.com/ip/314596654
19466113788,https://walmart.com/ip/857815267
19466113789,https://walmart.com/ip/480737177
19466113790,https://walmart.com/ip/764261312
19466113791,https://walmart.com/ip/609182119
19466113792,https://walmart.com/ip/561004597
19466113793,https://walmart.com/ip/256373153
19466113794,https://walmart.com/ip/336664130
19466113795,https://walmart.com/ip/234071593
19466113796,https://walmart.com/ip/613782677
19466113797,https://walmart.com/ip/870064974
19466113798,https://walmart.com/ip/983092918
19466113799,https://walmart.com/ip/739646916
19466113800,https://walmart.com/ip/365938268
19466113801,https://walmart.com/ip/805118564
19466113802,https://walmart.com/ip/265671235
19466113803,https://walmart.com/ip/943544696
19466113804,https://walmart.com/ip/690671284
19466113805,https://walmart.com/ip/239252925
19466113806,https://walmart.com/ip/761789422
19466113807,https://walmart.com/ip/701328913
19466113808,https://walmart.com/ip/849494183
19466113809,https://walmart.com/ip/763776681
19466113810,https://walmart.com/ip/959903977
19466113811,https://walmart.com/ip/234975897
19466113812,https://walmart.com/ip/779702949
19466113813,https://walmart.com/ip/553704717
19466113814,https://walmart.com/ip/426664874
19466113815,https://walmart.com/ip/771741910
19466113816,https://walmart.com/ip/574051607
19466113817,https://walmart.com/ip/497125974
19466113818,https://walmart.com/ip/425720710
19466113819,https://walmart.com/ip/592789041
19466113820,https://walmart.com/ip/671319266
19466113821,https://walmart.com/ip/202261963
19466113822,https://walmart.com/ip/601946248
19466113823,https://walmart.com/ip/919218492
19466113824,https://walmart.com/ip/651610306
19466113825,https://walmart.com/ip/571936390
19466113826,https://walmart.com/ip/724140339
19466113827,https://walmart.com/ip/315269710
19466113828,https://walmart.com/ip/474974416
19466113829,https://walmart.com/ip/997126325
19466113830,https://walmart.com/ip/836935294
19466113831,https://walmart.com/ip/630272186
19466113832,https://walmart.com/ip/424075526
19466113833,https://walmart.com/ip/389730100
19466113834,https://walmart.com/ip/613666055
19466113835,https://walmart.com/ip/827309640
19466113836,https://walmart.com/ip/778983987
19466113837,https://walmart.com/ip/746271995
19466113838,https://walmart.com/ip/383670830
19466113839,https://walmart.com/ip/578951749
19466113840,https://walmart.com/ip/672445808
19466113841,https://walmart.com/ip/662619459
19466113842,https://walmart.com/ip/502578573
19466113843,https://walmart.com/ip/967668944
19466113844,https://walmart.com/ip/449519275
19466113845,https://walmart.com/ip/471796884
19466113846,https://walmart.com/ip/239491277
19466113847,https://walmart.com/ip/681726364
19466113848,https://walmart.com/ip/492176231
19466113849,https://walmart.com/ip/139384958
19466113850,https://walmart.com/ip/757767420
19466113851,https://walmart.com/ip/950706729
19466113852,https://walmart.com/ip/101554611
19466113853,https://walmart.com/ip/222057016
19466113854,https://walmart.com/ip/836857202
19466113855,https://walmart.com/ip/314302272
19466113856,https://walmart.com/ip/130167713
19466113857,https://walmart.com/ip/923823851
19466113872,https://walmart.com/ip/807293114
19466113873,https://walmart.com/ip/855148396
19466113874,https://walmart.com/ip/242803518
19466113875,https://walmart.com/ip/670945848
19466113876,https://walmart.com/ip/738016203
19466113877,https://walmart.com/ip/159872012
19466113878,https://walmart.com/ip/682205500
19466113879,https://walmart.com/ip/233135860
19466113880,https://walmart.com/ip/570888472
19466113882,https://walmart.com/ip/756968167
19466113884,https://walmart.com/ip/739338431
19466113886,https://walmart.com/ip/820175983
19466113888,https://walmart.com/ip/370436199
19466113889,https://walmart.com/ip/944340678
19466113890,https://walmart.com/ip/245785888
19466113891,https://walmart.com/ip/807702068
19466113892,https://walmart.com/ip/542245046
19466113893,https://walmart.com/ip/287825016
19466113894,https://walmart.com/ip/473163761
19466113895,https://walmart.com/ip/982191347
19466113896,https://walmart.com/ip/120659004
19466113898,https://walmart.com/ip/764883312
19466113899,https://walmart.com/ip/171513821
19466114000,https://walmart.com/ip/920743360
19466114001,https://walmart.com/ip/511107394
19466114002,https://walmart.com/ip/482895013
19466114003,https://walmart.com/ip/143674298
19466114004,https://walmart.com/ip/674814463
19466114005,https://walmart.com/ip/267993700
19466114006,https://walmart.com/ip/811435060
19466114007,https://walmart.com/ip/291353698
19466114008,https://walmart.com/ip/556226772
19466114009,https://walmart.com/ip/764467359
19466114010,https://walmart.com/ip/919629550
19466114011,https://walmart.com/ip/511065567
19466114012,https://walmart.com/ip/888483512
19466114013,https://walmart.com/ip/355393046
19466114014,https://walmart.com/ip/440405276
19466114015,https://walmart.com/ip/630375196
19466114016,https://walmart.com/ip/952331607
19466114017,https://walmart.com/ip/900374316
19466114018,https://walmart.com/ip/430858927
19466114019,https://walmart.com/ip/412831807
19466114020,https://walmart.com/ip/455295149
19466114021,https://walmart.com/ip/817739915
19466114022,https://walmart.com/ip/553740413
19466114023,https://walmart.com/ip/727012229
19466114024,https://walmart.com/ip/122139816
19466114025,https://walmart.com/ip/862702708
19466114026,https://walmart.com/ip/929515038
19466114224,https://walmart.com/ip/821900231
19466114225,https://walmart.com/ip/380908951
19466114226,https://walmart.com/ip/343171824
19466114227,https://walmart.com/ip/970183754
19466114228,https://walmart.com/ip/261959310
19466114229,https://walmart.com/ip/509859275
19466114230,https://walmart.com/ip/796313509
19466114231,https://walmart.com/ip/287661733
19466114232,https://walmart.com/ip/868041617
19466114233,https://walmart.com/ip/201233066
19466114234,https://walmart.com/ip/818301150
19466114235,https://walmart.com/ip/250305492
19466114236,https://walmart.com/ip/122434431
19466114237,https://walmart.com/ip/608522344
19466114238,https://walmart.com/ip/254076150
19466114239,https://walmart.com/ip/426331606
19466114240,https://walmart.com/ip/236905110
19466114241,https://walmart.com/ip/457880931
19466114242,https://walmart.com/ip/687968928
19466114243,https://walmart.com/ip/870075858
19466114244,https://walmart.com/ip/162766862
19466114245,https://walmart.com/ip/605900488
19466114246,https://walmart.com/ip/503847935
19466114247,https://walmart.com/ip/109745023
19466114248,https://walmart.com/ip/121659102
19466114249,https://walmart.com/ip/914225629
19466114250,https://walmart.com/ip/680332102
19466114251,https://walmart.com/ip/562342302
19466114252,https://walmart.com/ip/919450713
19466114253,https://walmart.com/ip/835286099
19466114254,https://walmart.com/ip/879909719
19466114255,https://walmart.com/ip/553368327
19466114256,https://walmart.com/ip/593942951
19466114257,https://walmart.com/ip/822159220
19466114258,https://walmart.com/ip/441945702
19466114259,https://walmart.com/ip/181677104
19466114260,https://walmart.com/ip/877307962
19466114261,https://walmart.com/ip/732823674
19466114262,https://walmart.com/ip/229042993
19466114263,https://walmart.com/ip/264515471
19466114264,https://walmart.com/ip/519542333
19466114265,https://walmart.com/ip/819708764
19466114269,https://walmart.com/ip/403254174
19466114270,https://walmart.com/ip/459972922
19466114271,https://walmart.com/ip/732871357
19466114272,https://walmart.com/ip/498040559
19466114364,https://walmart.com/ip/620085302
19466114590,https://walmart.com/ip/652551552
19466114591,https://walmart.com/ip/467620498
19466114592,https://walmart.com/ip/733366850
19466114593,https://walmart.com/ip/718678001
19466114594,https://walmart.com/ip/286973569
19466114595,https://walmart.com/ip/546396600
19466114596,https://walmart.com/ip/958556737
19466114597,https://walmart.com/ip/108703640
19466114598,https://walmart.com/ip/480736748
19466114599,https://walmart.com/ip/183599845
19466114600,https://walmart.com/ip/182227318
19466114601,https://walmart.com/ip/377411030
19466114602,https://walmart.com/ip/179934898
19466114603,https://walmart.com/ip/894983736
19466114604,https://walmart.com/ip/118083615
19466114605,https://walmart.com/ip/572353413
19466114606,https://walmart.com/ip/849807227
19466114607,https://walmart.com/ip/366602973
19466114614,https://walmart.com/ip/569557593
19466114615,https://walmart.com/ip/895002918
19466114616,https://walmart.com/ip/224154301
19466114617,https://walmart.com/ip/846125978
19466114618,https://walmart.com/ip/853114829
19466114619,https://walmart.com/ip/724626055
19466114620,https://walmart.com/ip/352538495
19466114621,https://walmart.com/ip/137155837
19466114622,https://walmart.com/ip/668803560
19466114623,https://walmart.com/ip/789181600
19466114624,https://walmart.com/ip/416576898
19466114625,https://walmart.com/ip/349493953
19466114626,https://walmart.com/ip/796081110
19466114627,https://walmart.com/ip/988967121
19466114628,https://walmart.com/ip/834544320
19466114629,https://walmart.com/ip/727216460
19466114630,https://walmart.com/ip/229912339
19466114631,https://walmart.com/ip/630970453
19466114632,https://walmart.com/ip/217371003
19466114633,https://walmart.com/ip/488609907
19466114634,https://walmart.com/ip/851785603
19466114635,https://walmart.com/ip/885760321
19466114636,https://walmart.com/ip/975682728
19466114637,https://walmart.com/ip/675131563
19466114638,https://walmart.com/ip/368322586
19466114639,https://walmart.com/ip/881998348
19466114640,https://walmart.com/ip/430102561
19466114641,https://walmart.com/ip/530510408
19466114642,https://walmart.com/ip/481278469
19466114643,https://walmart.com/ip/788764161
19466114644,https://walmart.com/ip/167301965
19466114645,https://walmart.com/ip/726930207
19466114646,https://walmart.com/ip/740681128
19466114647,https://walmart.com/ip/948312847
19466114648,https://walmart.com/ip/792091186
19466114649,https://walmart.com/ip/252510859
19466114650,https://walmart.com/ip/807070337
19466114651,https://walmart.com/ip/994237900
19466114652,https://walmart.com/ip/366155290
19466114653,https://walmart.com/ip/935842898
19466114654,https://walmart.com/ip/932967308
19466114655,https://walmart.com/ip/443909496
19466114656,https://walmart.com/ip/892554850
19466114657,https://walmart.com/ip/742456036
19466114658,https://walmart.com/ip/718308893
19466114659,https://walmart.com/ip/690893980
19466114660,https://walmart.com/ip/326829313
19466114661,https://walmart.com/ip/801535978
19466114662,https://walmart.com/ip/419514700
19466114663,https://walmart.com/ip/394046906
19466114664,https://walmart.com/ip/330348513
19466114665,https://walmart.com/ip/188223681
19466114666,https://walmart.com/ip/374609335
19466114667,https://walmart.com/ip/827705653
19466114668,https://walmart.com/ip/512465304
19466114669,https://walmart.com/ip/496427755
19466114670,https://walmart.com/ip/112294944
19466114671,https://walmart.com/ip/305677251
19466114672,https://walmart.com/ip/468592289
19466114673,https://walmart.com/ip/507464279
19466114674,https://walmart.com/ip/224408642
19466114675,https://walmart.com/ip/680278433
19466114676,https://walmart.com/ip/531648900
19466114677,https://walmart.com/ip/337767179
19466114678,https://walmart.com/ip/721038341
19466114679,https://walmart.com/ip/709360864
19466114680,https://walmart.com/ip/353026346
19466114681,https://walmart.com/ip/905040851
19466114768,https://walmart.com/ip/588500914
19466114769,https://walmart.com/ip/356311966
19466114770,https://walmart.com/ip/779990365
19466114771,https://walmart.com/ip/712651555
19466114772,https://walmart.com/ip/921025862
19466114773,https://walmart.com/ip/543402339
19466114774,https://walmart.com/ip/976325459
19466114775,https://walmart.com/ip/315920168
19466114776,https://walmart.com/ip/412941811
19466114777,https://walmart.com/ip/736558621
19466114787,https://walmart.com/ip/637798253
19466114788,https://walmart.com/ip/651829815
19466114789,https://walmart.com/ip/998896210
19466114790,https://walmart.com/ip/207354138
19466114791,https://walmart.com/ip/600589383
19466114792,https://walmart.com/ip/828316781
19466114793,https://walmart.com/ip/308691302
19466114794,https://walmart.com/ip/329252749
19466114795,https://walmart.com/ip/123917459
19466114796,https://walmart.com/ip/968926875
19466114797,https://walmart.com/ip/487347057
19466114799,https://walmart.com/ip/198423883
19466114800,https://walmart.com/ip/361193586
19466114801,https://walmart.com/ip/513290250
19466114802,https://walmart.com/ip/342565217
19466114803,https://walmart.com/ip/275979518
19466114804,https://walmart.com/ip/447486290
19466114805,https://walmart.com/ip/355835153
19466114806,https://walmart.com/ip/166356154
19466114807,https://walmart.com/ip/818429764
19466114808,https://walmart.com/ip/584776556
19466114809,https://walmart.com/ip/224868074
19466114810,https://walmart.com/ip/812138821
19466114811,https://walmart.com/ip/856676668
19466114812,https://walmart.com/ip/301161624
19466114813,https://walmart.com/ip/878211596
19466114814,https://walmart.com/ip/702604612
19466114815,https://walmart.com/ip/858219211
19466114816,https://walmart.com/ip/440067705
19466114817,https://walmart.com/ip/518196944
19466114818,https://walmart.com/ip/340292323
19466114819,https://walmart.com/ip/770134575
19466114820,https://walmart.com/ip/183295042
19466114821,https://walmart.com/ip/522228552
19466114822,https://walmart.com/ip/510964320
19466114823,https://walmart.com/ip/775791003
19466114824,https://walmart.com/ip/365744178
19466114825,https://walmart.com/ip/397106951
19466114826,https://walmart.com/ip/811690266
19466114827,https://walmart.com/ip/404320183
19466114828,https://walmart.com/ip/323951293
19466114829,https://walmart.com/ip/896770793
19466114830,https://walmart.com/ip/958531189
19466114831,https://walmart.com/ip/918546809
19466114832,https://walmart.com/ip/977381079
19466114833,https://walmart.com/ip/427885425
19466114834,https://walmart.com/ip/346607826
19466114835,https://walmart.com/ip/118884131
19466114836,https://walmart.com/ip/328217944
19466114837,https://walmart.com/ip/293637533
19466114838,https://walmart.com/ip/754039829
19466114839,https://walmart.com/ip/277251445
19466114840,https://walmart.com/ip/379751755
19466114841,https://walmart.com/ip/734480985
19466114842,https://walmart.com/ip/119749218
19466114843,https://walmart.com/ip/403460000
19466114844,https://walmart.com/ip/306190469
19466114845,https://walmart.com/ip/334356761
19466114846,https://walmart.com/ip/953978272
19466114847,https://walmart.com/ip/689263920
19466114848,https://walmart.com/ip/374030496
19466114849,https://walmart.com/ip/407792515
19466114850,https://walmart.com/ip/987598023
19466114851,https://walmart.com/ip/606627198
19466114852,https://walmart.com/ip/959885380
19466114853,https://walmart.com/ip/838369739
19466114854,https://walmart.com/ip/288696787
19466114855,https://walmart.com/ip/336800615
19466114856,https://walmart.com/ip/484757351
19466114857,https://walmart.com/ip/162061260
19466114858,https://walmart.com/ip/553504557
19466114859,https://walmart.com/ip/424161658
19466114860,https://walmart.com/ip/686053584
19466114861,https://walmart.com/ip/912544337
19466114862,https://walmart.com/ip/640250167
19466114863,https://walmart.com/ip/936651329
19466114864,https://walmart.com/ip/474665437
19466115696,https://walmart.com/ip/666684493
19466115697,https://walmart.com/ip/971910905
19466115698,https://walmart.com/ip/510093832
19466115699,https://walmart.com/ip/997020623
19466115700,https://walmart.com/ip/233470233
19466115701,https://walmart.com/ip/629329013
19466115702,https://walmart.com/ip/940296988
19466115703,https://walmart.com/ip/719322835
19466115704,https://walmart.com/ip/235148211
19466115705,https://walmart.com/ip/665636327
19466115706,https://walmart.com/ip/991666943
19466115707,https://walmart.com/ip/767684977
19466115708,https://walmart.com/ip/752755511
19466115709,https://walmart.com/ip/357700781
19466115710,https://walmart.com/ip/655050773
19466115711,https://walmart.com/ip/664425808
19466115712,https://walmart.com/ip/788542765
19466115713,https://walmart.com/ip/837478838
19466115714,https://walmart.com/ip/401888484
19466115715,https://walmart.com/ip/606616415
19466115716,https://walmart.com/ip/414632787
19466115717,https://walmart.com/ip/917164347
19466115718,https://walmart.com/ip/939573320
19466115719,https://walmart.com/ip/592501260
19466115735,https://walmart.com/ip/169541336
19466115736,https://walmart.com/ip/284183822
19466115737,https://walmart.com/ip/993525699
19466115738,https://walmart.com/ip/733266555
19466115739,https://walmart.com/ip/444517000
19466115740,https://walmart.com/ip/497231658
19466115741,https://walmart.com/ip/461017045
19466115917,https://walmart.com/ip/138144182
19466118335,https://walmart.com/ip/665613410
19466118336,https://walmart.com/ip/844039793
19466118337,https://walmart.com/ip/391157596
19466118338,https://walmart.com/ip/735914588
19466118339,https://walmart.com/ip/574890885
19466118340,https://walmart.com/ip/784832154
19466118341,https://walmart.com/ip/471687583
19466118342,https://walmart.com/ip/967828146
19466118343,https://walmart.com/ip/795891931
19466118344,https://walmart.com/ip/984953577
19466118345,https://walmart.com/ip/465791344
19466118346,https://walmart.com/ip/550829792
19466118347,https://walmart.com/ip/352055675
19466118348,https://walmart.com/ip/638246766
19466118349,https://walmart.com/ip/922160671
19466118350,https://walmart.com/ip/234586169
19466118351,https://walmart.com/ip/859443712
19466118352,https://walmart.com/ip/854606024
19466118353,https://walmart.com/ip/260990625
19466118354,https://walmart.com/ip/738822157
19466118355,https://walmart.com/ip/418027947
19466118363,https://walmart.com/ip/858931106
19466118364,https://walmart.com/ip/339653764
19466118365,https://walmart.com/ip/426348774
19466118366,https://walmart.com/ip/101704840
19466118367,https://walmart.com/ip/735781584
19466118368,https://walmart.com/ip/716502319
19466118369,https://walmart.com/ip/353602916
19466118370,https://walmart.com/ip/767548482
19466118371,https://walmart.com/ip/329272786
19466118372,https://walmart.com/ip/493969557
19466118373,https://walmart.com/ip/672739052
19466118374,https://walmart.com/ip/615185515
19466118375,https://walmart.com/ip/183630177
19466118376,https://walmart.com/ip/824134956
19466118377,https://walmart.com/ip/998760755
19466118378,https://walmart.com/ip/440185783
19466118379,https://walmart.com/ip/435458483
19466118380,https://walmart.com/ip/289608054
19466118381,https://walmart.com/ip/722807658
19466118382,https://walmart.com/ip/893539519
19466118383,https://walmart.com/ip/308005425
19466119597,https://walmart.com/ip/840655001
19466119598,https://walmart.com/ip/240184837
19466119599,https://walmart.com/ip/802480712
19466119600,https://walmart.com/ip/766760233
19466119601,https://walmart.com/ip/252086217
19466119602,https://walmart.com/ip/547088775
19466119603,https://walmart.com/ip/665918929
19466119604,https://walmart.com/ip/946907684
19466119605,https://walmart.com/ip/136838989
19466119606,https://walmart.com/ip/755320773
19466119607,https://walmart.com/ip/409010113
19466119608,https://walmart.com/ip/187718972
19466119609,https://walmart.com/ip/314545659
19466119610,https://walmart.com/ip/312886502
19466119611,https://walmart.com/ip/645077749
19466119612,https://walmart.com/ip/731129688
19466119613,https://walmart.com/ip/843981326
19466119614,https://walmart.com/ip/154584694
19466119615,https://walmart.com/ip/387286347
19466119616,https://walmart.com/ip/361450820
19466119617,https://walmart.com/ip/158706799
19466119618,https://walmart.com/ip/823798467
19466119619,https://walmart.com/ip/475051858
19466119620,https://walmart.com/ip/961066213
19466119621,https://walmart.com/ip/363575746
19466119622,https://walmart.com/ip/456088059
19466119623,https://walmart.com/ip/279108565
19466119624,https://walmart.com/ip/112546686
19466119625,https://walmart.com/ip/395416217
19466119626,https://walmart.com/ip/767743564
19466119627,https://walmart.com/ip/728767999
19466119628,https://walmart.com/ip/408798407
19466119629,https://walmart.com/ip/940237865
19466119630,https://walmart.com/ip/407954363
19466119631,https://walmart.com/ip/842830279
19466119632,https://walmart.com/ip/369365395
19466119633,https://walmart.com/ip/829615890
19466119634,https://walmart.com/ip/965016550
19466119635,https://walmart.com/ip/453483661
19466119636,https://walmart.com/ip/350520242
19466119637,https://walmart.com/ip/473516491
19466119638,https://walmart.com/ip/612033460
19466119639,https://walmart.com/ip/683569759
19466119640,https://walmart.com/ip/592557742
19466119641,https://walmart.com/ip/745564334
19466119642,https://walmart.com/ip/298934351
19466119643,https://walmart.com/ip/267667252
19466119644,https://walmart.com/ip/340281563
19466119645,https://walmart.com/ip/921372287
19466119646,https://walmart.com/ip/469672157
19466119647,https://walmart.com/ip/989240692
19466119648,https://walmart.com/ip/791578706
19466119649,https://walmart.com/ip/930071001
19466119650,https://walmart.com/ip/791042343
19466119651,https://walmart.com/ip/879328859
19466119652,https://walmart.com/ip/530382186
19466119653,https://walmart.com/ip/640959389
19466119654,https://walmart.com/ip/783528286
19466119655,https://walmart.com/ip/130180150
19466119656,https://walmart.com/ip/597123775
19466119657,https://walmart.com/ip/883076488
19466119658,https://walmart.com/ip/582870295
19466119659,https://walmart.com/ip/770219707
19466119660,https://walmart.com/ip/923638311
19466119661,https://walmart.com/ip/429046011
19466119662,https://walmart.com/ip/284756306
19466119663,https://walmart.com/ip/711075113
19466119664,https://walmart.com/ip/729950181
19466119665,https://walmart.com/ip/644855869
19466119666,https://walmart.com/ip/254598339
19466119667,https://walmart.com/ip/253143620
19466119668,https://walmart.com/ip/474334718
19466119669,https://walmart.com/ip/409817810
19466119670,https://walmart.com/ip/572167356
19466119671,https://walmart.com/ip/479781383
19466119672,https://walmart.com/ip/819488101
19466119673,https://walmart.com/ip/285940376
19466119674,https://walmart.com/ip/960804905
19466119675,https://walmart.com/ip/360348290
19466119676,https://walmart.com/ip/661254513
19466119677,https://walmart.com/ip/619673770
19466119678,https://walmart.com/ip/922505208
19466119679,https://walmart.com/ip/329554554
19466119680,https://walmart.com/ip/614614856
19466119681,https://walmart.com/ip/871988509
19466119682,https://walmart.com/ip/394643545
19466119683,https://walmart.com/ip/208676617
19466119684,https://walmart.com/ip/828132353
19466119685,https://walmart.com/ip/794980435
19466119686,https://walmart.com/ip/598323734
19466119687,https://walmart.com/ip/302298474
19466119688,https://walmart.com/ip/605806135
19466119689,https://walmart.com/ip/592711669
19466119690,https://walmart.com/ip/384657037
19466119691,https://walmart.com/ip/603378736
19466119692,https://walmart.com/ip/470491686
19466119693,https://walmart.com/ip/700736767
19466119694,https://walmart.com/ip/257132882
19466119695,https://walmart.com/ip/853548717
19466119696,https://walmart.com/ip/432521526
19466119697,https://walmart.com/ip/236490021
19466119698,https://walmart.com/ip/733860275
19466119699,https://walmart.com/ip/630197694
19466119700,https://walmart.com/ip/570409594
19466119701,https://walmart.com/ip/931193982
19466119702,https://walmart.com/ip/881029318
19466119703,https://walmart.com/ip/767757908
19466119704,https://walmart.com/ip/230849292
19466119705,https://walmart.com/ip/103672258
19466119706,https://walmart.com/ip/281705073
19466119707,https://walmart.com/ip/671261562
19466119708,https://walmart.com/ip/582857606
19466119709,https://walmart.com/ip/822801441
19466119710,https://walmart.com/ip/360113908
19466119711,https://walmart.com/ip/455943968
19466119712,https://walmart.com/ip/551677681
19466119713,https://walmart.com/ip/979182925
19466119714,https://walmart.com/ip/425968114
19466119715,https://walmart.com/ip/323748613
19466119716,https://walmart.com/ip/119698154
19466119717,https://walmart.com/ip/114982525
19466119718,https://walmart.com/ip/440686950
19466119719,https://walmart.com/ip/259291047
19466119720,https://walmart.com/ip/713703974
19466119721,https://walmart.com/ip/814064843
19466119722,https://walmart.com/ip/506538200
19466119723,https://walmart.com/ip/214619019
19466119724,https://walmart.com/ip/169571832
19466119725,https://walmart.com/ip/486222047
19466119726,https://walmart.com/ip/401723336
19466119727,https://walmart.com/ip/429618112
19466119728,https://walmart.com/ip/903225328
19466119729,https://walmart.com/ip/529189547
19466119730,https://walmart.com/ip/922410394
19466119731,https://walmart.com/ip/498355692
19466119732,https://walmart.com/ip/107393496
19466119733,https://walmart.com/ip/253770637
19466119734,https://walmart.com/ip/478057274
19466119735,https://walmart.com/ip/221484232
19466119736,https://walmart.com/ip/459478196
19466120080,https://walmart.com/ip/357605020
19466120081,https://walmart.com/ip/914733150
19466120082,https://walmart.com/ip/571033943
19466120083,https://walmart.com/ip/661596968
19466120085,https://walmart.com/ip/477213514
19466120152,https://walmart.com/ip/747822572
19466120153,https://walmart.com/ip/460298218
19466120154,https://walmart.com/ip/625712328
19466120155,https://walmart.com/ip/347606938
19466120156,https://walmart.com/ip/390756411
19466120157,https://walmart.com/ip/369686592
19466120158,https://walmart.com/ip/196158387
19466123769,https://walmart.com/ip/185539238
19466123770,https://walmart.com/ip/982927870
19466123771,https://walmart.com/ip/458673351
19466123772,https://walmart.com/ip/465316045
19466123773,https://walmart.com/ip/328793291
19466123774,https://walmart.com/ip/237640954
19466123817,https://walmart.com/ip/951841783
19466124248,https://walmart.com/ip/317868737
19466124249,https://walmart.com/ip/658934152
19466124250,https://walmart.com/ip/745586340
19466124251,https://walmart.com/ip/843394301
19466124357,https://walmart.com/ip/892744915
19466124358,https://walmart.com/ip/607683960
19466124359,https://walmart.com/ip/904004875
19466124360,https://walmart.com/ip/238077776
19466124361,https://walmart.com/ip/618193319
19466124362,https://walmart.com/ip/272378854
19466124363,https://walmart.com/ip/606908892
19466124364,https://walmart.com/ip/287204396
19466124365,https://walmart.com/ip/598070132
19466124366,https://walmart.com/ip/877930781
19466124367,https://walmart.com/ip/903506924
19466124368,https://walmart.com/ip/657910928
19466124369,https://walmart.com/ip/728277358
19466124370,https://walmart.com/ip/361860043
19466124371,https://walmart.com/ip/475901029
19466124372,https://walmart.com/ip/632857047
19466124373,https://walmart.com/ip/121396566
19466124374,https://walmart.com/ip/975191108
19466124375,https://walmart.com/ip/727399236
19466124376,https://walmart.com/ip/937703735
19466124377,https://walmart.com/ip/933579877
19466124378,https://walmart.com/ip/337156354
19466124379,https://walmart.com/ip/380547688
19466124380,https://walmart.com/ip/747575334
19466124381,https://walmart.com/ip/900679518
19466124382,https://walmart.com/ip/901702268
19466124383,https://walmart.com/ip/968775868
19466124384,https://walmart.com/ip/247700628
19466124385,https://walmart.com/ip/725319300
19466124386,https://walmart.com/ip/751503879
19466124387,https://walmart.com/ip/585643133
19466124388,https://walmart.com/ip/479677311
19466124389,https://walmart.com/ip/202769708
19466124390,https://walmart.com/ip/474963987
19466124391,https://walmart.com/ip/342821538
19466124392,https://walmart.com/ip/145437432
19466124393,https://walmart.com/ip/663810745
19466124394,https://walmart.com/ip/371061488
19466124395,https://walmart.com/ip/540601046
19466124396,https://walmart.com/ip/238148715
19466124397,https://walmart.com/ip/170764486
19466124398,https://walmart.com/ip/638621277
19466124399,https://walmart.com/ip/709565089
19466124400,https://walmart.com/ip/543615429
19466124401,https://walmart.com/ip/524264363
19466124402,https://walmart.com/ip/565338655
19466124403,https://walmart.com/ip/194993185
19466124404,https://walmart.com/ip/632115697
19466124405,https://walmart.com/ip/472286977
19466124406,https://walmart.com/ip/681999573
19466124407,https://walmart.com/ip/142885909
19466124408,https://walmart.com/ip/712058738
19466124409,https://walmart.com/ip/769317949
19466124410,https://walmart.com/ip/573508454
19466124411,https://walmart.com/ip/280212402
19466124412,https://walmart.com/ip/988005313
19466124413,https://walmart.com/ip/514057208
19466124414,https://walmart.com/ip/653904678
19466124415,https://walmart.com/ip/723722449
19466124416,https://walmart.com/ip/897155456
19466124417,https://walmart.com/ip/402395417
19466124418,https://walmart.com/ip/839200707
19466124419,https://walmart.com/ip/732535366
19466124420,https://walmart.com/ip/452478132
19466124421,https://walmart.com/ip/265182330
19466124422,https://walmart.com/ip/252103218
19466124423,https://walmart.com/ip/511161959
19466124424,https://walmart.com/ip/100030233
19466124425,https://walmart.com/ip/457241408
19466124426,https://walmart.com/ip/909742632
19466124427,https://walmart.com/ip/897349016
19466124428,https://walmart.com/ip/738776904
19466124429,https://walmart.com/ip/499406913
19466124430,https://walmart.com/ip/970132458
19466124431,https://walmart.com/ip/597722197
19466124432,https://walmart.com/ip/646391977
19466124433,https://walmart.com/ip/597489954
19466124434,https://walmart.com/ip/749775507
19466124435,https://walmart.com/ip/860172063
19466124436,https://walmart.com/ip/581804916
19466124437,https://walmart.com/ip/522403916
19466124438,https://walmart.com/ip/760875486
19466124439,https://walmart.com/ip/717856680
19466124440,https://walmart.com/ip/879123980
19466124441,https://walmart.com/ip/536888408
19466124442,https://walmart.com/ip/608234193
19466124443,https://walmart.com/ip/669577382
19466124444,https://walmart.com/ip/874341061
19466124445,https://walmart.com/ip/929909811
19466124446,https://walmart.com/ip/362958655
19466124447,https://walmart.com/ip/670950875
19466124448,https://walmart.com/ip/908843174
19466124449,https://walmart.com/ip/479898267
19466124450,https://walmart.com/ip/604998069
19466124451,https://walmart.com/ip/274808942
19466124452,https://walmart.com/ip/497281093
19466124453,https://walmart.com/ip/596317583
19466124454,https://walmart.com/ip/106697345
19466124455,https://walmart.com/ip/316969381
19466124456,https://walmart.com/ip/691530196
19466124457,https://walmart.com/ip/775111960
19466124458,https://walmart.com/ip/406535980
19466124459,https://walmart.com/ip/453817072
19466124460,https://walmart.com/ip/767915911
19466124461,https://walmart.com/ip/463286954
19466124462,https://walmart.com/ip/934960451
19466124463,https://walmart.com/ip/298319810
19466124464,https://walmart.com/ip/635027934
19466124465,https://walmart.com/ip/308703293
19466124466,https://walmart.com/ip/891465469
19466124467,https://walmart.com/ip/962066905
19466124468,https://walmart.com/ip/584805265
19466124469,https://walmart.com/ip/907763412
19466124470,https://walmart.com/ip/413069114
19466124471,https://walmart.com/ip/946463569
19466124472,https://walmart.com/ip/864843491
19466124473,https://walmart.com/ip/666311599
19466124474,https://walmart.com/ip/332590437
19466124475,https://walmart.com/ip/493502699
19466124476,https://walmart.com/ip/406950069
19466124477,https://walmart.com/ip/750647824
19466124478,https://walmart.com/ip/245442382
19466124479,https://walmart.com/ip/762936679
19466124480,https://walmart.com/ip/215782346
19466124481,https://walmart.com/ip/444065922
19466124482,https://walmart.com/ip/504817933
19466124483,https://walmart.com/ip/884194406
19466124484,https://walmart.com/ip/632432186
19466124485,https://walmart.com/ip/463634925
19466124486,https://walmart.com/ip/148851474
19466124487,https://walmart.com/ip/931897023
19466124488,https://walmart.com/ip/239875388
19466124489,https://walmart.com/ip/249173578
19466124490,https://walmart.com/ip/745151705
19466124491,https://walmart.com/ip/998933223
19466124492,https://walmart.com/ip/153911865
19466124493,https://walmart.com/ip/447433468
19466124494,https://walmart.com/ip/763972343
19466124495,https://walmart.com/ip/548942797
19466124496,https://walmart.com/ip/240266374
19466124497,https://walmart.com/ip/736256790
19466124498,https://walmart.com/ip/802257413
19466124499,https://walmart.com/ip/436751308
19466124500,https://walmart.com/ip/237386902
19466124501,https://walmart.com/ip/494590737
19466124502,https://walmart.com/ip/357545652
19466124503,https://walmart.com/ip/251998982
19466124504,https://walmart.com/ip/980285961
19466124505,https://walmart.com/ip/770170918
19466124506,https://walmart.com/ip/314523780
19466124507,https://walmart.com/ip/321809321
19466124508,https://walmart.com/ip/292583734
19466124509,https://walmart.com/ip/477820460
19466124510,https://walmart.com/ip/208740257
19466124511,https://walmart.com/ip/338983290
19466124512,https://walmart.com/ip/735595157
19466124513,https://walmart.com/ip/412931786
19466124514,https://walmart.com/ip/659417678
19466124515,https://walmart.com/ip/168616204
19466124516,https://walmart.com/ip/275782494
19466124517,https://walmart.com/ip/928356103
19466124518,https://walmart.com/ip/750378597
19466124519,https://walmart.com/ip/728475174
19466124520,https://walmart.com/ip/124334786
19466124521,https://walmart.com/ip/777582705
19466124522,https://walmart.com/ip/773645245
19466124523,https://walmart.com/ip/309000906
19466124524,https://walmart.com/ip/678358891
19466124525,https://walmart.com/ip/382402929
19466124526,https://walmart.com/ip/873682546
19466124527,https://walmart.com/ip/908859039
19466124528,https://walmart.com/ip/386206890
19466124529,https://walmart.com/ip/835778610
19466124530,https://walmart.com/ip/544249596
19466124531,https://walmart.com/ip/713451529
19466124532,https://walmart.com/ip/166646158
19466124533,https://walmart.com/ip/209170037
19466124534,https://walmart.com/ip/803868864
19466124535,https://walmart.com/ip/842228802
19466124536,https://walmart.com/ip/760517792
19466124537,https://walmart.com/ip/736127711
19466124538,https://walmart.com/ip/957097526
19466124539,https://walmart.com/ip/231914025
19466124540,https://walmart.com/ip/585800691
19466124541,https://walmart.com/ip/906424368
19466124542,https://walmart.com/ip/213074176
19466124543,https://walmart.com/ip/249500311
19466124544,https://walmart.com/ip/120178042
19466124545,https://walmart.com/ip/935734402
19466124546,https://walmart.com/ip/948075111
19466124547,https://walmart.com/ip/782957885
19466124548,https://walmart.com/ip/451379764
19466124549,https://walmart.com/ip/757200299
19466124550,https://walmart.com/ip/466606193
19466124551,https://walmart.com/ip/888870773
19466124552,https://walmart.com/ip/192469265
19466124553,https://walmart.com/ip/738135097
19466124554,https://walmart.com/ip/727427948
19466124555,https://walmart.com/ip/617858988
19466124556,https://walmart.com/ip/315944547
19466124557,https://walmart.com/ip/743729755
19466124558,https://walmart.com/ip/685036041
19466124559,https://walmart.com/ip/740326469
19466124560,https://walmart.com/ip/755466791
19466124561,https://walmart.com/ip/692587371
19466124562,https://walmart.com/ip/364469336
19466124563,https://walmart.com/ip/863894237
19466124564,https://walmart.com/ip/709980449
19466124565,https://walmart.com/ip/775451033
19466125631,https://walmart.com/ip/345827642
19466125632,https://walmart.com/ip/102831973
19466125633,https://walmart.com/ip/335821138
19466125634,https://walmart.com/ip/329346020
19466125635,https://walmart.com/ip/803838279
19466125636,https://walmart.com/ip/760449415
19466125637,https://walmart.com/ip/858129419
19466125638,https://walmart.com/ip/813200065
19466125639,https://walmart.com/ip/793419215
19466125640,https://walmart.com/ip/321732776
19466125641,https://walmart.com/ip/661939407
19466125642,https://walmart.com/ip/417614540
19466125643,https://walmart.com/ip/440615698
19466125644,https://walmart.com/ip/248638027
19466125645,https://walmart.com/ip/568056288
19466125646,https://walmart.com/ip/437110130
19466125647,https://walmart.com/ip/277349426
19466125648,https://walmart.com/ip/449153345
19466125649,https://walmart.com/ip/713893663
19466125650,https://walmart.com/ip/636552747
19466125651,https://walmart.com/ip/333931904
19466125652,https://walmart.com/ip/801869608
19466125653,https://walmart.com/ip/207557505
19466125654,https://walmart.com/ip/968658714
19466125655,https://walmart.com/ip/832383661
19466125656,https://walmart.com/ip/705222313
19466125657,https://walmart.com/ip/555558572
19466125658,https://walmart.com/ip/896335435
19466125659,https://walmart.com/ip/458640764
19466125660,https://walmart.com/ip/409761766
19466125661,https://walmart.com/ip/206659963
19466125662,https://walmart.com/ip/773766410
19466125663,https://walmart.com/ip/972664384
19466125664,https://walmart.com/ip/212803944
19466125665,https://walmart.com/ip/702783749
19466125878,https://walmart.com/ip/967819634
19466125879,https://walmart.com/ip/688984752
19466125880,https://walmart.com/ip/742068502
19466125881,https://walmart.com/ip/109077089
19466125882,https://walmart.com/ip/947107616
19466125883,https://walmart.com/ip/781814068
19466125884,https://walmart.com/ip/568976800
19466125885,https://walmart.com/ip/358862702
19466125886,https://walmart.com/ip/455740926
19466125887,https://walmart.com/ip/251007713
19466125888,https://walmart.com/ip/463501029
19466125889,https://walmart.com/ip/306092351
19466125890,https://walmart.com/ip/293341841
19466125891,https://walmart.com/ip/270285322
19466125905,https://walmart.com/ip/301355819
19466125906,https://walmart.com/ip/916332967
19466125907,https://walmart.com/ip/963486755
19466125908,https://walmart.com/ip/770286694
19466125909,https://walmart.com/ip/805742193
19466125910,https://walmart.com/ip/429361135
19466125911,https://walmart.com/ip/901635072
19466125987,https://walmart.com/ip/938586733
19466125988,https://walmart.com/ip/714833814
19466125989,https://walmart.com/ip/545045704
19466125990,https://walmart.com/ip/344529589
19466125991,https://walmart.com/ip/871031227
19466125992,https://walmart.com/ip/326375858
19466125993,https://walmart.com/ip/682009014
19466125994,https://walmart.com/ip/764827767
19466125995,https://walmart.com/ip/111854719
19466125996,https://walmart.com/ip/578408169
19466125997,https://walmart.com/ip/511847063
19466125998,https://walmart.com/ip/241128671
19466125999,https://walmart.com/ip/875446951
19466126000,https://walmart.com/ip/139790444
19466126001,https://walmart.com/ip/220086049
19466126002,https://walmart.com/ip/808567855
19466126003,https://walmart.com/ip/949832033
19466126004,https://walmart.com/ip/772570708
19466126005,https://walmart.com/ip/866662996
19466126006,https://walmart.com/ip/288611335
19466126007,https://walmart.com/ip/160752528
19466126008,https://walmart.com/ip/740560720
19466126009,https://walmart.com/ip/214018225
19466126010,https://walmart.com/ip/726598428
19466126011,https://walmart.com/ip/496153845
19466126012,https://walmart.com/ip/452551420
19466126013,https://walmart.com/ip/450105105
19466126014,https://walmart.com/ip/941490183
19466126015,https://walmart.com/ip/296359333
19466126016,https://walmart.com/ip/161808144
19466126017,https://walmart.com/ip/422818248
19466126018,https://walmart.com/ip/423608462
19466126019,https://walmart.com/ip/743742327
19466126020,https://walmart.com/ip/108514812
19466126021,https://walmart.com/ip/767354292
19466126022,https://walmart.com/ip/821272386
19466126023,https://walmart.com/ip/926192038
19466126024,https://walmart.com/ip/775944770
19466126025,https://walmart.com/ip/529021292
19466126026,https://walmart.com/ip/359697429
19466126027,https://walmart.com/ip/770514647
19466126028,https://walmart.com/ip/329120859
19466126029,https://walmart.com/ip/920251965
19466126030,https://walmart.com/ip/571241534
19466126031,https://walmart.com/ip/732314082
19466126032,https://walmart.com/ip/984930135
19466126033,https://walmart.com/ip/656817938
19466126034,https://walmart.com/ip/303500580
19466126035,https://walmart.com/ip/835444864
19466126036,https://walmart.com/ip/536928042
19466126037,https://walmart.com/ip/416623805
19466126038,https://walmart.com/ip/439120482
19466126039,https://walmart.com/ip/118802375
19466126040,https://walmart.com/ip/505212525
19466126041,https://walmart.com/ip/597095384
19466126042,https://walmart.com/ip/797867988
19466126043,https://walmart.com/ip/871916256
19466126044,https://walmart.com/ip/706781937
19466126045,https://walmart.com/ip/773924181
19466126046,https://walmart.com/ip/669248766
19466126047,https://walmart.com/ip/842721310
19466126048,https://walmart.com/ip/598130913
19466126049,https://walmart.com/ip/562645560
19466126050,https://walmart.com/ip/142261450
19466126051,https://walmart.com/ip/687267090
19466126052,https://walmart.com/ip/808368276
19466126053,https://walmart.com/ip/769171478
19466126054,https://walmart.com/ip/313441721
19466126055,https://walmart.com/ip/870054727
19466126056,https://walmart.com/ip/967914962
19466126057,https://walmart.com/ip/841503910
19466126058,https://walmart.com/ip/568969749
19466126059,https://walmart.com/ip/787108169
19466126060,https://walmart.com/ip/373858158
19466126061,https://walmart.com/ip/346529042
19466126062,https://walmart.com/ip/528510342
19466126063,https://walmart.com/ip/713908691
19466126064,https://walmart.com/ip/819654730
19466126065,https://walmart.com/ip/610534412
19466126066,https://walmart.com/ip/496798662
19466126067,https://walmart.com/ip/536020733
19466126068,https://walmart.com/ip/464532807
19466126069,https://walmart.com/ip/303979537
19466126070,https://walmart.com/ip/239369354
19466126071,https://walmart.com/ip/128549373
19466126072,https://walmart.com/ip/498338316
19466126073,https://walmart.com/ip/735279722
19466126074,https://walmart.com/ip/346849640
19466126075,https://walmart.com/ip/350658926
19466126076,https://walmart.com/ip/872412899
19466126077,https://walmart.com/ip/440393419
19466126078,https://walmart.com/ip/708006682
19466126079,https://walmart.com/ip/428818497
19466126080,https://walmart.com/ip/461390910
19466126081,https://walmart.com/ip/992359817
19466126082,https://walmart.com/ip/565958047
19466126083,https://walmart.com/ip/561560886
19466126084,https://walmart.com/ip/978129398
19466126085,https://walmart.com/ip/246867611
19466126086,https://walmart.com/ip/104302358
19466126087,https://walmart.com/ip/150621563
19466126088,https://walmart.com/ip/854580060
19466126089,https://walmart.com/ip/787490664
19466126090,https://walmart.com/ip/438643109
19466126091,https://walmart.com/ip/818483107
19466126092,https://walmart.com/ip/378256975
19466126093,https://walmart.com/ip/419922319
19466126094,https://walmart.com/ip/455546101
19466126095,https://walmart.com/ip/813033166
19466126096,https://walmart.com/ip/624756926
19466126097,https://walmart.com/ip/888241615
19466126098,https://walmart.com/ip/281095413
19466126099,https://walmart.com/ip/138102439
19466126100,https://walmart.com/ip/578835090
19466126101,https://walmart.com/ip/538620860
19466126102,https://walmart.com/ip/556387677
19466126103,https://walmart.com/ip/336244946
19466126104,https://walmart.com/ip/462674701
19466126105,https://walmart.com/ip/333540829
19466126106,https://walmart.com/ip/700097766
19466126107,https://walmart.com/ip/748434315
19466126108,https://walmart.com/ip/371542288
19466126109,https://walmart.com/ip/617196501
19466126110,https://walmart.com/ip/862639737
19466126111,https://walmart.com/ip/961444504
19466126112,https://walmart.com/ip/498798693
19466126113,https://walmart.com/ip/602912009
19466126114,https://walmart.com/ip/710191501
19466126115,https://walmart.com/ip/374425169
19466126116,https://walmart.com/ip/849130355
19466126117,https://walmart.com/ip/890308580
19466126118,https://walmart.com/ip/891979793
19466126119,https://walmart.com/ip/289071173
19466126120,https://walmart.com/ip/208105866
19466126121,https://walmart.com/ip/267453574
19466126122,https://walmart.com/ip/765153564
19466126123,https://walmart.com/ip/342315234
19466126124,https://walmart.com/ip/213226106
19466126125,https://walmart.com/ip/204373277
19466126126,https://walmart.com/ip/996923216
19466126127,https://walmart.com/ip/238422475
19466126128,https://walmart.com/ip/527734858
19466126129,https://walmart.com/ip/977352419
19466126130,https://walmart.com/ip/165752482
19466126131,https://walmart.com/ip/285146237
19466126132,https://walmart.com/ip/893501247
19466126133,https://walmart.com/ip/701493018
19466126134,https://walmart.com/ip/547384735
19466126135,https://walmart.com/ip/521228150
19466126136,https://walmart.com/ip/192746524
19466126137,https://walmart.com/ip/886486680
19466126138,https://walmart.com/ip/298713109
19466126139,https://walmart.com/ip/703423422
19466126140,https://walmart.com/ip/731284027
19466126141,https://walmart.com/ip/573455730
19466126142,https://walmart.com/ip/375198905
19466126143,https://walmart.com/ip/405824922
19466126144,https://walmart.com/ip/345674541
19466126145,https://walmart.com/ip/425088387
19466126146,https://walmart.com/ip/981593914
19466126147,https://walmart.com/ip/903952462
19466126148,https://walmart.com/ip/991527881
19466126149,https://walmart.com/ip/162840073
19466126150,https://walmart.com/ip/866017512
19466126151,https://walmart.com/ip/131208882
19466126152,https://walmart.com/ip/346688705
19466126153,https://walmart.com/ip/548050581
19466126154,https://walmart.com/ip/370732489
19466126155,https://walmart.com/ip/661085162
19466126156,https://walmart.com/ip/716976499
19466126157,https://walmart.com/ip/691047905
19466126158,https://walmart.com/ip/693001338
19466126159,https://walmart.com/ip/394204045
19466126160,https://walmart.com/ip/738399950
19466126161,https://walmart.com/ip/697864566
19466126162,https://walmart.com/ip/739173612
19466126163,https://walmart.com/ip/771437073
19466126164,https://walmart.com/ip/392465632
19466126165,https://walmart.com/ip/638222131
19466126166,https://walmart.com/ip/976949849
19466126167,https://walmart.com/ip/388258464
19466126168,https://walmart.com/ip/505968605
19466126169,https://walmart.com/ip/262699667
19466126170,https://walmart.com/ip/941045652
19466126171,https://walmart.com/ip/622195457
19466126172,https://walmart.com/ip/567313368
19466126173,https://walmart.com/ip/789860435
19466126174,https://walmart.com/ip/819322453
19466126175,https://walmart.com/ip/894198056
19466126176,https://walmart.com/ip/187350142
19466126177,https://walmart.com/ip/542765170
19466126178,https://walmart.com/ip/742308749
19466126179,https://walmart.com/ip/556787888
19466126180,https://walmart.com/ip/555443880
19466126181,https://walmart.com/ip/404559825
19466126182,https://walmart.com/ip/265906896
19466126183,https://walmart.com/ip/536057733
19466126184,https://walmart.com/ip/115100709
19466126185,https://walmart.com/ip/746452697
19466126186,https://walmart.com/ip/832802932
19466126187,https://walmart.com/ip/526335659
19466126188,https://walmart.com/ip/850158955
19466126189,https://walmart.com/ip/957388448
19466126190,https://walmart.com/ip/588710686
19466126191,https://walmart.com/ip/487588901
19466126192,https://walmart.com/ip/382171795
19466126193,https://walmart.com/ip/966273564
19466126194,https://walmart.com/ip/199577345
19466126195,https://walmart.com/ip/381671591
19466126196,https://walmart.com/ip/192020075
19466126197,https://walmart.com/ip/190606201
19466126198,https://walmart.com/ip/829372621
19466126199,https://walmart.com/ip/189789380
19466126200,https://walmart.com/ip/947930434
19466126201,https://walmart.com/ip/622661726
19466126202,https://walmart.com/ip/997230788
19466126203,https://walmart.com/ip/704988807
19466126204,https://walmart.com/ip/688283785
19466126205,https://walmart.com/ip/542341500
19466126206,https://walmart.com/ip/896409592
19466126207,https://walmart.com/ip/832275952
19466126208,https://walmart.com/ip/495887458
19466126209,https://walmart.com/ip/780889290
19466126210,https://walmart.com/ip/688499741
19466126211,https://walmart.com/ip/724821495
19466126212,https://walmart.com/ip/822286345
19466126213,https://walmart.com/ip/224273196
19466126214,https://walmart.com/ip/193578408
19466126215,https://walmart.com/ip/200254384
19466126216,https://walmart.com/ip/988123485
19466126217,https://walmart.com/ip/426901621
19466126218,https://walmart.com/ip/792351444
19466126219,https://walmart.com/ip/599864281
19466126220,https://walmart.com/ip/459155671
19466126221,https://walmart.com/ip/133934544
19466126222,https://walmart.com/ip/118521869
19466126223,https://walmart.com/ip/299163906
19466126224,https://walmart.com/ip/455777833
19466126225,https://walmart.com/ip/539810217
19466126226,https://walmart.com/ip/792969028
19466126227,https://walmart.com/ip/275273425
19466126228,https://walmart.com/ip/324273506
19466126229,https://walmart.com/ip/702922763
19466126230,https://walmart.com/ip/880997683
19466126231,https://walmart.com/ip/192221955
19466126232,https://walmart.com/ip/754512483
19466126233,https://walmart.com/ip/361955386
19466126234,https://walmart.com/ip/735058665
19466126235,https://walmart.com/ip/722629218
19466126236,https://walmart.com/ip/759609954
19466126237,https://walmart.com/ip/102650022
19466126238,https://walmart.com/ip/402381488
19466126239,https://walmart.com/ip/887065193
19466126240,https://walmart.com/ip/842000797
19466126241,https://walmart.com/ip/743071070
19466126242,https://walmart.com/ip/894395650
19466126243,https://walmart.com/ip/985780515
19466126244,https://walmart.com/ip/124864596
19466126245,https://walmart.com/ip/891314348
19466126246,https://walmart.com/ip/876772107
19466126247,https://walmart.com/ip/897861076
19466126248,https://walmart.com/ip/320705684
19466126249,https://walmart.com/ip/721927436
19466126250,https://walmart.com/ip/462721625
19466126251,https://walmart.com/ip/347850445
19466126252,https://walmart.com/ip/678204961
19466126253,https://walmart.com/ip/462879910
19466126254,https://walmart.com/ip/656379966
19466126255,https://walmart.com/ip/301778470
19466126256,https://walmart.com/ip/626389214
19466126257,https://walmart.com/ip/646659468
19466126258,https://walmart.com/ip/517408674
19466126259,https://walmart.com/ip/259360941
19466126260,https://walmart.com/ip/672072961
19466126261,https://walmart.com/ip/302249508
19466126262,https://walmart.com/ip/318819600
19466126263,https://walmart.com/ip/653876304
19466126264,https://walmart.com/ip/261906373
19466126265,https://walmart.com/ip/675031310
19466126266,https://walmart.com/ip/593892719
19466126267,https://walmart.com/ip/851050100
19466126268,https://walmart.com/ip/276094333
19466126269,https://walmart.com/ip/356334599
19466126270,https://walmart.com/ip/596639193
19466126271,https://walmart.com/ip/721939832
19466126272,https://walmart.com/ip/699843937
19466126273,https://walmart.com/ip/140219926
19466126274,https://walmart.com/ip/363102523
19466126275,https://walmart.com/ip/860544020
19466126276,https://walmart.com/ip/861813208
19466126277,https://walmart.com/ip/689166948
19466126278,https://walmart.com/ip/752716373
19466126279,https://walmart.com/ip/946218813
19466126280,https://walmart.com/ip/561747793
19466126281,https://walmart.com/ip/440982714
19466126282,https://walmart.com/ip/852826724
19466126283,https://walmart.com/ip/963012994
19466126284,https://walmart.com/ip/237182076
19466126285,https://walmart.com/ip/319483772
19466126286,https://walmart.com/ip/257023012
19466126287,https://walmart.com/ip/204129045
19466126288,https://walmart.com/ip/582427959
19466126289,https://walmart.com/ip/860411523
19466126290,https://walmart.com/ip/797280834
19466126291,https://walmart.com/ip/978009439
19466126292,https://walmart.com/ip/587999663
19466126293,https://walmart.com/ip/977762523
19466126294,https://walmart.com/ip/788749466
19466126295,https://walmart.com/ip/272377414
19466126296,https://walmart.com/ip/189586288
19466126297,https://walmart.com/ip/280950614
19466126298,https://walmart.com/ip/397755445
19466126299,https://walmart.com/ip/346028136
19466126300,https://walmart.com/ip/913000853
19466126301,https://walmart.com/ip/762623178
19466126302,https://walmart.com/ip/779380655
19466126303,https://walmart.com/ip/764601662
19466126304,https://walmart.com/ip/359819297
19466126305,https://walmart.com/ip/774297845
19466126306,https://walmart.com/ip/627564652
19466126307,https://walmart.com/ip/472784296
19466126308,https://walmart.com/ip/996193550
19466126309,https://walmart.com/ip/462316028
19466126310,https://walmart.com/ip/790668652
19466126311,https://walmart.com/ip/304912885
19466126312,https://walmart.com/ip/363152648
19466126313,https://walmart.com/ip/299435104
19466126314,https://walmart.com/ip/309389847
19466126315,https://walmart.com/ip/259326219
19466126316,https://walmart.com/ip/774657219
19466126317,https://walmart.com/ip/461272698
19466126318,https://walmart.com/ip/366682966
19466126319,https://walmart.com/ip/529921088
19466126320,https://walmart.com/ip/970966265
19466126321,https://walmart.com/ip/822630667
19466126322,https://walmart.com/ip/701861521
19466126323,https://walmart.com/ip/931995860
19466126324,https://walmart.com/ip/989715364
19466126325,https://walmart.com/ip/860933783
19466126326,https://walmart.com/ip/270376680
19466126327,https://walmart.com/ip/205029155
19466126328,https://walmart.com/ip/421844975
19466126329,https://walmart.com/ip/878143581
19466126330,https://walmart.com/ip/482511447
19466126331,https://walmart.com/ip/863025976
19466126332,https://walmart.com/ip/631019563
19466126333,https://walmart.com/ip/151245495
19466126334,https://walmart.com/ip/198130780
19466126335,https://walmart.com/ip/606798989
19466126336,https://walmart.com/ip/991667198
19466126337,https://walmart.com/ip/446404114
19466126338,https://walmart.com/ip/879026954
19466126339,https://walmart.com/ip/377135037
19466126340,https://walmart.com/ip/420740705
19466126341,https://walmart.com/ip/666322196
19466126342,https://walmart.com/ip/254841681
19466126343,https://walmart.com/ip/156384389
19466126344,https://walmart.com/ip/458369142
19466126345,https://walmart.com/ip/934540150
19466126346,https://walmart.com/ip/354961675
19466126347,https://walmart.com/ip/188881771
19466126348,https://walmart.com/ip/293209804
19466126349,https://walmart.com/ip/177910363
19466126350,https://walmart.com/ip/570791395
19466126351,https://walmart.com/ip/981549918
19466126352,https://walmart.com/ip/409226318
19466126353,https://walmart.com/ip/763944216
19466126354,https://walmart.com/ip/482551907
19466126355,https://walmart.com/ip/822270813
19466126356,https://walmart.com/ip/667923332
19466126357,https://walmart.com/ip/309105317
19466126358,https://walmart.com/ip/333761071
19466126359,https://walmart.com/ip/721098515
19466126360,https://walmart.com/ip/363893141
19466126361,https://walmart.com/ip/419338906
19466126362,https://walmart.com/ip/607455060
19466126363,https://walmart.com/ip/697257016
19466126364,https://walmart.com/ip/468306013
19466126365,https://walmart.com/ip/785454831
19466126366,https://walmart.com/ip/381953805
19466126367,https://walmart.com/ip/287932685
19466126368,https://walmart.com/ip/583053381
19466126369,https://walmart.com/ip/978499781
19466126370,https://walmart.com/ip/745760896
19466126371,https://walmart.com/ip/220730231
19466126372,https://walmart.com/ip/459357825
19466126373,https://walmart.com/ip/502051627
19466126374,https://walmart.com/ip/729253730
19466126375,https://walmart.com/ip/958002455
19466126376,https://walmart.com/ip/122167177
19466126377,https://walmart.com/ip/458085502
19466126378,https://walmart.com/ip/346596947
19466126379,https://walmart.com/ip/354933915
19466126380,https://walmart.com/ip/653214639
19466126381,https://walmart.com/ip/408700635
19466126382,https://walmart.com/ip/989120570
19466126383,https://walmart.com/ip/137444025
19466126439,https://walmart.com/ip/823688868
19466126440,https://walmart.com/ip/956232422
19466126441,https://walmart.com/ip/550275463
19466126442,https://walmart.com/ip/574579326
19466126443,https://walmart.com/ip/117007149
19466126444,https://walmart.com/ip/644948632
19466126445,https://walmart.com/ip/705467236
19466126446,https://walmart.com/ip/507023359
19466126447,https://walmart.com/ip/824265836
19466126448,https://walmart.com/ip/800635896
19466126449,https://walmart.com/ip/938466182
19466126450,https://walmart.com/ip/286534773
19466126451,https://walmart.com/ip/768858582
19466126452,https://walmart.com/ip/948538066
19466126453,https://walmart.com/ip/449112176
19466126454,https://walmart.com/ip/628682508
19466126455,https://walmart.com/ip/412699329
19466126456,https://walmart.com/ip/690515666
19466126457,https://walmart.com/ip/667227528
19466126458,https://walmart.com/ip/529270794
19466126459,https://walmart.com/ip/312833585
19466126460,https://walmart.com/ip/207251575
19466126461,https://walmart.com/ip/379672423
19466126462,https://walmart.com/ip/645355828
19466126463,https://walmart.com/ip/774894055
19466126464,https://walmart.com/ip/289755672
19466126465,https://walmart.com/ip/148220418
19466126466,https://walmart.com/ip/905754999
19466126467,https://walmart.com/ip/267567486
19466126468,https://walmart.com/ip/637639549
19466126469,https://walmart.com/ip/168067889
19466126470,https://walmart.com/ip/995163210
19466126471,https://walmart.com/ip/716689920
19466126472,https://walmart.com/ip/211278409
19466126473,https://walmart.com/ip/356107002
19466126474,https://walmart.com/ip/917503788
19466126475,https://walmart.com/ip/394090468
19466126476,https://walmart.com/ip/517726640
19466126477,https://walmart.com/ip/447349500
19466127678,https://walmart.com/ip/501816951
19466127679,https://walmart.com/ip/244914390
19466127680,https://walmart.com/ip/374423268
19466127681,https://walmart.com/ip/406707041
19466127682,https://walmart.com/ip/733655071
19466127683,https://walmart.com/ip/596982446
19466127684,https://walmart.com/ip/305229504
19466127715,https://walmart.com/ip/246529766
19466127716,https://walmart.com/ip/598020016
19466127717,https://walmart.com/ip/918721056
19466127718,https://walmart.com/ip/870269037
19466127719,https://walmart.com/ip/184861403
19466127720,https://walmart.com/ip/983587677
19466127721,https://walmart.com/ip/989381782
19466127722,https://walmart.com/ip/347469231
19466127723,https://walmart.com/ip/936074719
19466127724,https://walmart.com/ip/944373892
19466127725,https://walmart.com/ip/378499399
19466127726,https://walmart.com/ip/619570516
19466127727,https://walmart.com/ip/411088895
19466127728,https://walmart.com/ip/861574178
19466127729,https://walmart.com/ip/701400413
19466127730,https://walmart.com/ip/774836572
19466127731,https://walmart.com/ip/337792428
19466127732,https://walmart.com/ip/106172589
19466127733,https://walmart.com/ip/487615644
19466127734,https://walmart.com/ip/941636413
19466127735,https://walmart.com/ip/826286487
19466127736,https://walmart.com/ip/980671062
19466127737,https://walmart.com/ip/406300380
19466127738,https://walmart.com/ip/435531383
19466127739,https://walmart.com/ip/916510094
19466127740,https://walmart.com/ip/177901824
19466127741,https://walmart.com/ip/752923319
19466127742,https://walmart.com/ip/456869827
19466127743,https://walmart.com/ip/423534068
19466127744,https://walmart.com/ip/410238457
19466127745,https://walmart.com/ip/924969341
19466127746,https://walmart.com/ip/524156505
19466127747,https://walmart.com/ip/345910967
19466127748,https://walmart.com/ip/600656700
19466127749,https://walmart.com/ip/789798723
19466127750,https://walmart.com/ip/874038970
19466127751,https://walmart.com/ip/199615259
19466127752,https://walmart.com/ip/926703576
19466127753,https://walmart.com/ip/304884538
19466127754,https://walmart.com/ip/202496250
19466127755,https://walmart.com/ip/981435321
19466127756,https://walmart.com/ip/819853966
19466127757,https://walmart.com/ip/151046703
19466127758,https://walmart.com/ip/488226658
19466127759,https://walmart.com/ip/169945205
19466127760,https://walmart.com/ip/700428104
19466127761,https://walmart.com/ip/442666862
19466127762,https://walmart.com/ip/875034631
19466127763,https://walmart.com/ip/737978823
19466127764,https://walmart.com/ip/915840106
19466127765,https://walmart.com/ip/615136259
19466127766,https://walmart.com/ip/811595237
19466127767,https://walmart.com/ip/250610287
19466127768,https://walmart.com/ip/439618612
19466127769,https://walmart.com/ip/834647032
19466127770,https://walmart.com/ip/740507526
19466127771,https://walmart.com/ip/981201178
19466127772,https://walmart.com/ip/299909695
19466127773,https://walmart.com/ip/681456115
19466127774,https://walmart.com/ip/260716266
19466127775,https://walmart.com/ip/361491933
19466127776,https://walmart.com/ip/848441094
19466127777,https://walmart.com/ip/658146965
19466127778,https://walmart.com/ip/319767074
19466127779,https://walmart.com/ip/904952884
19466127780,https://walmart.com/ip/687370971
19466127781,https://walmart.com/ip/482931121
19466127782,https://walmart.com/ip/376002747
19466127783,https://walmart.com/ip/469118122
19466127784,https://walmart.com/ip/832696771
19466127785,https://walmart.com/ip/838581901
19466127786,https://walmart.com/ip/537911459
19466127787,https://walmart.com/ip/322533925
19466127788,https://walmart.com/ip/204381317
19466127789,https://walmart.com/ip/490601346
19466127790,https://walmart.com/ip/807435704
19466127791,https://walmart.com/ip/122942786
19466127792,https://walmart.com/ip/776417697
19466127793,https://walmart.com/ip/298897977
19466127794,https://walmart.com/ip/856450205
19466127795,https://walmart.com/ip/932599545
19466127796,https://walmart.com/ip/209584202
19466127797,https://walmart.com/ip/256973985
19466127798,https://walmart.com/ip/589029396
19466127799,https://walmart.com/ip/158064649
19466127800,https://walmart.com/ip/404044992
19466127801,https://walmart.com/ip/314025802
19466127802,https://walmart.com/ip/296753235
19466127803,https://walmart.com/ip/129730600
19466127804,https://walmart.com/ip/974554169
19466127805,https://walmart.com/ip/577478228
19466127806,https://walmart.com/ip/599326886
19466127807,https://walmart.com/ip/439592871
19466127808,https://walmart.com/ip/505630717
19466127809,https://walmart.com/ip/354942669
19466127810,https://walmart.com/ip/823312075
19466127811,https://walmart.com/ip/526079244
19466127812,https://walmart.com/ip/225579039
19466127820,https://walmart.com/ip/464118642
19466127821,https://walmart.com/ip/413777669
19466127822,https://walmart.com/ip/783229591
19466127823,https://walmart.com/ip/654047773
19466127824,https://walmart.com/ip/753471912
19466127825,https://walmart.com/ip/730978868
19466127826,https://walmart.com/ip/608321374
19466127827,https://walmart.com/ip/907122888
19466127828,https://walmart.com/ip/879789032
19466127829,https://walmart.com/ip/732905613
19466127830,https://walmart.com/ip/724055397
19466127831,https://walmart.com/ip/921707883
19466127832,https://walmart.com/ip/686095081
19466127833,https://walmart.com/ip/269491155
19466127834,https://walmart.com/ip/639279580
19466127835,https://walmart.com/ip/382130211
19466127836,https://walmart.com/ip/392072362
19466127837,https://walmart.com/ip/421633986
19466127838,https://walmart.com/ip/110644302
19466127839,https://walmart.com/ip/552713769
19466127840,https://walmart.com/ip/709942506
19466127841,https://walmart.com/ip/827139122
19466127842,https://walmart.com/ip/664325957
19466127843,https://walmart.com/ip/222640566
19466127844,https://walmart.com/ip/948278002
19466127845,https://walmart.com/ip/150687179
19466127846,https://walmart.com/ip/271935783
19466127847,https://walmart.com/ip/458365248
19466127861,https://walmart.com/ip/444653538
19466127862,https://walmart.com/ip/684740862
19466127863,https://walmart.com/ip/945939053
19466127864,https://walmart.com/ip/186733174
19466127865,https://walmart.com/ip/627473323
19466127866,https://walmart.com/ip/862529296
19466127867,https://walmart.com/ip/391576056
19466127868,https://walmart.com/ip/491067639
19466127869,https://walmart.com/ip/255149683
19466127870,https://walmart.com/ip/133115499
19466127871,https://walmart.com/ip/309082569
19466127872,https://walmart.com/ip/863411687
19466127873,https://walmart.com/ip/216032900
19466127874,https://walmart.com/ip/411301534
19466127875,https://walmart.com/ip/610562578
19466127876,https://walmart.com/ip/639699428
19466127877,https://walmart.com/ip/574515532
19466127878,https://walmart.com/ip/268674422
19466127879,https://walmart.com/ip/530139137
19466127880,https://walmart.com/ip/258133202
19466127881,https://walmart.com/ip/340288647
19466128115,https://walmart.com/ip/777293804
19466128116,https://walmart.com/ip/504670281
19466128117,https://walmart.com/ip/897807475
19466128118,https://walmart.com/ip/642461827
19466128119,https://walmart.com/ip/447863966
19466128120,https://walmart.com/ip/848248850
19466128121,https://walmart.com/ip/757539464
19466128122,https://walmart.com/ip/342564167
19466128123,https://walmart.com/ip/741418551
19466128124,https://walmart.com/ip/903857084
19466128125,https://walmart.com/ip/852937968
19466128126,https://walmart.com/ip/680214011
19466128127,https://walmart.com/ip/941824025
19466128128,https://walmart.com/ip/837498089
19466128129,https://walmart.com/ip/739933903
19466128130,https://walmart.com/ip/718594349
19466128131,https://walmart.com/ip/862025124
19466128132,https://walmart.com/ip/681738628
19466128133,https://walmart.com/ip/208680129
19466128134,https://walmart.com/ip/877323307
19466128135,https://walmart.com/ip/457895762
19466128136,https://walmart.com/ip/688446564
19466128137,https://walmart.com/ip/682574262
19466128138,https://walmart.com/ip/911870631
19466128139,https://walmart.com/ip/422252384
19466128140,https://walmart.com/ip/844936508
19466128141,https://walmart.com/ip/418547169
19466128142,https://walmart.com/ip/522546551
19466128143,https://walmart.com/ip/320928084
19466128144,https://walmart.com/ip/632266684
19466128145,https://walmart.com/ip/713380129
19466128146,https://walmart.com/ip/102096131
19466128147,https://walmart.com/ip/670783713
19466128148,https://walmart.com/ip/707462254
19466128149,https://walmart.com/ip/490367230
19466128150,https://walmart.com/ip/158305522
19466128151,https://walmart.com/ip/439126704
19466128152,https://walmart.com/ip/605687125
19466128153,https://walmart.com/ip/359487026
19466128154,https://walmart.com/ip/951080215
19466128155,https://walmart.com/ip/345473256
19466128156,https://walmart.com/ip/670740365
19466128157,https://walmart.com/ip/419731195
19466128158,https://walmart.com/ip/142557610
19466128159,https://walmart.com/ip/204398458
19466128160,https://walmart.com/ip/840920928
19466128161,https://walmart.com/ip/388650008
19466128162,https://walmart.com/ip/828107471
19466128163,https://walmart.com/ip/841404742
19466128164,https://walmart.com/ip/916328461
19466128165,https://walmart.com/ip/345622826
19466128166,https://walmart.com/ip/514943926
19466128167,https://walmart.com/ip/746912794
19466128168,https://walmart.com/ip/667847905
19466128169,https://walmart.com/ip/532286948
19466128170,https://walmart.com/ip/550042197
19466128171,https://walmart.com/ip/807182442
19466128172,https://walmart.com/ip/122117798
19466128173,https://walmart.com/ip/532920842
19466128174,https://walmart.com/ip/495261850
19466128175,https://walmart.com/ip/679291982
19466128176,https://walmart.com/ip/888338834
19466128177,https://walmart.com/ip/232212052
19466128414,https://walmart.com/ip/317599572
19466128415,https://walmart.com/ip/684548467
19466128416,https://walmart.com/ip/564666031
19466128417,https://walmart.com/ip/577224261
19466128418,https://walmart.com/ip/875747919
19466128419,https://walmart.com/ip/984487530
19466128420,https://walmart.com/ip/251031713
19466128421,https://walmart.com/ip/327136593
19466128422,https://walmart.com/ip/102111704
19466128423,https://walmart.com/ip/478862981
19466128424,https://walmart.com/ip/233218731
19466128425,https://walmart.com/ip/811279692
19466128426,https://walmart.com/ip/490994673
19466128427,https://walmart.com/ip/319560339
19466128428,https://walmart.com/ip/358877533
19466128429,https://walmart.com/ip/642426550
19466128430,https://walmart.com/ip/510067015
19466128431,https://walmart.com/ip/269233112
19466128432,https://walmart.com/ip/871807503
19466128433,https://walmart.com/ip/174849628
19466128434,https://walmart.com/ip/697489652
19466128540,https://walmart.com/ip/557844887
19466128541,https://walmart.com/ip/584043208
19466128542,https://walmart.com/ip/729716157
19466128543,https://walmart.com/ip/787237910
19466128544,https://walmart.com/ip/276434139
19466128545,https://walmart.com/ip/181220797
19466128546,https://walmart.com/ip/636339051
19466128550,https://walmart.com/ip/165168417
19466129169,https://walmart.com/ip/563332249
19466129170,https://walmart.com/ip/279239492
19466129171,https://walmart.com/ip/338033263
19466129172,https://walmart.com/ip/877481702
19466129173,https://walmart.com/ip/388210486
19466129174,https://walmart.com/ip/828955779
19466129175,https://walmart.com/ip/423100733
19466129176,https://walmart.com/ip/578086352
19466129177,https://walmart.com/ip/467506828
19466129178,https://walmart.com/ip/298518722
19466129179,https://walmart.com/ip/803324508
19466129180,https://walmart.com/ip/479969742
19466129181,https://walmart.com/ip/326458041
19466129182,https://walmart.com/ip/633285406
19466129183,https://walmart.com/ip/180392193
19466129184,https://walmart.com/ip/931179308
19466129185,https://walmart.com/ip/709033190
19466129186,https://walmart.com/ip/738658242
19466129187,https://walmart.com/ip/132014353
19466129188,https://walmart.com/ip/135670955
19466129189,https://walmart.com/ip/311853352
19466129190,https://walmart.com/ip/495392769
19466129191,https://walmart.com/ip/922603830
19466129192,https://walmart.com/ip/520034071
19466129193,https://walmart.com/ip/578828696
19466129194,https://walmart.com/ip/107486832
19466129195,https://walmart.com/ip/640734101
19466129196,https://walmart.com/ip/760803623
19466129197,https://walmart.com/ip/238074117
19466129198,https://walmart.com/ip/407411022
19466129199,https://walmart.com/ip/964518944
19466129200,https://walmart.com/ip/184454185
19466129201,https://walmart.com/ip/541697489
19466129202,https://walmart.com/ip/390621475
19466129203,https://walmart.com/ip/501513027
19466129204,https://walmart.com/ip/743378526
19466129205,https://walmart.com/ip/156003039
19466129206,https://walmart.com/ip/295088042
19466129207,https://walmart.com/ip/103326795
19466129208,https://walmart.com/ip/737158137
19466129209,https://walmart.com/ip/325121501
19466129210,https://walmart.com/ip/530291354
19466129211,https://walmart.com/ip/797446225
19466129212,https://walmart.com/ip/842834882
19466129213,https://walmart.com/ip/655425580
19466129214,https://walmart.com/ip/137919934
19466129215,https://walmart.com/ip/237286748
19466129216,https://walmart.com/ip/689588310
19466129217,https://walmart.com/ip/461683087
19466129218,https://walmart.com/ip/205761719
19466129219,https://walmart.com/ip/816241570
19466129220,https://walmart.com/ip/912910308
19466129221,https://walmart.com/ip/363772698
19466129222,https://walmart.com/ip/824394995
19466129223,https://walmart.com/ip/837851032
19466129224,https://walmart.com/ip/495011493
19466129225,https://walmart.com/ip/726052976
19466129226,https://walmart.com/ip/678100563
19466129227,https://walmart.com/ip/402994694
19466129228,https://walmart.com/ip/185550346
19466129229,https://walmart.com/ip/622063151
19466129230,https://walmart.com/ip/625705434
19466129231,https://walmart.com/ip/959654011
19466129232,https://walmart.com/ip/646530378
19466129233,https://walmart.com/ip/578415284
19466129234,https://walmart.com/ip/806899372
19466129235,https://walmart.com/ip/470204048
19466129236,https://walmart.com/ip/593936668
19466129237,https://walmart.com/ip/928606384
19466129238,https://walmart.com/ip/433325975
19466129239,https://walmart.com/ip/327946290
19466129240,https://walmart.com/ip/447291397
19466129241,https://walmart.com/ip/104858158
19466129242,https://walmart.com/ip/692678225
19466129243,https://walmart.com/ip/935984115
19466129244,https://walmart.com/ip/840473406
19466129245,https://walmart.com/ip/423230172
19466129246,https://walmart.com/ip/511721101
19466129247,https://walmart.com/ip/433364959
19466129248,https://walmart.com/ip/837783362
19466129249,https://walmart.com/ip/879220446
19466129250,https://walmart.com/ip/934916749
19466129251,https://walmart.com/ip/606851823
19466129252,https://walmart.com/ip/986163494
19466129253,https://walmart.com/ip/836027000
19466129254,https://walmart.com/ip/695778861
19466129255,https://walmart.com/ip/934266327
19466129256,https://walmart.com/ip/445617003
19466129257,https://walmart.com/ip/502339331
19466129258,https://walmart.com/ip/473181110
19466129259,https://walmart.com/ip/405666233
19466129260,https://walmart.com/ip/257659428
19466129261,https://walmart.com/ip/578580193
19466129262,https://walmart.com/ip/555207203
19466129263,https://walmart.com/ip/912564857
19466129264,https://walmart.com/ip/747449538
19466129265,https://walmart.com/ip/343695303
19466129266,https://walmart.com/ip/335953876
19466129267,https://walmart.com/ip/556290382
19466129268,https://walmart.com/ip/432177137
19466129269,https://walmart.com/ip/798651277
19466129270,https://walmart.com/ip/857166096
19466129271,https://walmart.com/ip/127005157
19466129272,https://walmart.com/ip/366956523
19466129273,https://walmart.com/ip/839099524
19466129274,https://walmart.com/ip/277286779
19466129275,https://walmart.com/ip/412934504
19466129276,https://walmart.com/ip/510032886
19466129277,https://walmart.com/ip/379881377
19466129278,https://walmart.com/ip/209576411
19466129279,https://walmart.com/ip/858108793
19466129280,https://walmart.com/ip/784484513
19466129281,https://walmart.com/ip/880875073
19466129282,https://walmart.com/ip/477123392
19466129283,https://walmart.com/ip/482213737
19466129284,https://walmart.com/ip/688444809
19466129285,https://walmart.com/ip/474484060
19466129286,https://walmart.com/ip/355259583
19466129287,https://walmart.com/ip/254543333
19466129288,https://walmart.com/ip/484298594
19466130128,https://walmart.com/ip/260066786
19466130129,https://walmart.com/ip/893690411
19466130130,https://walmart.com/ip/282237275
19466130131,https://walmart.com/ip/798408173
19466130132,https://walmart.com/ip/693181970
19466130133,https://walmart.com/ip/678086294
19466130134,https://walmart.com/ip/425283323
19466130136,https://walmart.com/ip/364482535
19466130137,https://walmart.com/ip/293627326
19466130138,https://walmart.com/ip/409752323
19466130139,https://walmart.com/ip/319732835
19466130140,https://walmart.com/ip/549976463
19466130141,https://walmart.com/ip/953907914
19466130142,https://walmart.com/ip/704821890
19466130151,https://walmart.com/ip/625449781
19466130152,https://walmart.com/ip/792984291
19466130153,https://walmart.com/ip/938535994
19466130154,https://walmart.com/ip/496948111
19466130155,https://walmart.com/ip/937750522
19466130156,https://walmart.com/ip/179439420
19466130157,https://walmart.com/ip/598503309
19466130158,https://walmart.com/ip/211288062
19466130159,https://walmart.com/ip/579272771
19466130160,https://walmart.com/ip/901513614
19466130161,https://walmart.com/ip/317489908
19466130162,https://walmart.com/ip/574897319
19466130163,https://walmart.com/ip/559464212
19466130164,https://walmart.com/ip/613211131
19466130165,https://walmart.com/ip/471241089
19466130166,https://walmart.com/ip/291575898
19466130167,https://walmart.com/ip/167585949
19466130168,https://walmart.com/ip/707630710
19466130169,https://walmart.com/ip/375682675
19466130170,https://walmart.com/ip/495871223
19466133913,https://walmart.com/ip/448323347
19466133914,https://walmart.com/ip/608794861
19466133915,https://walmart.com/ip/310461850
19466133916,https://walmart.com/ip/576225696
19466133917,https://walmart.com/ip/750114556
19466133918,https://walmart.com/ip/713961255
19466133919,https://walmart.com/ip/970783592
19466133920,https://walmart.com/ip/870484813
19466133921,https://walmart.com/ip/797269717
19466133922,https://walmart.com/ip/197030153
19466133923,https://walmart.com/ip/284122199
19466133924,https://walmart.com/ip/692406182
19466133925,https://walmart.com/ip/465372554
19466133926,https://walmart.com/ip/974508218
19466133927,https://walmart.com/ip/835912981
19466133928,https://walmart.com/ip/203637211
19466133929,https://walmart.com/ip/954140898
19466133930,https://walmart.com/ip/986579380
19466133931,https://walmart.com/ip/779639358
19466133932,https://walmart.com/ip/118702946
19466133933,https://walmart.com/ip/640383743
19466133934,https://walmart.com/ip/592887229
19466133935,https://walmart.com/ip/769307306
19466133936,https://walmart.com/ip/299202103
19466133937,https://walmart.com/ip/950467852
19466133966,https://walmart.com/ip/806914025
19466133967,https://walmart.com/ip/396646340
19466133968,https://walmart.com/ip/544934848
19466133969,https://walmart.com/ip/966003927
19466133970,https://walmart.com/ip/740894777
19466133971,https://walmart.com/ip/510470872
19466133972,https://walmart.com/ip/916038765
19466133973,https://walmart.com/ip/638260194
19466133974,https://walmart.com/ip/820819487
19466133976,https://walmart.com/ip/575448311
19466133978,https://walmart.com/ip/617042684
19466133979,https://walmart.com/ip/357289327
19466134154,https://walmart.com/ip/341812591
19466134155,https://walmart.com/ip/619582325
19466134156,https://walmart.com/ip/147169335
19466134157,https://walmart.com/ip/522463548
19466134158,https://walmart.com/ip/693577175
19466134159,https://walmart.com/ip/566736140
19466134160,https://walmart.com/ip/260977780
19466134161,https://walmart.com/ip/586321081
19466134162,https://walmart.com/ip/250186876
19466134163,https://walmart.com/ip/427044872
19466134164,https://walmart.com/ip/777211663
19466134165,https://walmart.com/ip/282609507
19466134166,https://walmart.com/ip/688597573
19466134167,https://walmart.com/ip/826303636
19466134168,https://walmart.com/ip/830239761
19466134169,https://walmart.com/ip/451948518
19466134170,https://walmart.com/ip/775291882
19466134171,https://walmart.com/ip/199566934
19466134172,https://walmart.com/ip/140703039
19466134173,https://walmart.com/ip/385996869
19466134174,https://walmart.com/ip/133127816
19466134175,https://walmart.com/ip/335261382
19466134176,https://walmart.com/ip/256100616
19466134177,https://walmart.com/ip/702219665
19466134178,https://walmart.com/ip/886288989
19466134179,https://walmart.com/ip/907201355
19466134180,https://walmart.com/ip/655688229
19466134181,https://walmart.com/ip/395485424
19466134182,https://walmart.com/ip/938790436
19466134183,https://walmart.com/ip/468102546
19466134184,https://walmart.com/ip/233188372
19466134185,https://walmart.com/ip/981688945
19466134186,https://walmart.com/ip/629069421
19466134187,https://walmart.com/ip/485443647
19466134188,https://walmart.com/ip/589833083
19466134189,https://walmart.com/ip/854567862
19466134190,https://walmart.com/ip/843645993
19466134191,https://walmart.com/ip/961271096
19466134192,https://walmart.com/ip/977030490
19466134193,https://walmart.com/ip/909137095
19466134194,https://walmart.com/ip/298672040
19466134195,https://walmart.com/ip/367499390
19466134196,https://walmart.com/ip/500836797
19466134197,https://walmart.com/ip/331484154
19466134198,https://walmart.com/ip/902431122
19466134199,https://walmart.com/ip/638267373
19466134200,https://walmart.com/ip/394162021
19466134201,https://walmart.com/ip/936827184
19466134202,https://walmart.com/ip/763044832
19466134203,https://walmart.com/ip/279313611
19466134204,https://walmart.com/ip/457860042
19466134205,https://walmart.com/ip/289784667
19466134206,https://walmart.com/ip/721168018
19466134207,https://walmart.com/ip/918826986
19466134208,https://walmart.com/ip/222018629
19466134209,https://walmart.com/ip/701986559
19466134210,https://walmart.com/ip/168032522
19466134211,https://walmart.com/ip/392427799
19466134212,https://walmart.com/ip/496161104
19466134213,https://walmart.com/ip/953737077
19466134214,https://walmart.com/ip/146522239
19466134215,https://walmart.com/ip/957389852
19466134216,https://walmart.com/ip/676519780
19466134217,https://walmart.com/ip/954926823
19466134218,https://walmart.com/ip/169648345
19466134219,https://walmart.com/ip/978100183
19466134220,https://walmart.com/ip/514683472
19466134221,https://walmart.com/ip/142175914
19466134222,https://walmart.com/ip/104616907
19466134223,https://walmart.com/ip/995064509
19466134224,https://walmart.com/ip/737757505
19466134225,https://walmart.com/ip/375137551
19466134226,https://walmart.com/ip/991350172
19466134227,https://walmart.com/ip/877996652
19466134228,https://walmart.com/ip/347149642
19466134229,https://walmart.com/ip/879471102
19466134230,https://walmart.com/ip/767214442
19466134231,https://walmart.com/ip/480506964
19466134232,https://walmart.com/ip/848167175
19466134233,https://walmart.com/ip/914787288
19466134234,https://walmart.com/ip/180257832
19466134235,https://walmart.com/ip/262643815
19466134236,https://walmart.com/ip/899560269
19466134237,https://walmart.com/ip/264694307
19466134238,https://walmart.com/ip/221276842
19466134239,https://walmart.com/ip/256152998
19466134240,https://walmart.com/ip/400817592
19466134241,https://walmart.com/ip/835404833
19466134242,https://walmart.com/ip/744985006
19466134243,https://walmart.com/ip/369003576
19466134244,https://walmart.com/ip/341590556
19466134245,https://walmart.com/ip/377102375
19466134246,https://walmart.com/ip/541988302
19466134247,https://walmart.com/ip/306042937
19466134248,https://walmart.com/ip/610746799
19466134249,https://walmart.com/ip/920652091
19466134250,https://walmart.com/ip/269090426
19466134251,https://walmart.com/ip/600928525
19466134252,https://walmart.com/ip/614128982
19466134253,https://walmart.com/ip/125660130
19466134254,https://walmart.com/ip/499464621
19466134255,https://walmart.com/ip/419943403
19466134256,https://walmart.com/ip/692955126
19466134257,https://walmart.com/ip/508934149
19466134258,https://walmart.com/ip/688477145
19466134259,https://walmart.com/ip/428190607
19466134260,https://walmart.com/ip/480674169
19466134261,https://walmart.com/ip/596549229
19466134262,https://walmart.com/ip/339229398
19466134263,https://walmart.com/ip/676979388
19466134264,https://walmart.com/ip/327857519
19466134265,https://walmart.com/ip/512205068
19466134266,https://walmart.com/ip/607145361
19466134267,https://walmart.com/ip/330577108
19466134268,https://walmart.com/ip/107842843
19466134269,https://walmart.com/ip/423365593
19466134270,https://walmart.com/ip/820689230
19466134271,https://walmart.com/ip/833849744
19466134272,https://walmart.com/ip/687641055
19466134273,https://walmart.com/ip/245286618
19466134274,https://walmart.com/ip/323896149
19466134275,https://walmart.com/ip/870474837
19466134276,https://walmart.com/ip/820790395
19466134277,https://walmart.com/ip/391128806
19466134278,https://walmart.com/ip/519456237
19466134279,https://walmart.com/ip/664244065
19466134280,https://walmart.com/ip/794693336
19466134281,https://walmart.com/ip/656570260
19466134282,https://walmart.com/ip/671021929
19466134283,https://walmart.com/ip/858751974
19466134284,https://walmart.com/ip/768396991
19466134285,https://walmart.com/ip/340109889
19466134286,https://walmart.com/ip/450951353
19466134287,https://walmart.com/ip/380301734
19466134288,https://walmart.com/ip/446884971
19466134289,https://walmart.com/ip/363024463
19466134290,https://walmart.com/ip/424660567
19466134291,https://walmart.com/ip/554653474
19466134292,https://walmart.com/ip/997415819
19466134293,https://walmart.com/ip/422554530
19466134294,https://walmart.com/ip/705408031
19466134295,https://walmart.com/ip/779967325
19466134296,https://walmart.com/ip/473169710
19466134297,https://walmart.com/ip/906815078
19466134298,https://walmart.com/ip/343565262
19466134299,https://walmart.com/ip/342838939
19466134300,https://walmart.com/ip/985663776
19466134301,https://walmart.com/ip/405570351
19466134302,https://walmart.com/ip/739650665
19466134303,https://walmart.com/ip/587935783
19466134304,https://walmart.com/ip/823100885
19466134305,https://walmart.com/ip/217906340
19466134306,https://walmart.com/ip/114512106
19466134307,https://walmart.com/ip/599530419
19466134308,https://walmart.com/ip/666088361
19466134309,https://walmart.com/ip/541899553
19466134310,https://walmart.com/ip/646682374
19466134311,https://walmart.com/ip/347592353
19466134312,https://walmart.com/ip/832213585
19466134313,https://walmart.com/ip/872598536
19466134447,https://walmart.com/ip/828801087
19466134448,https://walmart.com/ip/262187394
19466134449,https://walmart.com/ip/828207206
19466134450,https://walmart.com/ip/221591093
19466134451,https://walmart.com/ip/717516313
19466134452,https://walmart.com/ip/494046737
19466134453,https://walmart.com/ip/657898991
19466134454,https://walmart.com/ip/554717092
19466134455,https://walmart.com/ip/659036819
19466134456,https://walmart.com/ip/325709737
19466134457,https://walmart.com/ip/615023173
19466134458,https://walmart.com/ip/631178134
19466134459,https://walmart.com/ip/195835043
19466134460,https://walmart.com/ip/749548820
19466134461,https://walmart.com/ip/608991687
19466134462,https://walmart.com/ip/347243672
19466134463,https://walmart.com/ip/353045430
19466134464,https://walmart.com/ip/336410971
19466134465,https://walmart.com/ip/267367884
19466134466,https://walmart.com/ip/343692174
19466134467,https://walmart.com/ip/652350497
19466134468,https://walmart.com/ip/836575124
19466134469,https://walmart.com/ip/233956197
19466134470,https://walmart.com/ip/869291518
19466134471,https://walmart.com/ip/392447495
19466134472,https://walmart.com/ip/214847183
19466134473,https://walmart.com/ip/161300422
19466134474,https://walmart.com/ip/620322417
19466134475,https://walmart.com/ip/629765321
19466134476,https://walmart.com/ip/528691996
19466134477,https://walmart.com/ip/648018702
19466134478,https://walmart.com/ip/752921525
19466134479,https://walmart.com/ip/258757631
19466134480,https://walmart.com/ip/138571407
19466134481,https://walmart.com/ip/903263346
19466134482,https://walmart.com/ip/699903312
19466134483,https://walmart.com/ip/969871944
19466134484,https://walmart.com/ip/860136846
19466134485,https://walmart.com/ip/708458592
19466134486,https://walmart.com/ip/478996304
19466134487,https://walmart.com/ip/967654556
19466134488,https://walmart.com/ip/548875825
19466134489,https://walmart.com/ip/344630511
19466134490,https://walmart.com/ip/400272888
19466134491,https://walmart.com/ip/423141039
19466134492,https://walmart.com/ip/246939038
19466134493,https://walmart.com/ip/170968090
19466134494,https://walmart.com/ip/541233888
19466134495,https://walmart.com/ip/599809167
19466134496,https://walmart.com/ip/749850504
19466134497,https://walmart.com/ip/530386149
19466134498,https://walmart.com/ip/177637851
19466134499,https://walmart.com/ip/297604539
19466134500,https://walmart.com/ip/501557969
19466134501,https://walmart.com/ip/615739787
19466134502,https://walmart.com/ip/291899642
19466134533,https://walmart.com/ip/506981599
19466134534,https://walmart.com/ip/295711554
19466134535,https://walmart.com/ip/461226169
19466134536,https://walmart.com/ip/350917141
19466134537,https://walmart.com/ip/282521528
19466134538,https://walmart.com/ip/895156222
19466134539,https://walmart.com/ip/836758974
19466134540,https://walmart.com/ip/966555349
19466134541,https://walmart.com/ip/935404931
19466134542,https://walmart.com/ip/458772741
19466134543,https://walmart.com/ip/915506680
19466134544,https://walmart.com/ip/107261165
19466134545,https://walmart.com/ip/139815069
19466134546,https://walmart.com/ip/339886807
19466134547,https://walmart.com/ip/208577585
19466134548,https://walmart.com/ip/142651971
19466134549,https://walmart.com/ip/301388673
19466134550,https://walmart.com/ip/112935967
19466134551,https://walmart.com/ip/363467288
19466134552,https://walmart.com/ip/606300015
19466135432,https://walmart.com/ip/780945735
19466135433,https://walmart.com/ip/746687920
19466135434,https://walmart.com/ip/882152675
19466135435,https://walmart.com/ip/934898251
19466135436,https://walmart.com/ip/770729116
19466135437,https://walmart.com/ip/396582669
19466135438,https://walmart.com/ip/802158855
19466135439,https://walmart.com/ip/498637115
19466135440,https://walmart.com/ip/650286543
19466135441,https://walmart.com/ip/427094937
19466135442,https://walmart.com/ip/834522917
19466135443,https://walmart.com/ip/960070768
19466135444,https://walmart.com/ip/449014043
19466135445,https://walmart.com/ip/759053632
19466135446,https://walmart.com/ip/512664693
19466135447,https://walmart.com/ip/636361003
19466135448,https://walmart.com/ip/509268637
19466135449,https://walmart.com/ip/947189406
19466135450,https://walmart.com/ip/435454612
19466135451,https://walmart.com/ip/483100306
19466135452,https://walmart.com/ip/827248195
19466135453,https://walmart.com/ip/814561051
19466135454,https://walmart.com/ip/927222537
19466135455,https://walmart.com/ip/867859927
19466135456,https://walmart.com/ip/341748224
19466135457,https://walmart.com/ip/131679872
19466135458,https://walmart.com/ip/261137468
19466135459,https://walmart.com/ip/430347516
19466135460,https://walmart.com/ip/355471668
19466135461,https://walmart.com/ip/487245881
19466135462,https://walmart.com/ip/278937586
19466135463,https://walmart.com/ip/381608542
19466135464,https://walmart.com/ip/852989426
19466135465,https://walmart.com/ip/596680859
19466135466,https://walmart.com/ip/478678210
19466135467,https://walmart.com/ip/736746567
19466135468,https://walmart.com/ip/455695909
19466135469,https://walmart.com/ip/232118372
19466135470,https://walmart.com/ip/645897531
19466135471,https://walmart.com/ip/240313940
19466135472,https://walmart.com/ip/331290130
19466135473,https://walmart.com/ip/914251461
19466135474,https://walmart.com/ip/656410093
19466135475,https://walmart.com/ip/879510211
19466135476,https://walmart.com/ip/804044210
19466135477,https://walmart.com/ip/662506933
19466135478,https://walmart.com/ip/291555784
19466135479,https://walmart.com/ip/535927367
19466135480,https://walmart.com/ip/726255793
19466135481,https://walmart.com/ip/877495340
19466135482,https://walmart.com/ip/906685698
19466135483,https://walmart.com/ip/725114446
19466135484,https://walmart.com/ip/400392209
19466135485,https://walmart.com/ip/233363339
19466135486,https://walmart.com/ip/872755966
19466135487,https://walmart.com/ip/159784809
19466137149,https://walmart.com/ip/486547014
19466137150,https://walmart.com/ip/386930205
19466137151,https://walmart.com/ip/984162255
19466137152,https://walmart.com/ip/321991686
19466137153,https://walmart.com/ip/348632126
19466137154,https://walmart.com/ip/454080446
19466137155,https://walmart.com/ip/672115655
19466137158,https://walmart.com/ip/208077344
19466137159,https://walmart.com/ip/781325271
19466137160,https://walmart.com/ip/389217533
19466137161,https://walmart.com/ip/597399740
19466137162,https://walmart.com/ip/454233384
19466137163,https://walmart.com/ip/979544838
19466137164,https://walmart.com/ip/963830764
19466137165,https://walmart.com/ip/429125265
19466137166,https://walmart.com/ip/975605818
19466137167,https://walmart.com/ip/811745244
19466137168,https://walmart.com/ip/470802362
19466137169,https://walmart.com/ip/405124076
19466137170,https://walmart.com/ip/905912160
19466137171,https://walmart.com/ip/198120918
19466137172,https://walmart.com/ip/313207780
19466137173,https://walmart.com/ip/118390278
19466137174,https://walmart.com/ip/271509118
19466137175,https://walmart.com/ip/629439387
19466137176,https://walmart.com/ip/996068643
19466137177,https://walmart.com/ip/320547400
19466137178,https://walmart.com/ip/203125494
19466137179,https://walmart.com/ip/989584644
19466137180,https://walmart.com/ip/837742124
19466137181,https://walmart.com/ip/726541947
19466137182,https://walmart.com/ip/111411330
19466137183,https://walmart.com/ip/248617964
19466137184,https://walmart.com/ip/400141071
19466137185,https://walmart.com/ip/387243689
19466137186,https://walmart.com/ip/710408255
19466137187,https://walmart.com/ip/611879686
19466137188,https://walmart.com/ip/397309632
19466137189,https://walmart.com/ip/839270261
19466137190,https://walmart.com/ip/392023981
19466137191,https://walmart.com/ip/370574077
19466137192,https://walmart.com/ip/672532178
19466137193,https://walmart.com/ip/512552608
19466137194,https://walmart.com/ip/805300860
19466137195,https://walmart.com/ip/457343321
19466137196,https://walmart.com/ip/760630479
19466137197,https://walmart.com/ip/133202937
19466137198,https://walmart.com/ip/913362389
19466137199,https://walmart.com/ip/615665973
19466137200,https://walmart.com/ip/917056871
19466137201,https://walmart.com/ip/948151546
19466137202,https://walmart.com/ip/963123036
19466137203,https://walmart.com/ip/454515750
19466137204,https://walmart.com/ip/161841667
19466137205,https://walmart.com/ip/296374688
19466137206,https://walmart.com/ip/170504906
19466137207,https://walmart.com/ip/916683016
19466137208,https://walmart.com/ip/562185849
19466137209,https://walmart.com/ip/151448926
19466137210,https://walmart.com/ip/996505062
19466137211,https://walmart.com/ip/328084319
19466137212,https://walmart.com/ip/806909412
19466137213,https://walmart.com/ip/656107842
19466137214,https://walmart.com/ip/379799322
19466137215,https://walmart.com/ip/938671290
19466137216,https://walmart.com/ip/775374384
19466137217,https://walmart.com/ip/916618439
19466137218,https://walmart.com/ip/541658254
19466137219,https://walmart.com/ip/763451648
19466137220,https://walmart.com/ip/841983099
19466137221,https://walmart.com/ip/643282604
19466137222,https://walmart.com/ip/877063249
19466137223,https://walmart.com/ip/197972026
19466137224,https://walmart.com/ip/731556963
19466137225,https://walmart.com/ip/851715895
19466137226,https://walmart.com/ip/585562134
19466137227,https://walmart.com/ip/852420799
19466137228,https://walmart.com/ip/707005224
19466137229,https://walmart.com/ip/227824677
19466137230,https://walmart.com/ip/453573923
19466137231,https://walmart.com/ip/670679529
19466137232,https://walmart.com/ip/663657870
19466137233,https://walmart.com/ip/346440901
19466137234,https://walmart.com/ip/396907324
19466137235,https://walmart.com/ip/244756197
19466137236,https://walmart.com/ip/965570840
19466137237,https://walmart.com/ip/786133390
19466137238,https://walmart.com/ip/274333470
19466137239,https://walmart.com/ip/695099762
19466137240,https://walmart.com/ip/562274550
19466137241,https://walmart.com/ip/423371144
19466137242,https://walmart.com/ip/757868714
19466137243,https://walmart.com/ip/134629830
19466137244,https://walmart.com/ip/381031202
19466137245,https://walmart.com/ip/307593596
19466137246,https://walmart.com/ip/553822936
19466137247,https://walmart.com/ip/820387261
19466137248,https://walmart.com/ip/266922648
19466137249,https://walmart.com/ip/538124257
19466137250,https://walmart.com/ip/849122911
19466137251,https://walmart.com/ip/1594729573
19466137252,https://walmart.com/ip/302424439
19466137253,https://walmart.com/ip/871928178
19466137254,https://walmart.com/ip/647865366
19466137255,https://walmart.com/ip/807246060
19466137256,https://walmart.com/ip/226901849
19466137257,https://walmart.com/ip/938485356
19466137258,https://walmart.com/ip/573110713
19466137259,https://walmart.com/ip/338762235
19466137260,https://walmart.com/ip/639000490
19466137261,https://walmart.com/ip/316277817
19466137262,https://walmart.com/ip/892429895
19466137265,https://walmart.com/ip/285256557
19466137266,https://walmart.com/ip/208841103
19466137267,https://walmart.com/ip/814534629
19466137268,https://walmart.com/ip/685162537
19466137269,https://walmart.com/ip/112049320
19466137270,https://walmart.com/ip/592764092
19466137271,https://walmart.com/ip/942337499
19466137272,https://walmart.com/ip/569311710
19466137273,https://walmart.com/ip/382510831
19466137274,https://walmart.com/ip/519910785
19466137275,https://walmart.com/ip/966370307
19466137276,https://walmart.com/ip/707572549
19466137277,https://walmart.com/ip/459814964
19466137278,https://walmart.com/ip/860126721
19466137279,https://walmart.com/ip/906963104
19466137280,https://walmart.com/ip/141341510
19466137281,https://walmart.com/ip/383065532
19466137282,https://walmart.com/ip/780670404
19466137283,https://walmart.com/ip/845826520
19466137284,https://walmart.com/ip/462221959
19466137285,https://walmart.com/ip/825170314
19466137286,https://walmart.com/ip/480811851
19466137287,https://walmart.com/ip/836537332
19466137288,https://walmart.com/ip/949829629
19466137289,https://walmart.com/ip/753933282
19466137290,https://walmart.com/ip/461837948
19466137291,https://walmart.com/ip/721490497
19466137292,https://walmart.com/ip/625603750
19466137293,https://walmart.com/ip/565928454
19466137294,https://walmart.com/ip/806872054
19466137295,https://walmart.com/ip/711706226
19466137296,https://walmart.com/ip/493103390
19466137297,https://walmart.com/ip/893788323
19466137298,https://walmart.com/ip/483123965
19466137299,https://walmart.com/ip/300636291
19466137300,https://walmart.com/ip/965959226
19466137301,https://walmart.com/ip/747982539
19466137302,https://walmart.com/ip/402605272
19466137303,https://walmart.com/ip/731855066
19466137304,https://walmart.com/ip/355400387
19466137305,https://walmart.com/ip/425488237
19466137306,https://walmart.com/ip/379716206
19466137404,https://walmart.com/ip/597340478
19466137405,https://walmart.com/ip/365190118
19466137406,https://walmart.com/ip/898592510
19466137407,https://walmart.com/ip/763652339
19466137408,https://walmart.com/ip/527367624
19466137409,https://walmart.com/ip/261036788
19466137410,https://walmart.com/ip/192526148
19466137411,https://walmart.com/ip/247772657
19466137412,https://walmart.com/ip/126707916
19466137413,https://walmart.com/ip/662767229
19466137414,https://walmart.com/ip/306135786
19466137415,https://walmart.com/ip/504741688
19466137416,https://walmart.com/ip/489347015
19466137417,https://walmart.com/ip/704045327
19466137418,https://walmart.com/ip/380415664
19466137419,https://walmart.com/ip/353326595
19466137420,https://walmart.com/ip/448898738
19466137421,https://walmart.com/ip/493358206
19466137422,https://walmart.com/ip/712080299
19466137423,https://walmart.com/ip/712033286
19466137424,https://walmart.com/ip/823818430
19466137425,https://walmart.com/ip/701218335
19466137426,https://walmart.com/ip/884809371
19466137427,https://walmart.com/ip/909829086
19466137428,https://walmart.com/ip/482252725
19466137429,https://walmart.com/ip/621074912
19466137430,https://walmart.com/ip/856387352
19466137431,https://walmart.com/ip/761707585
19466137529,https://walmart.com/ip/935805419
19466137530,https://walmart.com/ip/182508744
19466137531,https://walmart.com/ip/470408484
19466137532,https://walmart.com/ip/305402901
19466137533,https://walmart.com/ip/869248961
19466137534,https://walmart.com/ip/463169713
19466137535,https://walmart.com/ip/880915673
19466137543,https://walmart.com/ip/532183652
19466137544,https://walmart.com/ip/833490960
19466137545,https://walmart.com/ip/332398262
19466137546,https://walmart.com/ip/144503203
19466137547,https://walmart.com/ip/609161317
19466137548,https://walmart.com/ip/297213765
19466137549,https://walmart.com/ip/739711253
19466137550,https://walmart.com/ip/261215048
19466137551,https://walmart.com/ip/611232952
19466137552,https://walmart.com/ip/921400663
19466137553,https://walmart.com/ip/442433312
19466137554,https://walmart.com/ip/222136771
19466137555,https://walmart.com/ip/962176269
19466137556,https://walmart.com/ip/249680219
19466137564,https://walmart.com/ip/313962608
19466137565,https://walmart.com/ip/583001601
19466137566,https://walmart.com/ip/385761012
19466137567,https://walmart.com/ip/276290238
19466137568,https://walmart.com/ip/791958619
19466137569,https://walmart.com/ip/277948026
19466137570,https://walmart.com/ip/665345675
19466137578,https://walmart.com/ip/839237942
19466137579,https://walmart.com/ip/677950819
19466137580,https://walmart.com/ip/834050438
19466137581,https://walmart.com/ip/388020801
19466137582,https://walmart.com/ip/443097913
19466137583,https://walmart.com/ip/575475688
19466137584,https://walmart.com/ip/438363456
19466137602,https://walmart.com/ip/284950616
19466137603,https://walmart.com/ip/778540552
19466137604,https://walmart.com/ip/392276752
19466137605,https://walmart.com/ip/924622968
19466137606,https://walmart.com/ip/322850452
19466137607,https://walmart.com/ip/689666635
19466137608,https://walmart.com/ip/304830127
19466137609,https://walmart.com/ip/537420829
19466137610,https://walmart.com/ip/801402538
19466137611,https://walmart.com/ip/334545421
19466137612,https://walmart.com/ip/135932023
19466137613,https://walmart.com/ip/498527729
19466137614,https://walmart.com/ip/835824415
19466137615,https://walmart.com/ip/895250714
19466137626,https://walmart.com/ip/675853608
19466137627,https://walmart.com/ip/415012979
19466137628,https://walmart.com/ip/635064734
19466137668,https://walmart.com/ip/671291826
19466137670,https://walmart.com/ip/400127659
19466137671,https://walmart.com/ip/215842435
19466137672,https://walmart.com/ip/930388683
19466137673,https://walmart.com/ip/943190398
19466137674,https://walmart.com/ip/923447068
19466137675,https://walmart.com/ip/972819444
19466137676,https://walmart.com/ip/728003776
19466137677,https://walmart.com/ip/191193121
19466137678,https://walmart.com/ip/398651276
19466137679,https://walmart.com/ip/121380520
19466137680,https://walmart.com/ip/682502388
19466137681,https://walmart.com/ip/291184118
19466137682,https://walmart.com/ip/749103996
19466137683,https://walmart.com/ip/959012279
19466137684,https://walmart.com/ip/119149933
19466137685,https://walmart.com/ip/168972188
19466137686,https://walmart.com/ip/328253508
19466137687,https://walmart.com/ip/521197112
19466137688,https://walmart.com/ip/868888715
19466137689,https://walmart.com/ip/794573975
19466137690,https://walmart.com/ip/492039990
19466137691,https://walmart.com/ip/229852807
19466137692,https://walmart.com/ip/612708448
19466137693,https://walmart.com/ip/199369834
19466137694,https://walmart.com/ip/258679322
19466137695,https://walmart.com/ip/843080453
19466137696,https://walmart.com/ip/459190682
19466137697,https://walmart.com/ip/890403324
19466137698,https://walmart.com/ip/770221579
19466137699,https://walmart.com/ip/488686920
19466137700,https://walmart.com/ip/735502694
19466137701,https://walmart.com/ip/405033614
19466137702,https://walmart.com/ip/722246419
19466137703,https://walmart.com/ip/259267960
19466137704,https://walmart.com/ip/334767052
19466137705,https://walmart.com/ip/869228928
19466137706,https://walmart.com/ip/660847845
19466137707,https://walmart.com/ip/120824081
19466137708,https://walmart.com/ip/390870304
19466137709,https://walmart.com/ip/984181406
19466137710,https://walmart.com/ip/435437254
19466137711,https://walmart.com/ip/829775016
19466138469,https://walmart.com/ip/121565794
19466138470,https://walmart.com/ip/363595319
19466138471,https://walmart.com/ip/964533220
19466138472,https://walmart.com/ip/343312348
19466138473,https://walmart.com/ip/661397761
19466138474,https://walmart.com/ip/586100166
19466138475,https://walmart.com/ip/188757622
19466138476,https://walmart.com/ip/504988132
19466138477,https://walmart.com/ip/555371969
19466138478,https://walmart.com/ip/229000627
19466138479,https://walmart.com/ip/687077280
19466138480,https://walmart.com/ip/616995276
19466138481,https://walmart.com/ip/453309356
19466138482,https://walmart.com/ip/893130494
19466138705,https://walmart.com/ip/777228745
19466138706,https://walmart.com/ip/595637490
19466138707,https://walmart.com/ip/290135297
19466138708,https://walmart.com/ip/288010703
19466138709,https://walmart.com/ip/170918020
19466138710,https://walmart.com/ip/879812122
19466138711,https://walmart.com/ip/406421288
19466138712,https://walmart.com/ip/846348740
19466138713,https://walmart.com/ip/512835207
19466138714,https://walmart.com/ip/261301194
19466138715,https://walmart.com/ip/670013639
19466138716,https://walmart.com/ip/672159492
19466138717,https://walmart.com/ip/165734300
19466138718,https://walmart.com/ip/522786740
19466138719,https://walmart.com/ip/586646183
19466138720,https://walmart.com/ip/174840144
19466138721,https://walmart.com/ip/638489857
19466138722,https://walmart.com/ip/771071913
19466138723,https://walmart.com/ip/560111165
19466138724,https://walmart.com/ip/485660667
19466138725,https://walmart.com/ip/581153854
19466138726,https://walmart.com/ip/657422268
19466138727,https://walmart.com/ip/879511869
19466138728,https://walmart.com/ip/301994258
19466138729,https://walmart.com/ip/318781433
19466138730,https://walmart.com/ip/537254630
19466138731,https://walmart.com/ip/644907641
19466138732,https://walmart.com/ip/319210043
19466138733,https://walmart.com/ip/124009862
19466138734,https://walmart.com/ip/583766525
19466138735,https://walmart.com/ip/911658035
19466138736,https://walmart.com/ip/812515326
19466138737,https://walmart.com/ip/740377488
19466138738,https://walmart.com/ip/933222582
19466138739,https://walmart.com/ip/533809467
19466138740,https://walmart.com/ip/402365540
19466138741,https://walmart.com/ip/816295236
19466138742,https://walmart.com/ip/420994673
19466138743,https://walmart.com/ip/626224023
19466138744,https://walmart.com/ip/532852962
19466138745,https://walmart.com/ip/813386360
19466138746,https://walmart.com/ip/282709526
19466138747,https://walmart.com/ip/727138779
19466138748,https://walmart.com/ip/835112030
19466138749,https://walmart.com/ip/425082666
19466138750,https://walmart.com/ip/956772296
19466138751,https://walmart.com/ip/872451943
19466138752,https://walmart.com/ip/439743845
19466138753,https://walmart.com/ip/732089143
19466138754,https://walmart.com/ip/820497639
19466138755,https://walmart.com/ip/485511440
19466138756,https://walmart.com/ip/509969193
19466138757,https://walmart.com/ip/174194012
19466138758,https://walmart.com/ip/694971358
19466138759,https://walmart.com/ip/684325268
19466138760,https://walmart.com/ip/906537126
19466139059,https://walmart.com/ip/492161208
19466139060,https://walmart.com/ip/767634265
19466139061,https://walmart.com/ip/673829404
19466139062,https://walmart.com/ip/573308568
19466139063,https://walmart.com/ip/547843045
19466139064,https://walmart.com/ip/303860849
19466139065,https://walmart.com/ip/232737486
19466139066,https://walmart.com/ip/276377417
19466139067,https://walmart.com/ip/478650485
19466139068,https://walmart.com/ip/933188773
19466139069,https://walmart.com/ip/389175014
19466139070,https://walmart.com/ip/596126921
19466139071,https://walmart.com/ip/932802116
19466139072,https://walmart.com/ip/321820846
19466139073,https://walmart.com/ip/1864111386
19466139074,https://walmart.com/ip/1613213140
19466139075,https://walmart.com/ip/1673062676
19466139076,https://walmart.com/ip/1183091607
19466139077,https://walmart.com/ip/1650876681
19466139078,https://walmart.com/ip/1836001535
19466139079,https://walmart.com/ip/1263738004
19466139080,https://walmart.com/ip/425015559
19466139081,https://walmart.com/ip/539746196
19466139082,https://walmart.com/ip/660770211
19466139083,https://walmart.com/ip/939962364
19466139084,https://walmart.com/ip/736763215
19466139085,https://walmart.com/ip/910492196
19466139086,https://walmart.com/ip/369645738
19466139087,https://walmart.com/ip/723863311
19466139088,https://walmart.com/ip/381636533
19466139089,https://walmart.com/ip/449137482
19466139090,https://walmart.com/ip/721898378
19466139091,https://walmart.com/ip/614613145
19466139092,https://walmart.com/ip/398068452
19466139093,https://walmart.com/ip/974963390
19466139094,https://walmart.com/ip/118240574
19466139095,https://walmart.com/ip/364503831
19466139096,https://walmart.com/ip/795112936
19466139097,https://walmart.com/ip/723190627
19466139098,https://walmart.com/ip/901911666
19466139099,https://walmart.com/ip/408088905
19466139100,https://walmart.com/ip/687595357
19466139101,https://walmart.com/ip/739382194
19466139102,https://walmart.com/ip/833233392
19466139103,https://walmart.com/ip/523415367
19466139104,https://walmart.com/ip/901166472
19466139105,https://walmart.com/ip/623449969
19466139106,https://walmart.com/ip/362044660
19466139107,https://walmart.com/ip/431797406
19466139108,https://walmart.com/ip/389904991
19466139109,https://walmart.com/ip/221582147
19466139110,https://walmart.com/ip/104674327
19466139111,https://walmart.com/ip/376083873
19466139112,https://walmart.com/ip/415736929
19466139113,https://walmart.com/ip/779482280
19466139114,https://walmart.com/ip/547552094
19466139115,https://walmart.com/ip/210935095
19466139116,https://walmart.com/ip/719304156
19466139117,https://walmart.com/ip/995544783
19466139118,https://walmart.com/ip/281295294
19466139119,https://walmart.com/ip/563379264
19466139120,https://walmart.com/ip/989189120
19466139121,https://walmart.com/ip/284249248
19466139122,https://walmart.com/ip/544332690
19466139123,https://walmart.com/ip/166299410
19466139124,https://walmart.com/ip/951752908
19466139125,https://walmart.com/ip/918117008
19466139126,https://walmart.com/ip/485543701
19466139127,https://walmart.com/ip/711672025
19466139128,https://walmart.com/ip/129460342
19466139129,https://walmart.com/ip/726361500
19466139130,https://walmart.com/ip/544727317
19466139131,https://walmart.com/ip/208163919
19466139132,https://walmart.com/ip/603787254
19466139133,https://walmart.com/ip/536479874
19466139134,https://walmart.com/ip/491258352
19466139135,https://walmart.com/ip/726879258
19466139136,https://walmart.com/ip/516390552
19466139137,https://walmart.com/ip/370125442
19466139138,https://walmart.com/ip/873551218
19466139139,https://walmart.com/ip/240442649
19466139140,https://walmart.com/ip/204655201
19466139141,https://walmart.com/ip/376716734
19466139142,https://walmart.com/ip/632047048
19466139143,https://walmart.com/ip/630460918
19466139144,https://walmart.com/ip/463514474
19466139145,https://walmart.com/ip/713985580
19466139146,https://walmart.com/ip/359915108
19466139147,https://walmart.com/ip/829344680
19466139148,https://walmart.com/ip/495209298
19466139149,https://walmart.com/ip/377463365
19466139150,https://walmart.com/ip/689837864
19466139151,https://walmart.com/ip/252777646
19466139152,https://walmart.com/ip/879904290
19466139153,https://walmart.com/ip/750605471
19466139154,https://walmart.com/ip/885499305
19466139155,https://walmart.com/ip/169238159
19466139156,https://walmart.com/ip/859240831
19466139157,https://walmart.com/ip/989400538
19466139158,https://walmart.com/ip/291060858
19466139159,https://walmart.com/ip/662240856
19466139160,https://walmart.com/ip/244567252
19466139161,https://walmart.com/ip/903115227
19466139162,https://walmart.com/ip/231079522
19466139163,https://walmart.com/ip/258568020
19466139164,https://walmart.com/ip/433137307
19466139165,https://walmart.com/ip/340178598
19466139166,https://walmart.com/ip/909060719
19466139167,https://walmart.com/ip/916874952
19466139168,https://walmart.com/ip/820826925
19466139169,https://walmart.com/ip/230391433
19466139170,https://walmart.com/ip/874397922
19466139171,https://walmart.com/ip/532478660
19466139172,https://walmart.com/ip/295794076
19466139173,https://walmart.com/ip/659058391
19466139174,https://walmart.com/ip/876354632
19466139175,https://walmart.com/ip/134781933
19466139176,https://walmart.com/ip/263088910
19466139177,https://walmart.com/ip/409080160
19466139178,https://walmart.com/ip/271741468
19466139179,https://walmart.com/ip/491350155
19466139180,https://walmart.com/ip/984205614
19466139181,https://walmart.com/ip/201370314
19466139182,https://walmart.com/ip/222885830
19466139183,https://walmart.com/ip/676111616
19466139184,https://walmart.com/ip/290332689
19466139185,https://walmart.com/ip/654927138
19466139232,https://walmart.com/ip/165281840
19466139233,https://walmart.com/ip/116329474
19466139234,https://walmart.com/ip/812897372
19466139235,https://walmart.com/ip/166420942
19466139237,https://walmart.com/ip/585281001
19466139266,https://walmart.com/ip/749501366
19466139267,https://walmart.com/ip/774121981
19466139268,https://walmart.com/ip/513765928
19466139269,https://walmart.com/ip/619432752
19466139270,https://walmart.com/ip/114867097
19466139271,https://walmart.com/ip/671808110
19466139277,https://walmart.com/ip/253872854
19466139278,https://walmart.com/ip/442348680
19466139279,https://walmart.com/ip/712830435
19466139280,https://walmart.com/ip/776725016
19466139281,https://walmart.com/ip/591085910
19466139282,https://walmart.com/ip/265557403
19466139283,https://walmart.com/ip/827069530
19466139284,https://walmart.com/ip/689376082
19466139488,https://walmart.com/ip/568278910
19466139584,https://walmart.com/ip/409661430
19466139585,https://walmart.com/ip/200551861
19466139586,https://walmart.com/ip/678993745
19466139587,https://walmart.com/ip/930541227
19466139588,https://walmart.com/ip/998691930
19466139589,https://walmart.com/ip/873537755
19466139590,https://walmart.com/ip/160978083
19466139591,https://walmart.com/ip/791013815
19466139592,https://walmart.com/ip/850649067
19466139593,https://walmart.com/ip/184447399
19466139765,https://walmart.com/ip/2150650627
19466142026,https://walmart.com/ip/173722657
19466142027,https://walmart.com/ip/844989724
19466142028,https://walmart.com/ip/547332457
19466142029,https://walmart.com/ip/157401295
19466142030,https://walmart.com/ip/169715855
19466142031,https://walmart.com/ip/769743976
19466142032,https://walmart.com/ip/1027700809
19466142033,https://walmart.com/ip/710619734
19466142034,https://walmart.com/ip/337924207
19466142035,https://walmart.com/ip/353300303
19466142036,https://walmart.com/ip/404124539
19466142037,https://walmart.com/ip/239051443
19466142038,https://walmart.com/ip/708989781
19466142039,https://walmart.com/ip/1287109650
19466142040,https://walmart.com/ip/264804775
19466142041,https://walmart.com/ip/315215963
19466142042,https://walmart.com/ip/878839718
19466142043,https://walmart.com/ip/169768106
19466142044,https://walmart.com/ip/846667816
19466142045,https://walmart.com/ip/228560929
19466142046,https://walmart.com/ip/1576715101
19466142047,https://walmart.com/ip/997076013
19466142048,https://walmart.com/ip/940108816
19466142049,https://walmart.com/ip/500986805
19466142050,https://walmart.com/ip/736319645
19466142051,https://walmart.com/ip/169734160
19466142052,https://walmart.com/ip/267408958
19466142053,https://walmart.com/ip/1987225366
19466142054,https://walmart.com/ip/391848165
19466142055,https://walmart.com/ip/610238014
19466142056,https://walmart.com/ip/411619894
19466142057,https://walmart.com/ip/830262056
19466142058,https://walmart.com/ip/133678909
19466142059,https://walmart.com/ip/437511429
19466142060,https://walmart.com/ip/1944281656
19466142061,https://walmart.com/ip/549655929
19466142062,https://walmart.com/ip/373037661
19466142063,https://walmart.com/ip/325914195
19466142064,https://walmart.com/ip/943202677
19466142065,https://walmart.com/ip/278125308
19466142066,https://walmart.com/ip/587331512
19466142067,https://walmart.com/ip/1114793407
19466142068,https://walmart.com/ip/745428699
19466142069,https://walmart.com/ip/963256516
19466142070,https://walmart.com/ip/449372314
19466142071,https://walmart.com/ip/255300618
19466142072,https://walmart.com/ip/730682545
19466142073,https://walmart.com/ip/575680811
19466142074,https://walmart.com/ip/1803847754
19466142075,https://walmart.com/ip/164759235
19466142076,https://walmart.com/ip/983886392
19466142077,https://walmart.com/ip/653694732
19466142078,https://walmart.com/ip/482602545
19466142079,https://walmart.com/ip/473448848
19466142080,https://walmart.com/ip/108516642
19466142081,https://walmart.com/ip/1914802425
19466142484,https://walmart.com/ip/421504924
19466142485,https://walmart.com/ip/516678463
19466142486,https://walmart.com/ip/429886052
19466142487,https://walmart.com/ip/296800411
19466142488,https://walmart.com/ip/878352765
19466142489,https://walmart.com/ip/934078946
19466142490,https://walmart.com/ip/968318484
19466142491,https://walmart.com/ip/980137718
19466142492,https://walmart.com/ip/596211691
19466142493,https://walmart.com/ip/569916623
19466142494,https://walmart.com/ip/346759506
19466142495,https://walmart.com/ip/724978442
19466142496,https://walmart.com/ip/800967159
19466142497,https://walmart.com/ip/280428619
19466142498,https://walmart.com/ip/230982143
19466142499,https://walmart.com/ip/253311353
19466142500,https://walmart.com/ip/673078801
19466142501,https://walmart.com/ip/175598182
19466142502,https://walmart.com/ip/934273595
19466142503,https://walmart.com/ip/691941480
19466142504,https://walmart.com/ip/932837817
19466142505,https://walmart.com/ip/171672691
19466142506,https://walmart.com/ip/215897243
19466142507,https://walmart.com/ip/691012783
19466142508,https://walmart.com/ip/372845600
19466142509,https://walmart.com/ip/936218792
19466142510,https://walmart.com/ip/697132098
19466142511,https://walmart.com/ip/110662976
19466142512,https://walmart.com/ip/809332826
19466142513,https://walmart.com/ip/913527252
19466142514,https://walmart.com/ip/107559580
19466142515,https://walmart.com/ip/241825276
19466142516,https://walmart.com/ip/666907463
19466142517,https://walmart.com/ip/465924668
19466142518,https://walmart.com/ip/288200925
19466142519,https://walmart.com/ip/696826227
19466142520,https://walmart.com/ip/232608545
19466142521,https://walmart.com/ip/887112654
19466142522,https://walmart.com/ip/175106848
19466142523,https://walmart.com/ip/512943480
19466142524,https://walmart.com/ip/539619053
19466142525,https://walmart.com/ip/601280405
19466142605,https://walmart.com/ip/1515222445
19466142606,https://walmart.com/ip/1842772873
19466142607,https://walmart.com/ip/1992443040
19466142608,https://walmart.com/ip/1374288359
19466142609,https://walmart.com/ip/1146994929
19466142610,https://walmart.com/ip/1837780277
19466143624,https://walmart.com/ip/1802337935
19466143625,https://walmart.com/ip/1655587891
19466143626,https://walmart.com/ip/1346180746
19466143627,https://walmart.com/ip/1273704655
19466143628,https://walmart.com/ip/1541474253
19466143629,https://walmart.com/ip/1364318722
19466143630,https://walmart.com/ip/1293252925
19466143631,https://walmart.com/ip/1788221179
19466143632,https://walmart.com/ip/1379416977
19466143633,https://walmart.com/ip/1126377011
19466143634,https://walmart.com/ip/1619444903
19466143635,https://walmart.com/ip/1005194956
19466143636,https://walmart.com/ip/1719499671
19466143637,https://walmart.com/ip/1564735893
19466143638,https://walmart.com/ip/1343408187
19466143639,https://walmart.com/ip/1159409846
19466143640,https://walmart.com/ip/1324730098
19466143641,https://walmart.com/ip/1298670785
19466143642,https://walmart.com/ip/1809763254
19466143643,https://walmart.com/ip/1070036015
19466143644,https://walmart.com/ip/1187410496
19466143645,https://walmart.com/ip/1533051400
19466143646,https://walmart.com/ip/1654301446
19466143647,https://walmart.com/ip/1809759878
19466143648,https://walmart.com/ip/1090538312
19466143649,https://walmart.com/ip/1414621682
19466143650,https://walmart.com/ip/1747668848
19466143651,https://walmart.com/ip/1464563611
19466145314,https://walmart.com/ip/1344914808
19466145315,https://walmart.com/ip/1039469200
19466145316,https://walmart.com/ip/1749596816
19466145317,https://walmart.com/ip/1065030971
19466145318,https://walmart.com/ip/1650383944
19466145319,https://walmart.com/ip/1528382492
19466145320,https://walmart.com/ip/1690951590
19466145321,https://walmart.com/ip/1954696921
19466145322,https://walmart.com/ip/1198486437
19466145323,https://walmart.com/ip/1297467701
19466145324,https://walmart.com/ip/1952638622
19466145325,https://walmart.com/ip/1165363330
19466145326,https://walmart.com/ip/1296708202
19466145327,https://walmart.com/ip/1893667914
19466145328,https://walmart.com/ip/1375112269
19466145329,https://walmart.com/ip/1795870070
19466145330,https://walmart.com/ip/1727993508
19466145331,https://walmart.com/ip/1406479053
19466145332,https://walmart.com/ip/1754804688
19466145333,https://walmart.com/ip/1765561169
19466145334,https://walmart.com/ip/1857677811
19466145335,https://walmart.com/ip/1044094172
19466145336,https://walmart.com/ip/1232148494
19466145337,https://walmart.com/ip/1550979776
19466145338,https://walmart.com/ip/1161784833
19466145339,https://walmart.com/ip/1379935846
19466145340,https://walmart.com/ip/1836030755
19466145341,https://walmart.com/ip/1850965301
19466145346,https://walmart.com/ip/1235279038
19466145347,https://walmart.com/ip/2296415010
19466145348,https://walmart.com/ip/1462468505
19466145349,https://walmart.com/ip/1830411470
19466145416,https://walmart.com/ip/2593833729
19466146628,https://walmart.com/ip/2916682832
19466146629,https://walmart.com/ip/2025154798
19466146630,https://walmart.com/ip/1588081884
19466146631,https://walmart.com/ip/1847241247
19466146632,https://walmart.com/ip/2471290176
19466146633,https://walmart.com/ip/2615288058
19466146634,https://walmart.com/ip/1058365873
19466146635,https://walmart.com/ip/1177371930
19466146636,https://walmart.com/ip/2086230518
19466146637,https://walmart.com/ip/2090857237
19466146638,https://walmart.com/ip/1405711487
19466146639,https://walmart.com/ip/2889067541
19466146640,https://walmart.com/ip/1242432828
19466146641,https://walmart.com/ip/2413011479
19466146642,https://walmart.com/ip/2315625127
19466146643,https://walmart.com/ip/1277222216
19466146644,https://walmart.com/ip/1554537734
19466146645,https://walmart.com/ip/2208858982
19466146646,https://walmart.com/ip/1483923068
19466146647,https://walmart.com/ip/2420216015
19466146648,https://walmart.com/ip/1446308943
19466146649,https://walmart.com/ip/2541642872
19466146650,https://walmart.com/ip/1147561208
19466146651,https://walmart.com/ip/2572152337
19466146652,https://walmart.com/ip/2101868626
19466146653,https://walmart.com/ip/2812015009
19466146654,https://walmart.com/ip/2185869521
19466146655,https://walmart.com/ip/2880809492
19466146656,https://walmart.com/ip/1544690953
19466146657,https://walmart.com/ip/1431993865
19466146658,https://walmart.com/ip/1799473337
19466146659,https://walmart.com/ip/1912727281
19466146660,https://walmart.com/ip/1774312877
19466146661,https://walmart.com/ip/1114679058
19466146662,https://walmart.com/ip/2479757564
19466146663,https://walmart.com/ip/1051038792
19466146664,https://walmart.com/ip/1206733177
19466146665,https://walmart.com/ip/1076409059
19466146666,https://walmart.com/ip/1717644738
19466146667,https://walmart.com/ip/1209405011
19466146668,https://walmart.com/ip/1233251805
19466146669,https://walmart.com/ip/2345243896
19466146670,https://walmart.com/ip/1904461867
19466146671,https://walmart.com/ip/1298205239
19466146672,https://walmart.com/ip/1480676897
19466146673,https://walmart.com/ip/1080136750
19466146674,https://walmart.com/ip/1399625682
19466146675,https://walmart.com/ip/1472610655
19466146676,https://walmart.com/ip/1199478494
19466146677,https://walmart.com/ip/1564713539
19466146678,https://walmart.com/ip/1473702967
19466146679,https://walmart.com/ip/1803249604
19466146680,https://walmart.com/ip/1448485512
19466146681,https://walmart.com/ip/1974317455
19466146682,https://walmart.com/ip/1629733413
19466146683,https://walmart.com/ip/1403974406
19466146684,https://walmart.com/ip/1784386235
19466146685,https://walmart.com/ip/1009791112
19466146686,https://walmart.com/ip/1094123106
19466146687,https://walmart.com/ip/1902821942
19466146688,https://walmart.com/ip/1606012888
19466146689,https://walmart.com/ip/1137564521
19466146690,https://walmart.com/ip/2392396983
19466146691,https://walmart.com/ip/1693845360
19466146692,https://walmart.com/ip/1202792582
19466146693,https://walmart.com/ip/1420732264
19466146694,https://walmart.com/ip/1312628222
19466146695,https://walmart.com/ip/1911168884
19466146696,https://walmart.com/ip/1344849090
19466146698,https://walmart.com/ip/1922230996
19466146699,https://walmart.com/ip/1956169175
19466146700,https://walmart.com/ip/1049678045
19466146701,https://walmart.com/ip/1361582482
19466146702,https://walmart.com/ip/1651067656
19466146703,https://walmart.com/ip/1759691281
19466146704,https://walmart.com/ip/2392005569
19466146705,https://walmart.com/ip/1961005854
19466146706,https://walmart.com/ip/1362476181
19466146707,https://walmart.com/ip/1432853836
19466146708,https://walmart.com/ip/1021013762
19466146709,https://walmart.com/ip/1940546133
19466146710,https://walmart.com/ip/1732366222
19466146711,https://walmart.com/ip/1842480826
19466146712,https://walmart.com/ip/1907081385
19466146713,https://walmart.com/ip/1940516716
19466146714,https://walmart.com/ip/1185656757
19466146715,https://walmart.com/ip/1434089945
19466146716,https://walmart.com/ip/1675894860
19466146717,https://walmart.com/ip/1486107621
19466146718,https://walmart.com/ip/2509821448
19466146719,https://walmart.com/ip/1737845276
19466146720,https://walmart.com/ip/1231342883
19466146721,https://walmart.com/ip/1244455022
19466146722,https://walmart.com/ip/1663613878
19466146723,https://walmart.com/ip/1049101115
19466146724,https://walmart.com/ip/1941431975
19466146725,https://walmart.com/ip/2672494209
19466146726,https://walmart.com/ip/1839887886
19466146727,https://walmart.com/ip/1934216160
19466146728,https://walmart.com/ip/1042950507
19466146729,https://walmart.com/ip/1344970308
19466146730,https://walmart.com/ip/1994029354
19466146731,https://walmart.com/ip/1799087007
19466146732,https://walmart.com/ip/1311208923
19466146733,https://walmart.com/ip/1231162743
19466146734,https://walmart.com/ip/1742561865
19466146735,https://walmart.com/ip/1713281125
19466146736,https://walmart.com/ip/1728014700
19466146737,https://walmart.com/ip/1458461146
19466146738,https://walmart.com/ip/1778436750
19466146739,https://walmart.com/ip/1270439539
19466146740,https://walmart.com/ip/1786207337
19466146741,https://walmart.com/ip/1813284314
19466146742,https://walmart.com/ip/1126886434
19466146743,https://walmart.com/ip/1567847750
19466146744,https://walmart.com/ip/1203160588
19466146745,https://walmart.com/ip/1306291487
19466146746,https://walmart.com/ip/2552856825
19466146747,https://walmart.com/ip/1611766719
19466146748,https://walmart.com/ip/1176973404
19466146749,https://walmart.com/ip/1881097906
19466146750,https://walmart.com/ip/1019922510
19466146751,https://walmart.com/ip/1820035978
19466146752,https://walmart.com/ip/1046060773
19466146753,https://walmart.com/ip/2289025935
19466146754,https://walmart.com/ip/1919673886
19466146755,https://walmart.com/ip/1512391952
19466146756,https://walmart.com/ip/1770788054
19466146757,https://walmart.com/ip/1089842077
19466146758,https://walmart.com/ip/1716771121
19466146759,https://walmart.com/ip/1727999155
19466146760,https://walmart.com/ip/1642558286
19466146761,https://walmart.com/ip/1648420188
19466146762,https://walmart.com/ip/1947472422
19466146763,https://walmart.com/ip/1690173785
19466146764,https://walmart.com/ip/1978905515
19466146765,https://walmart.com/ip/1448982322
19466146766,https://walmart.com/ip/1040637769
19466146767,https://walmart.com/ip/2760585238
19466146768,https://walmart.com/ip/1471024916
19466146769,https://walmart.com/ip/1436420198
19466146770,https://walmart.com/ip/1965544736
19466146771,https://walmart.com/ip/1189330136
19466146772,https://walmart.com/ip/1949696069
19466146773,https://walmart.com/ip/1878330669
19466146774,https://walmart.com/ip/1795181343
19466146775,https://walmart.com/ip/1685723727
19466146776,https://walmart.com/ip/1290307180
19466146777,https://walmart.com/ip/1981476354
19466146778,https://walmart.com/ip/1979633091
19466146779,https://walmart.com/ip/1553920575
19466146780,https://walmart.com/ip/1627005713
19466146781,https://walmart.com/ip/2090860921
19466146782,https://walmart.com/ip/1114620090
19466146783,https://walmart.com/ip/1256843398
19466146784,https://walmart.com/ip/1885944113
19466146785,https://walmart.com/ip/1978391407
19466146786,https://walmart.com/ip/1774310757
19466146787,https://walmart.com/ip/1863294558
19466146788,https://walmart.com/ip/2849964718
19466146789,https://walmart.com/ip/1625141704
19466146790,https://walmart.com/ip/1062015682
19466146791,https://walmart.com/ip/1951566964
19466146792,https://walmart.com/ip/1597135853
19466146793,https://walmart.com/ip/1062059325
19466146794,https://walmart.com/ip/1140666831
19466146795,https://walmart.com/ip/2645611648
19466146796,https://walmart.com/ip/1272745769
19466146797,https://walmart.com/ip/1596699847
19466146798,https://walmart.com/ip/1074403281
19466146799,https://walmart.com/ip/1705859405
19466146800,https://walmart.com/ip/1827103062
19466146801,https://walmart.com/ip/1470687578
19466146802,https://walmart.com/ip/2057917772
19466146803,https://walmart.com/ip/1288361895
19466146804,https://walmart.com/ip/1041049284
19466146805,https://walmart.com/ip/1943608711
19466146806,https://walmart.com/ip/1999439714
19466146807,https://walmart.com/ip/1835423011
19466146808,https://walmart.com/ip/1021333027
19466146809,https://walmart.com/ip/2720665588
19466146810,https://walmart.com/ip/1057954164
19466146811,https://walmart.com/ip/1756215270
19466146812,https://walmart.com/ip/1969788935
19466146813,https://walmart.com/ip/1282171704
19466146814,https://walmart.com/ip/1849274815
19466146815,https://walmart.com/ip/1124081172
19466146816,https://walmart.com/ip/2772044576
19466146817,https://walmart.com/ip/1781440138
19466146818,https://walmart.com/ip/1995160656
19466146819,https://walmart.com/ip/1937724818
19466146820,https://walmart.com/ip/1300266106
19466146821,https://walmart.com/ip/1075749915
19466146822,https://walmart.com/ip/1089219750
19466146823,https://walmart.com/ip/1099365220
19466146824,https://walmart.com/ip/1631583625
19466146825,https://walmart.com/ip/1321145313
19466146826,https://walmart.com/ip/1965738413
19466146827,https://walmart.com/ip/1928314445
19466146828,https://walmart.com/ip/1500583479
19466146829,https://walmart.com/ip/1500561304
19466146830,https://walmart.com/ip/2277978353
19466146831,https://walmart.com/ip/1372355811
19466146832,https://walmart.com/ip/1181685077
19466146833,https://walmart.com/ip/1943484921
19466146834,https://walmart.com/ip/1912912783
19466146835,https://walmart.com/ip/1699022320
19466146836,https://walmart.com/ip/1625986793
19466146837,https://walmart.com/ip/1901693108
19466146838,https://walmart.com/ip/1997436365
19466146839,https://walmart.com/ip/1016092781
19466146840,https://walmart.com/ip/1686473296
19466146841,https://walmart.com/ip/1769518329
19466146842,https://walmart.com/ip/1026126598
19466146843,https://walmart.com/ip/1106320053
19466146844,https://walmart.com/ip/2084048348
19466146845,https://walmart.com/ip/1748804061
19466146846,https://walmart.com/ip/1664620509
19466146847,https://walmart.com/ip/1029534782
19466146848,https://walmart.com/ip/1341139896
19466146849,https://walmart.com/ip/1500083898
19466146850,https://walmart.com/ip/1800877547
19466146851,https://walmart.com/ip/2088686968
19466146852,https://walmart.com/ip/2528517281
19466146853,https://walmart.com/ip/2561641213
19466146854,https://walmart.com/ip/1746248347
19466146855,https://walmart.com/ip/1551207103
19466146856,https://walmart.com/ip/2524057528
19466146857,https://walmart.com/ip/2170253605
19466146858,https://walmart.com/ip/2774422632
19466146859,https://walmart.com/ip/1958492596
19466146860,https://walmart.com/ip/2355895173
19466146861,https://walmart.com/ip/1355602154
19466146862,https://walmart.com/ip/1928405531
19466146863,https://walmart.com/ip/1310353854
19466146864,https://walmart.com/ip/2833112134
19466146865,https://walmart.com/ip/2594872482
19466146866,https://walmart.com/ip/1264532725
19466146867,https://walmart.com/ip/2940326147
19466146868,https://walmart.com/ip/1313066511
19466146869,https://walmart.com/ip/2782778615
19466146870,https://walmart.com/ip/2432553238
19466146871,https://walmart.com/ip/1809483061
19466146872,https://walmart.com/ip/2855928576
19466146873,https://walmart.com/ip/2842002594
19466146874,https://walmart.com/ip/1019279737
19466146875,https://walmart.com/ip/2153529775
19466146876,https://walmart.com/ip/1392367434
19466146877,https://walmart.com/ip/2214855173
19466146878,https://walmart.com/ip/2872208228
19466146879,https://walmart.com/ip/1313565886
19466146883,https://walmart.com/ip/1744717838
19466146884,https://walmart.com/ip/1713546821
19466146885,https://walmart.com/ip/1241558990
19466146886,https://walmart.com/ip/1156231142
19466146887,https://walmart.com/ip/1348195482
19466146888,https://walmart.com/ip/1459711305
19466146889,https://walmart.com/ip/1668729095
19466146890,https://walmart.com/ip/1914949842
19466146891,https://walmart.com/ip/1016462525
19466146892,https://walmart.com/ip/1895390282
19466146893,https://walmart.com/ip/1497673943
19466146894,https://walmart.com/ip/1072234583
19466146895,https://walmart.com/ip/1981146328
19466146896,https://walmart.com/ip/1751664978
19466146897,https://walmart.com/ip/1146121605
19466146898,https://walmart.com/ip/1350574668
19466146899,https://walmart.com/ip/1510176431
19466146900,https://walmart.com/ip/1057295943
19466146901,https://walmart.com/ip/1004576324
19466146902,https://walmart.com/ip/1160016104
19466146903,https://walmart.com/ip/1382119219
19466146904,https://walmart.com/ip/1482184551
19466146905,https://walmart.com/ip/1578414603
19466146906,https://walmart.com/ip/1886573429
19466146907,https://walmart.com/ip/1230118560
19466146908,https://walmart.com/ip/1235646277
19466146909,https://walmart.com/ip/1442379517
19466146910,https://walmart.com/ip/1546458340
19466146953,https://walmart.com/ip/2379975248
19466146957,https://walmart.com/ip/2951619971
19466146958,https://walmart.com/ip/2515960792
19466147321,https://walmart.com/ip/1620394103
19466147322,https://walmart.com/ip/2474081208
19466147323,https://walmart.com/ip/2741617479
19466147324,https://walmart.com/ip/2757669939
19466147325,https://walmart.com/ip/1636528785
19466147326,https://walmart.com/ip/1120893322
19466147327,https://walmart.com/ip/1203239634
19466147328,https://walmart.com/ip/1134765101
19466147329,https://walmart.com/ip/1204216252
19466147330,https://walmart.com/ip/2743496779
19466147331,https://walmart.com/ip/2438881258
19466147332,https://walmart.com/ip/1105244409
19466147333,https://walmart.com/ip/1339807614
19466147334,https://walmart.com/ip/2687442290
19466147335,https://walmart.com/ip/2894855182
19466147336,https://walmart.com/ip/2042357300
19466147337,https://walmart.com/ip/1379260287
19466147338,https://walmart.com/ip/2866035694
19466147339,https://walmart.com/ip/2678883381
19466147340,https://walmart.com/ip/2386007675
19466147341,https://walmart.com/ip/2056262355
19466147342,https://walmart.com/ip/2296139436
19466147343,https://walmart.com/ip/2307302352
19466147344,https://walmart.com/ip/1994149845
19466147345,https://walmart.com/ip/2923318145
19466147346,https://walmart.com/ip/2800598772
19466147347,https://walmart.com/ip/2087239712
19466147348,https://walmart.com/ip/2385036198
19466147349,https://walmart.com/ip/1777899930
19466147350,https://walmart.com/ip/2976816274
19466147351,https://walmart.com/ip/2510550823
19466147352,https://walmart.com/ip/1936343294
19466147353,https://walmart.com/ip/1516565936
19466147354,https://walmart.com/ip/1944176194
19466147355,https://walmart.com/ip/2869013357
19466147356,https://walmart.com/ip/2377713558
19466147357,https://walmart.com/ip/2367471878
19466147358,https://walmart.com/ip/2876046097
19466147359,https://walmart.com/ip/1419978069
19466147360,https://walmart.com/ip/1954263786
19466147361,https://walmart.com/ip/2010849816
19466147362,https://walmart.com/ip/2345319930
19466147363,https://walmart.com/ip/1949870531
19466147364,https://walmart.com/ip/2426448548
19466147365,https://walmart.com/ip/2971826724
19466147366,https://walmart.com/ip/1320607859
19466147367,https://walmart.com/ip/2896099949
19466147368,https://walmart.com/ip/1072398268
19466147369,https://walmart.com/ip/1565785555
19466147370,https://walmart.com/ip/1584372592
19466147371,https://walmart.com/ip/2801602831
19466147372,https://walmart.com/ip/2622892901
19466147373,https://walmart.com/ip/1937518942
19466147374,https://walmart.com/ip/2241204930
19466147375,https://walmart.com/ip/2316816254
19466147376,https://walmart.com/ip/2043557916
19466147556,https://walmart.com/ip/2838208847
19466147557,https://walmart.com/ip/2701727660
19466147558,https://walmart.com/ip/2025059005
19466147559,https://walmart.com/ip/1155535141
19466147560,https://walmart.com/ip/2925000957
19466147561,https://walmart.com/ip/2159523708
19466147562,https://walmart.com/ip/2929298787
19466147563,https://walmart.com/ip/1921898723
19466147564,https://walmart.com/ip/1038123645
19466147565,https://walmart.com/ip/1425359912
19466147566,https://walmart.com/ip/1924865999
19466147567,https://walmart.com/ip/1580771394
19466147568,https://walmart.com/ip/2588657021
19466147569,https://walmart.com/ip/2571580247
19466147570,https://walmart.com/ip/2416117011
19466147571,https://walmart.com/ip/2335853718
19466147572,https://walmart.com/ip/1287005476
19466147573,https://walmart.com/ip/2404944409
19466147574,https://walmart.com/ip/1870938127
19466147575,https://walmart.com/ip/1806679000
19466147576,https://walmart.com/ip/2021232158
19466147577,https://walmart.com/ip/2772799298
19466147578,https://walmart.com/ip/2159906149
19466147579,https://walmart.com/ip/2408715038
19466147580,https://walmart.com/ip/2910129668
19466147581,https://walmart.com/ip/1754685304
19466147582,https://walmart.com/ip/2589009819
19466147583,https://walmart.com/ip/2105083002
19466147584,https://walmart.com/ip/1386022691
19466147585,https://walmart.com/ip/2650381487
19466147586,https://walmart.com/ip/2031181804
19466147587,https://walmart.com/ip/1917429135
19466147588,https://walmart.com/ip/2573254315
19466147589,https://walmart.com/ip/2216136268
19466147590,https://walmart.com/ip/2597939945
19466147591,https://walmart.com/ip/2551046495
19466147592,https://walmart.com/ip/2726062238
19466147593,https://walmart.com/ip/1922442824
19466147594,https://walmart.com/ip/1044041497
19466147595,https://walmart.com/ip/2495732953
19466147596,https://walmart.com/ip/1479377085
19466147597,https://walmart.com/ip/2305514528
19466152092,https://walmart.com/ip/2330766327
19466152093,https://walmart.com/ip/1227011952
19466152426,https://walmart.com/ip/2875442477
19466152427,https://walmart.com/ip/1274612311
19466152428,https://walmart.com/ip/2719512788
19466152429,https://walmart.com/ip/2305521742
19466152430,https://walmart.com/ip/2832501963
19466152431,https://walmart.com/ip/1685334315
19466152432,https://walmart.com/ip/1642498324
19466152433,https://walmart.com/ip/2396255657
19466152435,https://walmart.com/ip/2191863620
19466154381,https://walmart.com/ip/3027276465
19466154382,https://walmart.com/ip/1177133948
19466154383,https://walmart.com/ip/1114756980
19466154384,https://walmart.com/ip/2615210334
19466154385,https://walmart.com/ip/2171797790
19466154386,https://walmart.com/ip/2814962184
19466154387,https://walmart.com/ip/3282450475
19466154388,https://walmart.com/ip/3651667316
19466154389,https://walmart.com/ip/3482079060
19466154390,https://walmart.com/ip/2627246234
19466154391,https://walmart.com/ip/2393656756
19466154392,https://walmart.com/ip/2635837081
19466154393,https://walmart.com/ip/2796607154
19466154394,https://walmart.com/ip/1687672184
19466154395,https://walmart.com/ip/2520357982
19466154396,https://walmart.com/ip/2368472069
19466154397,https://walmart.com/ip/3178450057
19466154398,https://walmart.com/ip/3285046095
19466154399,https://walmart.com/ip/3305500354
19466154400,https://walmart.com/ip/2910145339
19466154401,https://walmart.com/ip/1202690516
19466154402,https://walmart.com/ip/3138390693
19466154403,https://walmart.com/ip/1276234512
19466154404,https://walmart.com/ip/1099224397
19466154405,https://walmart.com/ip/1055381494
19466154406,https://walmart.com/ip/3952595148
19466154407,https://walmart.com/ip/3880728761
19466154408,https://walmart.com/ip/2124134761
19466154409,https://walmart.com/ip/3271850251
19466154410,https://walmart.com/ip/3378850967
19466154411,https://walmart.com/ip/3813836062
19466154412,https://walmart.com/ip/3095496494
19466154413,https://walmart.com/ip/2872871280
19466154414,https://walmart.com/ip/1557700089
19466154415,https://walmart.com/ip/2164640175
19466154430,https://walmart.com/ip/2044937062
19466154431,https://walmart.com/ip/3235437592
19466154432,https://walmart.com/ip/1618804660
19466154433,https://walmart.com/ip/2311754863
19466154434,https://walmart.com/ip/2092192642
19466154435,https://walmart.com/ip/2973579644
19466154436,https://walmart.com/ip/2822187593
19466154450,https://walmart.com/ip/3038151761
19466154453,https://walmart.com/ip/1600445731
19466154910,https://walmart.com/ip/5052106648
19466154911,https://walmart.com/ip/5050465889
19466154912,https://walmart.com/ip/5051564180
19466154913,https://walmart.com/ip/5049118143
19466154914,https://walmart.com/ip/5050515669
19466154915,https://walmart.com/ip/5050310597
19466154916,https://walmart.com/ip/5050515058
19466154918,https://walmart.com/ip/5048411896
19466154919,https://walmart.com/ip/5052574758
19466154920,https://walmart.com/ip/5049118146
19466154921,https://walmart.com/ip/5049118144
19466154922,https://walmart.com/ip/5029549000
19466154923,https://walmart.com/ip/5048112403
19466154924,https://walmart.com/ip/5030783096
19466154926,https://walmart.com/ip/5048411898
19466154927,https://walmart.com/ip/5050465890
19466154928,https://walmart.com/ip/5050515060
19466154929,https://walmart.com/ip/5048411897
19466154930,https://walmart.com/ip/5049118785
19466154931,https://walmart.com/ip/5051564181
19466154932,https://walmart.com/ip/5050763575
19466154933,https://walmart.com/ip/5049118150
19466154934,https://walmart.com/ip/5048411901
19466154935,https://walmart.com/ip/5048112265
19466154936,https://walmart.com/ip/5050515059
19466154937,https://walmart.com/ip/5050465888
19466154938,https://walmart.com/ip/5050310600
19466154939,https://walmart.com/ip/5048461191
19466154940,https://walmart.com/ip/5052106649
19466154941,https://walmart.com/ip/5050450250
19466154942,https://walmart.com/ip/5050310599
19466154943,https://walmart.com/ip/5049118151
19466154944,https://walmart.com/ip/5051666755
19466154945,https://walmart.com/ip/5049118149
19466154946,https://walmart.com/ip/5050515061
19466154947,https://walmart.com/ip/5051564179
19466154948,https://walmart.com/ip/5050310598
19466154949,https://walmart.com/ip/5049118147
19466154950,https://walmart.com/ip/5049118782
19466154951,https://walmart.com/ip/5048411899
19466154952,https://walmart.com/ip/5049118148
19466154953,https://walmart.com/ip/5049118145
19466154954,https://walmart.com/ip/5051564183
19466154955,https://walmart.com/ip/5052056973
19466154956,https://walmart.com/ip/5048112263
19466154957,https://walmart.com/ip/5050254521
19466154958,https://walmart.com/ip/5050515064
19466154959,https://walmart.com/ip/5050254529
19466154960,https://walmart.com/ip/5048461192
19466154961,https://walmart.com/ip/5050515063
19466154962,https://walmart.com/ip/5052574748
19466154963,https://walmart.com/ip/5052106651
19466154964,https://walmart.com/ip/5050515803
19466154965,https://walmart.com/ip/5050310602
19466154966,https://walmart.com/ip/5052574769
19466154967,https://walmart.com/ip/5050310605
19466154968,https://walmart.com/ip/5052574069
19466154969,https://walmart.com/ip/5052106654
19466154970,https://walmart.com/ip/5052574071
19466154971,https://walmart.com/ip/5052106652
19466154972,https://walmart.com/ip/5052574898
19466154973,https://walmart.com/ip/5052574070
19466154974,https://walmart.com/ip/5050310604
19466154975,https://walmart.com/ip/5049118160
19466154976,https://walmart.com/ip/5051564189
19466154977,https://walmart.com/ip/5048411905
19466154978,https://walmart.com/ip/5052056974
19466154979,https://walmart.com/ip/5052056975
19466154980,https://walmart.com/ip/5048411906
19466154981,https://walmart.com/ip/5050450259
19466154982,https://walmart.com/ip/5052574068
19466154983,https://walmart.com/ip/5050310606
19466154984,https://walmart.com/ip/5049118154
19466154985,https://walmart.com/ip/5050310603
19466154986,https://walmart.com/ip/5049118153
19466154987,https://walmart.com/ip/5052056972
19466154988,https://walmart.com/ip/5048112258
19466154989,https://walmart.com/ip/5048461194
19466154990,https://walmart.com/ip/5050515065
19466154991,https://walmart.com/ip/5051564184
19466154992,https://walmart.com/ip/5048461867
19466154993,https://walmart.com/ip/5052574067
19466154994,https://walmart.com/ip/5048411904
19466154995,https://walmart.com/ip/5052106653
19466154996,https://walmart.com/ip/5025426603
19466154997,https://walmart.com/ip/5025099841
19466154998,https://walmart.com/ip/5025689221
19466154999,https://walmart.com/ip/5026527185
19466155000,https://walmart.com/ip/5025384646
19466155001,https://walmart.com/ip/5025694004
19466155002,https://walmart.com/ip/5028146949
19466155003,https://walmart.com/ip/5025694003
19466155004,https://walmart.com/ip/5025099842
19466155005,https://walmart.com/ip/5026641707
19466155006,https://walmart.com/ip/5026527184
19466155007,https://walmart.com/ip/5025099843
19466155008,https://walmart.com/ip/5025384647
19466155009,https://walmart.com/ip/5025426605
19466155010,https://walmart.com/ip/5025384644
19466155011,https://walmart.com/ip/5026527777
19466155012,https://walmart.com/ip/5026527778
19466155013,https://walmart.com/ip/5025426604
19466155014,https://walmart.com/ip/5028146948
19466155015,https://walmart.com/ip/5026641708
19466155016,https://walmart.com/ip/5025689641
19466155017,https://walmart.com/ip/5025384645
19466155018,https://walmart.com/ip/5026527187
19466155019,https://walmart.com/ip/5026641709
19466155020,https://walmart.com/ip/5025689642
19466155021,https://walmart.com/ip/5025099844
19466155022,https://walmart.com/ip/5026527191
19466155023,https://walmart.com/ip/5028146950
19466155024,https://walmart.com/ip/5020133641
19466155025,https://walmart.com/ip/5020133640
19466155026,https://walmart.com/ip/5023779697
19466155027,https://walmart.com/ip/5020133634
19466155028,https://walmart.com/ip/5020133639
19466155029,https://walmart.com/ip/5020133642
19466155030,https://walmart.com/ip/5020133637
19466155031,https://walmart.com/ip/5026641713
19466155032,https://walmart.com/ip/5025384650
19466155033,https://walmart.com/ip/5026527780
19466155034,https://walmart.com/ip/5025689223
19466155035,https://walmart.com/ip/5026527188
19466155036,https://walmart.com/ip/5025426606
19466155037,https://walmart.com/ip/5025384648
19466155038,https://walmart.com/ip/5025689643
19466155039,https://walmart.com/ip/5026527189
19466155040,https://walmart.com/ip/5025689222
19466155041,https://walmart.com/ip/5026527779
19466155042,https://walmart.com/ip/5026527190
19466155043,https://walmart.com/ip/5025689644
19466155044,https://walmart.com/ip/5026641712
19466155045,https://walmart.com/ip/5025384649
19466155046,https://walmart.com/ip/5025694002
19466155047,https://walmart.com/ip/5026527183
19466155048,https://walmart.com/ip/5026641711
19466155049,https://walmart.com/ip/5025426602
19466155050,https://walmart.com/ip/5026641710
19466155051,https://walmart.com/ip/5026527186
19466155052,https://walmart.com/ip/5026527192
19466155053,https://walmart.com/ip/5025099845
19466155054,https://walmart.com/ip/5025694006
19466155055,https://walmart.com/ip/5025099846
19466155056,https://walmart.com/ip/5025384651
19466155057,https://walmart.com/ip/5025384654
19466155058,https://walmart.com/ip/5026641714
19466155059,https://walmart.com/ip/5025384652
19466155060,https://walmart.com/ip/5026527193
19466155061,https://walmart.com/ip/5025099847
19466155062,https://walmart.com/ip/5025384653
19466155063,https://walmart.com/ip/5028146951
19466155064,https://walmart.com/ip/5025689227
19466155065,https://walmart.com/ip/5025689224
19466155066,https://walmart.com/ip/5020133635
19466155067,https://walmart.com/ip/5023779694
19466155068,https://walmart.com/ip/5023779693
19466155069,https://walmart.com/ip/5023779696
19466155070,https://walmart.com/ip/5020133638
19466155071,https://walmart.com/ip/5020133636
19466155072,https://walmart.com/ip/5023779695
19466155073,https://walmart.com/ip/5025099848
19466155074,https://walmart.com/ip/5028146953
19466155075,https://walmart.com/ip/5025694007
19466155076,https://walmart.com/ip/5025099849
19466155077,https://walmart.com/ip/5025689225
19466155078,https://walmart.com/ip/5028146952
19466155079,https://walmart.com/ip/5025426607
19466155080,https://walmart.com/ip/5025384655
19466155081,https://walmart.com/ip/5025689226
19466155082,https://walmart.com/ip/5025694005
19466155083,https://walmart.com/ip/5025384656
19466155084,https://walmart.com/ip/5028146955
19466155085,https://walmart.com/ip/5026527782
19466155086,https://walmart.com/ip/5025384657
19466155087,https://walmart.com/ip/5028146959
19466155088,https://walmart.com/ip/5026527784
19466155089,https://walmart.com/ip/5025099850
19466155090,https://walmart.com/ip/5025689645
19466155091,https://walmart.com/ip/5025694008
19466155092,https://walmart.com/ip/5025426608
19466155093,https://walmart.com/ip/5028146954
19466155094,https://walmart.com/ip/5028146960
19466155095,https://walmart.com/ip/5026641716
19466155096,https://walmart.com/ip/5028146957
19466155097,https://walmart.com/ip/5026641715
19466155098,https://walmart.com/ip/5025689228
19466155099,https://walmart.com/ip/5025099851
19466155100,https://walmart.com/ip/5026527783
19466155101,https://walmart.com/ip/5028146958
19466155102,https://walmart.com/ip/5025689646
19466155103,https://walmart.com/ip/5026527781
19466155104,https://walmart.com/ip/5028146956
19466155105,https://walmart.com/ip/5025384658
19466155106,https://walmart.com/ip/5025694009
19466155107,https://walmart.com/ip/5026527785
19466155108,https://walmart.com/ip/5049118157
19466155109,https://walmart.com/ip/5052574760
19466155110,https://walmart.com/ip/5050465898
19466155111,https://walmart.com/ip/5052574081
19466155112,https://walmart.com/ip/5052574076
19466155113,https://walmart.com/ip/5051666786
19466155114,https://walmart.com/ip/5050310611
19466155115,https://walmart.com/ip/5052106678
19466155116,https://walmart.com/ip/5050254520
19466155117,https://walmart.com/ip/5051564209
19466155118,https://walmart.com/ip/5051666650
19466155119,https://walmart.com/ip/5052056983
19466155120,https://walmart.com/ip/5052574087
19466155121,https://walmart.com/ip/5050310612
19466155122,https://walmart.com/ip/5052574080
19466155123,https://walmart.com/ip/5050465899
19466155124,https://walmart.com/ip/5049118937
19466155125,https://walmart.com/ip/5052574077
19466155126,https://walmart.com/ip/5049118159
19466155127,https://walmart.com/ip/5052056979
19466155128,https://walmart.com/ip/5050515070
19466155129,https://walmart.com/ip/5051666660
19466155130,https://walmart.com/ip/5050515087
19466155131,https://walmart.com/ip/5048411916
19466155132,https://walmart.com/ip/5049118163
19466155133,https://walmart.com/ip/5052574095
19466155134,https://walmart.com/ip/5051564205
19466155135,https://walmart.com/ip/5051564212
19466155136,https://walmart.com/ip/5048461870
19466155137,https://walmart.com/ip/5048461203
19466155138,https://walmart.com/ip/5050763550
19466155139,https://walmart.com/ip/5048461200
19466155140,https://walmart.com/ip/5051564848
19466155141,https://walmart.com/ip/5049118775
19466155142,https://walmart.com/ip/5051564839
19466155144,https://walmart.com/ip/5049118156
19466155145,https://walmart.com/ip/5050515071
19466155146,https://walmart.com/ip/5052106661
19466155147,https://walmart.com/ip/5049118158
19466155148,https://walmart.com/ip/5049118161
19466155149,https://walmart.com/ip/5052106660
19466155150,https://walmart.com/ip/5050450426
19466155151,https://walmart.com/ip/5052574100
19466155152,https://walmart.com/ip/5050515074
19466155153,https://walmart.com/ip/5050515658
19466155154,https://walmart.com/ip/5050310622
19466155155,https://walmart.com/ip/5052106662
19466155156,https://walmart.com/ip/5050310630
19466155157,https://walmart.com/ip/5052056982
19466155158,https://walmart.com/ip/5051564847
19466155159,https://walmart.com/ip/5048461214
19466155160,https://walmart.com/ip/5048461213
19466155161,https://walmart.com/ip/5052574098
19466155162,https://walmart.com/ip/5050310628
19466155163,https://walmart.com/ip/5051564214
19466155164,https://walmart.com/ip/5050465909
19466155165,https://walmart.com/ip/5050254654
19466155166,https://walmart.com/ip/5052574200
19466155167,https://walmart.com/ip/5049118280
19466155168,https://walmart.com/ip/5051564852
19466155169,https://walmart.com/ip/5031175688
19466155170,https://walmart.com/ip/5051564296
19466155171,https://walmart.com/ip/5050515003
19466155172,https://walmart.com/ip/5050254650
19466155173,https://walmart.com/ip/5029928756
19466155174,https://walmart.com/ip/5050254011
19466155175,https://walmart.com/ip/5029928757
19466155176,https://walmart.com/ip/5050763574
19466155177,https://walmart.com/ip/5050515013
19466155178,https://walmart.com/ip/5052574762
19466155179,https://walmart.com/ip/5049118331
19466155180,https://walmart.com/ip/5049118772
19466155181,https://walmart.com/ip/5048461318
19466155182,https://walmart.com/ip/5029928786
19466155183,https://walmart.com/ip/5051564289
19466155184,https://walmart.com/ip/5050515167
19466155185,https://walmart.com/ip/5048461312
19466155186,https://walmart.com/ip/5050254533
19466155187,https://walmart.com/ip/5050310648
19466155188,https://walmart.com/ip/5050465932
19466155189,https://walmart.com/ip/5052106693
19466155190,https://walmart.com/ip/5048411945
19466155191,https://walmart.com/ip/5050465937
19466155192,https://walmart.com/ip/5052574084
19466155193,https://walmart.com/ip/5048411982
19466155194,https://walmart.com/ip/5030783097
19466155195,https://walmart.com/ip/5049118257
19466155196,https://walmart.com/ip/5050515160
19466155197,https://walmart.com/ip/5050515802
19466155198,https://walmart.com/ip/5050515165
19466155199,https://walmart.com/ip/5051564841
19466155200,https://walmart.com/ip/5030277889
19466155201,https://walmart.com/ip/5052574756
19466155202,https://walmart.com/ip/5051666119
19466155203,https://walmart.com/ip/5029030872
19466155204,https://walmart.com/ip/5052106744
19466155205,https://walmart.com/ip/5050515671
19466155206,https://walmart.com/ip/5029587885
19466155207,https://walmart.com/ip/5052574237
19466155208,https://walmart.com/ip/5050310767
19466155209,https://walmart.com/ip/5050763061
19466155210,https://walmart.com/ip/5050310744
19466155211,https://walmart.com/ip/5050763557
19466155212,https://walmart.com/ip/5052106826
19466155213,https://walmart.com/ip/5048461362
19466155214,https://walmart.com/ip/5052106881
19466155215,https://walmart.com/ip/5050310838
19466155216,https://walmart.com/ip/5052106894
19466155217,https://walmart.com/ip/5050763133
19466155218,https://walmart.com/ip/5052574329
19466155219,https://walmart.com/ip/5050763137
19466155220,https://walmart.com/ip/5050254124
19466155221,https://walmart.com/ip/5051666243
19466155222,https://walmart.com/ip/5051666807
19466155223,https://walmart.com/ip/5049118786
19466155224,https://walmart.com/ip/5050515263
19466155225,https://walmart.com/ip/5050254685
19466155226,https://walmart.com/ip/5050763136
19466155227,https://walmart.com/ip/5050763071
19466155228,https://walmart.com/ip/5048461437
19466155229,https://walmart.com/ip/5050310840
19466155230,https://walmart.com/ip/5049118787
19466155231,https://walmart.com/ip/5049118912
19466155232,https://walmart.com/ip/5051564854
19466155233,https://walmart.com/ip/5050515256
19466155234,https://walmart.com/ip/5050254118
19466155235,https://walmart.com/ip/5051666183
19466155236,https://walmart.com/ip/5052574255
19466155237,https://walmart.com/ip/5052106827
19466155238,https://walmart.com/ip/5052106823
19466155239,https://walmart.com/ip/5052574253
19466155240,https://walmart.com/ip/5048461376
19466155241,https://walmart.com/ip/5051564352
19466155242,https://walmart.com/ip/5050254519
19466155243,https://walmart.com/ip/5052574261
19466155244,https://walmart.com/ip/5050310766
19466155245,https://walmart.com/ip/5050515649
19466155246,https://walmart.com/ip/5050763056
19466155247,https://walmart.com/ip/5051666180
19466155248,https://walmart.com/ip/5051564353
19466155249,https://walmart.com/ip/5051564397
19466155250,https://walmart.com/ip/5049118380
19466155251,https://walmart.com/ip/5048461443
19466155252,https://walmart.com/ip/5052574330
19466155253,https://walmart.com/ip/5050763124
19466155254,https://walmart.com/ip/5049118783
19466155255,https://walmart.com/ip/5051666659
19466155256,https://walmart.com/ip/5050515667
19466155257,https://walmart.com/ip/5048461495
19466155258,https://walmart.com/ip/5051564439
19466155259,https://walmart.com/ip/5050254163
19466155260,https://walmart.com/ip/5050254160
19466155261,https://walmart.com/ip/5052574369
19466155262,https://walmart.com/ip/5051666651
19466155263,https://walmart.com/ip/5052106998
19466155264,https://walmart.com/ip/5050763273
19466155265,https://walmart.com/ip/5051564855
19466155266,https://walmart.com/ip/5049118465
19466155267,https://walmart.com/ip/5051666345
19466155268,https://walmart.com/ip/5050310977
19466155269,https://walmart.com/ip/5051666355
19466155270,https://walmart.com/ip/5051666263
19466155271,https://walmart.com/ip/5050515668
19466155272,https://walmart.com/ip/5051666270
19466155273,https://walmart.com/ip/5048461871
19466155274,https://walmart.com/ip/5051666267
19466155275,https://walmart.com/ip/5052106927
19466155276,https://walmart.com/ip/5051564441
19466155277,https://walmart.com/ip/5050763359
19466155278,https://walmart.com/ip/5050763563
19466155279,https://walmart.com/ip/5049118562
19466155280,https://walmart.com/ip/5051564610
19466155281,https://walmart.com/ip/5049118566
19466155282,https://walmart.com/ip/5052574526
19466155283,https://walmart.com/ip/5051564609
19466155284,https://walmart.com/ip/5050254158
19466155285,https://walmart.com/ip/5052574767
19466155286,https://walmart.com/ip/5050763181
19466155287,https://walmart.com/ip/5049118410
19466155288,https://walmart.com/ip/5048461480
19466155289,https://walmart.com/ip/5051666268
19466155290,https://walmart.com/ip/5052106923
19466155291,https://walmart.com/ip/5051666352
19466155292,https://walmart.com/ip/5050763561
19466155293,https://walmart.com/ip/5050310973
19466155294,https://walmart.com/ip/5049118784
19466155295,https://walmart.com/ip/5050515379
19466155296,https://walmart.com/ip/5050310960
19466155297,https://walmart.com/ip/5049118770
19466156569,https://walmart.com/ip/5050763562
19466156570,https://walmart.com/ip/5050254154
19466156571,https://walmart.com/ip/5051666259
19466156572,https://walmart.com/ip/5051666269
19466156573,https://walmart.com/ip/5050515659
19466156574,https://walmart.com/ip/5048461479
19466156575,https://walmart.com/ip/5051564446
19466156851,https://walmart.com/ip/5084618239
19466156852,https://walmart.com/ip/5090306034
19466156853,https://walmart.com/ip/5085070184
19466156854,https://walmart.com/ip/5088066572
19466156855,https://walmart.com/ip/5088066571
19466156856,https://walmart.com/ip/5061944935
19466156857,https://walmart.com/ip/5195244412
19466156858,https://walmart.com/ip/5061944936
19466156859,https://walmart.com/ip/5085261403
19466156860,https://walmart.com/ip/5085070183
19466156861,https://walmart.com/ip/5088066960
19466156862,https://walmart.com/ip/5067581623
19466156863,https://walmart.com/ip/5064287625
19466156864,https://walmart.com/ip/5193278436
19466156865,https://walmart.com/ip/5064639547
19466156866,https://walmart.com/ip/5088066570
19466156867,https://walmart.com/ip/5084568664
19466156868,https://walmart.com/ip/5085070182
19466156869,https://walmart.com/ip/5064287626
19466156870,https://walmart.com/ip/5088254707
19466156871,https://walmart.com/ip/5195244413
19466156872,https://walmart.com/ip/5088066958
19466156873,https://walmart.com/ip/5065597431
19466156874,https://walmart.com/ip/5084618240
19466156875,https://walmart.com/ip/5064287624
19466156876,https://walmart.com/ip/5088066959
19466156877,https://walmart.com/ip/5064348524
19466156878,https://walmart.com/ip/5193278437
19466157101,https://walmart.com/ip/605921094
19466157306,https://walmart.com/ip/5064689478
19466157307,https://walmart.com/ip/5088066581
19466157308,https://walmart.com/ip/5067631583
19466157309,https://walmart.com/ip/5064348536
19466157310,https://walmart.com/ip/5066029695
19466157311,https://walmart.com/ip/5064689477
19466157312,https://walmart.com/ip/5084568671
19466157313,https://walmart.com/ip/5067581634
19466157314,https://walmart.com/ip/5067631588
19466157315,https://walmart.com/ip/5064639557
19466157316,https://walmart.com/ip/5064348539
19466157317,https://walmart.com/ip/5064539716
19466157318,https://walmart.com/ip/5064348538
19466157319,https://walmart.com/ip/5088066972
19466158325,https://walmart.com/ip/5067631582
19466158326,https://walmart.com/ip/5067581631
19466158327,https://walmart.com/ip/5088066971
19466158328,https://walmart.com/ip/5084568673
19466158329,https://walmart.com/ip/5064539713
19466158330,https://walmart.com/ip/5084568672
19466158331,https://walmart.com/ip/5067581633
19466158332,https://walmart.com/ip/5090306039
19466158333,https://walmart.com/ip/5066029694
19466158334,https://walmart.com/ip/5089372510
19466158335,https://walmart.com/ip/5067581632
19466158336,https://walmart.com/ip/5064689479
19466158337,https://walmart.com/ip/5089372511
19466158338,https://walmart.com/ip/5061944942
19466159824,https://walmart.com/ip/5064287637
19466159825,https://walmart.com/ip/5061944945
19466159826,https://walmart.com/ip/5088066582
19466159827,https://walmart.com/ip/5064589665
19466159828,https://walmart.com/ip/5085261415
19466159829,https://walmart.com/ip/5084618250
19466159830,https://walmart.com/ip/5064689482
19466159831,https://walmart.com/ip/5064689483
19466159832,https://walmart.com/ip/5088254719
19466159833,https://walmart.com/ip/5067631587
19466159834,https://walmart.com/ip/5066029696
19466159835,https://walmart.com/ip/5064639558
19466159836,https://walmart.com/ip/5088254718
19466159837,https://walmart.com/ip/5064639559
19466160673,https://walmart.com/ip/5066029677
19466160674,https://walmart.com/ip/5091609800
19466160675,https://walmart.com/ip/5085070185
19466160676,https://walmart.com/ip/5088066961
19466160677,https://walmart.com/ip/5085070193
19466160678,https://walmart.com/ip/5064689481
19466160679,https://walmart.com/ip/5066029697
19466160680,https://walmart.com/ip/5064689484
19466160681,https://walmart.com/ip/5061944947
19466160682,https://walmart.com/ip/5091609810
19466167809,https://walmart.com/ip/5132774434
19466167811,https://walmart.com/ip/5129060566
19466167812,https://walmart.com/ip/5128759978
19466167813,https://walmart.com/ip/5100677968
19466167814,https://walmart.com/ip/5128759369
19466167815,https://walmart.com/ip/5105679714
19466167816,https://walmart.com/ip/5100677082
19466167817,https://walmart.com/ip/5127470083
19466167818,https://walmart.com/ip/5132824341
19466167819,https://walmart.com/ip/5127370385
19466167820,https://walmart.com/ip/5126711823
19466167821,https://walmart.com/ip/5130015076
19466167822,https://walmart.com/ip/5129350177
19466167823,https://walmart.com/ip/5133751398
19466167824,https://walmart.com/ip/5129160146
19466167825,https://walmart.com/ip/5133257921
19466167826,https://walmart.com/ip/5104137055
19466167827,https://walmart.com/ip/5104137700
19466167828,https://walmart.com/ip/5102589235
19466167829,https://walmart.com/ip/5130163993
19466167830,https://walmart.com/ip/5133257922
19466167831,https://walmart.com/ip/5128752369
19466167832,https://walmart.com/ip/5104131155
19466167833,https://walmart.com/ip/5100777588
19466167834,https://walmart.com/ip/5128272264
19466167835,https://walmart.com/ip/5128604145
19466167837,https://walmart.com/ip/5102045839
19466167839,https://walmart.com/ip/5128604146
19466167840,https://walmart.com/ip/5132164845
19466167841,https://walmart.com/ip/5102539359
19466167842,https://walmart.com/ip/5105836769
19466167843,https://walmart.com/ip/5129965696
19466167844,https://walmart.com/ip/5103628735
19466167845,https://walmart.com/ip/5132774435
19466167846,https://walmart.com/ip/5127420165
19466167847,https://walmart.com/ip/5103628736
19466167848,https://walmart.com/ip/5129350179
19466167849,https://walmart.com/ip/5128258550
19466167851,https://walmart.com/ip/5130015077
19466167853,https://walmart.com/ip/5132164846
19466167854,https://walmart.com/ip/5130015078
19466167855,https://walmart.com/ip/5129350178
19466167856,https://walmart.com/ip/5126421336
19466167857,https://walmart.com/ip/5127370386
19466167858,https://walmart.com/ip/5132159022
19466167863,https://walmart.com/ip/5104833262
19466167864,https://walmart.com/ip/5102892568
19466167865,https://walmart.com/ip/5131722868
19466167866,https://walmart.com/ip/5104833260
19466167867,https://walmart.com/ip/5132050761
19466167868,https://walmart.com/ip/5107049324
19466167869,https://walmart.com/ip/5104833261
19466167870,https://walmart.com/ip/5131061479
19466167871,https://walmart.com/ip/5105389469
19466167872,https://walmart.com/ip/5131011607
19466167875,https://walmart.com/ip/5105489328
19466167876,https://walmart.com/ip/5104334403
19466167878,https://walmart.com/ip/5135264457
19466167881,https://walmart.com/ip/5101594480
19466167882,https://walmart.com/ip/5101644453
19466167886,https://walmart.com/ip/5106881901
19466167887,https://walmart.com/ip/5101893296
19466167888,https://walmart.com/ip/5135264458
19466167889,https://walmart.com/ip/5107049325
19466167890,https://walmart.com/ip/5133017229
19466167892,https://walmart.com/ip/5106035578
19466167894,https://walmart.com/ip/5106881095
19466167895,https://walmart.com/ip/5105439331
19466167896,https://walmart.com/ip/5110346735
19466167897,https://walmart.com/ip/5132460800
19466167898,https://walmart.com/ip/5104833253
19466167902,https://walmart.com/ip/5101893289
19466167904,https://walmart.com/ip/5137207505
19466167905,https://walmart.com/ip/5136751365
19466167906,https://walmart.com/ip/5135264448
19466167907,https://walmart.com/ip/5128554640
19466167910,https://walmart.com/ip/5132874028
19466167914,https://walmart.com/ip/5101198006
19466167915,https://walmart.com/ip/5101991202
19466167917,https://walmart.com/ip/5101990926
19466167919,https://walmart.com/ip/5129350137
19466167923,https://walmart.com/ip/5132824309
19466167930,https://walmart.com/ip/5101725989
19466167931,https://walmart.com/ip/5127420124
19466167936,https://walmart.com/ip/5099732976
19466167937,https://walmart.com/ip/5128272231
19466167940,https://walmart.com/ip/5129160102
19466167943,https://walmart.com/ip/5130163106
19466167945,https://walmart.com/ip/5132064735
19466167946,https://walmart.com/ip/5130163105
19466167950,https://walmart.com/ip/5104081186
19466167952,https://walmart.com/ip/5129617795
19466167953,https://walmart.com/ip/5100677948
19466167954,https://walmart.com/ip/5127470043
19466167959,https://walmart.com/ip/5100642968
19466167961,https://walmart.com/ip/5129160099
19466167964,https://walmart.com/ip/5134019085
19466167966,https://walmart.com/ip/5106085390
19466167968,https://walmart.com/ip/5132159016
19466167970,https://walmart.com/ip/5137257413
19466167971,https://walmart.com/ip/5132460802
19466167972,https://walmart.com/ip/5106135399
19466167973,https://walmart.com/ip/5104833254
19466167974,https://walmart.com/ip/5106035579
19466167975,https://walmart.com/ip/5101825516
19466167976,https://walmart.com/ip/5102497465
19466167979,https://walmart.com/ip/5110346737
19466167987,https://walmart.com/ip/5101198261
19466167988,https://walmart.com/ip/5104137697
19466167992,https://walmart.com/ip/5101990944
19466167993,https://walmart.com/ip/5129110430
19466167995,https://walmart.com/ip/5100727846
19466167996,https://walmart.com/ip/5129350174
19466167999,https://walmart.com/ip/5104137698
19466168000,https://walmart.com/ip/5128554674
19466168001,https://walmart.com/ip/5104187237
19466168002,https://walmart.com/ip/5100677081
19466168005,https://walmart.com/ip/5130015074
19466168007,https://walmart.com/ip/5129350176
19466168008,https://walmart.com/ip/5130163990
19466168009,https://walmart.com/ip/5100777587
19466168010,https://walmart.com/ip/5129160144
19466168013,https://walmart.com/ip/5127118730
19466168015,https://walmart.com/ip/5128752364
19466168017,https://walmart.com/ip/5107646906
19466168019,https://walmart.com/ip/5126421335
19466168020,https://walmart.com/ip/5128258547
19466168022,https://walmart.com/ip/5127470082
19466168025,https://walmart.com/ip/5127470081
19466168026,https://walmart.com/ip/5128759364
19466168027,https://walmart.com/ip/5129617827
19466168029,https://walmart.com/ip/5104125090
19466168030,https://walmart.com/ip/5130368156
19466168032,https://walmart.com/ip/5135264449
19466168033,https://walmart.com/ip/5132866272
19466168034,https://walmart.com/ip/5132565562
19466168035,https://walmart.com/ip/5103398985
19466168040,https://walmart.com/ip/5104833794
19466168041,https://walmart.com/ip/5102497451
19466168042,https://walmart.com/ip/5137207488
19466168043,https://walmart.com/ip/5104334387
19466168044,https://walmart.com/ip/5132866256
19466168045,https://walmart.com/ip/5130770451
19466168046,https://walmart.com/ip/5131753935
19466168047,https://walmart.com/ip/5132565544
19466168048,https://walmart.com/ip/5104990112
19466168049,https://walmart.com/ip/5130770450
19466168050,https://walmart.com/ip/5132109523
19466168051,https://walmart.com/ip/5107049313
19466168052,https://walmart.com/ip/5130121911
19466168053,https://walmart.com/ip/5132023408
19466168054,https://walmart.com/ip/5104833796
19466168055,https://walmart.com/ip/5132023407
19466168056,https://walmart.com/ip/5101594464
19466168057,https://walmart.com/ip/5135214496
19466168058,https://walmart.com/ip/5132073361
19466168059,https://walmart.com/ip/5132073362
19466168060,https://walmart.com/ip/5104833244
19466168061,https://walmart.com/ip/5131753281
19466168062,https://walmart.com/ip/5104833795
19466168063,https://walmart.com/ip/5104990113
19466168064,https://walmart.com/ip/5104334063
19466168065,https://walmart.com/ip/5101893277
19466168066,https://walmart.com/ip/5102547208
19466168069,https://walmart.com/ip/5104940074
19466168334,https://walmart.com/ip/5122837817
19466168335,https://walmart.com/ip/5121738711
19466168336,https://walmart.com/ip/5123339331
19466168337,https://walmart.com/ip/5122540750
19466168338,https://walmart.com/ip/5151017096
19466168339,https://walmart.com/ip/5115480903
19466168340,https://walmart.com/ip/5154907919
19466168341,https://walmart.com/ip/5121878028
19466168350,https://walmart.com/ip/5123289334
19466168351,https://walmart.com/ip/5121878597
19466168352,https://walmart.com/ip/5150853552
19466168353,https://walmart.com/ip/5155374825
19466168354,https://walmart.com/ip/5152018204
19466168355,https://walmart.com/ip/5117797782
19466168356,https://walmart.com/ip/5117797783
19466168357,https://walmart.com/ip/5153951155
19466168360,https://walmart.com/ip/5151054597
19466168361,https://walmart.com/ip/5151003081
19466168362,https://walmart.com/ip/5115480887
19466168363,https://walmart.com/ip/5150853551
19466168365,https://walmart.com/ip/5124294214
19466168366,https://walmart.com/ip/5157473322
19466168367,https://walmart.com/ip/5161113829
19466168368,https://walmart.com/ip/5162757003
19466168369,https://walmart.com/ip/5162564547
19466168370,https://walmart.com/ip/5124932956
19466168371,https://walmart.com/ip/5162564546
19466168372,https://walmart.com/ip/5117797781
19466168373,https://walmart.com/ip/5121878596
19466168374,https://walmart.com/ip/5153951154
19466168375,https://walmart.com/ip/5153901801
19466168376,https://walmart.com/ip/5127146570
19466168377,https://walmart.com/ip/5150853550
19466168378,https://walmart.com/ip/5153901802
19466168380,https://walmart.com/ip/5123339309
19466168381,https://walmart.com/ip/5115480111
19466168382,https://walmart.com/ip/5156256816
19466168383,https://walmart.com/ip/5147012520
19466168384,https://walmart.com/ip/5153951151
19466168385,https://walmart.com/ip/5151067047
19466168386,https://walmart.com/ip/5122333942
19466168387,https://walmart.com/ip/5147012519
19466168388,https://walmart.com/ip/5153951149
19466168389,https://walmart.com/ip/5150853549
19466168390,https://walmart.com/ip/5119798088
19466168391,https://walmart.com/ip/5151810479
19466170707,https://walmart.com/ip/5173593695
19466170708,https://walmart.com/ip/5223166021
19466170709,https://walmart.com/ip/5176827375
19466170712,https://walmart.com/ip/5178837071
19466170713,https://walmart.com/ip/5170697018
19466170714,https://walmart.com/ip/5175094659
19466170717,https://walmart.com/ip/5217523644
19466170718,https://walmart.com/ip/5219272837
19466170719,https://walmart.com/ip/5215903555
19466170723,https://walmart.com/ip/5223056588
19466170724,https://walmart.com/ip/5219018933
19466170725,https://walmart.com/ip/5220919589
19466170728,https://walmart.com/ip/5215903557
19466170730,https://walmart.com/ip/5215903556
19466170732,https://walmart.com/ip/5223166022
19466170734,https://walmart.com/ip/5220204739
19466170738,https://walmart.com/ip/5218115550
19466170739,https://walmart.com/ip/5173643603
19466170742,https://walmart.com/ip/5175675175
19466170743,https://walmart.com/ip/5217523706
19466174597,https://walmart.com/ip/5273896570
19466174598,https://walmart.com/ip/5340203083
19466174599,https://walmart.com/ip/5348513771
19466174600,https://walmart.com/ip/5336861456
19466174601,https://walmart.com/ip/5265748465
19466174602,https://walmart.com/ip/5262692388
19466174603,https://walmart.com/ip/5512318806
19466174604,https://walmart.com/ip/5340153484
19466174605,https://walmart.com/ip/5347307812
19466174606,https://walmart.com/ip/5347257004
19466174607,https://walmart.com/ip/5348513770
19466174608,https://walmart.com/ip/5352224476
19466174609,https://walmart.com/ip/5262040215
19466174610,https://walmart.com/ip/5396499358
19466174611,https://walmart.com/ip/5346850806
19466174612,https://walmart.com/ip/5339423349
19466174613,https://walmart.com/ip/5262040216
19466174614,https://walmart.com/ip/5339423350
19466174615,https://walmart.com/ip/5347257005
19466174616,https://walmart.com/ip/5271939703
19466174617,https://walmart.com/ip/5396499359
19466174704,https://walmart.com/ip/5352174684
19466174706,https://walmart.com/ip/5341671908
19466174707,https://walmart.com/ip/5332058113
19466174708,https://walmart.com/ip/5266778459
19466174709,https://walmart.com/ip/5259680084
19466174710,https://walmart.com/ip/5338267804
19466174711,https://walmart.com/ip/5342702863
19466174712,https://walmart.com/ip/5395277275
19466174713,https://walmart.com/ip/5345959188
19466174714,https://walmart.com/ip/5342752669
19466174715,https://walmart.com/ip/5342702878
19466177113,https://walmart.com/ip/5772568247
19466177114,https://walmart.com/ip/5584699087
19466177115,https://walmart.com/ip/5582290720
19466177116,https://walmart.com/ip/5578492040
19466177117,https://walmart.com/ip/5781863495
19466177118,https://walmart.com/ip/5782556401
19466177119,https://walmart.com/ip/5584699088
19466178195,https://walmart.com/ip/7008808191
19466178196,https://walmart.com/ip/7023454699
19466178197,https://walmart.com/ip/7025712164
19466178198,https://walmart.com/ip/7018321261
19466178199,https://walmart.com/ip/7018011505
19466178200,https://walmart.com/ip/7023770882
19466178201,https://walmart.com/ip/7023404790
19466178202,https://walmart.com/ip/7033203315
19466178203,https://walmart.com/ip/7023454701
19466178204,https://walmart.com/ip/7040413594
19466178205,https://walmart.com/ip/7023504587
19466178206,https://walmart.com/ip/7013265497
19466178207,https://walmart.com/ip/7017255558
19466178208,https://walmart.com/ip/7019759461
19466178209,https://walmart.com/ip/7040463406
19466178210,https://walmart.com/ip/7040413592
19466178211,https://walmart.com/ip/7025369798
19466178212,https://walmart.com/ip/7024020130
19466178213,https://walmart.com/ip/7013917654
19466178214,https://walmart.com/ip/7013315961
19466178215,https://walmart.com/ip/7027010578
19466178216,https://walmart.com/ip/7008808193
19466178217,https://walmart.com/ip/7023820746
19466178218,https://walmart.com/ip/7023922503
19466178219,https://walmart.com/ip/7025662733
19466178220,https://walmart.com/ip/7041702564
19466178221,https://walmart.com/ip/7023720877
19466178222,https://walmart.com/ip/7023922996
19466178223,https://walmart.com/ip/7113602623
19466178224,https://walmart.com/ip/7102701027
19466178225,https://walmart.com/ip/7092055070
19466178226,https://walmart.com/ip/7085665834
19466178227,https://walmart.com/ip/7099314459
19466178228,https://walmart.com/ip/7092305573
19466178229,https://walmart.com/ip/7095104271
19466178230,https://walmart.com/ip/7098562501
19466178231,https://walmart.com/ip/7120524602
19466178232,https://walmart.com/ip/7094622217
19466178233,https://walmart.com/ip/7085715686
19466178234,https://walmart.com/ip/7085665836
19466178235,https://walmart.com/ip/7092055072
19466178236,https://walmart.com/ip/7099314455
19466178237,https://walmart.com/ip/7095154831
19466178238,https://walmart.com/ip/7104003262
19466178239,https://walmart.com/ip/7097920189
19466178240,https://walmart.com/ip/7095669191
19466178241,https://walmart.com/ip/7113552763
19466178242,https://walmart.com/ip/7098807964
19466178243,https://walmart.com/ip/7095154136
19466178244,https://walmart.com/ip/7120574527
19466178245,https://walmart.com/ip/7095519969
19466178246,https://walmart.com/ip/7113763135
19466178247,https://walmart.com/ip/7098512071
19466178248,https://walmart.com/ip/7091261210
19466178249,https://walmart.com/ip/7098923128
19466178250,https://walmart.com/ip/7104003266
19466178251,https://walmart.com/ip/7098562056
19466178252,https://walmart.com/ip/7099264103
19466178253,https://walmart.com/ip/7095104273
19466178254,https://walmart.com/ip/7102401842
19466178255,https://walmart.com/ip/7094622219
19466178256,https://walmart.com/ip/7091167469
19466178257,https://walmart.com/ip/7097920195
19466178258,https://walmart.com/ip/7099866605
19466178259,https://walmart.com/ip/7085765628
19466178260,https://walmart.com/ip/7102701514
19466178261,https://walmart.com/ip/7099314461
19466178262,https://walmart.com/ip/7095204474
19466178263,https://walmart.com/ip/7098210529
19466178264,https://walmart.com/ip/7098260493
19466178265,https://walmart.com/ip/7120524614
19466178266,https://walmart.com/ip/7099264623
19466178267,https://walmart.com/ip/7092155627
19466178268,https://walmart.com/ip/7097920193
19466178269,https://walmart.com/ip/7102701033
19466178270,https://walmart.com/ip/7113602629
19466178271,https://walmart.com/ip/7098210523
19466178272,https://walmart.com/ip/7098857582
19466178273,https://walmart.com/ip/7095154833
19466178274,https://walmart.com/ip/7120574529
19466178275,https://walmart.com/ip/7120524608
19466178276,https://walmart.com/ip/7120574970
19466178277,https://walmart.com/ip/7097920191
19466178278,https://walmart.com/ip/7124206344
19466178279,https://walmart.com/ip/7087859878
19466178280,https://walmart.com/ip/7078558173
19466178281,https://walmart.com/ip/7088721673
19466178282,https://walmart.com/ip/7103368130
19466178283,https://walmart.com/ip/7092222122
19466178284,https://walmart.com/ip/7095720534
19466178285,https://walmart.com/ip/7087859695
19466178286,https://walmart.com/ip/7089467427
19466178287,https://walmart.com/ip/7078508178
19466178288,https://walmart.com/ip/7096812532
19466178289,https://walmart.com/ip/7088861408
19466178290,https://walmart.com/ip/7093154063
19466178291,https://walmart.com/ip/7096812116
19466178292,https://walmart.com/ip/7111902024
19466178293,https://walmart.com/ip/7111752279
19466178294,https://walmart.com/ip/7121906321
19466178295,https://walmart.com/ip/7096110655
19466178296,https://walmart.com/ip/7096060641
19466178297,https://walmart.com/ip/7111702233
19466178298,https://walmart.com/ip/7118674821
19466178299,https://walmart.com/ip/7097223506
19466178300,https://walmart.com/ip/7088967982
19466178301,https://walmart.com/ip/7111913607
19466178302,https://walmart.com/ip/7095600269
19466178303,https://walmart.com/ip/7096010510
19466178304,https://walmart.com/ip/7083865566
19466178305,https://walmart.com/ip/7096160501
19466178306,https://walmart.com/ip/7111863636
19466178307,https://walmart.com/ip/7088571714
19466178308,https://walmart.com/ip/7103268857
19466178309,https://walmart.com/ip/7078558163
19466178310,https://walmart.com/ip/7088721535
19466178311,https://walmart.com/ip/7088861232
19466178312,https://walmart.com/ip/7095620728
19466178313,https://walmart.com/ip/7088671675
19466178314,https://walmart.com/ip/7096010766
19466178315,https://walmart.com/ip/7096060364
19466178316,https://walmart.com/ip/7093154929
19466178317,https://walmart.com/ip/7093154835
19466178318,https://walmart.com/ip/7111752093
19466178319,https://walmart.com/ip/7098016798
19466178320,https://walmart.com/ip/7095620010
19466179348,https://walmart.com/ip/5529897633
19466179349,https://walmart.com/ip/5691572568
19466179350,https://walmart.com/ip/5529897631
19466179351,https://walmart.com/ip/5683808671
19466179352,https://walmart.com/ip/5541291581
19466179353,https://walmart.com/ip/5699855818
19466179355,https://walmart.com/ip/5709352922
19466179356,https://walmart.com/ip/5696812253
19466179357,https://walmart.com/ip/5694167971
19466179358,https://walmart.com/ip/5691572567
19466179359,https://walmart.com/ip/5537240695
19466179360,https://walmart.com/ip/5708856973
19466179361,https://walmart.com/ip/5529897870
19466179362,https://walmart.com/ip/5696812254
19466179363,https://walmart.com/ip/5699973223
19466179364,https://walmart.com/ip/5532630054
19466179365,https://walmart.com/ip/5699973222
19466179366,https://walmart.com/ip/5709352246
19466179367,https://walmart.com/ip/5696654194
19466179368,https://walmart.com/ip/5533182310
19466179369,https://walmart.com/ip/5708856970
19466179370,https://walmart.com/ip/5529897632
19466179371,https://walmart.com/ip/5691572569
19466179372,https://walmart.com/ip/5709352247
19466179445,https://walmart.com/ip/6334112621
19466179446,https://walmart.com/ip/5924880087
19466179447,https://walmart.com/ip/5926644834
19466179448,https://walmart.com/ip/5926594377
19466179449,https://walmart.com/ip/5541337979
19466179450,https://walmart.com/ip/5691572571
19466179451,https://walmart.com/ip/5709057528
19466179452,https://walmart.com/ip/5541291582
19466179453,https://walmart.com/ip/6928264539
19466179454,https://walmart.com/ip/6955806998
19466179455,https://walmart.com/ip/6927009925
19466179456,https://walmart.com/ip/6935303733
19466179457,https://walmart.com/ip/6918515413
19466179458,https://walmart.com/ip/6927271237
19466179459,https://walmart.com/ip/6924311511
19466179460,https://walmart.com/ip/6936360259
19466179461,https://walmart.com/ip/6927221328
19466179462,https://walmart.com/ip/6945363350
19466179463,https://walmart.com/ip/6921155633
19466179464,https://walmart.com/ip/6918515411
19466179465,https://walmart.com/ip/6946252204
19466179466,https://walmart.com/ip/6933650933
19466179467,https://walmart.com/ip/5540749681
19466179468,https://walmart.com/ip/5703009326
19466179469,https://walmart.com/ip/5702959523
19466179470,https://walmart.com/ip/5702959522
19466179471,https://walmart.com/ip/5702959524
19466179472,https://walmart.com/ip/5541075348
19466179473,https://walmart.com/ip/5531544121
19466179474,https://walmart.com/ip/5539548128
19466179475,https://walmart.com/ip/5698750935
19466179476,https://walmart.com/ip/5703009328
19466179477,https://walmart.com/ip/5542728049
19466179478,https://walmart.com/ip/5694017374
19466179479,https://walmart.com/ip/5531544122
19466179480,https://walmart.com/ip/5705714065
19466179481,https://walmart.com/ip/5543339234
19466179482,https://walmart.com/ip/5709302043
19466179483,https://walmart.com/ip/5699269054
19466179484,https://walmart.com/ip/5696554949
19466179485,https://walmart.com/ip/5541075347
19466179486,https://walmart.com/ip/5709302042
19466179487,https://walmart.com/ip/5703009327
19466179488,https://walmart.com/ip/5688602331
19466179489,https://walmart.com/ip/5686024832
19466179490,https://walmart.com/ip/5532681301
19466179491,https://walmart.com/ip/5680105702
19466179492,https://walmart.com/ip/5529298873
19466179493,https://walmart.com/ip/5527895235
19466179494,https://walmart.com/ip/5679451267
19466179495,https://walmart.com/ip/5532681841
19466179496,https://walmart.com/ip/5688663427
19466179497,https://walmart.com/ip/5678204369
19466179498,https://walmart.com/ip/5688663425
19466179499,https://walmart.com/ip/5680105701
19466179500,https://walmart.com/ip/5677460139
19466179501,https://walmart.com/ip/5522194753
19466179502,https://walmart.com/ip/5679401574
19466179503,https://walmart.com/ip/5527945008
19466179504,https://walmart.com/ip/5679501301
19466179505,https://walmart.com/ip/5677965565
19466179506,https://walmart.com/ip/5519947024
19466179507,https://walmart.com/ip/5522194419
19466179508,https://walmart.com/ip/5531891161
19466179612,https://walmart.com/ip/5753729943
19466179613,https://walmart.com/ip/5738442605
19466179614,https://walmart.com/ip/6021915746
19466179615,https://walmart.com/ip/6011958647
19466179616,https://walmart.com/ip/6019917882
19466179617,https://walmart.com/ip/6025020191
19466179618,https://walmart.com/ip/5743941490
19466179619,https://walmart.com/ip/5738342530
19466179620,https://walmart.com/ip/6022160831
19466179621,https://walmart.com/ip/5742949152
19466179622,https://walmart.com/ip/6021915682
19466179623,https://walmart.com/ip/6022122988
19466179624,https://walmart.com/ip/5755578186
19466179625,https://walmart.com/ip/5746588942
19466179626,https://walmart.com/ip/6034624346
19466179627,https://walmart.com/ip/6019917084
19466179628,https://walmart.com/ip/5738292781
19466179629,https://walmart.com/ip/5755578781
19466179630,https://walmart.com/ip/5738292705
19466179631,https://walmart.com/ip/6012461142
19466179632,https://walmart.com/ip/6034624344
19466179633,https://walmart.com/ip/6019917948
19466179634,https://walmart.com/ip/6024920324
19466179635,https://walmart.com/ip/6022110034
19466179636,https://walmart.com/ip/6021915911
19466179637,https://walmart.com/ip/5746638892
19466179638,https://walmart.com/ip/6021173166
19466179639,https://walmart.com/ip/6039613830
19466179640,https://walmart.com/ip/5742432045
19466179641,https://walmart.com/ip/5743695287
19466179642,https://walmart.com/ip/6032616223
19466179643,https://walmart.com/ip/5743639878
19466179644,https://walmart.com/ip/6039713249
19466179645,https://walmart.com/ip/6027651376
19466179646,https://walmart.com/ip/6039713251
19466179647,https://walmart.com/ip/5755578282
19466179648,https://walmart.com/ip/6032566561
19466179649,https://walmart.com/ip/6021173570
19466179650,https://walmart.com/ip/5740940640
19466179651,https://walmart.com/ip/6022222362
19466179652,https://walmart.com/ip/5751525869
19466179653,https://walmart.com/ip/6027701100
19466179654,https://walmart.com/ip/5737230987
19466179655,https://walmart.com/ip/5738292288
19466179656,https://walmart.com/ip/6043856100
19466179657,https://walmart.com/ip/6019917514
19466179658,https://walmart.com/ip/6029050990
19466179659,https://walmart.com/ip/5743991676
19466179660,https://walmart.com/ip/6029018417
19466179661,https://walmart.com/ip/6022172158
19466179662,https://walmart.com/ip/6039713163
19466179663,https://walmart.com/ip/6021965287
19466179664,https://walmart.com/ip/6019967328
19466179665,https://walmart.com/ip/6021173578
19466179666,https://walmart.com/ip/6022110626
19466179667,https://walmart.com/ip/5742432037
19466179668,https://walmart.com/ip/6034624352
19466179669,https://walmart.com/ip/5742949258
19466179670,https://walmart.com/ip/7043324482
19466179671,https://walmart.com/ip/7044856054
19466179672,https://walmart.com/ip/7018254397
19466179673,https://walmart.com/ip/6019867456
19466179674,https://walmart.com/ip/5743639882
19466179675,https://walmart.com/ip/7019269897
19466179676,https://walmart.com/ip/7003608948
19466179677,https://walmart.com/ip/7011455774
19466179678,https://walmart.com/ip/5755578284
19466179679,https://walmart.com/ip/6019867988
19466179680,https://walmart.com/ip/7019422813
19466179681,https://walmart.com/ip/7012055504
19466179682,https://walmart.com/ip/7027601598
19466179683,https://walmart.com/ip/6012461146
19466179684,https://walmart.com/ip/6018712211
19466179685,https://walmart.com/ip/7013611202
19466179686,https://walmart.com/ip/7008415433
19466179687,https://walmart.com/ip/7022923422
19466179748,https://walmart.com/ip/5759987335
19466179749,https://walmart.com/ip/6043422820
19466179750,https://walmart.com/ip/6052603998
19466179751,https://walmart.com/ip/6043472867
19466179752,https://walmart.com/ip/6045070434
19466179753,https://walmart.com/ip/6062702285
19466179754,https://walmart.com/ip/6049359752
19466179755,https://walmart.com/ip/6041367612
19466179756,https://walmart.com/ip/6049209418
19466179757,https://walmart.com/ip/6035911780
19466179758,https://walmart.com/ip/6049359227
19466179759,https://walmart.com/ip/6043422812
19466179870,https://walmart.com/ip/5541233541
19466179871,https://walmart.com/ip/5539988950
19466179872,https://walmart.com/ip/5683608205
19466179873,https://walmart.com/ip/5677460142
19466179874,https://walmart.com/ip/5679501305
19466179875,https://walmart.com/ip/5527945010
19466179883,https://walmart.com/ip/6935516246
19466179884,https://walmart.com/ip/6934573646
19466179885,https://walmart.com/ip/6955806996
19466179886,https://walmart.com/ip/6934757475
19466179887,https://walmart.com/ip/6921155635
19466179888,https://walmart.com/ip/6938768162
19466179889,https://walmart.com/ip/6924311509
19466181123,https://walmart.com/ip/7094260856
19466181124,https://walmart.com/ip/7109602407
19466181125,https://walmart.com/ip/7090172986
19466181831,https://walmart.com/ip/5842190643
19466181832,https://walmart.com/ip/6180407530
19466181833,https://walmart.com/ip/5843941215
19466181834,https://walmart.com/ip/6191602596
19466181835,https://walmart.com/ip/5846489393
19466181836,https://walmart.com/ip/6166467509
19466181837,https://walmart.com/ip/8168772967
19466181838,https://walmart.com/ip/6172655738
19466181839,https://walmart.com/ip/6164911458
19466181840,https://walmart.com/ip/6168958315
19466181841,https://walmart.com/ip/6192613536
19466181842,https://walmart.com/ip/5841199208
19466181843,https://walmart.com/ip/5846389672
19466181844,https://walmart.com/ip/8173269074
19466181845,https://walmart.com/ip/6168908335
19466181846,https://walmart.com/ip/6193706031
19466181847,https://walmart.com/ip/6166517882
19466181848,https://walmart.com/ip/6168115178
19466181849,https://walmart.com/ip/6168858563
19466181850,https://walmart.com/ip/6172655314
19466181851,https://walmart.com/ip/8192074023
19466181852,https://walmart.com/ip/6191602588
19466181853,https://walmart.com/ip/6174820537
19466181854,https://walmart.com/ip/6182700689
19466181855,https://walmart.com/ip/6164911460
19466181856,https://walmart.com/ip/6175821942
19466181857,https://walmart.com/ip/6175871867
19466181858,https://walmart.com/ip/8168004764
19466182619,https://walmart.com/ip/5841682892
19466182620,https://walmart.com/ip/5838842938
19466182621,https://walmart.com/ip/5851479741
19466182622,https://walmart.com/ip/5850328738
19466188978,https://walmart.com/ip/12049964105
19466188979,https://walmart.com/ip/12057968392
19466188980,https://walmart.com/ip/12056754286
19466188981,https://walmart.com/ip/12106563190
19466188982,https://walmart.com/ip/12059403714
19466188983,https://walmart.com/ip/12047801507
19466188984,https://walmart.com/ip/12066802316
19466188985,https://walmart.com/ip/12072705746
19466188986,https://walmart.com/ip/12079272251
19466188987,https://walmart.com/ip/12069558413
19466188988,https://walmart.com/ip/12098801993
19466188989,https://walmart.com/ip/12057918786
19466188990,https://walmart.com/ip/12075470078
19466188991,https://walmart.com/ip/12066761187
19466188992,https://walmart.com/ip/12049014358
19466188993,https://walmart.com/ip/12066661849
19466188994,https://walmart.com/ip/12098851783
19466188995,https://walmart.com/ip/12053363641
19466188996,https://walmart.com/ip/12066811035
19466188997,https://walmart.com/ip/12049064601
19466188998,https://walmart.com/ip/12047851987
19466188999,https://walmart.com/ip/12047851985
19466189000,https://walmart.com/ip/12057918790
19466189001,https://walmart.com/ip/12047751532
19466189002,https://walmart.com/ip/12057704987
19466189003,https://walmart.com/ip/12057968390
19466189004,https://walmart.com/ip/12066802310
19466189005,https://walmart.com/ip/12076206724
19466189246,https://walmart.com/ip/12615005039
19466189248,https://walmart.com/ip/12604752511
19466189249,https://walmart.com/ip/12609457436
19466189250,https://walmart.com/ip/12590159887
40585916079,https://walmart.com/ip/765162907
40585916428,https://walmart.com/ip/820623877
40585916434,https://walmart.com/ip/728897964
40585916435,https://walmart.com/ip/892925570
40585916436,https://walmart.com/ip/348912563
40594913411,https://walmart.com/ip/229594909
40594913440,https://walmart.com/ip/545223583
40595472804,https://walmart.com/ip/408568043
40652582558,https://walmart.com/ip/400651374
40652582638,https://walmart.com/ip/906910139
40658893283,https://walmart.com/ip/2104003418
40658893285,https://walmart.com/ip/1550286510
40658893344,https://walmart.com/ip/1188019735
40658893472,https://walmart.com/ip/2049770084
40658893473,https://walmart.com/ip/1880053798
40658893480,https://walmart.com/ip/1459367159
7.16605E+11,https://walmart.com/ip/109815286
7.16605E+11,https://walmart.com/ip/150651474
7.16605E+11,https://walmart.com/ip/150867621
7.16605E+11,https://walmart.com/ip/228307932
7.16605E+11,https://walmart.com/ip/251565274
7.16605E+11,https://walmart.com/ip/292238425
7.16605E+11,https://walmart.com/ip/334130168
7.16605E+11,https://walmart.com/ip/364443461
7.16605E+11,https://walmart.com/ip/383875231
7.16605E+11,https://walmart.com/ip/393430135
7.16605E+11,https://walmart.com/ip/416008061
7.16605E+11,https://walmart.com/ip/424070848
7.16605E+11,https://walmart.com/ip/430382631
7.16605E+11,https://walmart.com/ip/494742860
7.16605E+11,https://walmart.com/ip/5196202195
7.16605E+11,https://walmart.com/ip/528680040
7.16605E+11,https://walmart.com/ip/563236312
7.16605E+11,https://walmart.com/ip/639996052
7.16605E+11,https://walmart.com/ip/660488400
7.16605E+11,https://walmart.com/ip/669477191
7.16605E+11,https://walmart.com/ip/680782356
7.16605E+11,https://walmart.com/ip/687507280
7.16605E+11,https://walmart.com/ip/727655490
7.16605E+11,https://walmart.com/ip/732416398
7.16605E+11,https://walmart.com/ip/740136580
7.16605E+11,https://walmart.com/ip/759114921
7.16605E+11,https://walmart.com/ip/789383336
7.16605E+11,https://walmart.com/ip/792315213
7.16605E+11,https://walmart.com/ip/809520055
7.16605E+11,https://walmart.com/ip/822383396
7.16605E+11,https://walmart.com/ip/838134839
7.16605E+11,https://walmart.com/ip/898873925
7.16605E+11,https://walmart.com/ip/953761799
7.16605E+11,https://walmart.com/ip/992924346
7.16606E+11,https://walmart.com/ip/234064358
7.16606E+11,https://walmart.com/ip/236838797
7.16606E+11,https://walmart.com/ip/276533321
7.16606E+11,https://walmart.com/ip/282539327
7.16606E+11,https://walmart.com/ip/287833829
7.16606E+11,https://walmart.com/ip/927254069
7.16606E+11,https://walmart.com/ip/996526532
7.37315E+11,https://walmart.com/ip/1316177481
71660500245,https://walmart.com/ip/615931892
71660500246,https://walmart.com/ip/952675286
71660500253,https://walmart.com/ip/120690708
71660500254,https://walmart.com/ip/987789622
71660500291,https://walmart.com/ip/366018370
71660500324,https://walmart.com/ip/552078379
71660500325,https://walmart.com/ip/316190839
71660500339,https://walmart.com/ip/700031604
71660500348,https://walmart.com/ip/336603068
71660501644,https://walmart.com/ip/686180147
71660501645,https://walmart.com/ip/966387189
71660501756,https://walmart.com/ip/402933765
71660501757,https://walmart.com/ip/836547391
71660501789,https://walmart.com/ip/932659440
71660502060,https://walmart.com/ip/252306603
71660502090,https://walmart.com/ip/144024223
71660502091,https://walmart.com/ip/914446543
71660502192,https://walmart.com/ip/180272076
71660502193,https://walmart.com/ip/735593094
71660502194,https://walmart.com/ip/521673277
71660502196,https://walmart.com/ip/134907686
71660502197,https://walmart.com/ip/653642680
71660502204,https://walmart.com/ip/890472684
71660502360,https://walmart.com/ip/682144226
71660502365,https://walmart.com/ip/964937167
71660502383,https://walmart.com/ip/357854182
71660502384,https://walmart.com/ip/849868093
71660502417,https://walmart.com/ip/35654646
71660502418,https://walmart.com/ip/35655781
71660502419,https://walmart.com/ip/35655779
71660502420,https://walmart.com/ip/35655778
71660502421,https://walmart.com/ip/35654677
71660502422,https://walmart.com/ip/35655780
71660502423,https://walmart.com/ip/35655772
71660502424,https://walmart.com/ip/35655777
71660502425,https://walmart.com/ip/35655775
71660502426,https://walmart.com/ip/35655774
71660502427,https://walmart.com/ip/35655773
71660502428,https://walmart.com/ip/35655776
71660502429,https://walmart.com/ip/35655782
71660502430,https://walmart.com/ip/35654460
71660502431,https://walmart.com/ip/35654548
71660502432,https://walmart.com/ip/35654579
71660502439,https://walmart.com/ip/35655783
71660502440,https://walmart.com/ip/35654539
71660502441,https://walmart.com/ip/35654514
71660502442,https://walmart.com/ip/35654679
71660502443,https://walmart.com/ip/36018222
71660502444,https://walmart.com/ip/36018221
71660502445,https://walmart.com/ip/35654515
71660502446,https://walmart.com/ip/35654778
71660502447,https://walmart.com/ip/35654811
71660502448,https://walmart.com/ip/35654574
71660502449,https://walmart.com/ip/35654463
71660502450,https://walmart.com/ip/35654494
71660502460,https://walmart.com/ip/36018220
71660502461,https://walmart.com/ip/35654481
71660502462,https://walmart.com/ip/35654775
71660502470,https://walmart.com/ip/619853042
71660502471,https://walmart.com/ip/339734592
71660502472,https://walmart.com/ip/868966768
71660502473,https://walmart.com/ip/35654774
71660502474,https://walmart.com/ip/35654491
71660502475,https://walmart.com/ip/35654456
71660502494,https://walmart.com/ip/35654493
71660502495,https://walmart.com/ip/35654465
71660502496,https://walmart.com/ip/35654523
71660502497,https://walmart.com/ip/35654649
71660502498,https://walmart.com/ip/35654815
71660502499,https://walmart.com/ip/35654779
71660502500,https://walmart.com/ip/35654461
71660502501,https://walmart.com/ip/35654495
71660502502,https://walmart.com/ip/35654453
71660502503,https://walmart.com/ip/35654462
71660502504,https://walmart.com/ip/35654478
71660502505,https://walmart.com/ip/35654464
71660502506,https://walmart.com/ip/35654492
71660502507,https://walmart.com/ip/35654490
71660502508,https://walmart.com/ip/36018214
71660502509,https://walmart.com/ip/35654511
71660502510,https://walmart.com/ip/35654509
71660502511,https://walmart.com/ip/35654520
71660502512,https://walmart.com/ip/35654571
71660502513,https://walmart.com/ip/36018216
71660502514,https://walmart.com/ip/36018215
71660502515,https://walmart.com/ip/35654535
71660502516,https://walmart.com/ip/35654546
71660502517,https://walmart.com/ip/36018218
71660502518,https://walmart.com/ip/35654576
71660502519,https://walmart.com/ip/36018219
71660502608,https://walmart.com/ip/726694253
71660502609,https://walmart.com/ip/243640983
71660502610,https://walmart.com/ip/935355441
71660502669,https://walmart.com/ip/146463152
71660502670,https://walmart.com/ip/995591543
71660502671,https://walmart.com/ip/830168809
71660502725,https://walmart.com/ip/778007746
71660502756,https://walmart.com/ip/558695204
71660502757,https://walmart.com/ip/792807009
71660502758,https://walmart.com/ip/395357551
71660502898,https://walmart.com/ip/633518914
71660502899,https://walmart.com/ip/800840144
71660502971,https://walmart.com/ip/826205114
71660502972,https://walmart.com/ip/448853192
71660503107,https://walmart.com/ip/192493766
71660503108,https://walmart.com/ip/133532845
71660503116,https://walmart.com/ip/569647217
71660503119,https://walmart.com/ip/330569084
71660503154,https://walmart.com/ip/679265474
71660503232,https://walmart.com/ip/49167167
71660503236,https://walmart.com/ip/49162798
71660503600,https://walmart.com/ip/795978952
71660503601,https://walmart.com/ip/611100671
71660503614,https://walmart.com/ip/834865304
71660503615,https://walmart.com/ip/815741920
71660503616,https://walmart.com/ip/230457853
71660503620,https://walmart.com/ip/530367844
71660503621,https://walmart.com/ip/741000154
71660503622,https://walmart.com/ip/926902449
71660503666,https://walmart.com/ip/595791175
71660503668,https://walmart.com/ip/535069491
71660503834,https://walmart.com/ip/934069899
71660503835,https://walmart.com/ip/687096259
71660503914,https://walmart.com/ip/370955280
71660503915,https://walmart.com/ip/305988886
71660503916,https://walmart.com/ip/576966430
71660503919,https://walmart.com/ip/200160659
71660505837,https://walmart.com/ip/49167163
71660505851,https://walmart.com/ip/472608546
71660506053,https://walmart.com/ip/120902647
71660506054,https://walmart.com/ip/844658450
71660506181,https://walmart.com/ip/828095083
71660506808,https://walmart.com/ip/367375099
71660506809,https://walmart.com/ip/411984757
71660506985,https://walmart.com/ip/14659837
71660506986,https://walmart.com/ip/14659838
71660507313,https://walmart.com/ip/34517923
71660507314,https://walmart.com/ip/34517924
71660507315,https://walmart.com/ip/34517920
71660507316,https://walmart.com/ip/34517913
71660507317,https://walmart.com/ip/34517910
71660507318,https://walmart.com/ip/34517921
71660507319,https://walmart.com/ip/34517903
71660507320,https://walmart.com/ip/34517590
71660507321,https://walmart.com/ip/34517594
71660507322,https://walmart.com/ip/34517584
71660507323,https://walmart.com/ip/34517581
71660507324,https://walmart.com/ip/34517579
71660507325,https://walmart.com/ip/34517587
71660507326,https://walmart.com/ip/34517577
71660507585,https://walmart.com/ip/467431139
71660507786,https://walmart.com/ip/154856063
71660507830,https://walmart.com/ip/369527345
71660507831,https://walmart.com/ip/403646964
71660507832,https://walmart.com/ip/680621542
71660507835,https://walmart.com/ip/394563729
71660507836,https://walmart.com/ip/210756555
71660507879,https://walmart.com/ip/487941918
71660507890,https://walmart.com/ip/178331053
71660508001,https://walmart.com/ip/620623607
71660508002,https://walmart.com/ip/556058574
71660508006,https://walmart.com/ip/875634199
71660508010,https://walmart.com/ip/544489362
71660508045,https://walmart.com/ip/727636081
71660508138,https://walmart.com/ip/756069884
71660508139,https://walmart.com/ip/221347859
71660508150,https://walmart.com/ip/422707384
71660508151,https://walmart.com/ip/387063961
71660508152,https://walmart.com/ip/694307969
71660508308,https://walmart.com/ip/46090781
71660508326,https://walmart.com/ip/247279138
71660508398,https://walmart.com/ip/372568074
71660508399,https://walmart.com/ip/661341435
71660508401,https://walmart.com/ip/516119741
71660508402,https://walmart.com/ip/421045704
71660508413,https://walmart.com/ip/691187225
71660508431,https://walmart.com/ip/352453904
71660508479,https://walmart.com/ip/54262168
71660508480,https://walmart.com/ip/54262171
71660509657,https://walmart.com/ip/55482515
71660509658,https://walmart.com/ip/55482518
71660509796,https://walmart.com/ip/408613473
71660510075,https://walmart.com/ip/865748563
71660510076,https://walmart.com/ip/290823973
71660510874,https://walmart.com/ip/430971174
71660510899,https://walmart.com/ip/176446682
71660510900,https://walmart.com/ip/568581018
71660510906,https://walmart.com/ip/342190068
71660510907,https://walmart.com/ip/659095206
71660510908,https://walmart.com/ip/659367211
71660511037,https://walmart.com/ip/862449508
71660511046,https://walmart.com/ip/570740624
71660511048,https://walmart.com/ip/674068200
71660511050,https://walmart.com/ip/659857305
71660511053,https://walmart.com/ip/623509717
71660511054,https://walmart.com/ip/413514645
71660511066,https://walmart.com/ip/742080830
71660511071,https://walmart.com/ip/649220500
71660511076,https://walmart.com/ip/598936927
71660511085,https://walmart.com/ip/531174673
71660511194,https://walmart.com/ip/34517775
71660511195,https://walmart.com/ip/34517780
71660511196,https://walmart.com/ip/34517766
71660511197,https://walmart.com/ip/34517760
71660511198,https://walmart.com/ip/34517755
71660511199,https://walmart.com/ip/34517770
71660511206,https://walmart.com/ip/34517748
71660511207,https://walmart.com/ip/34517649
71660511208,https://walmart.com/ip/34517650
71660511209,https://walmart.com/ip/34517647
71660511210,https://walmart.com/ip/34517646
71660511211,https://walmart.com/ip/34517645
71660511212,https://walmart.com/ip/34517648
71660511213,https://walmart.com/ip/34517644
71660511247,https://walmart.com/ip/49167164
71660511290,https://walmart.com/ip/34517715
71660511291,https://walmart.com/ip/34517717
71660511292,https://walmart.com/ip/34517713
71660511293,https://walmart.com/ip/34517712
71660511294,https://walmart.com/ip/34517711
71660511295,https://walmart.com/ip/34517714
71660511296,https://walmart.com/ip/34517710
71660511297,https://walmart.com/ip/34517706
71660511298,https://walmart.com/ip/34517708
71660511299,https://walmart.com/ip/34517695
71660511300,https://walmart.com/ip/34517688
71660511319,https://walmart.com/ip/34517682
71660511320,https://walmart.com/ip/34517703
71660511321,https://walmart.com/ip/34517672
71660511325,https://walmart.com/ip/49165735
71660511326,https://walmart.com/ip/49165742
71660511327,https://walmart.com/ip/49165733
71660511337,https://walmart.com/ip/49165725
71660511338,https://walmart.com/ip/49165727
71660511339,https://walmart.com/ip/49165722
71660511340,https://walmart.com/ip/49165721
71660511341,https://walmart.com/ip/49165720
71660511347,https://walmart.com/ip/49165724
71660511348,https://walmart.com/ip/49165719
71660511349,https://walmart.com/ip/49165731
71660511350,https://walmart.com/ip/49165732
71660511351,https://walmart.com/ip/49165729
71660511369,https://walmart.com/ip/49165728
71660511370,https://walmart.com/ip/49165726
71660511371,https://walmart.com/ip/49165730
71660511372,https://walmart.com/ip/49165723
71660511373,https://walmart.com/ip/49165749
71660511374,https://walmart.com/ip/49165750
71660511381,https://walmart.com/ip/49165734
71660511382,https://walmart.com/ip/49165736
71660511383,https://walmart.com/ip/49165738
71660511384,https://walmart.com/ip/49165741
71660511385,https://walmart.com/ip/49165747
71660511386,https://walmart.com/ip/49167143
71660511394,https://walmart.com/ip/548248806
71660511395,https://walmart.com/ip/714737089
71660511398,https://walmart.com/ip/224066824
71660511399,https://walmart.com/ip/49167145
71660511400,https://walmart.com/ip/49167134
71660511401,https://walmart.com/ip/49167135
71660511402,https://walmart.com/ip/49167138
71660511444,https://walmart.com/ip/319745312
71660511445,https://walmart.com/ip/760424055
71660511447,https://walmart.com/ip/622521384
71660511448,https://walmart.com/ip/363919608
71660511512,https://walmart.com/ip/34517890
71660511513,https://walmart.com/ip/34517892
71660511514,https://walmart.com/ip/34517894
71660511515,https://walmart.com/ip/34517896
71660511516,https://walmart.com/ip/34517898
71660511517,https://walmart.com/ip/34517899
71660511518,https://walmart.com/ip/34517901
71660511520,https://walmart.com/ip/34517833
71660511521,https://walmart.com/ip/34517841
71660511522,https://walmart.com/ip/34517847
71660511523,https://walmart.com/ip/34517853
71660511524,https://walmart.com/ip/34517858
71660511525,https://walmart.com/ip/34517863
71660511526,https://walmart.com/ip/34517868
71660511588,https://walmart.com/ip/34517791
71660511589,https://walmart.com/ip/34517793
71660511590,https://walmart.com/ip/34517795
71660511591,https://walmart.com/ip/34517797
71660511594,https://walmart.com/ip/34517798
71660511595,https://walmart.com/ip/34517799
71660511596,https://walmart.com/ip/34517800
71660511598,https://walmart.com/ip/47147166
71660511599,https://walmart.com/ip/47147154
71660511600,https://walmart.com/ip/47147168
71660511601,https://walmart.com/ip/47147158
71660511602,https://walmart.com/ip/47147161
71660511603,https://walmart.com/ip/47147164
71660511604,https://walmart.com/ip/47147169
71660511614,https://walmart.com/ip/34517828
71660511615,https://walmart.com/ip/34517836
71660511616,https://walmart.com/ip/34517844
71660511617,https://walmart.com/ip/34517849
71660511624,https://walmart.com/ip/34517855
71660511625,https://walmart.com/ip/34517861
71660511626,https://walmart.com/ip/34517866
71660511628,https://walmart.com/ip/34517904
71660511629,https://walmart.com/ip/34517905
71660511640,https://walmart.com/ip/34517909
71660511641,https://walmart.com/ip/34517911
71660511642,https://walmart.com/ip/34517914
71660511643,https://walmart.com/ip/34517916
71660511644,https://walmart.com/ip/34517926
71660511646,https://walmart.com/ip/34517918
71660511647,https://walmart.com/ip/34517927
71660511648,https://walmart.com/ip/34517929
71660511649,https://walmart.com/ip/34517934
71660511652,https://walmart.com/ip/34517937
71660511653,https://walmart.com/ip/34517939
71660511654,https://walmart.com/ip/34517941
71660511662,https://walmart.com/ip/34517528
71660511663,https://walmart.com/ip/34517535
71660511664,https://walmart.com/ip/34517539
71660511665,https://walmart.com/ip/34517543
71660511666,https://walmart.com/ip/34517548
71660511667,https://walmart.com/ip/34517553
71660511668,https://walmart.com/ip/34517557
71660511670,https://walmart.com/ip/34517604
71660511671,https://walmart.com/ip/34517611
71660511672,https://walmart.com/ip/34517616
71660511673,https://walmart.com/ip/34517621
71660511674,https://walmart.com/ip/34517628
71660511675,https://walmart.com/ip/34517632
71660511676,https://walmart.com/ip/34517634
71660511678,https://walmart.com/ip/34517573
71660511687,https://walmart.com/ip/34517562
71660511688,https://walmart.com/ip/34517566
71660511689,https://walmart.com/ip/34517568
71660511690,https://walmart.com/ip/34517570
71660511703,https://walmart.com/ip/34517571
71660511704,https://walmart.com/ip/34517572
71660511751,https://walmart.com/ip/34517862
71660511758,https://walmart.com/ip/34517823
71660511759,https://walmart.com/ip/34517826
71660511760,https://walmart.com/ip/34517830
71660511761,https://walmart.com/ip/34517835
71660511762,https://walmart.com/ip/34517850
71660511763,https://walmart.com/ip/34517856
71660511771,https://walmart.com/ip/34517935
71660511772,https://walmart.com/ip/34517906
71660511773,https://walmart.com/ip/34517907
71660511774,https://walmart.com/ip/34517928
71660511775,https://walmart.com/ip/34517930
71660511776,https://walmart.com/ip/34517931
71660511815,https://walmart.com/ip/34517932
71660511816,https://walmart.com/ip/34517942
71660511817,https://walmart.com/ip/34517922
71660511818,https://walmart.com/ip/34517925
71660511819,https://walmart.com/ip/34517933
71660511820,https://walmart.com/ip/34517936
71660511821,https://walmart.com/ip/34517938
71660511822,https://walmart.com/ip/34517940
71660511835,https://walmart.com/ip/34517643
71660511836,https://walmart.com/ip/34517635
71660511837,https://walmart.com/ip/34517638
71660511841,https://walmart.com/ip/34517639
71660511842,https://walmart.com/ip/34517640
71660511843,https://walmart.com/ip/34517641
71660511850,https://walmart.com/ip/34517642
71660511851,https://walmart.com/ip/34517637
71660511852,https://walmart.com/ip/34517619
71660511853,https://walmart.com/ip/34517624
71660511854,https://walmart.com/ip/34517627
71660511855,https://walmart.com/ip/34517631
71660511856,https://walmart.com/ip/34517633
71660511857,https://walmart.com/ip/34517636
71660511858,https://walmart.com/ip/34517699
71660511859,https://walmart.com/ip/34517666
71660511860,https://walmart.com/ip/34517670
71660511861,https://walmart.com/ip/34517678
71660511862,https://walmart.com/ip/34517681
71660511863,https://walmart.com/ip/34517687
71660511870,https://walmart.com/ip/34517694
71660511874,https://walmart.com/ip/34517785
71660511875,https://walmart.com/ip/34517757
71660511876,https://walmart.com/ip/34517764
71660511877,https://walmart.com/ip/34517772
71660511878,https://walmart.com/ip/34517777
71660511879,https://walmart.com/ip/34517781
71660511880,https://walmart.com/ip/34517783
71660511881,https://walmart.com/ip/34517887
71660511882,https://walmart.com/ip/34517881
71660511895,https://walmart.com/ip/34517882
71660511899,https://walmart.com/ip/34517883
71660511900,https://walmart.com/ip/34517884
71660511913,https://walmart.com/ip/34517885
71660511914,https://walmart.com/ip/34517886
71660511915,https://walmart.com/ip/34517754
71660511930,https://walmart.com/ip/34517738
71660511931,https://walmart.com/ip/34517742
71660511932,https://walmart.com/ip/34517745
71660511933,https://walmart.com/ip/34517750
71660511934,https://walmart.com/ip/34517879
71660511941,https://walmart.com/ip/34517864
71660511942,https://walmart.com/ip/34517872
71660511943,https://walmart.com/ip/34517875
71660511944,https://walmart.com/ip/34517877
71660511952,https://walmart.com/ip/34517517
71660511961,https://walmart.com/ip/34517503
71660511962,https://walmart.com/ip/34517505
71660511963,https://walmart.com/ip/34517506
71660511964,https://walmart.com/ip/34517511
71660511966,https://walmart.com/ip/807229572
71660511969,https://walmart.com/ip/286938245
71660511970,https://walmart.com/ip/218811814
71660511972,https://walmart.com/ip/49165895
71660511992,https://walmart.com/ip/49165897
71660511993,https://walmart.com/ip/49165891
71660511994,https://walmart.com/ip/49165889
71660511995,https://walmart.com/ip/49165887
71660511999,https://walmart.com/ip/34517507
71660512000,https://walmart.com/ip/34517514
71660512001,https://walmart.com/ip/34517521
71660512012,https://walmart.com/ip/34517524
71660512018,https://walmart.com/ip/34517536
71660512019,https://walmart.com/ip/34517545
71660512020,https://walmart.com/ip/34517550
71660512021,https://walmart.com/ip/34517559
71660512025,https://walmart.com/ip/34517598
71660512026,https://walmart.com/ip/34517603
71660512027,https://walmart.com/ip/34517608
71660512028,https://walmart.com/ip/34517615
71660512030,https://walmart.com/ip/34517716
71660512031,https://walmart.com/ip/34517718
71660512032,https://walmart.com/ip/34517719
71660512033,https://walmart.com/ip/34517720
71660512034,https://walmart.com/ip/34517721
71660512035,https://walmart.com/ip/34517722
71660512037,https://walmart.com/ip/34517729
71660512038,https://walmart.com/ip/34517731
71660512039,https://walmart.com/ip/34517733
71660512040,https://walmart.com/ip/34517735
71660512041,https://walmart.com/ip/34517737
71660512042,https://walmart.com/ip/34517741
71660512051,https://walmart.com/ip/34517808
71660512052,https://walmart.com/ip/34517810
71660512053,https://walmart.com/ip/34517812
71660512054,https://walmart.com/ip/34517814
71660512055,https://walmart.com/ip/34517816
71660512056,https://walmart.com/ip/34517818
71660512086,https://walmart.com/ip/34517502
71660512087,https://walmart.com/ip/34517504
71660512088,https://walmart.com/ip/34517508
71660512089,https://walmart.com/ip/34517512
71660512090,https://walmart.com/ip/34517518
71660512091,https://walmart.com/ip/34517522
71660512092,https://walmart.com/ip/34517662
71660512093,https://walmart.com/ip/34517654
71660512094,https://walmart.com/ip/34517656
71660512095,https://walmart.com/ip/34517658
71660512096,https://walmart.com/ip/34517660
71660512097,https://walmart.com/ip/34517665
71660512099,https://walmart.com/ip/34517606
71660512100,https://walmart.com/ip/34517586
71660512101,https://walmart.com/ip/34517592
71660512102,https://walmart.com/ip/34517595
71660512103,https://walmart.com/ip/34517600
71660512104,https://walmart.com/ip/34517612
71660512113,https://walmart.com/ip/34517657
71660512114,https://walmart.com/ip/34517651
71660512115,https://walmart.com/ip/34517652
71660512116,https://walmart.com/ip/34517653
71660512117,https://walmart.com/ip/34517655
71660512118,https://walmart.com/ip/34517659
71660512120,https://walmart.com/ip/34517582
71660512121,https://walmart.com/ip/34517585
71660512122,https://walmart.com/ip/34517589
71660512134,https://walmart.com/ip/34517593
71660512135,https://walmart.com/ip/34517597
71660512136,https://walmart.com/ip/34517602
71660512198,https://walmart.com/ip/127575943
71660512199,https://walmart.com/ip/697787080
71660512200,https://walmart.com/ip/158995668
71660512201,https://walmart.com/ip/843477853
71660512202,https://walmart.com/ip/592464257
71660512203,https://walmart.com/ip/744641059
71660512225,https://walmart.com/ip/848264275
71660512226,https://walmart.com/ip/553800871
71660512227,https://walmart.com/ip/802926426
71660512230,https://walmart.com/ip/625477841
71660512231,https://walmart.com/ip/556023169
71660512236,https://walmart.com/ip/106265015
71660512253,https://walmart.com/ip/574704157
71660512254,https://walmart.com/ip/217630562
71660512255,https://walmart.com/ip/863758980
71660512256,https://walmart.com/ip/692394351
71660512257,https://walmart.com/ip/714310834
71660512258,https://walmart.com/ip/437827278
71660512301,https://walmart.com/ip/430726816
71660512302,https://walmart.com/ip/735825538
71660512303,https://walmart.com/ip/731692860
71660512304,https://walmart.com/ip/639260805
71660512305,https://walmart.com/ip/542964930
71660512306,https://walmart.com/ip/946972445
71660512307,https://walmart.com/ip/865849784
71660512308,https://walmart.com/ip/272774658
71660512311,https://walmart.com/ip/786206061
71660512312,https://walmart.com/ip/649377187
71660512319,https://walmart.com/ip/817791493
71660512320,https://walmart.com/ip/391663188
71660512321,https://walmart.com/ip/118278864
71660512322,https://walmart.com/ip/652904892
71660512323,https://walmart.com/ip/544537896
71660512326,https://walmart.com/ip/106940273
71660512327,https://walmart.com/ip/776987925
71660512328,https://walmart.com/ip/172772939
71660512329,https://walmart.com/ip/403211646
71660512330,https://walmart.com/ip/448569110
71660512331,https://walmart.com/ip/706193865
71660512332,https://walmart.com/ip/760064388
71660512335,https://walmart.com/ip/879040923
71660512336,https://walmart.com/ip/891659793
71660512349,https://walmart.com/ip/141162121
71660512350,https://walmart.com/ip/236357092
71660512351,https://walmart.com/ip/317154475
71660512352,https://walmart.com/ip/149080822
71660512356,https://walmart.com/ip/928239988
71660512357,https://walmart.com/ip/989949850
71660512358,https://walmart.com/ip/286924299
71660512359,https://walmart.com/ip/899511670
71660512360,https://walmart.com/ip/680300388
71660512369,https://walmart.com/ip/746782371
71660512380,https://walmart.com/ip/357461183
71660512381,https://walmart.com/ip/737466098
71660512384,https://walmart.com/ip/235609396
71660512385,https://walmart.com/ip/274668104
71660512386,https://walmart.com/ip/880134338
71660512387,https://walmart.com/ip/143860139
71660512388,https://walmart.com/ip/440145605
71660512390,https://walmart.com/ip/461329176
71660512391,https://walmart.com/ip/523813449
71660512392,https://walmart.com/ip/756253296
71660512393,https://walmart.com/ip/138956049
71660512394,https://walmart.com/ip/806089594
71660512395,https://walmart.com/ip/874682561
71660512396,https://walmart.com/ip/263302856
71660512397,https://walmart.com/ip/511169160
71660512398,https://walmart.com/ip/848461221
71660512399,https://walmart.com/ip/472027554
71660512400,https://walmart.com/ip/919762703
71660512401,https://walmart.com/ip/747329898
71660512402,https://walmart.com/ip/242836475
71660512415,https://walmart.com/ip/441585474
71660512442,https://walmart.com/ip/840769599
71660512443,https://walmart.com/ip/842843540
71660512645,https://walmart.com/ip/643160811
71660512646,https://walmart.com/ip/618736319
71660512713,https://walmart.com/ip/740378584
71660512811,https://walmart.com/ip/232445091
71660512812,https://walmart.com/ip/699844893
71660512855,https://walmart.com/ip/257833329
71660512856,https://walmart.com/ip/255470360
71660512913,https://walmart.com/ip/550126985
71660512914,https://walmart.com/ip/235483287
71660512915,https://walmart.com/ip/399020734
71660512916,https://walmart.com/ip/128510057
71660512917,https://walmart.com/ip/125882508
71660512918,https://walmart.com/ip/136793014
71660513171,https://walmart.com/ip/966174920
71660513172,https://walmart.com/ip/509530574
71660513261,https://walmart.com/ip/467193650
71660513317,https://walmart.com/ip/736957604
71660513318,https://walmart.com/ip/320392521
71660513319,https://walmart.com/ip/630653655
71660513320,https://walmart.com/ip/694202762
71660513321,https://walmart.com/ip/745372192
71660513322,https://walmart.com/ip/419617523
71660513363,https://walmart.com/ip/676645283
71660513365,https://walmart.com/ip/382046186
71660513366,https://walmart.com/ip/688188492
71660513367,https://walmart.com/ip/470719620
71660513368,https://walmart.com/ip/691544934
71660513471,https://walmart.com/ip/149614432
71660513472,https://walmart.com/ip/513755249
71660513473,https://walmart.com/ip/765617042
71660513474,https://walmart.com/ip/339454255
71660513649,https://walmart.com/ip/571616055
71660513650,https://walmart.com/ip/169848742
71660513651,https://walmart.com/ip/771111183
71660513652,https://walmart.com/ip/872585581
71660513653,https://walmart.com/ip/386973128
71660513654,https://walmart.com/ip/997610367
71660513661,https://walmart.com/ip/271953058
71660513662,https://walmart.com/ip/982721465
71660513663,https://walmart.com/ip/436713484
71660513664,https://walmart.com/ip/469530387
71660513847,https://walmart.com/ip/46045655
71660513848,https://walmart.com/ip/46045653
71660513849,https://walmart.com/ip/46045647
71660513871,https://walmart.com/ip/46045657
71660513872,https://walmart.com/ip/46045645
71660513880,https://walmart.com/ip/954079075
71660513881,https://walmart.com/ip/399349345
71660513882,https://walmart.com/ip/612231781
71660513883,https://walmart.com/ip/704948844
71660513884,https://walmart.com/ip/673249055
71660513885,https://walmart.com/ip/799690128
71660513911,https://walmart.com/ip/46042858
71660513912,https://walmart.com/ip/46042856
71660513913,https://walmart.com/ip/46042855
71660513914,https://walmart.com/ip/46042860
71660513915,https://walmart.com/ip/46042852
71660513936,https://walmart.com/ip/46042872
71660513937,https://walmart.com/ip/46042870
71660513938,https://walmart.com/ip/46045493
71660513939,https://walmart.com/ip/46042874
71660513958,https://walmart.com/ip/46042868
71660514305,https://walmart.com/ip/846377690
71660514306,https://walmart.com/ip/323367188
71660514307,https://walmart.com/ip/434044179
71660514644,https://walmart.com/ip/354669306
71660514645,https://walmart.com/ip/124929151
71660514684,https://walmart.com/ip/554626494
71660514685,https://walmart.com/ip/534228956
71660514686,https://walmart.com/ip/909687053
71660514687,https://walmart.com/ip/594126613
71660514692,https://walmart.com/ip/992527615
71660514693,https://walmart.com/ip/700654288
71660514694,https://walmart.com/ip/478739294
71660514698,https://walmart.com/ip/245318999
71660514699,https://walmart.com/ip/287289701
71660514700,https://walmart.com/ip/809828513
71660514710,https://walmart.com/ip/947543626
71660514733,https://walmart.com/ip/302958484
71660514770,https://walmart.com/ip/193238215
71660514771,https://walmart.com/ip/148543932
71660514772,https://walmart.com/ip/110470673
71660514812,https://walmart.com/ip/746001179
71660514813,https://walmart.com/ip/499790131
71660514814,https://walmart.com/ip/200295024
71660514828,https://walmart.com/ip/650817882
71660514844,https://walmart.com/ip/206036256
71660514846,https://walmart.com/ip/787495004
71660514853,https://walmart.com/ip/588319390
71660514866,https://walmart.com/ip/336328534
71660514867,https://walmart.com/ip/317633674
71660514895,https://walmart.com/ip/214092346
71660514896,https://walmart.com/ip/707926879
71660514992,https://walmart.com/ip/522364547
71660514993,https://walmart.com/ip/455885401
71660515006,https://walmart.com/ip/594210680
71660515012,https://walmart.com/ip/334496678
71660515015,https://walmart.com/ip/700262095
71660515016,https://walmart.com/ip/254152802
71660515018,https://walmart.com/ip/357407217
71660515019,https://walmart.com/ip/324999366
71660515020,https://walmart.com/ip/589352408
71660515037,https://walmart.com/ip/570261484
71660515090,https://walmart.com/ip/266009617
71660515100,https://walmart.com/ip/560741848
71660515116,https://walmart.com/ip/216668318
71660515119,https://walmart.com/ip/800467944
71660515270,https://walmart.com/ip/383418408
71660515271,https://walmart.com/ip/226218058
71660515291,https://walmart.com/ip/793726001
71660515292,https://walmart.com/ip/198052814
71660515293,https://walmart.com/ip/949750796
71660515477,https://walmart.com/ip/226640571
71660515480,https://walmart.com/ip/622666873
71660515481,https://walmart.com/ip/581559994
71660515603,https://walmart.com/ip/634981071
71660515605,https://walmart.com/ip/441183804
71660515606,https://walmart.com/ip/356472730
71660515607,https://walmart.com/ip/266978893
71660515716,https://walmart.com/ip/716159413
71660515717,https://walmart.com/ip/112577770
71660515718,https://walmart.com/ip/111817727
71660515719,https://walmart.com/ip/327009140
71660515721,https://walmart.com/ip/933792496
71660515727,https://walmart.com/ip/369588758
71660515814,https://walmart.com/ip/620654561
71660515815,https://walmart.com/ip/310455405
71660515816,https://walmart.com/ip/956213325
71660515819,https://walmart.com/ip/148655386
71660515840,https://walmart.com/ip/980692591
71660515904,https://walmart.com/ip/452286094
71660515905,https://walmart.com/ip/747229827
71660515906,https://walmart.com/ip/282586988
71660515907,https://walmart.com/ip/656556301
71660515908,https://walmart.com/ip/646532289
71660515909,https://walmart.com/ip/406787878
71660515982,https://walmart.com/ip/747374749
71660515992,https://walmart.com/ip/380896953
71660515993,https://walmart.com/ip/800562624
71660516014,https://walmart.com/ip/34517880
71660516015,https://walmart.com/ip/34517852
71660516016,https://walmart.com/ip/34517867
71660516017,https://walmart.com/ip/34517870
71660516018,https://walmart.com/ip/34517873
71660516019,https://walmart.com/ip/34517876
71660516020,https://walmart.com/ip/34517878
71660516035,https://walmart.com/ip/34517565
71660516036,https://walmart.com/ip/34517513
71660516043,https://walmart.com/ip/955822894
71660516044,https://walmart.com/ip/346804074
71660516045,https://walmart.com/ip/790479193
71660516046,https://walmart.com/ip/614786328
71660516052,https://walmart.com/ip/225080042
71660516073,https://walmart.com/ip/34517529
71660516074,https://walmart.com/ip/34517534
71660516075,https://walmart.com/ip/34517541
71660516076,https://walmart.com/ip/34517547
71660516077,https://walmart.com/ip/34517554
71660516078,https://walmart.com/ip/34517786
71660516079,https://walmart.com/ip/34517762
71660516080,https://walmart.com/ip/34517768
71660516089,https://walmart.com/ip/34517773
71660516090,https://walmart.com/ip/34517778
71660516091,https://walmart.com/ip/34517782
71660516092,https://walmart.com/ip/34517784
71660516093,https://walmart.com/ip/34517869
71660516094,https://walmart.com/ip/34517838
71660516095,https://walmart.com/ip/34517843
71660516096,https://walmart.com/ip/34517848
71660516105,https://walmart.com/ip/34517854
71660516114,https://walmart.com/ip/34517859
71660516115,https://walmart.com/ip/34517865
71660516116,https://walmart.com/ip/34517746
71660516117,https://walmart.com/ip/34517730
71660516118,https://walmart.com/ip/34517732
71660516119,https://walmart.com/ip/34517734
71660516120,https://walmart.com/ip/34517736
71660516121,https://walmart.com/ip/34517740
71660516122,https://walmart.com/ip/34517743
71660516134,https://walmart.com/ip/34517599
71660516135,https://walmart.com/ip/34517607
71660516169,https://walmart.com/ip/462348515
71660516170,https://walmart.com/ip/935674466
71660516171,https://walmart.com/ip/34517613
71660516172,https://walmart.com/ip/34517618
71660516175,https://walmart.com/ip/34517623
71660516176,https://walmart.com/ip/34517626
71660516177,https://walmart.com/ip/34517630
71660516189,https://walmart.com/ip/34517661
71660516190,https://walmart.com/ip/34517663
71660516191,https://walmart.com/ip/34517667
71660516192,https://walmart.com/ip/34517671
71660516193,https://walmart.com/ip/34517676
71660516196,https://walmart.com/ip/34517576
71660516197,https://walmart.com/ip/34517578
71660516208,https://walmart.com/ip/34517580
71660516209,https://walmart.com/ip/939808839
71660516212,https://walmart.com/ip/949301361
71660516213,https://walmart.com/ip/779915852
71660516217,https://walmart.com/ip/34517583
71660516220,https://walmart.com/ip/34517588
71660516221,https://walmart.com/ip/34517664
71660516222,https://walmart.com/ip/34517669
71660516223,https://walmart.com/ip/34517674
71660516224,https://walmart.com/ip/34517680
71660516225,https://walmart.com/ip/34517685
71660516226,https://walmart.com/ip/34517690
71660516227,https://walmart.com/ip/34517696
71660516231,https://walmart.com/ip/34517675
71660516243,https://walmart.com/ip/34517683
71660516244,https://walmart.com/ip/34517689
71660516246,https://walmart.com/ip/34517701
71660516319,https://walmart.com/ip/648950949
71660516320,https://walmart.com/ip/838136755
71660516377,https://walmart.com/ip/873806139
71660516378,https://walmart.com/ip/577981366
71660516379,https://walmart.com/ip/246592954
71660516380,https://walmart.com/ip/677976958
71660516381,https://walmart.com/ip/897103017
71660516382,https://walmart.com/ip/965985256
71660516383,https://walmart.com/ip/549899701
71660516384,https://walmart.com/ip/763195906
71660516641,https://walmart.com/ip/430012276
71660516644,https://walmart.com/ip/885812485
71660516645,https://walmart.com/ip/772477993
71660516851,https://walmart.com/ip/34517610
71660516852,https://walmart.com/ip/34517617
71660516853,https://walmart.com/ip/34517622
71660516854,https://walmart.com/ip/34517625
71660516855,https://walmart.com/ip/34517629
71660516860,https://walmart.com/ip/34517668
71660516861,https://walmart.com/ip/34517673
71660516862,https://walmart.com/ip/34517679
71660516863,https://walmart.com/ip/34517686
71660516864,https://walmart.com/ip/34517693
71660516865,https://walmart.com/ip/34517702
71660516867,https://walmart.com/ip/34517705
71660516869,https://walmart.com/ip/34517691
71660516870,https://walmart.com/ip/34517698
71660516871,https://walmart.com/ip/34517700
71660516872,https://walmart.com/ip/34517704
71660516873,https://walmart.com/ip/34517707
71660516874,https://walmart.com/ip/34517709
71660516881,https://walmart.com/ip/34517677
71660516882,https://walmart.com/ip/34517684
71660516883,https://walmart.com/ip/34517692
71660516884,https://walmart.com/ip/34517697
71660516900,https://walmart.com/ip/34517723
71660516901,https://walmart.com/ip/34517724
71660516902,https://walmart.com/ip/34517725
71660516911,https://walmart.com/ip/34517726
71660516912,https://walmart.com/ip/34517727
71660516913,https://walmart.com/ip/34517728
71660517006,https://walmart.com/ip/49167166
71660517007,https://walmart.com/ip/49162797
71660517008,https://walmart.com/ip/49167162
71660517468,https://walmart.com/ip/986468552
71660517690,https://walmart.com/ip/944241940
71660518653,https://walmart.com/ip/748004339
71660518654,https://walmart.com/ip/820595941
71660518655,https://walmart.com/ip/173841835
71660518656,https://walmart.com/ip/915959581
71660518657,https://walmart.com/ip/549396394
71660518658,https://walmart.com/ip/133077197
71660518666,https://walmart.com/ip/816428557
71660518813,https://walmart.com/ip/34517739
71660518814,https://walmart.com/ip/34517744
71660518815,https://walmart.com/ip/34517749
71660518816,https://walmart.com/ip/34517753
71660518817,https://walmart.com/ip/34517758
71660518818,https://walmart.com/ip/34517763
71660519071,https://walmart.com/ip/917131036
71660519088,https://walmart.com/ip/146823550
71660519099,https://walmart.com/ip/954059092
71660519297,https://walmart.com/ip/34517510
71660519299,https://walmart.com/ip/34517516
71660519301,https://walmart.com/ip/34517520
71660519302,https://walmart.com/ip/34517525
71660519303,https://walmart.com/ip/34517530
71660519304,https://walmart.com/ip/34517537
71660519305,https://walmart.com/ip/34517532
71660519307,https://walmart.com/ip/34517538
71660519308,https://walmart.com/ip/34517546
71660519309,https://walmart.com/ip/34517552
71660519310,https://walmart.com/ip/34517556
71660519311,https://walmart.com/ip/34517561
71660519312,https://walmart.com/ip/34517751
71660519314,https://walmart.com/ip/34517756
71660519357,https://walmart.com/ip/34517761
71660519358,https://walmart.com/ip/34517767
71660519359,https://walmart.com/ip/34517771
71660519360,https://walmart.com/ip/34517776
71660519361,https://walmart.com/ip/34517509
71660519363,https://walmart.com/ip/34517515
71660519380,https://walmart.com/ip/34517519
71660519381,https://walmart.com/ip/34517523
71660519382,https://walmart.com/ip/34517527
71660519383,https://walmart.com/ip/34517531
71660519571,https://walmart.com/ip/49167171
71660519572,https://walmart.com/ip/49162799
71660519590,https://walmart.com/ip/56247500
71660519592,https://walmart.com/ip/56247501
71660519656,https://walmart.com/ip/56247502
71660520009,https://walmart.com/ip/994460810
71660520104,https://walmart.com/ip/11081579
71660520105,https://walmart.com/ip/11081580
71660520106,https://walmart.com/ip/11081581
71660520107,https://walmart.com/ip/11081582
71660520108,https://walmart.com/ip/11081583
71660520116,https://walmart.com/ip/11081603
71660520117,https://walmart.com/ip/11081604
71660520118,https://walmart.com/ip/11081605
71660520119,https://walmart.com/ip/11081606
71660520120,https://walmart.com/ip/11081607
71660520121,https://walmart.com/ip/11081536
71660520122,https://walmart.com/ip/11081537
71660520123,https://walmart.com/ip/11081538
71660520145,https://walmart.com/ip/11081539
71660520146,https://walmart.com/ip/11081540
71660520147,https://walmart.com/ip/11081541
71660520148,https://walmart.com/ip/11081554
71660520149,https://walmart.com/ip/11081555
71660520150,https://walmart.com/ip/11081556
71660520151,https://walmart.com/ip/11081557
71660520187,https://walmart.com/ip/11081558
71660520188,https://walmart.com/ip/11081559
71660520263,https://walmart.com/ip/56247503
71660520265,https://walmart.com/ip/56247504
71660520562,https://walmart.com/ip/56247505
71660520586,https://walmart.com/ip/11081560
71660520588,https://walmart.com/ip/11081561
71660520589,https://walmart.com/ip/11081562
71660520590,https://walmart.com/ip/11081563
71660520597,https://walmart.com/ip/11081564
71660520598,https://walmart.com/ip/11081565
71660520603,https://walmart.com/ip/11081597
71660520604,https://walmart.com/ip/11081598
71660520610,https://walmart.com/ip/11081601
71660521101,https://walmart.com/ip/12533945
71660521105,https://walmart.com/ip/12533949
71660522299,https://walmart.com/ip/56247471
71660522440,https://walmart.com/ip/981898599
71660522441,https://walmart.com/ip/991767155
71660522554,https://walmart.com/ip/56247472
71660522555,https://walmart.com/ip/56247473
71660522800,https://walmart.com/ip/114714190
71660522945,https://walmart.com/ip/56247474
71660523123,https://walmart.com/ip/56247475
71660523124,https://walmart.com/ip/56247476
71660523125,https://walmart.com/ip/56247477
71660523171,https://walmart.com/ip/56247478
71660523172,https://walmart.com/ip/56247479
71660523341,https://walmart.com/ip/56247480
71660523342,https://walmart.com/ip/56247481
71660523343,https://walmart.com/ip/56247482
71660523500,https://walmart.com/ip/56247483
71660523824,https://walmart.com/ip/872355503
71660523825,https://walmart.com/ip/842935374
71660523826,https://walmart.com/ip/215744585
71660523860,https://walmart.com/ip/49169637
71660523864,https://walmart.com/ip/49167168
71660523896,https://walmart.com/ip/14659763
71660523897,https://walmart.com/ip/14659765
71660523960,https://walmart.com/ip/14659769
71660523975,https://walmart.com/ip/14659771
71660523976,https://walmart.com/ip/14659773
71660524040,https://walmart.com/ip/636351527
71660524199,https://walmart.com/ip/56247484
71660524398,https://walmart.com/ip/56247485
71660524399,https://walmart.com/ip/56247486
71660524433,https://walmart.com/ip/56247487
71660524679,https://walmart.com/ip/286921130
71660524813,https://walmart.com/ip/984958727
71660524814,https://walmart.com/ip/803732254
71660524815,https://walmart.com/ip/188212465
71660524850,https://walmart.com/ip/56247488
71660524851,https://walmart.com/ip/56247489
71660525089,https://walmart.com/ip/666289989
71660525090,https://walmart.com/ip/461575331
71660525091,https://walmart.com/ip/961865967
71660525111,https://walmart.com/ip/2532
71660525112,https://walmart.com/ip/2533
71660525113,https://walmart.com/ip/2534
71660525114,https://walmart.com/ip/2535
71660525115,https://walmart.com/ip/2536
71660525116,https://walmart.com/ip/2530
71660525117,https://walmart.com/ip/971309025
71660525118,https://walmart.com/ip/598951758
71660525119,https://walmart.com/ip/428507573
71660525120,https://walmart.com/ip/814245742
71660525121,https://walmart.com/ip/577018734
71660525122,https://walmart.com/ip/552227671
71660525215,https://walmart.com/ip/56247490
71660525221,https://walmart.com/ip/56247491
71660525233,https://walmart.com/ip/56247492
71660525267,https://walmart.com/ip/778437482
71660525268,https://walmart.com/ip/823807983
71660525269,https://walmart.com/ip/844562243
71660525532,https://walmart.com/ip/56247493
71660525533,https://walmart.com/ip/56247494
71660525534,https://walmart.com/ip/56247495
71660525535,https://walmart.com/ip/56247496
71660525536,https://walmart.com/ip/56247497
71660525682,https://walmart.com/ip/56247498
71660525683,https://walmart.com/ip/56247499
71660526070,https://walmart.com/ip/924273691
71660526071,https://walmart.com/ip/949378770
71660526072,https://walmart.com/ip/968595547
71660526073,https://walmart.com/ip/599217584
71660526217,https://walmart.com/ip/739778878
71660526218,https://walmart.com/ip/593763011
71660526219,https://walmart.com/ip/640090753
71660526220,https://walmart.com/ip/684811006
71660526221,https://walmart.com/ip/857359967
71660526343,https://walmart.com/ip/915146212
71660526360,https://walmart.com/ip/658666961
71660526370,https://walmart.com/ip/487242544
71660526371,https://walmart.com/ip/617492556
71660526372,https://walmart.com/ip/105636959
71660526654,https://walmart.com/ip/441921191
71660526792,https://walmart.com/ip/56247317
71660526793,https://walmart.com/ip/56247320
71660526794,https://walmart.com/ip/56247316
71660526795,https://walmart.com/ip/56247470
71660527306,https://walmart.com/ip/585735664
71660527639,https://walmart.com/ip/46045803
71660527640,https://walmart.com/ip/46045804
71660527641,https://walmart.com/ip/46045805
71660527642,https://walmart.com/ip/46045806
71660527643,https://walmart.com/ip/46045807
71660527644,https://walmart.com/ip/46045808
71660527645,https://walmart.com/ip/46045809
71660528055,https://walmart.com/ip/34517794
71660528056,https://walmart.com/ip/34517796
71660528057,https://walmart.com/ip/34517790
71660528058,https://walmart.com/ip/34517789
71660528059,https://walmart.com/ip/34517788
71660528060,https://walmart.com/ip/34517792
71660528061,https://walmart.com/ip/34517787
71660528062,https://walmart.com/ip/34517774
71660528063,https://walmart.com/ip/34517779
71660528064,https://walmart.com/ip/34517765
71660528065,https://walmart.com/ip/34517759
71660528066,https://walmart.com/ip/34517752
71660528067,https://walmart.com/ip/34517769
71660528068,https://walmart.com/ip/34517747
71660528069,https://walmart.com/ip/34517817
71660528070,https://walmart.com/ip/34517820
71660528071,https://walmart.com/ip/34517813
71660528072,https://walmart.com/ip/34517811
71660528073,https://walmart.com/ip/34517809
71660528074,https://walmart.com/ip/34517815
71660528075,https://walmart.com/ip/34517807
71660528076,https://walmart.com/ip/34517846
71660528077,https://walmart.com/ip/34517857
71660528078,https://walmart.com/ip/34517839
71660528079,https://walmart.com/ip/34517834
71660528080,https://walmart.com/ip/34517829
71660528081,https://walmart.com/ip/34517842
71660528082,https://walmart.com/ip/34517824
71660528083,https://walmart.com/ip/34517917
71660528084,https://walmart.com/ip/34517919
71660528085,https://walmart.com/ip/34517912
71660528086,https://walmart.com/ip/34517908
71660528087,https://walmart.com/ip/34517902
71660528088,https://walmart.com/ip/34517915
71660528089,https://walmart.com/ip/34517900
71660528090,https://walmart.com/ip/34517614
71660528091,https://walmart.com/ip/34517620
71660528092,https://walmart.com/ip/34517605
71660528093,https://walmart.com/ip/34517601
71660528094,https://walmart.com/ip/34517596
71660528095,https://walmart.com/ip/34517609
71660528096,https://walmart.com/ip/34517591
71660528097,https://walmart.com/ip/34517832
71660528098,https://walmart.com/ip/34517837
71660528102,https://walmart.com/ip/34517825
71660528103,https://walmart.com/ip/34517822
71660528104,https://walmart.com/ip/34517821
71660528105,https://walmart.com/ip/34517827
71660528106,https://walmart.com/ip/34517819
71660528107,https://walmart.com/ip/34517806
71660528109,https://walmart.com/ip/34517804
71660528110,https://walmart.com/ip/34517803
71660528111,https://walmart.com/ip/34517802
71660528112,https://walmart.com/ip/34517805
71660528113,https://walmart.com/ip/34517801
71660528114,https://walmart.com/ip/34517897
71660528116,https://walmart.com/ip/34517893
71660528117,https://walmart.com/ip/34517891
71660528118,https://walmart.com/ip/34517889
71660528119,https://walmart.com/ip/34517895
71660528120,https://walmart.com/ip/34517888
71660528128,https://walmart.com/ip/34517526
71660528129,https://walmart.com/ip/34517533
71660528130,https://walmart.com/ip/34517540
71660528131,https://walmart.com/ip/34517544
71660528132,https://walmart.com/ip/34517549
71660528133,https://walmart.com/ip/34517558
71660528134,https://walmart.com/ip/34517563
71660529363,https://walmart.com/ip/931861484
71660529364,https://walmart.com/ip/815534387
71660529365,https://walmart.com/ip/409828998
71660529366,https://walmart.com/ip/480525304
71660529367,https://walmart.com/ip/862215030
71660529377,https://walmart.com/ip/817595401
71660529408,https://walmart.com/ip/884194135
71660529409,https://walmart.com/ip/962253031
71660529410,https://walmart.com/ip/387188741
71660529411,https://walmart.com/ip/526212353
71660529452,https://walmart.com/ip/333959613
71660529454,https://walmart.com/ip/236444675
71660529658,https://walmart.com/ip/691184373
71660529748,https://walmart.com/ip/377507733
71660529820,https://walmart.com/ip/190715830
71660529821,https://walmart.com/ip/490467694
71660529829,https://walmart.com/ip/214802596
71660529833,https://walmart.com/ip/872580283
71660529834,https://walmart.com/ip/509918037
71660530913,https://walmart.com/ip/404002276
71660530925,https://walmart.com/ip/867769336
71660530926,https://walmart.com/ip/840921002
71660530927,https://walmart.com/ip/456572946
71660530928,https://walmart.com/ip/803874868
71660530929,https://walmart.com/ip/614938901
71660530930,https://walmart.com/ip/830190649
71660531005,https://walmart.com/ip/517807841
71660531006,https://walmart.com/ip/302714523
71660531007,https://walmart.com/ip/748163827
71660531008,https://walmart.com/ip/336988894
71660531291,https://walmart.com/ip/505911289
71660531298,https://walmart.com/ip/941031677
71660531299,https://walmart.com/ip/792254873
71660531300,https://walmart.com/ip/185312302
71660531708,https://walmart.com/ip/693228957
71660531709,https://walmart.com/ip/142138346
71660531746,https://walmart.com/ip/751522282
71660531774,https://walmart.com/ip/34517567
71660531775,https://walmart.com/ip/34517569
71660531776,https://walmart.com/ip/34517560
71660531777,https://walmart.com/ip/34517555
71660531778,https://walmart.com/ip/34517551
71660531779,https://walmart.com/ip/34517564
71660531780,https://walmart.com/ip/34517542
71660531810,https://walmart.com/ip/541697432
71660531834,https://walmart.com/ip/22129838
71660531835,https://walmart.com/ip/22129847
71660531836,https://walmart.com/ip/22129851
71660531837,https://walmart.com/ip/22129853
71660531838,https://walmart.com/ip/22129855
71660531839,https://walmart.com/ip/22129858
71660531864,https://walmart.com/ip/399042062
71660531866,https://walmart.com/ip/152063069
71660531951,https://walmart.com/ip/462980703
71660531988,https://walmart.com/ip/615376535
71660532408,https://walmart.com/ip/482733663
71660532666,https://walmart.com/ip/35897935
71660532667,https://walmart.com/ip/35897936
71660532668,https://walmart.com/ip/35897933
71660532669,https://walmart.com/ip/35897932
71660532670,https://walmart.com/ip/35897931
71660532671,https://walmart.com/ip/35897934
71660532690,https://walmart.com/ip/35897930
71660532698,https://walmart.com/ip/35898525
71660532699,https://walmart.com/ip/35898529
71660532700,https://walmart.com/ip/35898518
71660532701,https://walmart.com/ip/35898514
71660532726,https://walmart.com/ip/35898510
71660532727,https://walmart.com/ip/35898522
71660532728,https://walmart.com/ip/35898504
71660532729,https://walmart.com/ip/35898527
71660532730,https://walmart.com/ip/35898531
71660532731,https://walmart.com/ip/35898520
71660532744,https://walmart.com/ip/35898516
71660532745,https://walmart.com/ip/35898512
71660532746,https://walmart.com/ip/35898524
71660532747,https://walmart.com/ip/35898506
71660532748,https://walmart.com/ip/35898592
71660532749,https://walmart.com/ip/35898595
71660532750,https://walmart.com/ip/35898587
71660532751,https://walmart.com/ip/35898584
71660532752,https://walmart.com/ip/35898582
71660532753,https://walmart.com/ip/35898590
71660532754,https://walmart.com/ip/35898577
71660532755,https://walmart.com/ip/35898700
71660532768,https://walmart.com/ip/35898702
71660532769,https://walmart.com/ip/35898695
71660532770,https://walmart.com/ip/35898694
71660532771,https://walmart.com/ip/35898693
71660532772,https://walmart.com/ip/35898697
71660532773,https://walmart.com/ip/35898686
71660532774,https://walmart.com/ip/35898753
71660532775,https://walmart.com/ip/35898756
71660532776,https://walmart.com/ip/35898748
71660532777,https://walmart.com/ip/35898747
71660532778,https://walmart.com/ip/35898745
71660532779,https://walmart.com/ip/35898750
71660532786,https://walmart.com/ip/35898742
71660532787,https://walmart.com/ip/35897665
71660532788,https://walmart.com/ip/35897667
71660532789,https://walmart.com/ip/35897660
71660532790,https://walmart.com/ip/35897658
71660532791,https://walmart.com/ip/35897655
71660532821,https://walmart.com/ip/320975313
71660532840,https://walmart.com/ip/35897663
71660532841,https://walmart.com/ip/35897652
71660532852,https://walmart.com/ip/655642124
71660532853,https://walmart.com/ip/207907808
71660532854,https://walmart.com/ip/401334794
71660532855,https://walmart.com/ip/550160546
71660532857,https://walmart.com/ip/813271390
71660532861,https://walmart.com/ip/871693019
71660532862,https://walmart.com/ip/107871361
71660532868,https://walmart.com/ip/35897917
71660532869,https://walmart.com/ip/35897919
71660532885,https://walmart.com/ip/35897914
71660532886,https://walmart.com/ip/35897913
71660532887,https://walmart.com/ip/35897911
71660532897,https://walmart.com/ip/35897916
71660532898,https://walmart.com/ip/35897908
71660532899,https://walmart.com/ip/35898485
71660532903,https://walmart.com/ip/35898487
71660532904,https://walmart.com/ip/35898479
71660532915,https://walmart.com/ip/35898476
71660532916,https://walmart.com/ip/35898473
71660532917,https://walmart.com/ip/35898482
71660532956,https://walmart.com/ip/35898469
71660532957,https://walmart.com/ip/35898571
71660532958,https://walmart.com/ip/35898573
71660532959,https://walmart.com/ip/35898566
71660532980,https://walmart.com/ip/35898564
71660532981,https://walmart.com/ip/35898562
71660532982,https://walmart.com/ip/35898568
71660532983,https://walmart.com/ip/35898558
71660533002,https://walmart.com/ip/35899286
71660533003,https://walmart.com/ip/35899287
71660533004,https://walmart.com/ip/35899283
71660533005,https://walmart.com/ip/35899282
71660533006,https://walmart.com/ip/35899281
71660533007,https://walmart.com/ip/35899284
71660533008,https://walmart.com/ip/35899280
71660533009,https://walmart.com/ip/35899680
71660533010,https://walmart.com/ip/35899682
71660533011,https://walmart.com/ip/35899676
71660533012,https://walmart.com/ip/35899674
71660533013,https://walmart.com/ip/35899672
71660533032,https://walmart.com/ip/35899678
71660533033,https://walmart.com/ip/35899670
71660533034,https://walmart.com/ip/35899679
71660533035,https://walmart.com/ip/35899681
71660533036,https://walmart.com/ip/35899675
71660533037,https://walmart.com/ip/35899673
71660533038,https://walmart.com/ip/35899671
71660533039,https://walmart.com/ip/35899677
71660533040,https://walmart.com/ip/35899667
71660533041,https://walmart.com/ip/35899810
71660533042,https://walmart.com/ip/35899814
71660533043,https://walmart.com/ip/35899803
71660533056,https://walmart.com/ip/35899800
71660533057,https://walmart.com/ip/35899798
71660533058,https://walmart.com/ip/35899807
71660533075,https://walmart.com/ip/35899793
71660533178,https://walmart.com/ip/356144972
71660533179,https://walmart.com/ip/670358257
71660533180,https://walmart.com/ip/430519620
71660533218,https://walmart.com/ip/509554818
71660533219,https://walmart.com/ip/723813174
71660533220,https://walmart.com/ip/497383911
71660533221,https://walmart.com/ip/704729209
71660533222,https://walmart.com/ip/446771310
71660533242,https://walmart.com/ip/884228965
71660533243,https://walmart.com/ip/178566373
71660533555,https://walmart.com/ip/54262166
71660533781,https://walmart.com/ip/34517871
71660533782,https://walmart.com/ip/34517874
71660533783,https://walmart.com/ip/34517851
71660533784,https://walmart.com/ip/34517845
71660533785,https://walmart.com/ip/34517840
71660533786,https://walmart.com/ip/34517860
71660533787,https://walmart.com/ip/34517831
71660534000,https://walmart.com/ip/49167144
71660534142,https://walmart.com/ip/777319721
71660534171,https://walmart.com/ip/291823010
71660534172,https://walmart.com/ip/667635361
71660534179,https://walmart.com/ip/480185037
71660534180,https://walmart.com/ip/128959511
71660534181,https://walmart.com/ip/742414973
71660534212,https://walmart.com/ip/443984609
71660534213,https://walmart.com/ip/498683081
71660534214,https://walmart.com/ip/702561822
71660534215,https://walmart.com/ip/375467433
71660534216,https://walmart.com/ip/287402642
71660534217,https://walmart.com/ip/287276899
71660534239,https://walmart.com/ip/783757840
71660534240,https://walmart.com/ip/411919180
71660534241,https://walmart.com/ip/264891412
71660534330,https://walmart.com/ip/425889070
71660534455,https://walmart.com/ip/282297432
71660534456,https://walmart.com/ip/272304100
71660534457,https://walmart.com/ip/752546269
71660534458,https://walmart.com/ip/524588607
71660534459,https://walmart.com/ip/504253777
71660534460,https://walmart.com/ip/192638281
71660534482,https://walmart.com/ip/478879640
71660534483,https://walmart.com/ip/624316585
71660534484,https://walmart.com/ip/257266468
71660534485,https://walmart.com/ip/298592184
71660534486,https://walmart.com/ip/472961418
71660534487,https://walmart.com/ip/315256020
71660534491,https://walmart.com/ip/697783883
71660534492,https://walmart.com/ip/230739204
71660534542,https://walmart.com/ip/35899163
71660534543,https://walmart.com/ip/35899165
71660534544,https://walmart.com/ip/35899159
71660534545,https://walmart.com/ip/35899157
71660534546,https://walmart.com/ip/35899155
71660534547,https://walmart.com/ip/35899161
71660534548,https://walmart.com/ip/35899151
71660534549,https://walmart.com/ip/35899278
71660534550,https://walmart.com/ip/35899279
71660534560,https://walmart.com/ip/35899275
71660534561,https://walmart.com/ip/35899273
71660534562,https://walmart.com/ip/35899271
71660534565,https://walmart.com/ip/35899277
71660534569,https://walmart.com/ip/35899266
71660534604,https://walmart.com/ip/928229504
71660534616,https://walmart.com/ip/35897945
71660534635,https://walmart.com/ip/35897947
71660534636,https://walmart.com/ip/35897941
71660534637,https://walmart.com/ip/35897940
71660534638,https://walmart.com/ip/35897938
71660534639,https://walmart.com/ip/35897942
71660534640,https://walmart.com/ip/35897937
71660534722,https://walmart.com/ip/22129822
71660534723,https://walmart.com/ip/22129825
71660534724,https://walmart.com/ip/22129827
71660534728,https://walmart.com/ip/22129830
71660534808,https://walmart.com/ip/300906311
71660534809,https://walmart.com/ip/188862210
71660534810,https://walmart.com/ip/249925939
71660534811,https://walmart.com/ip/303049324
71660534812,https://walmart.com/ip/808120632
71660534813,https://walmart.com/ip/157345548
71660534814,https://walmart.com/ip/638220490
71660534832,https://walmart.com/ip/870621997
71660534833,https://walmart.com/ip/635117416
71660534834,https://walmart.com/ip/535620784
71660534856,https://walmart.com/ip/253043760
71660535142,https://walmart.com/ip/49167142
71660535941,https://walmart.com/ip/195607504
71660535942,https://walmart.com/ip/797056890
71660535943,https://walmart.com/ip/328942813
71660535971,https://walmart.com/ip/644166973
71660535972,https://walmart.com/ip/824191641
71660535974,https://walmart.com/ip/769914258
71660535975,https://walmart.com/ip/283518914
71660535979,https://walmart.com/ip/241330867
71660536600,https://walmart.com/ip/10239013
71660536601,https://walmart.com/ip/10239045
71660536602,https://walmart.com/ip/10239077
71660536631,https://walmart.com/ip/10239012
71660536632,https://walmart.com/ip/10239044
71660536633,https://walmart.com/ip/10239076
71660536659,https://walmart.com/ip/46042977
71660536660,https://walmart.com/ip/46090764
71660536661,https://walmart.com/ip/46090765
71660536662,https://walmart.com/ip/46042982
71660536663,https://walmart.com/ip/46043062
71660536664,https://walmart.com/ip/46043039
71660536665,https://walmart.com/ip/46090767
71660536666,https://walmart.com/ip/46043047
71660536675,https://walmart.com/ip/46043052
71660536676,https://walmart.com/ip/46043057
71660536677,https://walmart.com/ip/46043095
71660536678,https://walmart.com/ip/46043076
71660536679,https://walmart.com/ip/46043079
71660536680,https://walmart.com/ip/46043086
71660536681,https://walmart.com/ip/46043090
71660536682,https://walmart.com/ip/46090768
71660536683,https://walmart.com/ip/46042937
71660536684,https://walmart.com/ip/46090873
71660536685,https://walmart.com/ip/46090874
71660536686,https://walmart.com/ip/46042921
71660536687,https://walmart.com/ip/46042927
71660536688,https://walmart.com/ip/46042932
71660536689,https://walmart.com/ip/46042916
71660536690,https://walmart.com/ip/46042901
71660536693,https://walmart.com/ip/46042903
71660536694,https://walmart.com/ip/46042907
71660536721,https://walmart.com/ip/46090872
71660536722,https://walmart.com/ip/46042911
71660537209,https://walmart.com/ip/56079670
71660537210,https://walmart.com/ip/56079196
71660537214,https://walmart.com/ip/56079752
71660537215,https://walmart.com/ip/56079672
71660537216,https://walmart.com/ip/56079753
71660537217,https://walmart.com/ip/56079751
71660537218,https://walmart.com/ip/56079755
71660537227,https://walmart.com/ip/51455603
71660537228,https://walmart.com/ip/51455649
71660537229,https://walmart.com/ip/56079671
71660537231,https://walmart.com/ip/56079757
71660537234,https://walmart.com/ip/56079760
71660537251,https://walmart.com/ip/56079762
71660537252,https://walmart.com/ip/56079761
71660537253,https://walmart.com/ip/56079764
71660537254,https://walmart.com/ip/56079758
71660537255,https://walmart.com/ip/56079765
71660537256,https://walmart.com/ip/56079759
71660537257,https://walmart.com/ip/51316529
71660537258,https://walmart.com/ip/175953595
71660537259,https://walmart.com/ip/51455448
71660537260,https://walmart.com/ip/56079756
71660537261,https://walmart.com/ip/51455788
71660537262,https://walmart.com/ip/52873965
71660537263,https://walmart.com/ip/56079769
71660537264,https://walmart.com/ip/56079766
71660537265,https://walmart.com/ip/56079770
71660537266,https://walmart.com/ip/56079767
71660537283,https://walmart.com/ip/56079771
71660537284,https://walmart.com/ip/56079768
71660537364,https://walmart.com/ip/46042834
71660537365,https://walmart.com/ip/46042836
71660537458,https://walmart.com/ip/14659834
71660537490,https://walmart.com/ip/333901145
71660537720,https://walmart.com/ip/622673976
71660537736,https://walmart.com/ip/56247509
71660537737,https://walmart.com/ip/56247510
71660537738,https://walmart.com/ip/56247511
71660537807,https://walmart.com/ip/876332654
71660538044,https://walmart.com/ip/760608120
71660538165,https://walmart.com/ip/271435672
71660538166,https://walmart.com/ip/46043120
71660538173,https://walmart.com/ip/46043124
71660538174,https://walmart.com/ip/46043023
71660538175,https://walmart.com/ip/46043027
71660538182,https://walmart.com/ip/46090863
71660538183,https://walmart.com/ip/46043032
71660538184,https://walmart.com/ip/46043038
71660538188,https://walmart.com/ip/46043043
71660538189,https://walmart.com/ip/46043211
71660538190,https://walmart.com/ip/46043213
71660538191,https://walmart.com/ip/46043215
71660538192,https://walmart.com/ip/46090868
71660538200,https://walmart.com/ip/46043216
71660538201,https://walmart.com/ip/46043218
71660538202,https://walmart.com/ip/46043221
71660538215,https://walmart.com/ip/46043223
71660538216,https://walmart.com/ip/46043225
71660538217,https://walmart.com/ip/46090869
71660538224,https://walmart.com/ip/46043226
71660538225,https://walmart.com/ip/46090870
71660538226,https://walmart.com/ip/46043191
71660538227,https://walmart.com/ip/46043199
71660538228,https://walmart.com/ip/46090860
71660538229,https://walmart.com/ip/46043203
71660538233,https://walmart.com/ip/46090861
71660538234,https://walmart.com/ip/46043206
71660538235,https://walmart.com/ip/46042963
71660538236,https://walmart.com/ip/46042973
71660538237,https://walmart.com/ip/46042978
71660538238,https://walmart.com/ip/46042985
71660538239,https://walmart.com/ip/46042996
71660538240,https://walmart.com/ip/46043000
71660538248,https://walmart.com/ip/46043088
71660538249,https://walmart.com/ip/46043093
71660538250,https://walmart.com/ip/46043103
71660538269,https://walmart.com/ip/46043107
71660538270,https://walmart.com/ip/46090853
71660538271,https://walmart.com/ip/46090854
71660538275,https://walmart.com/ip/46043179
71660538276,https://walmart.com/ip/46090859
71660538277,https://walmart.com/ip/46043182
71660538284,https://walmart.com/ip/46043185
71660538285,https://walmart.com/ip/46043188
71660538286,https://walmart.com/ip/46043190
71660538296,https://walmart.com/ip/46043004
71660538297,https://walmart.com/ip/46043011
71660538298,https://walmart.com/ip/46090849
71660538317,https://walmart.com/ip/46043016
71660538318,https://walmart.com/ip/46043034
71660538319,https://walmart.com/ip/46090850
71660538320,https://walmart.com/ip/46043065
71660538321,https://walmart.com/ip/46090852
71660538322,https://walmart.com/ip/46043069
71660538327,https://walmart.com/ip/46043073
71660538328,https://walmart.com/ip/46043080
71660538329,https://walmart.com/ip/46043083
71660538330,https://walmart.com/ip/46043040
71660538331,https://walmart.com/ip/46043045
71660538341,https://walmart.com/ip/46043050
71660538342,https://walmart.com/ip/46043055
71660538343,https://walmart.com/ip/46090851
71660538350,https://walmart.com/ip/46043060
71660538351,https://walmart.com/ip/46043141
71660538352,https://walmart.com/ip/46090857
71660538359,https://walmart.com/ip/46043148
71660538360,https://walmart.com/ip/46043151
71660538361,https://walmart.com/ip/46043155
71660538362,https://walmart.com/ip/46043158
71660538363,https://walmart.com/ip/46043112
71660538364,https://walmart.com/ip/46090855
71660538373,https://walmart.com/ip/49162789
71660538379,https://walmart.com/ip/46043125
71660538380,https://walmart.com/ip/46043127
71660538389,https://walmart.com/ip/46090856
71660538390,https://walmart.com/ip/46043136
71660538391,https://walmart.com/ip/46090858
71660538395,https://walmart.com/ip/46043165
71660538396,https://walmart.com/ip/46043169
71660538397,https://walmart.com/ip/46043172
71660538416,https://walmart.com/ip/46043174
71660538417,https://walmart.com/ip/46043175
71660538418,https://walmart.com/ip/46045726
71660538425,https://walmart.com/ip/46043163
71660538427,https://walmart.com/ip/49165766
71660538443,https://walmart.com/ip/49165769
71660538444,https://walmart.com/ip/49165760
71660538445,https://walmart.com/ip/49165757
71660538446,https://walmart.com/ip/49165756
71660538447,https://walmart.com/ip/49165764
71660538448,https://walmart.com/ip/49165753
71660538452,https://walmart.com/ip/49165744
71660538453,https://walmart.com/ip/49165746
71660538454,https://walmart.com/ip/49165739
71660538467,https://walmart.com/ip/49165737
71660538468,https://walmart.com/ip/49165893
71660538469,https://walmart.com/ip/49165885
71660538476,https://walmart.com/ip/49165909
71660538477,https://walmart.com/ip/49165911
71660538478,https://walmart.com/ip/49165905
71660538488,https://walmart.com/ip/49165903
71660538489,https://walmart.com/ip/49165901
71660538490,https://walmart.com/ip/49165907
71660538497,https://walmart.com/ip/49165899
71660538498,https://walmart.com/ip/49165919
71660538499,https://walmart.com/ip/49165920
71660538500,https://walmart.com/ip/49165917
71660538501,https://walmart.com/ip/49165916
71660538502,https://walmart.com/ip/49165915
71660538512,https://walmart.com/ip/49165918
71660538513,https://walmart.com/ip/49165913
71660538514,https://walmart.com/ip/49167156
71660538515,https://walmart.com/ip/49162793
71660538516,https://walmart.com/ip/49162791
71660538517,https://walmart.com/ip/49167153
71660538524,https://walmart.com/ip/49167154
71660538525,https://walmart.com/ip/49162792
71660538526,https://walmart.com/ip/49167155
71660538548,https://walmart.com/ip/49162795
71660538549,https://walmart.com/ip/49167161
71660538629,https://walmart.com/ip/817962794
71660538638,https://walmart.com/ip/46043126
71660538639,https://walmart.com/ip/46043150
71660538640,https://walmart.com/ip/46090769
71660538650,https://walmart.com/ip/46042942
71660538651,https://walmart.com/ip/46042947
71660538652,https://walmart.com/ip/46090770
71660538659,https://walmart.com/ip/46042953
71660538660,https://walmart.com/ip/46042958
71660538661,https://walmart.com/ip/46090772
71660538677,https://walmart.com/ip/674044534
71660538678,https://walmart.com/ip/662843936
71660538679,https://walmart.com/ip/502729262
71660538680,https://walmart.com/ip/46043001
71660538681,https://walmart.com/ip/46043005
71660538682,https://walmart.com/ip/46043012
71660538701,https://walmart.com/ip/46043015
71660538702,https://walmart.com/ip/46043019
71660538703,https://walmart.com/ip/46042971
71660538705,https://walmart.com/ip/725191070
71660538710,https://walmart.com/ip/46042975
71660538711,https://walmart.com/ip/46042980
71660538712,https://walmart.com/ip/46042990
71660538746,https://walmart.com/ip/46042995
71660538747,https://walmart.com/ip/46090771
71660538793,https://walmart.com/ip/867661255
71660538812,https://walmart.com/ip/46043152
71660538813,https://walmart.com/ip/46043154
71660538814,https://walmart.com/ip/46090776
71660538818,https://walmart.com/ip/46043157
71660538819,https://walmart.com/ip/46043160
71660538820,https://walmart.com/ip/46043164
71660538821,https://walmart.com/ip/46043002
71660538822,https://walmart.com/ip/46043007
71660538823,https://walmart.com/ip/46043010
71660538827,https://walmart.com/ip/303294073
71660538828,https://walmart.com/ip/349362396
71660538845,https://walmart.com/ip/46043013
71660538846,https://walmart.com/ip/46090862
71660538847,https://walmart.com/ip/46043017
71660538851,https://walmart.com/ip/46043129
71660538852,https://walmart.com/ip/46043134
71660538853,https://walmart.com/ip/46043138
71660538927,https://walmart.com/ip/347139289
71660539262,https://walmart.com/ip/652861185
71660539263,https://walmart.com/ip/973267540
71660539264,https://walmart.com/ip/409277932
71660539358,https://walmart.com/ip/375787298
71660539359,https://walmart.com/ip/584478994
71660539369,https://walmart.com/ip/293698312
71660539912,https://walmart.com/ip/465189882
71660539913,https://walmart.com/ip/321591693
71660539914,https://walmart.com/ip/482973436
71660539992,https://walmart.com/ip/570175231
71660539993,https://walmart.com/ip/162312109
71660539994,https://walmart.com/ip/954815321
71660539995,https://walmart.com/ip/374326930
71660540130,https://walmart.com/ip/975974130
71660540131,https://walmart.com/ip/718455066
71660540139,https://walmart.com/ip/704942629
71660540140,https://walmart.com/ip/698872865
71660540339,https://walmart.com/ip/213194090
71660540340,https://walmart.com/ip/238702471
71660540342,https://walmart.com/ip/894165029
71660540361,https://walmart.com/ip/262638445
71660540362,https://walmart.com/ip/866621179
71660540363,https://walmart.com/ip/451792671
71660540364,https://walmart.com/ip/252363205
71660540365,https://walmart.com/ip/651390191
71660540366,https://walmart.com/ip/647316100
71660540367,https://walmart.com/ip/766334646
71660540368,https://walmart.com/ip/165741225
71660540376,https://walmart.com/ip/205444776
71660540391,https://walmart.com/ip/54262191
71660540392,https://walmart.com/ip/54262190
71660540393,https://walmart.com/ip/54262189
71660540394,https://walmart.com/ip/54262192
71660540411,https://walmart.com/ip/2902
71660540412,https://walmart.com/ip/2903
71660540413,https://walmart.com/ip/2904
71660540693,https://walmart.com/ip/967473688
71660540708,https://walmart.com/ip/624543804
71660540754,https://walmart.com/ip/752917862
71660540759,https://walmart.com/ip/894924921
71660540767,https://walmart.com/ip/56079637
71660540768,https://walmart.com/ip/56079639
71660540770,https://walmart.com/ip/56079638
71660540772,https://walmart.com/ip/601469884
71660540774,https://walmart.com/ip/934627357
71660540775,https://walmart.com/ip/56079640
71660540789,https://walmart.com/ip/56079634
71660540790,https://walmart.com/ip/56079641
71660540791,https://walmart.com/ip/56079635
71660540792,https://walmart.com/ip/56079642
71660540793,https://walmart.com/ip/56079636
71660540794,https://walmart.com/ip/56079643
71660540801,https://walmart.com/ip/56079615
71660540802,https://walmart.com/ip/56079614
71660540803,https://walmart.com/ip/56079616
71660540808,https://walmart.com/ip/56079611
71660540809,https://walmart.com/ip/56079617
71660540810,https://walmart.com/ip/56079612
71660540811,https://walmart.com/ip/56079618
71660540812,https://walmart.com/ip/56079613
71660540813,https://walmart.com/ip/56079619
71660540818,https://walmart.com/ip/185438879
71660540819,https://walmart.com/ip/905214941
71660540820,https://walmart.com/ip/728948931
71660540835,https://walmart.com/ip/416624159
71660540836,https://walmart.com/ip/285649429
71660540837,https://walmart.com/ip/804543270
71660540839,https://walmart.com/ip/10239014
71660540840,https://walmart.com/ip/10239046
71660540841,https://walmart.com/ip/10239078
71660540845,https://walmart.com/ip/10239015
71660540846,https://walmart.com/ip/10239047
71660540847,https://walmart.com/ip/10239079
71660540851,https://walmart.com/ip/10239016
71660540852,https://walmart.com/ip/10239048
71660540853,https://walmart.com/ip/10239080
71660540857,https://walmart.com/ip/10239017
71660540858,https://walmart.com/ip/10239049
71660540859,https://walmart.com/ip/10239081
71660540877,https://walmart.com/ip/10239018
71660540878,https://walmart.com/ip/10239050
71660540879,https://walmart.com/ip/10239082
71660540884,https://walmart.com/ip/10239036
71660540885,https://walmart.com/ip/10239068
71660540886,https://walmart.com/ip/10239100
71660540890,https://walmart.com/ip/10239037
71660540909,https://walmart.com/ip/56079646
71660540910,https://walmart.com/ip/56079647
71660540919,https://walmart.com/ip/10239069
71660540920,https://walmart.com/ip/10239101
71660540924,https://walmart.com/ip/10239038
71660540925,https://walmart.com/ip/10239070
71660540926,https://walmart.com/ip/56079644
71660540927,https://walmart.com/ip/56079648
71660540928,https://walmart.com/ip/56079645
71660540929,https://walmart.com/ip/56079649
71660540933,https://walmart.com/ip/10239102
71660540937,https://walmart.com/ip/10239039
71660540938,https://walmart.com/ip/10239071
71660540939,https://walmart.com/ip/10239103
71660540943,https://walmart.com/ip/10239040
71660540944,https://walmart.com/ip/10239072
71660540945,https://walmart.com/ip/10239104
71660540984,https://walmart.com/ip/10239041
71660540985,https://walmart.com/ip/10239073
71660540986,https://walmart.com/ip/10239105
71660541027,https://walmart.com/ip/10239027
71660541028,https://walmart.com/ip/10239059
71660541029,https://walmart.com/ip/10239091
71660541065,https://walmart.com/ip/602334307
71660541070,https://walmart.com/ip/791891869
71660541086,https://walmart.com/ip/10239028
71660541094,https://walmart.com/ip/10239060
71660541095,https://walmart.com/ip/10239092
71660541117,https://walmart.com/ip/10239025
71660541118,https://walmart.com/ip/10239057
71660541119,https://walmart.com/ip/10239089
71660541121,https://walmart.com/ip/10239026
71660541122,https://walmart.com/ip/10239058
71660541123,https://walmart.com/ip/10239090
71660541127,https://walmart.com/ip/10239030
71660541128,https://walmart.com/ip/10239062
71660541129,https://walmart.com/ip/10239094
71660541140,https://walmart.com/ip/10239031
71660541141,https://walmart.com/ip/10239063
71660541142,https://walmart.com/ip/10239095
71660541187,https://walmart.com/ip/56079627
71660541188,https://walmart.com/ip/56079625
71660541189,https://walmart.com/ip/56079626
71660541190,https://walmart.com/ip/56079620
71660541191,https://walmart.com/ip/56079629
71660541192,https://walmart.com/ip/56079621
71660541193,https://walmart.com/ip/56079630
71660541194,https://walmart.com/ip/56079622
71660541195,https://walmart.com/ip/56079631
71660541196,https://walmart.com/ip/56079623
71660541210,https://walmart.com/ip/403586539
71660541211,https://walmart.com/ip/56079632
71660541214,https://walmart.com/ip/56079624
71660541215,https://walmart.com/ip/56079633
71660541247,https://walmart.com/ip/447908134
71660541248,https://walmart.com/ip/526929318
71660541249,https://walmart.com/ip/537551419
71660541250,https://walmart.com/ip/761982270
71660541251,https://walmart.com/ip/973958064
71660541253,https://walmart.com/ip/56079653
71660541254,https://walmart.com/ip/56079650
71660541255,https://walmart.com/ip/52899038
71660541256,https://walmart.com/ip/56079654
71660541257,https://walmart.com/ip/56079656
71660541258,https://walmart.com/ip/56079655
71660541266,https://walmart.com/ip/52899027
71660541267,https://walmart.com/ip/56079651
71660541268,https://walmart.com/ip/52899043
71660541269,https://walmart.com/ip/56079652
71660541273,https://walmart.com/ip/929351810
71660541276,https://walmart.com/ip/50134081
71660541280,https://walmart.com/ip/749374469
71660541281,https://walmart.com/ip/581796025
71660541282,https://walmart.com/ip/438908061
71660541283,https://walmart.com/ip/988124534
71660541284,https://walmart.com/ip/253193137
71660541285,https://walmart.com/ip/779220958
71660541286,https://walmart.com/ip/752216204
71660541288,https://walmart.com/ip/829370815
71660541304,https://walmart.com/ip/949130871
71660541305,https://walmart.com/ip/177398608
71660541306,https://walmart.com/ip/780701796
71660541307,https://walmart.com/ip/788128020
71660541308,https://walmart.com/ip/273166909
71660541309,https://walmart.com/ip/601770856
71660541310,https://walmart.com/ip/840324304
71660541332,https://walmart.com/ip/394845799
71660541333,https://walmart.com/ip/642159045
71660541359,https://walmart.com/ip/56079661
71660541360,https://walmart.com/ip/56079658
71660541361,https://walmart.com/ip/56079662
71660541362,https://walmart.com/ip/56079659
71660541363,https://walmart.com/ip/56079663
71660541364,https://walmart.com/ip/56079660
71660541466,https://walmart.com/ip/587734602
71660541471,https://walmart.com/ip/564859111
71660541472,https://walmart.com/ip/56079666
71660541473,https://walmart.com/ip/56079667
71660541505,https://walmart.com/ip/56079664
71660541506,https://walmart.com/ip/56079668
71660541507,https://walmart.com/ip/56079665
71660541521,https://walmart.com/ip/56079669
71660541579,https://walmart.com/ip/549757251
71660541580,https://walmart.com/ip/715543186
71660541581,https://walmart.com/ip/909367687
71660541582,https://walmart.com/ip/462216873
71660541618,https://walmart.com/ip/941796117
71660541767,https://walmart.com/ip/342254497
71660541768,https://walmart.com/ip/192079408
71660542177,https://walmart.com/ip/471774127
71660542178,https://walmart.com/ip/674267483
71660542179,https://walmart.com/ip/649109351
71660542180,https://walmart.com/ip/920660596
71660542181,https://walmart.com/ip/248590471
71660542247,https://walmart.com/ip/346279357
71660542252,https://walmart.com/ip/340052737
71660542253,https://walmart.com/ip/145384012
71660542381,https://walmart.com/ip/46042962
71660542382,https://walmart.com/ip/46042943
71660542383,https://walmart.com/ip/46042949
71660542384,https://walmart.com/ip/46090762
71660542385,https://walmart.com/ip/46090763
71660542386,https://walmart.com/ip/46042956
71660542387,https://walmart.com/ip/46042905
71660542391,https://walmart.com/ip/766370221
71660542392,https://walmart.com/ip/199094668
71660542393,https://walmart.com/ip/426677402
71660542394,https://walmart.com/ip/797874828
71660542405,https://walmart.com/ip/672101704
71660542409,https://walmart.com/ip/46042914
71660542410,https://walmart.com/ip/46042778
71660542412,https://walmart.com/ip/46042881
71660542413,https://walmart.com/ip/46042882
71660542414,https://walmart.com/ip/46042884
71660542415,https://walmart.com/ip/46042888
71660542416,https://walmart.com/ip/46042891
71660542417,https://walmart.com/ip/46042893
71660542418,https://walmart.com/ip/46042895
71660542419,https://walmart.com/ip/46090787
71660542420,https://walmart.com/ip/46042908
71660542421,https://walmart.com/ip/46042912
71660542422,https://walmart.com/ip/46042917
71660542423,https://walmart.com/ip/46042923
71660542431,https://walmart.com/ip/718209535
71660542446,https://walmart.com/ip/54262175
71660542456,https://walmart.com/ip/496321909
71660542457,https://walmart.com/ip/934444370
71660542511,https://walmart.com/ip/46042910
71660542512,https://walmart.com/ip/46042918
71660542513,https://walmart.com/ip/46090841
71660542514,https://walmart.com/ip/46042924
71660542523,https://walmart.com/ip/46042931
71660542524,https://walmart.com/ip/46042940
71660542525,https://walmart.com/ip/46042945
71660542526,https://walmart.com/ip/46043122
71660542527,https://walmart.com/ip/46043130
71660542528,https://walmart.com/ip/46043132
71660542529,https://walmart.com/ip/46043135
71660542531,https://walmart.com/ip/266974219
71660542532,https://walmart.com/ip/298814057
71660542533,https://walmart.com/ip/918025204
71660542534,https://walmart.com/ip/576108443
71660542535,https://walmart.com/ip/814160673
71660542537,https://walmart.com/ip/46043139
71660542538,https://walmart.com/ip/46043144
71660542539,https://walmart.com/ip/46043149
71660542540,https://walmart.com/ip/46043061
71660542541,https://walmart.com/ip/46043066
71660542542,https://walmart.com/ip/46043068
71660542543,https://walmart.com/ip/46090844
71660542567,https://walmart.com/ip/46043082
71660542584,https://walmart.com/ip/46043087
71660542585,https://walmart.com/ip/46043091
71660542586,https://walmart.com/ip/46043097
71660542587,https://walmart.com/ip/46043101
71660542588,https://walmart.com/ip/46090845
71660542589,https://walmart.com/ip/46090846
71660542590,https://walmart.com/ip/46043106
71660542591,https://walmart.com/ip/46043115
71660542592,https://walmart.com/ip/46043119
71660542593,https://walmart.com/ip/46042922
71660542594,https://walmart.com/ip/46042929
71660542595,https://walmart.com/ip/46042936
71660542596,https://walmart.com/ip/46042941
71660542597,https://walmart.com/ip/46042946
71660542598,https://walmart.com/ip/46042952
71660542599,https://walmart.com/ip/46042961
71660542617,https://walmart.com/ip/430425865
71660542618,https://walmart.com/ip/744068804
71660542620,https://walmart.com/ip/779841223
71660542621,https://walmart.com/ip/108580861
71660542623,https://walmart.com/ip/46043168
71660542624,https://walmart.com/ip/46043177
71660542625,https://walmart.com/ip/46043178
71660542657,https://walmart.com/ip/142995840
71660542708,https://walmart.com/ip/46043189
71660542709,https://walmart.com/ip/46043192
71660542710,https://walmart.com/ip/46043193
71660542711,https://walmart.com/ip/46043196
71660542713,https://walmart.com/ip/46043098
71660542742,https://walmart.com/ip/46043108
71660542743,https://walmart.com/ip/46042838
71660542750,https://walmart.com/ip/491648215
71660542752,https://walmart.com/ip/46042840
71660542754,https://walmart.com/ip/46042776
71660542755,https://walmart.com/ip/46042779
71660542756,https://walmart.com/ip/46042782
71660542757,https://walmart.com/ip/46042785
71660542758,https://walmart.com/ip/46042789
71660542759,https://walmart.com/ip/46042792
71660542761,https://walmart.com/ip/46042772
71660542762,https://walmart.com/ip/379678337
71660542763,https://walmart.com/ip/101067822
71660542790,https://walmart.com/ip/46090780
71660542791,https://walmart.com/ip/46042773
71660542792,https://walmart.com/ip/46042775
71660542793,https://walmart.com/ip/46042928
71660542794,https://walmart.com/ip/46042933
71660542795,https://walmart.com/ip/46045623
71660542796,https://walmart.com/ip/46045625
71660542797,https://walmart.com/ip/46045627
71660542798,https://walmart.com/ip/46045629
71660542802,https://walmart.com/ip/46045630
71660542803,https://walmart.com/ip/46045631
71660542804,https://walmart.com/ip/46045632
71660542808,https://walmart.com/ip/46045648
71660542809,https://walmart.com/ip/46045649
71660542810,https://walmart.com/ip/46045650
71660542811,https://walmart.com/ip/46045651
71660542812,https://walmart.com/ip/46045652
71660542813,https://walmart.com/ip/46045654
71660542817,https://walmart.com/ip/46045656
71660543010,https://walmart.com/ip/431690093
71660543152,https://walmart.com/ip/234072018
71660543165,https://walmart.com/ip/306862567
71660543166,https://walmart.com/ip/826587412
71660543167,https://walmart.com/ip/317500735
71660543269,https://walmart.com/ip/923115302
71660543291,https://walmart.com/ip/56079628
71660543303,https://walmart.com/ip/56079657
71660543304,https://walmart.com/ip/56079754
71660543317,https://walmart.com/ip/56079763
71660543320,https://walmart.com/ip/338111115
71660543321,https://walmart.com/ip/528397265
71660543387,https://walmart.com/ip/50133589
71660543410,https://walmart.com/ip/308874020
71660543411,https://walmart.com/ip/618605744
71660543412,https://walmart.com/ip/391149522
71660543440,https://walmart.com/ip/132295491
71660543441,https://walmart.com/ip/101079789
71660543442,https://walmart.com/ip/277148125
71660543501,https://walmart.com/ip/678873511
71660543509,https://walmart.com/ip/417510168
71660543791,https://walmart.com/ip/461516712
71660543792,https://walmart.com/ip/324322038
71660543880,https://walmart.com/ip/49167157
71660543881,https://walmart.com/ip/49167158
71660543882,https://walmart.com/ip/49162794
71660543883,https://walmart.com/ip/49167159
71660543884,https://walmart.com/ip/49167160
71660543919,https://walmart.com/ip/49165775
71660543920,https://walmart.com/ip/49165777
71660543921,https://walmart.com/ip/49165755
71660543922,https://walmart.com/ip/49165758
71660543923,https://walmart.com/ip/49165762
71660543924,https://walmart.com/ip/49165767
71660543925,https://walmart.com/ip/49165770
71660543926,https://walmart.com/ip/49162805
71660543927,https://walmart.com/ip/49167179
71660543928,https://walmart.com/ip/49162803
71660543929,https://walmart.com/ip/49167176
71660543930,https://walmart.com/ip/49162804
71660543939,https://walmart.com/ip/49167177
71660543940,https://walmart.com/ip/49167178
71660543941,https://walmart.com/ip/49162802
71660543942,https://walmart.com/ip/49167175
71660543943,https://walmart.com/ip/49162800
71660543944,https://walmart.com/ip/49167172
71660543945,https://walmart.com/ip/49162801
71660543946,https://walmart.com/ip/49167173
71660543951,https://walmart.com/ip/49167174
71660543952,https://walmart.com/ip/49165926
71660543953,https://walmart.com/ip/49165927
71660543954,https://walmart.com/ip/49165924
71660543955,https://walmart.com/ip/49165923
71660543956,https://walmart.com/ip/49165921
71660543957,https://walmart.com/ip/49165925
71660543958,https://walmart.com/ip/49165922
71660543959,https://walmart.com/ip/49165933
71660543960,https://walmart.com/ip/49165934
71660543961,https://walmart.com/ip/49165931
71660543962,https://walmart.com/ip/49165930
71660543977,https://walmart.com/ip/49165929
71660544011,https://walmart.com/ip/49165932
71660544012,https://walmart.com/ip/49165928
71660544029,https://walmart.com/ip/49162809
71660544030,https://walmart.com/ip/49167182
71660544031,https://walmart.com/ip/49162806
71660544032,https://walmart.com/ip/49167180
71660544049,https://walmart.com/ip/49162807
71660544050,https://walmart.com/ip/49167181
71660544051,https://walmart.com/ip/49162808
71660544052,https://walmart.com/ip/49165813
71660544053,https://walmart.com/ip/49165817
71660544054,https://walmart.com/ip/49165807
71660544055,https://walmart.com/ip/49165802
71660544056,https://walmart.com/ip/49165797
71660544057,https://walmart.com/ip/49165810
71660544079,https://walmart.com/ip/49165794
71660544080,https://walmart.com/ip/49165828
71660544081,https://walmart.com/ip/883346109
71660544082,https://walmart.com/ip/935485212
71660544094,https://walmart.com/ip/49165830
71660544095,https://walmart.com/ip/49165825
71660544096,https://walmart.com/ip/49165823
71660544097,https://walmart.com/ip/49165822
71660544098,https://walmart.com/ip/49165827
71660544099,https://walmart.com/ip/49165819
71660544100,https://walmart.com/ip/49165779
71660544101,https://walmart.com/ip/49165781
71660544102,https://walmart.com/ip/49165774
71660544103,https://walmart.com/ip/49165772
71660544104,https://walmart.com/ip/49165765
71660544105,https://walmart.com/ip/49165776
71660544106,https://walmart.com/ip/49165761
71660544107,https://walmart.com/ip/49165801
71660544108,https://walmart.com/ip/49165805
71660544109,https://walmart.com/ip/49165793
71660544110,https://walmart.com/ip/49165789
71660544111,https://walmart.com/ip/49165786
71660544787,https://walmart.com/ip/683268734
71660544788,https://walmart.com/ip/250256595
71660545099,https://walmart.com/ip/50133583
71660545596,https://walmart.com/ip/630677811
71660545631,https://walmart.com/ip/497778963
71660545632,https://walmart.com/ip/787392054
71660545663,https://walmart.com/ip/616173735
71660545664,https://walmart.com/ip/218820854
71660545665,https://walmart.com/ip/912356064
71660545666,https://walmart.com/ip/557597463
71660545742,https://walmart.com/ip/615499566
71660545861,https://walmart.com/ip/348067845
71660545904,https://walmart.com/ip/49167147
71660545905,https://walmart.com/ip/49167148
71660545967,https://walmart.com/ip/46045727
71660545968,https://walmart.com/ip/46045728
71660545969,https://walmart.com/ip/46045729
71660545978,https://walmart.com/ip/46045730
71660545979,https://walmart.com/ip/46045731
71660545980,https://walmart.com/ip/46045732
71660545981,https://walmart.com/ip/46045754
71660545982,https://walmart.com/ip/46045755
71660545983,https://walmart.com/ip/46045756
71660545984,https://walmart.com/ip/46045757
71660545985,https://walmart.com/ip/46045758
71660545986,https://walmart.com/ip/46045759
71660545987,https://walmart.com/ip/46045760
71660545988,https://walmart.com/ip/46045747
71660545989,https://walmart.com/ip/46045748
71660545994,https://walmart.com/ip/46045749
71660545995,https://walmart.com/ip/46045750
71660545996,https://walmart.com/ip/46045751
71660545997,https://walmart.com/ip/46045752
71660546002,https://walmart.com/ip/46045753
71660546003,https://walmart.com/ip/46045733
71660546004,https://walmart.com/ip/46045734
71660546005,https://walmart.com/ip/781222458
71660546030,https://walmart.com/ip/966849896
71660546031,https://walmart.com/ip/534722061
71660546073,https://walmart.com/ip/634064654
71660546077,https://walmart.com/ip/361362613
71660546098,https://walmart.com/ip/445771544
71660546099,https://walmart.com/ip/435369956
71660546100,https://walmart.com/ip/503576371
71660546101,https://walmart.com/ip/556200040
71660546102,https://walmart.com/ip/315362393
71660546103,https://walmart.com/ip/621928379
71660546113,https://walmart.com/ip/917971155
71660546114,https://walmart.com/ip/295225940
71660546115,https://walmart.com/ip/994597474
71660546116,https://walmart.com/ip/453173125
71660546117,https://walmart.com/ip/233122276
71660546118,https://walmart.com/ip/851696565
71660546175,https://walmart.com/ip/14659456
71660546224,https://walmart.com/ip/46043143
71660546225,https://walmart.com/ip/46043147
71660546226,https://walmart.com/ip/46043161
71660546236,https://walmart.com/ip/46043166
71660546237,https://walmart.com/ip/46043170
71660546238,https://walmart.com/ip/46043173
71660546251,https://walmart.com/ip/46043176
71660546252,https://walmart.com/ip/46043180
71660546253,https://walmart.com/ip/46043183
71660546257,https://walmart.com/ip/46043200
71660546259,https://walmart.com/ip/46043201
71660546410,https://walmart.com/ip/46045827
71660546411,https://walmart.com/ip/46045828
71660546412,https://walmart.com/ip/46045829
71660546540,https://walmart.com/ip/46043102
71660546541,https://walmart.com/ip/46043054
71660546545,https://walmart.com/ip/46043059
71660546546,https://walmart.com/ip/46043064
71660546547,https://walmart.com/ip/46043072
71660546551,https://walmart.com/ip/46043077
71660546552,https://walmart.com/ip/46043029
71660546553,https://walmart.com/ip/46042991
71660546554,https://walmart.com/ip/46090766
71660546555,https://walmart.com/ip/46042997
71660546556,https://walmart.com/ip/46043008
71660546557,https://walmart.com/ip/46043022
71660546558,https://walmart.com/ip/46042899
71660546559,https://walmart.com/ip/46042887
71660546581,https://walmart.com/ip/46042889
71660546582,https://walmart.com/ip/46042892
71660546583,https://walmart.com/ip/46090871
71660546584,https://walmart.com/ip/46042894
71660546585,https://walmart.com/ip/46042987
71660546586,https://walmart.com/ip/46042968
71660546698,https://walmart.com/ip/173415529
71660546699,https://walmart.com/ip/132946632
71660546700,https://walmart.com/ip/776963068
71660546743,https://walmart.com/ip/457294250
71660546744,https://walmart.com/ip/593105470
71660546745,https://walmart.com/ip/478974614
71660546756,https://walmart.com/ip/275055710
71660546757,https://walmart.com/ip/706183376
71660546767,https://walmart.com/ip/920186761
71660546768,https://walmart.com/ip/131183819
71660546769,https://walmart.com/ip/742267179
71660546770,https://walmart.com/ip/562215194
71660546771,https://walmart.com/ip/873034668
71660546828,https://walmart.com/ip/14659460
71660546902,https://walmart.com/ip/261693042
71660546903,https://walmart.com/ip/235534484
71660546904,https://walmart.com/ip/411756296
71660546905,https://walmart.com/ip/495915296
71660546906,https://walmart.com/ip/101491532
71660546919,https://walmart.com/ip/37328070
71660546920,https://walmart.com/ip/37328080
71660546921,https://walmart.com/ip/37328083
71660546922,https://walmart.com/ip/37328091
71660546923,https://walmart.com/ip/37328095
71660546924,https://walmart.com/ip/37328098
71660546925,https://walmart.com/ip/37328103
71660546926,https://walmart.com/ip/37328302
71660546962,https://walmart.com/ip/37328308
71660546963,https://walmart.com/ip/37328312
71660546964,https://walmart.com/ip/37328316
71660546965,https://walmart.com/ip/37328321
71660546966,https://walmart.com/ip/37328326
71660547002,https://walmart.com/ip/37328330
71660547003,https://walmart.com/ip/37328397
71660547004,https://walmart.com/ip/37328401
71660547005,https://walmart.com/ip/37328405
71660547006,https://walmart.com/ip/37328408
71660547007,https://walmart.com/ip/37328410
71660547008,https://walmart.com/ip/37328412
71660547009,https://walmart.com/ip/37328414
71660547010,https://walmart.com/ip/37328430
71660547011,https://walmart.com/ip/37328433
71660547017,https://walmart.com/ip/37328436
71660547018,https://walmart.com/ip/37328438
71660547019,https://walmart.com/ip/37328440
71660547020,https://walmart.com/ip/37328441
71660547021,https://walmart.com/ip/37328442
71660547032,https://walmart.com/ip/37328088
71660547033,https://walmart.com/ip/37328094
71660547034,https://walmart.com/ip/37328097
71660547035,https://walmart.com/ip/37328102
71660547036,https://walmart.com/ip/37328104
71660547047,https://walmart.com/ip/37328106
71660547048,https://walmart.com/ip/37328079
71660547049,https://walmart.com/ip/37328114
71660547050,https://walmart.com/ip/37328117
71660547051,https://walmart.com/ip/37328119
71660547052,https://walmart.com/ip/37328122
71660547053,https://walmart.com/ip/37328125
71660547054,https://walmart.com/ip/37328128
71660547055,https://walmart.com/ip/37328112
71660547056,https://walmart.com/ip/37328310
71660547057,https://walmart.com/ip/37328314
71660547058,https://walmart.com/ip/37328318
71660547061,https://walmart.com/ip/37328323
71660547066,https://walmart.com/ip/191958474
71660547077,https://walmart.com/ip/37328328
71660547078,https://walmart.com/ip/37328332
71660547079,https://walmart.com/ip/37328304
71660547080,https://walmart.com/ip/37328404
71660547081,https://walmart.com/ip/37328407
71660547082,https://walmart.com/ip/603174915
71660547097,https://walmart.com/ip/37328409
71660547098,https://walmart.com/ip/37328411
71660547114,https://walmart.com/ip/37328413
71660547115,https://walmart.com/ip/37328415
71660547116,https://walmart.com/ip/37328398
71660547137,https://walmart.com/ip/37328555
71660547138,https://walmart.com/ip/37328560
71660547139,https://walmart.com/ip/37328563
71660547140,https://walmart.com/ip/37328567
71660547141,https://walmart.com/ip/37328571
71660547142,https://walmart.com/ip/37328574
71660547143,https://walmart.com/ip/37328548
71660547144,https://walmart.com/ip/37328620
71660547145,https://walmart.com/ip/37328625
71660547146,https://walmart.com/ip/37328628
71660547152,https://walmart.com/ip/37328632
71660547153,https://walmart.com/ip/37328640
71660547154,https://walmart.com/ip/37328644
71660547155,https://walmart.com/ip/37328614
71660547156,https://walmart.com/ip/37328283
71660547157,https://walmart.com/ip/37328285
71660547158,https://walmart.com/ip/37328288
71660547159,https://walmart.com/ip/37328291
71660547160,https://walmart.com/ip/37328295
71660547161,https://walmart.com/ip/37328299
71660547188,https://walmart.com/ip/47062868
71660547189,https://walmart.com/ip/47062865
71660547190,https://walmart.com/ip/47068610
71660547191,https://walmart.com/ip/47062866
71660547196,https://walmart.com/ip/870663179
71660547197,https://walmart.com/ip/37328282
71660547198,https://walmart.com/ip/37328499
71660547199,https://walmart.com/ip/37328501
71660547200,https://walmart.com/ip/37328503
71660547201,https://walmart.com/ip/37328505
71660547202,https://walmart.com/ip/47068611
71660547203,https://walmart.com/ip/47062867
71660547204,https://walmart.com/ip/47068612
71660547205,https://walmart.com/ip/47062874
71660547206,https://walmart.com/ip/47062869
71660547222,https://walmart.com/ip/47062870
71660547223,https://walmart.com/ip/47062871
71660547224,https://walmart.com/ip/47062872
71660547225,https://walmart.com/ip/47068613
71660547226,https://walmart.com/ip/47062873
71660547227,https://walmart.com/ip/47062881
71660547228,https://walmart.com/ip/47062875
71660547229,https://walmart.com/ip/47062876
71660547230,https://walmart.com/ip/47062877
71660547231,https://walmart.com/ip/47062878
71660547237,https://walmart.com/ip/47062879
71660547238,https://walmart.com/ip/47062880
71660547239,https://walmart.com/ip/46042774
71660547240,https://walmart.com/ip/46042777
71660547241,https://walmart.com/ip/46090777
71660547242,https://walmart.com/ip/37328966
71660547243,https://walmart.com/ip/37328507
71660547244,https://walmart.com/ip/37328497
71660547245,https://walmart.com/ip/37328478
71660547246,https://walmart.com/ip/37328482
71660547247,https://walmart.com/ip/37328486
71660547248,https://walmart.com/ip/37328490
71660547249,https://walmart.com/ip/37328493
71660547250,https://walmart.com/ip/37328495
71660547251,https://walmart.com/ip/37328473
71660547252,https://walmart.com/ip/46042780
71660547253,https://walmart.com/ip/46042784
71660547254,https://walmart.com/ip/46090778
71660547255,https://walmart.com/ip/46042787
71660547256,https://walmart.com/ip/46042829
71660547257,https://walmart.com/ip/46042832
71660547258,https://walmart.com/ip/46090779
71660547267,https://walmart.com/ip/37328649
71660547268,https://walmart.com/ip/37328650
71660547269,https://walmart.com/ip/37328651
71660547270,https://walmart.com/ip/37328652
71660547271,https://walmart.com/ip/37328653
71660547272,https://walmart.com/ip/37328654
71660547273,https://walmart.com/ip/37328647
71660547274,https://walmart.com/ip/37328048
71660547275,https://walmart.com/ip/37328054
71660547276,https://walmart.com/ip/37328058
71660547277,https://walmart.com/ip/37328064
71660547278,https://walmart.com/ip/37328067
71660547279,https://walmart.com/ip/37328074
71660547280,https://walmart.com/ip/37328041
71660547281,https://walmart.com/ip/37328618
71660547287,https://walmart.com/ip/37328624
71660547288,https://walmart.com/ip/37328627
71660547289,https://walmart.com/ip/37328631
71660547290,https://walmart.com/ip/37328635
71660547291,https://walmart.com/ip/37328639
71660547307,https://walmart.com/ip/37328611
71660547308,https://walmart.com/ip/37328711
71660547309,https://walmart.com/ip/37328716
71660547310,https://walmart.com/ip/37328718
71660547311,https://walmart.com/ip/37328719
71660547317,https://walmart.com/ip/37328720
71660547318,https://walmart.com/ip/37328721
71660547319,https://walmart.com/ip/37328696
71660547320,https://walmart.com/ip/37328135
71660547326,https://walmart.com/ip/37328138
71660547327,https://walmart.com/ip/37328141
71660547328,https://walmart.com/ip/37328143
71660547329,https://walmart.com/ip/37328150
71660547330,https://walmart.com/ip/37328154
71660547333,https://walmart.com/ip/37328133
71660547334,https://walmart.com/ip/37328298
71660547335,https://walmart.com/ip/37328301
71660547351,https://walmart.com/ip/37328306
71660547352,https://walmart.com/ip/37328311
71660547353,https://walmart.com/ip/37328315
71660547354,https://walmart.com/ip/37328319
71660547355,https://walmart.com/ip/37328294
71660547356,https://walmart.com/ip/37328364
71660547357,https://walmart.com/ip/37328367
71660547358,https://walmart.com/ip/37328370
71660547359,https://walmart.com/ip/37328373
71660547360,https://walmart.com/ip/37328377
71660547361,https://walmart.com/ip/37328380
71660547362,https://walmart.com/ip/37328361
71660547363,https://walmart.com/ip/37328524
71660547364,https://walmart.com/ip/37328525
71660547365,https://walmart.com/ip/37328527
71660547376,https://walmart.com/ip/37328528
71660547377,https://walmart.com/ip/37328530
71660547378,https://walmart.com/ip/37328533
71660547379,https://walmart.com/ip/37328523
71660547380,https://walmart.com/ip/37328675
71660547396,https://walmart.com/ip/37328680
71660547397,https://walmart.com/ip/37328683
71660547398,https://walmart.com/ip/37328688
71660547408,https://walmart.com/ip/37328692
71660547432,https://walmart.com/ip/37328705
71660547433,https://walmart.com/ip/37328674
71660547434,https://walmart.com/ip/37328236
71660547438,https://walmart.com/ip/49169639
71660547439,https://walmart.com/ip/49169640
71660547440,https://walmart.com/ip/49169641
71660547450,https://walmart.com/ip/37328239
71660547451,https://walmart.com/ip/37328243
71660547452,https://walmart.com/ip/37328247
71660547459,https://walmart.com/ip/37328251
71660547460,https://walmart.com/ip/37328254
71660547461,https://walmart.com/ip/37328229
71660547465,https://walmart.com/ip/37328351
71660547471,https://walmart.com/ip/37328354
71660547472,https://walmart.com/ip/37328357
71660547473,https://walmart.com/ip/37328358
71660547480,https://walmart.com/ip/37328359
71660547481,https://walmart.com/ip/37328360
71660547483,https://walmart.com/ip/37328348
71660547484,https://walmart.com/ip/37328425
71660547485,https://walmart.com/ip/37328428
71660547489,https://walmart.com/ip/37328431
71660547490,https://walmart.com/ip/37328434
71660547491,https://walmart.com/ip/37328437
71660547492,https://walmart.com/ip/37328439
71660547493,https://walmart.com/ip/37328421
71660547494,https://walmart.com/ip/37328464
71660547519,https://walmart.com/ip/37328469
71660547520,https://walmart.com/ip/37328474
71660547521,https://walmart.com/ip/37328477
71660547531,https://walmart.com/ip/37328481
71660547532,https://walmart.com/ip/37328485
71660547533,https://walmart.com/ip/37328460
71660547540,https://walmart.com/ip/37328658
71660547541,https://walmart.com/ip/37328661
71660547542,https://walmart.com/ip/37328664
71660547549,https://walmart.com/ip/37328669
71660547550,https://walmart.com/ip/37328671
71660547551,https://walmart.com/ip/37328673
71660547552,https://walmart.com/ip/37328656
71660547553,https://walmart.com/ip/37328265
71660547554,https://walmart.com/ip/37328267
71660547579,https://walmart.com/ip/37328269
71660547580,https://walmart.com/ip/37328272
71660547581,https://walmart.com/ip/37328275
71660547582,https://walmart.com/ip/37328277
71660547583,https://walmart.com/ip/37328263
71660547584,https://walmart.com/ip/37328082
71660547585,https://walmart.com/ip/37328085
71660547586,https://walmart.com/ip/37328089
71660547587,https://walmart.com/ip/37328093
71660547588,https://walmart.com/ip/253297741
71660547602,https://walmart.com/ip/37328072
71660547603,https://walmart.com/ip/37328099
71660547605,https://walmart.com/ip/37328222
71660547606,https://walmart.com/ip/37328231
71660547616,https://walmart.com/ip/37328234
71660547617,https://walmart.com/ip/37328237
71660547618,https://walmart.com/ip/37328216
71660547635,https://walmart.com/ip/37328242
71660547637,https://walmart.com/ip/37328539
71660547644,https://walmart.com/ip/37328544
71660547645,https://walmart.com/ip/37328549
71660547646,https://walmart.com/ip/37328554
71660547659,https://walmart.com/ip/37328536
71660547660,https://walmart.com/ip/37328559
71660547677,https://walmart.com/ip/37328043
71660547678,https://walmart.com/ip/37328047
71660547679,https://walmart.com/ip/37328053
71660547680,https://walmart.com/ip/37328057
71660547681,https://walmart.com/ip/37328037
71660547682,https://walmart.com/ip/37328062
71660547684,https://walmart.com/ip/37328121
71660547685,https://walmart.com/ip/37328124
71660547692,https://walmart.com/ip/37328127
71660547693,https://walmart.com/ip/37328130
71660547694,https://walmart.com/ip/37328116
71660547698,https://walmart.com/ip/37328131
71660547700,https://walmart.com/ip/37328691
71660547707,https://walmart.com/ip/37328694
71660547708,https://walmart.com/ip/37328699
71660547709,https://walmart.com/ip/37328701
71660547710,https://walmart.com/ip/37328687
71660547711,https://walmart.com/ip/37328713
71660547719,https://walmart.com/ip/37328208
71660547720,https://walmart.com/ip/37328211
71660547721,https://walmart.com/ip/37328215
71660547740,https://walmart.com/ip/37328219
71660547741,https://walmart.com/ip/37328207
71660547742,https://walmart.com/ip/37328226
71660547744,https://walmart.com/ip/37328313
71660547745,https://walmart.com/ip/37328317
71660547752,https://walmart.com/ip/37328322
71660547753,https://walmart.com/ip/37328327
71660547754,https://walmart.com/ip/37328307
71660547770,https://walmart.com/ip/37328331
71660547772,https://walmart.com/ip/37328657
71660547791,https://walmart.com/ip/37328660
71660547792,https://walmart.com/ip/37328663
71660547793,https://walmart.com/ip/37328666
71660547794,https://walmart.com/ip/37328655
71660547797,https://walmart.com/ip/37328667
71660547799,https://walmart.com/ip/37328601
71660547800,https://walmart.com/ip/37328605
71660547801,https://walmart.com/ip/37328610
71660547802,https://walmart.com/ip/37328615
71660547821,https://walmart.com/ip/37328598
71660547822,https://walmart.com/ip/37328622
71660547848,https://walmart.com/ip/37328152
71660547849,https://walmart.com/ip/37328158
71660547850,https://walmart.com/ip/37328164
71660547854,https://walmart.com/ip/37328167
71660547855,https://walmart.com/ip/37328148
71660547856,https://walmart.com/ip/37328173
71660547864,https://walmart.com/ip/37328284
71660547865,https://walmart.com/ip/37328287
71660547869,https://walmart.com/ip/37328290
71660547870,https://walmart.com/ip/37328293
71660547871,https://walmart.com/ip/37328281
71660547873,https://walmart.com/ip/37328297
71660547878,https://walmart.com/ip/37328447
71660547879,https://walmart.com/ip/37328450
71660547880,https://walmart.com/ip/37328453
71660547887,https://walmart.com/ip/37328990
71660547888,https://walmart.com/ip/37328457
71660547889,https://walmart.com/ip/37328992
71660547893,https://walmart.com/ip/37328445
71660547894,https://walmart.com/ip/37328388
71660547895,https://walmart.com/ip/37328391
71660547909,https://walmart.com/ip/37328394
71660547910,https://walmart.com/ip/37328396
71660547917,https://walmart.com/ip/37328400
71660547918,https://walmart.com/ip/37328403
71660547919,https://walmart.com/ip/37328385
71660547923,https://walmart.com/ip/37328608
71660547924,https://walmart.com/ip/37328616
71660547929,https://walmart.com/ip/37328636
71660547930,https://walmart.com/ip/37328641
71660547931,https://walmart.com/ip/37328645
71660547944,https://walmart.com/ip/37328648
71660547945,https://walmart.com/ip/37328604
71660547946,https://walmart.com/ip/37328213
71660547968,https://walmart.com/ip/37328968
71660547969,https://walmart.com/ip/37328218
71660547970,https://walmart.com/ip/37328225
71660547980,https://walmart.com/ip/37328235
71660547981,https://walmart.com/ip/37328241
71660547982,https://walmart.com/ip/37328210
71660547992,https://walmart.com/ip/37328702
71660547993,https://walmart.com/ip/37328706
71660547994,https://walmart.com/ip/37328708
71660547995,https://walmart.com/ip/37328710
71660547996,https://walmart.com/ip/37328712
71660547997,https://walmart.com/ip/37328714
71660548007,https://walmart.com/ip/37328697
71660548008,https://walmart.com/ip/37328132
71660548009,https://walmart.com/ip/37328134
71660548013,https://walmart.com/ip/37328136
71660548014,https://walmart.com/ip/37328140
71660548015,https://walmart.com/ip/37328147
71660548016,https://walmart.com/ip/37328155
71660548017,https://walmart.com/ip/37328129
71660548018,https://walmart.com/ip/37328209
71660548025,https://walmart.com/ip/37328212
71660548026,https://walmart.com/ip/37328217
71660548027,https://walmart.com/ip/37328221
71660548028,https://walmart.com/ip/37328230
71660548029,https://walmart.com/ip/37328233
71660548030,https://walmart.com/ip/37328206
71660548031,https://walmart.com/ip/37328238
71660548032,https://walmart.com/ip/37328246
71660548033,https://walmart.com/ip/37328972
71660548034,https://walmart.com/ip/37328249
71660548035,https://walmart.com/ip/37328253
71660548036,https://walmart.com/ip/37328973
71660548037,https://walmart.com/ip/37328228
71660548046,https://walmart.com/ip/368396707
71660548047,https://walmart.com/ip/498142105
71660548048,https://walmart.com/ip/238291321
71660548052,https://walmart.com/ip/159471621
71660548053,https://walmart.com/ip/668470814
71660548054,https://walmart.com/ip/279191275
71660548055,https://walmart.com/ip/513073453
71660548056,https://walmart.com/ip/112923662
71660548057,https://walmart.com/ip/995511590
71660548061,https://walmart.com/ip/37328420
71660548062,https://walmart.com/ip/37328423
71660548063,https://walmart.com/ip/37328426
71660548064,https://walmart.com/ip/37328976
71660548065,https://walmart.com/ip/37328429
71660548066,https://walmart.com/ip/37328432
71660548067,https://walmart.com/ip/453248608
71660548068,https://walmart.com/ip/234243522
71660548069,https://walmart.com/ip/670987840
71660548073,https://walmart.com/ip/37328435
71660548074,https://walmart.com/ip/37328531
71660548075,https://walmart.com/ip/37328535
71660548076,https://walmart.com/ip/250251721
71660548077,https://walmart.com/ip/618747853
71660548078,https://walmart.com/ip/409081529
71660548087,https://walmart.com/ip/793934482
71660548091,https://walmart.com/ip/278655195
71660548092,https://walmart.com/ip/997584291
71660548093,https://walmart.com/ip/890771118
71660548097,https://walmart.com/ip/37328538
71660548098,https://walmart.com/ip/37328543
71660548099,https://walmart.com/ip/37328546
71660548103,https://walmart.com/ip/374903593
71660548104,https://walmart.com/ip/213887948
71660548105,https://walmart.com/ip/234191014
71660548109,https://walmart.com/ip/37328557
71660548110,https://walmart.com/ip/37328552
71660548111,https://walmart.com/ip/37328526
71660548112,https://walmart.com/ip/37328529
71660548113,https://walmart.com/ip/37328532
71660548114,https://walmart.com/ip/37328534
71660548115,https://walmart.com/ip/764286610
71660548116,https://walmart.com/ip/457324608
71660548117,https://walmart.com/ip/583712030
71660548139,https://walmart.com/ip/37328537
71660548140,https://walmart.com/ip/37330430
71660548141,https://walmart.com/ip/37328542
71660548145,https://walmart.com/ip/37328113
71660548146,https://walmart.com/ip/37328115
71660548147,https://walmart.com/ip/37328118
71660548157,https://walmart.com/ip/37328120
71660548158,https://walmart.com/ip/37328977
71660548160,https://walmart.com/ip/37328123
71660548161,https://walmart.com/ip/37328126
71660548177,https://walmart.com/ip/37328545
71660548178,https://walmart.com/ip/37328550
71660548179,https://walmart.com/ip/37328556
71660548185,https://walmart.com/ip/37328561
71660548186,https://walmart.com/ip/37328564
71660548187,https://walmart.com/ip/37328568
71660548191,https://walmart.com/ip/37328540
71660548192,https://walmart.com/ip/37328390
71660548193,https://walmart.com/ip/37328393
71660548212,https://walmart.com/ip/37328395
71660548213,https://walmart.com/ip/37328399
71660548214,https://walmart.com/ip/37328402
71660548215,https://walmart.com/ip/37328406
71660548216,https://walmart.com/ip/37328387
71660548222,https://walmart.com/ip/37328558
71660548223,https://walmart.com/ip/37328562
71660548224,https://walmart.com/ip/37328565
71660548225,https://walmart.com/ip/37328569
71660548226,https://walmart.com/ip/37328572
71660548227,https://walmart.com/ip/37328575
71660548228,https://walmart.com/ip/37328551
71660548229,https://walmart.com/ip/37328626
71660548230,https://walmart.com/ip/37328630
71660548231,https://walmart.com/ip/37328634
71660548232,https://walmart.com/ip/37328638
71660548233,https://walmart.com/ip/37328643
71660548234,https://walmart.com/ip/37328646
71660548235,https://walmart.com/ip/37328621
71660548236,https://walmart.com/ip/37328046
71660548247,https://walmart.com/ip/37328069
71660548248,https://walmart.com/ip/37328075
71660548249,https://walmart.com/ip/37328081
71660548250,https://walmart.com/ip/37328969
71660548251,https://walmart.com/ip/37328084
71660548252,https://walmart.com/ip/37328039
71660548253,https://walmart.com/ip/37328052
71660548254,https://walmart.com/ip/37328063
71660548255,https://walmart.com/ip/37328066
71660548256,https://walmart.com/ip/37328978
71660548260,https://walmart.com/ip/37328076
71660548261,https://walmart.com/ip/37328078
71660548262,https://walmart.com/ip/37328042
71660548263,https://walmart.com/ip/37328142
71660548264,https://walmart.com/ip/37328144
71660548265,https://walmart.com/ip/37328997
71660548266,https://walmart.com/ip/37328151
71660548267,https://walmart.com/ip/37328157
71660548268,https://walmart.com/ip/37328159
71660548269,https://walmart.com/ip/37328137
71660548270,https://walmart.com/ip/56248183
71660548271,https://walmart.com/ip/56248184
71660548272,https://walmart.com/ip/37328156
71660548273,https://walmart.com/ip/37328161
71660548274,https://walmart.com/ip/37329610
71660548275,https://walmart.com/ip/37328165
71660548276,https://walmart.com/ip/37328145
71660548279,https://walmart.com/ip/37328195
71660548280,https://walmart.com/ip/37328198
71660548281,https://walmart.com/ip/37328201
71660548282,https://walmart.com/ip/37328204
71660548283,https://walmart.com/ip/37328190
71660548284,https://walmart.com/ip/56248185
71660548285,https://walmart.com/ip/56248186
71660548286,https://walmart.com/ip/37328268
71660548287,https://walmart.com/ip/37328971
71660548297,https://walmart.com/ip/37328271
71660548298,https://walmart.com/ip/37328274
71660548299,https://walmart.com/ip/37328264
71660548363,https://walmart.com/ip/37328678
71660548364,https://walmart.com/ip/37328686
71660548365,https://walmart.com/ip/37328690
71660548366,https://walmart.com/ip/37328693
71660548367,https://walmart.com/ip/37328695
71660548368,https://walmart.com/ip/37328698
71660548369,https://walmart.com/ip/37328677
71660548371,https://walmart.com/ip/14659775
71660548372,https://walmart.com/ip/37328191
71660548373,https://walmart.com/ip/37328193
71660548375,https://walmart.com/ip/37328196
71660548376,https://walmart.com/ip/37328199
71660548378,https://walmart.com/ip/37328202
71660548379,https://walmart.com/ip/37328205
71660548380,https://walmart.com/ip/37328188
71660548394,https://walmart.com/ip/46043113
71660548395,https://walmart.com/ip/46043118
71660548396,https://walmart.com/ip/46043123
71660548397,https://walmart.com/ip/46043128
71660548398,https://walmart.com/ip/46043131
71660548402,https://walmart.com/ip/14659777
71660548403,https://walmart.com/ip/14659779
71660548404,https://walmart.com/ip/37328232
71660548405,https://walmart.com/ip/37328240
71660548406,https://walmart.com/ip/37328245
71660548407,https://walmart.com/ip/37328248
71660548408,https://walmart.com/ip/37328252
71660548409,https://walmart.com/ip/37328255
71660548416,https://walmart.com/ip/46043133
71660548417,https://walmart.com/ip/46043137
71660548418,https://walmart.com/ip/46043142
71660548419,https://walmart.com/ip/46043146
71660548420,https://walmart.com/ip/46043156
71660548421,https://walmart.com/ip/46043159
71660548422,https://walmart.com/ip/37328223
71660548423,https://walmart.com/ip/37328153
71660548424,https://walmart.com/ip/37328162
71660548425,https://walmart.com/ip/37328166
71660548426,https://walmart.com/ip/37328169
71660548427,https://walmart.com/ip/37328172
71660548428,https://walmart.com/ip/37328177
71660548429,https://walmart.com/ip/37328149
71660548430,https://walmart.com/ip/37328270
71660548431,https://walmart.com/ip/37328273
71660548432,https://walmart.com/ip/37328276
71660548439,https://walmart.com/ip/37328278
71660548440,https://walmart.com/ip/37328279
71660548441,https://walmart.com/ip/37328280
71660548442,https://walmart.com/ip/37328266
71660548443,https://walmart.com/ip/37328444
71660548444,https://walmart.com/ip/37328446
71660548450,https://walmart.com/ip/37328449
71660548451,https://walmart.com/ip/37328451
71660548452,https://walmart.com/ip/37328455
71660548453,https://walmart.com/ip/37328461
71660548454,https://walmart.com/ip/37328443
71660548455,https://walmart.com/ip/37328511
71660548457,https://walmart.com/ip/37328513
71660548458,https://walmart.com/ip/37328515
71660548459,https://walmart.com/ip/37328517
71660548460,https://walmart.com/ip/37328518
71660548461,https://walmart.com/ip/37328521
71660548462,https://walmart.com/ip/37328509
71660548469,https://walmart.com/ip/14659781
71660548470,https://walmart.com/ip/14659783
71660548471,https://walmart.com/ip/14659809
71660548474,https://walmart.com/ip/37328617
71660548475,https://walmart.com/ip/37328623
71660548476,https://walmart.com/ip/37328629
71660548477,https://walmart.com/ip/37328633
71660548478,https://walmart.com/ip/37328637
71660548479,https://walmart.com/ip/37328642
71660548486,https://walmart.com/ip/37328609
71660548487,https://walmart.com/ip/37328684
71660548488,https://walmart.com/ip/37328689
71660548489,https://walmart.com/ip/37328700
71660548490,https://walmart.com/ip/37328703
71660548491,https://walmart.com/ip/37328715
71660548519,https://walmart.com/ip/14659812
71660548521,https://walmart.com/ip/14659814
71660548522,https://walmart.com/ip/37328717
71660548523,https://walmart.com/ip/37328681
71660548524,https://walmart.com/ip/37328059
71660548525,https://walmart.com/ip/37328068
71660548526,https://walmart.com/ip/37328073
71660548527,https://walmart.com/ip/37328077
71660548535,https://walmart.com/ip/37328086
71660548536,https://walmart.com/ip/37328090
71660548537,https://walmart.com/ip/37328051
71660548539,https://walmart.com/ip/14659816
71660548540,https://walmart.com/ip/14659817
71660548541,https://walmart.com/ip/14659818
71660548542,https://walmart.com/ip/14659819
71660548543,https://walmart.com/ip/14659820
71660548544,https://walmart.com/ip/14659821
71660548548,https://walmart.com/ip/37328417
71660548549,https://walmart.com/ip/37328418
71660548550,https://walmart.com/ip/37328419
71660548556,https://walmart.com/ip/37328422
71660548557,https://walmart.com/ip/37328424
71660548558,https://walmart.com/ip/37328427
71660548559,https://walmart.com/ip/37328416
71660548560,https://walmart.com/ip/37328366
71660548571,https://walmart.com/ip/37328369
71660548572,https://walmart.com/ip/37328372
71660548573,https://walmart.com/ip/37328375
71660548574,https://walmart.com/ip/37328379
71660548575,https://walmart.com/ip/37328383
71660548576,https://walmart.com/ip/37328363
71660548577,https://walmart.com/ip/37328498
71660548578,https://walmart.com/ip/37328500
71660548579,https://walmart.com/ip/37328502
71660548580,https://walmart.com/ip/37328504
71660548581,https://walmart.com/ip/37328506
71660548582,https://walmart.com/ip/37328508
71660548583,https://walmart.com/ip/37328496
71660548584,https://walmart.com/ip/37328577
71660548585,https://walmart.com/ip/37328578
71660548586,https://walmart.com/ip/37328579
71660548587,https://walmart.com/ip/37328580
71660548588,https://walmart.com/ip/37328583
71660548589,https://walmart.com/ip/37328586
71660548590,https://walmart.com/ip/37328576
71660548591,https://walmart.com/ip/37328547
71660548592,https://walmart.com/ip/37328553
71660548593,https://walmart.com/ip/37328566
71660548594,https://walmart.com/ip/37328570
71660548595,https://walmart.com/ip/37328541
71660548596,https://walmart.com/ip/37328573
71660548598,https://walmart.com/ip/37328345
71660548599,https://walmart.com/ip/37328347
71660548600,https://walmart.com/ip/37328350
71660548601,https://walmart.com/ip/37328353
71660548602,https://walmart.com/ip/37328342
71660548603,https://walmart.com/ip/37328356
71660548605,https://walmart.com/ip/37328320
71660548606,https://walmart.com/ip/37328325
71660548607,https://walmart.com/ip/37328329
71660548608,https://walmart.com/ip/37328333
71660548609,https://walmart.com/ip/37328303
71660548610,https://walmart.com/ip/37328335
71660548612,https://walmart.com/ip/37328382
71660548613,https://walmart.com/ip/37328384
71660548614,https://walmart.com/ip/37328386
71660548615,https://walmart.com/ip/37328389
71660548616,https://walmart.com/ip/37328376
71660548617,https://walmart.com/ip/37328392
71660548619,https://walmart.com/ip/37328459
71660548620,https://walmart.com/ip/37328463
71660548621,https://walmart.com/ip/37328468
71660548622,https://walmart.com/ip/37328472
71660548623,https://walmart.com/ip/37328454
71660548624,https://walmart.com/ip/37328487
71660548626,https://walmart.com/ip/37328584
71660548627,https://walmart.com/ip/37328587
71660548628,https://walmart.com/ip/37328589
71660548629,https://walmart.com/ip/37328591
71660548630,https://walmart.com/ip/37328581
71660548631,https://walmart.com/ip/37328594
71660548633,https://walmart.com/ip/37328600
71660548634,https://walmart.com/ip/37328603
71660548635,https://walmart.com/ip/37328607
71660548636,https://walmart.com/ip/37328613
71660548637,https://walmart.com/ip/37328597
71660548638,https://walmart.com/ip/37328619
71660548640,https://walmart.com/ip/37328662
71660548641,https://walmart.com/ip/37328665
71660548642,https://walmart.com/ip/37328668
71660548643,https://walmart.com/ip/37328670
71660548644,https://walmart.com/ip/37328659
71660548645,https://walmart.com/ip/37328672
71660548647,https://walmart.com/ip/37329893
71660548648,https://walmart.com/ip/37328044
71660548649,https://walmart.com/ip/37328049
71660548650,https://walmart.com/ip/37328055
71660548651,https://walmart.com/ip/37328040
71660548652,https://walmart.com/ip/37328060
71660548654,https://walmart.com/ip/37328045
71660548655,https://walmart.com/ip/37328050
71660548656,https://walmart.com/ip/37328056
71660548657,https://walmart.com/ip/37328061
71660548658,https://walmart.com/ip/37328038
71660548659,https://walmart.com/ip/37328065
71660548661,https://walmart.com/ip/37328179
71660548662,https://walmart.com/ip/37329894
71660548663,https://walmart.com/ip/37328182
71660548664,https://walmart.com/ip/37328184
71660548665,https://walmart.com/ip/37328175
71660548666,https://walmart.com/ip/37328186
71660548668,https://walmart.com/ip/37328220
71660548669,https://walmart.com/ip/37328227
71660548670,https://walmart.com/ip/37328244
71660548671,https://walmart.com/ip/37328250
71660548672,https://walmart.com/ip/37328214
71660548673,https://walmart.com/ip/37328256
71660548675,https://walmart.com/ip/37328343
71660548676,https://walmart.com/ip/37328344
71660548677,https://walmart.com/ip/37328346
71660548678,https://walmart.com/ip/37328349
71660548679,https://walmart.com/ip/37328352
71660548680,https://walmart.com/ip/37328355
71660548681,https://walmart.com/ip/37328341
71660548682,https://walmart.com/ip/37328334
71660548683,https://walmart.com/ip/37328336
71660548684,https://walmart.com/ip/37328337
71660548685,https://walmart.com/ip/37328338
71660548686,https://walmart.com/ip/37328339
71660548687,https://walmart.com/ip/37328340
71660548688,https://walmart.com/ip/37328324
71660548689,https://walmart.com/ip/37328467
71660548690,https://walmart.com/ip/37328470
71660548691,https://walmart.com/ip/37328479
71660548692,https://walmart.com/ip/37328483
71660548693,https://walmart.com/ip/37328488
71660548694,https://walmart.com/ip/37328491
71660548695,https://walmart.com/ip/37328458
71660548696,https://walmart.com/ip/37328146
71660548697,https://walmart.com/ip/37328160
71660548698,https://walmart.com/ip/37328168
71660548699,https://walmart.com/ip/37328171
71660548700,https://walmart.com/ip/37328176
71660548701,https://walmart.com/ip/37328180
71660548702,https://walmart.com/ip/37328139
71660548703,https://walmart.com/ip/37328189
71660548704,https://walmart.com/ip/37328192
71660548705,https://walmart.com/ip/37328194
71660548706,https://walmart.com/ip/37328197
71660548707,https://walmart.com/ip/37328200
71660548708,https://walmart.com/ip/37328203
71660548709,https://walmart.com/ip/37328187
71660548710,https://walmart.com/ip/37328289
71660548711,https://walmart.com/ip/37328292
71660548712,https://walmart.com/ip/37328296
71660548713,https://walmart.com/ip/37328300
71660548714,https://walmart.com/ip/37328305
71660548715,https://walmart.com/ip/37328309
71660548716,https://walmart.com/ip/37328286
71660548717,https://walmart.com/ip/37328365
71660548718,https://walmart.com/ip/37328368
71660548719,https://walmart.com/ip/37328371
71660548720,https://walmart.com/ip/37328374
71660548721,https://walmart.com/ip/37328378
71660548722,https://walmart.com/ip/37328381
71660548723,https://walmart.com/ip/37328362
71660548724,https://walmart.com/ip/37328452
71660548725,https://walmart.com/ip/37328456
71660548726,https://walmart.com/ip/37328462
71660548727,https://walmart.com/ip/37328465
71660548728,https://walmart.com/ip/37328471
71660548729,https://walmart.com/ip/37328476
71660548730,https://walmart.com/ip/37328448
71660548731,https://walmart.com/ip/37328475
71660548732,https://walmart.com/ip/37328480
71660548733,https://walmart.com/ip/37328484
71660548734,https://walmart.com/ip/37328489
71660548735,https://walmart.com/ip/37328492
71660548736,https://walmart.com/ip/37328494
71660548737,https://walmart.com/ip/37328466
71660548738,https://walmart.com/ip/37328512
71660548739,https://walmart.com/ip/37328514
71660548740,https://walmart.com/ip/37328516
71660548741,https://walmart.com/ip/37328519
71660548742,https://walmart.com/ip/37328520
71660548743,https://walmart.com/ip/37328522
71660548744,https://walmart.com/ip/37328510
71660548745,https://walmart.com/ip/37328970
71660548746,https://walmart.com/ip/37328585
71660548747,https://walmart.com/ip/37328588
71660548748,https://walmart.com/ip/37328590
71660548749,https://walmart.com/ip/37328592
71660548750,https://walmart.com/ip/37328593
71660548751,https://walmart.com/ip/37328582
71660548752,https://walmart.com/ip/37328596
71660548753,https://walmart.com/ip/37328599
71660548754,https://walmart.com/ip/37328602
71660548755,https://walmart.com/ip/37328967
71660548756,https://walmart.com/ip/37328606
71660548757,https://walmart.com/ip/37328612
71660548758,https://walmart.com/ip/37328595
71660548759,https://walmart.com/ip/37328679
71660548760,https://walmart.com/ip/37328682
71660548761,https://walmart.com/ip/37328685
71660548762,https://walmart.com/ip/37328704
71660548763,https://walmart.com/ip/37328707
71660548764,https://walmart.com/ip/37328709
71660548765,https://walmart.com/ip/37328676
71660548766,https://walmart.com/ip/37328105
71660548767,https://walmart.com/ip/37328107
71660548768,https://walmart.com/ip/37328108
71660548769,https://walmart.com/ip/37328109
71660548770,https://walmart.com/ip/37328110
71660548771,https://walmart.com/ip/37328111
71660548772,https://walmart.com/ip/37328100
71660548773,https://walmart.com/ip/37328087
71660548774,https://walmart.com/ip/37328092
71660548775,https://walmart.com/ip/37328974
71660548776,https://walmart.com/ip/37328096
71660548777,https://walmart.com/ip/37328975
71660548778,https://walmart.com/ip/37328101
71660548779,https://walmart.com/ip/37328071
71660548780,https://walmart.com/ip/37328170
71660548781,https://walmart.com/ip/37328174
71660548782,https://walmart.com/ip/37328178
71660548783,https://walmart.com/ip/37328181
71660548784,https://walmart.com/ip/37328183
71660548785,https://walmart.com/ip/37328185
71660548786,https://walmart.com/ip/37328163
71660548960,https://walmart.com/ip/14659822
71660548961,https://walmart.com/ip/14659823
71660548962,https://walmart.com/ip/14659824
71660548963,https://walmart.com/ip/14659825
71660549021,https://walmart.com/ip/341289524
71660549022,https://walmart.com/ip/427696126
71660549031,https://walmart.com/ip/608640895
71660549032,https://walmart.com/ip/119763760
71660549033,https://walmart.com/ip/405585975
71660549034,https://walmart.com/ip/863254590
71660549035,https://walmart.com/ip/837748965
71660549086,https://walmart.com/ip/14659826
71660549087,https://walmart.com/ip/14659827
71660549088,https://walmart.com/ip/14659828
71660549089,https://walmart.com/ip/14659829
71660549090,https://walmart.com/ip/14659830
71660549091,https://walmart.com/ip/14659831
71660549092,https://walmart.com/ip/14659832
71660549093,https://walmart.com/ip/14659833
71660549242,https://walmart.com/ip/678254864
71660549254,https://walmart.com/ip/440732101
71660549334,https://walmart.com/ip/38068158
71660549350,https://walmart.com/ip/38068160
71660549351,https://walmart.com/ip/38068162
71660549352,https://walmart.com/ip/38068164
71660549353,https://walmart.com/ip/38068167
71660549354,https://walmart.com/ip/38068170
71660549355,https://walmart.com/ip/38068172
71660549356,https://walmart.com/ip/38068064
71660549357,https://walmart.com/ip/38068071
71660549358,https://walmart.com/ip/38068078
71660549359,https://walmart.com/ip/38068082
71660549360,https://walmart.com/ip/38068086
71660549361,https://walmart.com/ip/38068088
71660549362,https://walmart.com/ip/38068090
71660549363,https://walmart.com/ip/38068159
71660549364,https://walmart.com/ip/38068161
71660549374,https://walmart.com/ip/38068163
71660549375,https://walmart.com/ip/38068166
71660549376,https://walmart.com/ip/38068168
71660549377,https://walmart.com/ip/38068171
71660549378,https://walmart.com/ip/38068174
71660549379,https://walmart.com/ip/39804557
71660549380,https://walmart.com/ip/39804588
71660549381,https://walmart.com/ip/39804612
71660549382,https://walmart.com/ip/39804574
71660549383,https://walmart.com/ip/39804568
71660549384,https://walmart.com/ip/39804563
71660549385,https://walmart.com/ip/39804582
71660549386,https://walmart.com/ip/39804554
71660549387,https://walmart.com/ip/39804583
71660549388,https://walmart.com/ip/39804589
71660549404,https://walmart.com/ip/39804572
71660549405,https://walmart.com/ip/39804566
71660549406,https://walmart.com/ip/39804560
71660549428,https://walmart.com/ip/39804578
71660549429,https://walmart.com/ip/39804551
71660549430,https://walmart.com/ip/39804580
71660549431,https://walmart.com/ip/39804585
71660549432,https://walmart.com/ip/39804564
71660549433,https://walmart.com/ip/39804559
71660549434,https://walmart.com/ip/39804555
71660549435,https://walmart.com/ip/39804571
71660549451,https://walmart.com/ip/39804552
71660549453,https://walmart.com/ip/39804570
71660549454,https://walmart.com/ip/39804575
71660549455,https://walmart.com/ip/39804561
71660549456,https://walmart.com/ip/39804556
71660549458,https://walmart.com/ip/39806218
71660549469,https://walmart.com/ip/39804565
71660549470,https://walmart.com/ip/38068128
71660549471,https://walmart.com/ip/38068132
71660549472,https://walmart.com/ip/38068136
71660549475,https://walmart.com/ip/38068140
71660549476,https://walmart.com/ip/38068143
71660549477,https://walmart.com/ip/38068146
71660549478,https://walmart.com/ip/38068148
71660549479,https://walmart.com/ip/38068134
71660549480,https://walmart.com/ip/38068139
71660549481,https://walmart.com/ip/38068142
71660549482,https://walmart.com/ip/38068145
71660549483,https://walmart.com/ip/38068147
71660549484,https://walmart.com/ip/38068149
71660549485,https://walmart.com/ip/38068150
71660549530,https://walmart.com/ip/38068188
71660549531,https://walmart.com/ip/38068190
71660549532,https://walmart.com/ip/38068191
71660549533,https://walmart.com/ip/38068193
71660549534,https://walmart.com/ip/38068195
71660549535,https://walmart.com/ip/38068198
71660549536,https://walmart.com/ip/38068203
71660549537,https://walmart.com/ip/38068105
71660549554,https://walmart.com/ip/38068107
71660549555,https://walmart.com/ip/38068109
71660549556,https://walmart.com/ip/38068111
71660549557,https://walmart.com/ip/38068113
71660549558,https://walmart.com/ip/38068114
71660549559,https://walmart.com/ip/38068115
71660549560,https://walmart.com/ip/39804579
71660549569,https://walmart.com/ip/39804595
71660549570,https://walmart.com/ip/39804567
71660549571,https://walmart.com/ip/39804562
71660549572,https://walmart.com/ip/39804558
71660549573,https://walmart.com/ip/39804573
71660549574,https://walmart.com/ip/39804553
71660549575,https://walmart.com/ip/39804620
71660549576,https://walmart.com/ip/39804622
71660549579,https://walmart.com/ip/39804594
71660549580,https://walmart.com/ip/39804586
71660549581,https://walmart.com/ip/39804576
71660549582,https://walmart.com/ip/39804618
71660549583,https://walmart.com/ip/39804569
71660549584,https://walmart.com/ip/39804616
71660549585,https://walmart.com/ip/39804617
71660549586,https://walmart.com/ip/39804607
71660549587,https://walmart.com/ip/39804600
71660549588,https://walmart.com/ip/39804596
71660549589,https://walmart.com/ip/39804613
71660549590,https://walmart.com/ip/39804592
71660549591,https://walmart.com/ip/38068173
71660549592,https://walmart.com/ip/38068175
71660549593,https://walmart.com/ip/38068177
71660549594,https://walmart.com/ip/38068179
71660549595,https://walmart.com/ip/38068181
71660549596,https://walmart.com/ip/38068183
71660549597,https://walmart.com/ip/38068185
71660549598,https://walmart.com/ip/38068165
71660549599,https://walmart.com/ip/38068169
71660549607,https://walmart.com/ip/38068176
71660549608,https://walmart.com/ip/38068178
71660549609,https://walmart.com/ip/38068180
71660549610,https://walmart.com/ip/38068184
71660549611,https://walmart.com/ip/38068187
71660549612,https://walmart.com/ip/38068182
71660549613,https://walmart.com/ip/38068186
71660549614,https://walmart.com/ip/38068200
71660549615,https://walmart.com/ip/38068206
71660549616,https://walmart.com/ip/38068209
71660549617,https://walmart.com/ip/38068210
71660549618,https://walmart.com/ip/38068213
71660549619,https://walmart.com/ip/39804611
71660549620,https://walmart.com/ip/39804614
71660549621,https://walmart.com/ip/39804602
71660549627,https://walmart.com/ip/39804598
71660549628,https://walmart.com/ip/39804593
71660549629,https://walmart.com/ip/39804604
71660549630,https://walmart.com/ip/39804577
71660549631,https://walmart.com/ip/39804621
71660549632,https://walmart.com/ip/39804623
71660549634,https://walmart.com/ip/39804609
71660549635,https://walmart.com/ip/39804606
71660549636,https://walmart.com/ip/39804603
71660549637,https://walmart.com/ip/39804619
71660549638,https://walmart.com/ip/39804599
71660549639,https://walmart.com/ip/38068102
71660549640,https://walmart.com/ip/38068103
71660549641,https://walmart.com/ip/38068104
71660549642,https://walmart.com/ip/38068106
71660549643,https://walmart.com/ip/38068108
71660549644,https://walmart.com/ip/38068110
71660549645,https://walmart.com/ip/38068112
71660549646,https://walmart.com/ip/38069071
71660549647,https://walmart.com/ip/38069072
71660549655,https://walmart.com/ip/38069073
71660549656,https://walmart.com/ip/38069074
71660549662,https://walmart.com/ip/38069075
71660549663,https://walmart.com/ip/38069076
71660549664,https://walmart.com/ip/38069077
71660549665,https://walmart.com/ip/38068072
71660549666,https://walmart.com/ip/38068077
71660549667,https://walmart.com/ip/38068081
71660549668,https://walmart.com/ip/38068085
71660549683,https://walmart.com/ip/38068087
71660549684,https://walmart.com/ip/38068089
71660549685,https://walmart.com/ip/38068091
71660549686,https://walmart.com/ip/38068151
71660549687,https://walmart.com/ip/38068152
71660549688,https://walmart.com/ip/38068153
71660549709,https://walmart.com/ip/38068154
71660549710,https://walmart.com/ip/38068155
71660549711,https://walmart.com/ip/38068156
71660549712,https://walmart.com/ip/38068157
71660549734,https://walmart.com/ip/39804610
71660549735,https://walmart.com/ip/39804615
71660549736,https://walmart.com/ip/39804601
71660549737,https://walmart.com/ip/39804597
71660549738,https://walmart.com/ip/39804591
71660549739,https://walmart.com/ip/39804608
71660549740,https://walmart.com/ip/39804584
71660549741,https://walmart.com/ip/38069070
71660549742,https://walmart.com/ip/38068053
71660549743,https://walmart.com/ip/38068057
71660549744,https://walmart.com/ip/38068061
71660549745,https://walmart.com/ip/38068067
71660549746,https://walmart.com/ip/38068070
71660549747,https://walmart.com/ip/38068074
71660549748,https://walmart.com/ip/38068197
71660549749,https://walmart.com/ip/38068201
71660549758,https://walmart.com/ip/38068208
71660549768,https://walmart.com/ip/38068211
71660549769,https://walmart.com/ip/38068216
71660549770,https://walmart.com/ip/38068218
71660549771,https://walmart.com/ip/38068219
71660549772,https://walmart.com/ip/38068189
71660549773,https://walmart.com/ip/38068202
71660549774,https://walmart.com/ip/38068207
71660549775,https://walmart.com/ip/38068212
71660549776,https://walmart.com/ip/38068214
71660549777,https://walmart.com/ip/38068215
71660549778,https://walmart.com/ip/38068217
71660549779,https://walmart.com/ip/38068117
71660549780,https://walmart.com/ip/38068119
71660549781,https://walmart.com/ip/38068121
71660549782,https://walmart.com/ip/38069068
71660549783,https://walmart.com/ip/38069069
71660549784,https://walmart.com/ip/38068123
71660549785,https://walmart.com/ip/38068126
71660549841,https://walmart.com/ip/896999418
71660549849,https://walmart.com/ip/537105867
71660549850,https://walmart.com/ip/782557843
71660549851,https://walmart.com/ip/922997350
71660549852,https://walmart.com/ip/779546857
71660550446,https://walmart.com/ip/676014399
71660550447,https://walmart.com/ip/685977335
71660550448,https://walmart.com/ip/744863429
71660550555,https://walmart.com/ip/778616226
71660550588,https://walmart.com/ip/969650416
71660550691,https://walmart.com/ip/402023447
71660550975,https://walmart.com/ip/37328257
71660550976,https://walmart.com/ip/37328258
71660550977,https://walmart.com/ip/37328259
71660550978,https://walmart.com/ip/37328260
71660550979,https://walmart.com/ip/37328261
71660550980,https://walmart.com/ip/37328262
71660550981,https://walmart.com/ip/37328224
71660551274,https://walmart.com/ip/11081467
71660551275,https://walmart.com/ip/11081463
71660551276,https://walmart.com/ip/11081464
71660551277,https://walmart.com/ip/11081465
71660551278,https://walmart.com/ip/11081466
71660551279,https://walmart.com/ip/11081468
71660551297,https://walmart.com/ip/136399664
71660551298,https://walmart.com/ip/256111394
71660551299,https://walmart.com/ip/500324594
71660551310,https://walmart.com/ip/11081473
71660551312,https://walmart.com/ip/11081470
71660551313,https://walmart.com/ip/11081471
71660551320,https://walmart.com/ip/11081472
71660551321,https://walmart.com/ip/11081474
71660551760,https://walmart.com/ip/402452876
71660551762,https://walmart.com/ip/932153327
71660551763,https://walmart.com/ip/650883188
71660551764,https://walmart.com/ip/791434608
71660551765,https://walmart.com/ip/512865746
71660551788,https://walmart.com/ip/917252115
71660551789,https://walmart.com/ip/290607259
71660551790,https://walmart.com/ip/906626339
71660551791,https://walmart.com/ip/641758247
71660552052,https://walmart.com/ip/784650188
71660552108,https://walmart.com/ip/530009189
71660552109,https://walmart.com/ip/588386916
71660552110,https://walmart.com/ip/262583640
71660552111,https://walmart.com/ip/758319561
71660552112,https://walmart.com/ip/983283535
71660552166,https://walmart.com/ip/342754630
71660552261,https://walmart.com/ip/154540110
71660552262,https://walmart.com/ip/727646100
71660552291,https://walmart.com/ip/475080734
71660552310,https://walmart.com/ip/604310770
71660552311,https://walmart.com/ip/112628742
71660552386,https://walmart.com/ip/336340972
71660552387,https://walmart.com/ip/580213547
71660552388,https://walmart.com/ip/765934186
71660552389,https://walmart.com/ip/559422679
71660552390,https://walmart.com/ip/239740263
71660552423,https://walmart.com/ip/192297062
71660552424,https://walmart.com/ip/225922376
71660552425,https://walmart.com/ip/430943112
71660552432,https://walmart.com/ip/54258294
71660552433,https://walmart.com/ip/54258296
71660552474,https://walmart.com/ip/54258290
71660552475,https://walmart.com/ip/54258288
71660552476,https://walmart.com/ip/54258286
71660552477,https://walmart.com/ip/54258292
71660552478,https://walmart.com/ip/54262193
71660552479,https://walmart.com/ip/54262194
71660552491,https://walmart.com/ip/54258033
71660552492,https://walmart.com/ip/54258023
71660552493,https://walmart.com/ip/54258020
71660552494,https://walmart.com/ip/54258026
71660552495,https://walmart.com/ip/54262165
71660552496,https://walmart.com/ip/54262169
71660552497,https://walmart.com/ip/54262170
71660552500,https://walmart.com/ip/886703182
71660552501,https://walmart.com/ip/426942495
71660552502,https://walmart.com/ip/126236228
71660552503,https://walmart.com/ip/488126628
71660552504,https://walmart.com/ip/881035540
71660552510,https://walmart.com/ip/41680804
71660552511,https://walmart.com/ip/41680812
71660552512,https://walmart.com/ip/41680800
71660552513,https://walmart.com/ip/41680787
71660552514,https://walmart.com/ip/41680781
71660552515,https://walmart.com/ip/41680808
71660552516,https://walmart.com/ip/41680775
71660552517,https://walmart.com/ip/41693279
71660552518,https://walmart.com/ip/41693284
71660552519,https://walmart.com/ip/41693277
71660552520,https://walmart.com/ip/41693271
71660552521,https://walmart.com/ip/41693268
71660552530,https://walmart.com/ip/41693282
71660552531,https://walmart.com/ip/41693266
71660552532,https://walmart.com/ip/41680899
71660552533,https://walmart.com/ip/41680901
71660552534,https://walmart.com/ip/41680885
71660552535,https://walmart.com/ip/41680883
71660552536,https://walmart.com/ip/41680876
71660552537,https://walmart.com/ip/41680897
71660552538,https://walmart.com/ip/41680855
71660552539,https://walmart.com/ip/41680779
71660552540,https://walmart.com/ip/41680785
71660552541,https://walmart.com/ip/41693223
71660552542,https://walmart.com/ip/41680768
71660552543,https://walmart.com/ip/41680765
71660552544,https://walmart.com/ip/41680773
71660552545,https://walmart.com/ip/41680761
71660552578,https://walmart.com/ip/41680914
71660552579,https://walmart.com/ip/41680919
71660552580,https://walmart.com/ip/41680912
71660552581,https://walmart.com/ip/41680910
71660552582,https://walmart.com/ip/41680908
71660552583,https://walmart.com/ip/41680913
71660552584,https://walmart.com/ip/41680906
71660552585,https://walmart.com/ip/41680822
71660552586,https://walmart.com/ip/41680824
71660552587,https://walmart.com/ip/41693220
71660552588,https://walmart.com/ip/41680821
71660552589,https://walmart.com/ip/41680819
71660552590,https://walmart.com/ip/41680823
71660552599,https://walmart.com/ip/41680816
71660552600,https://walmart.com/ip/41680916
71660552601,https://walmart.com/ip/41680918
71660552608,https://walmart.com/ip/41680915
71660552609,https://walmart.com/ip/41680911
71660552611,https://walmart.com/ip/41680909
71660552612,https://walmart.com/ip/41680917
71660552619,https://walmart.com/ip/41680907
71660552640,https://walmart.com/ip/501445753
71660552641,https://walmart.com/ip/232778529
71660552642,https://walmart.com/ip/567104485
71660552643,https://walmart.com/ip/785538267
71660552644,https://walmart.com/ip/327886175
71660552645,https://walmart.com/ip/582097045
71660552646,https://walmart.com/ip/819118422
71660552647,https://walmart.com/ip/976637813
71660552648,https://walmart.com/ip/447122550
71660552649,https://walmart.com/ip/920894321
71660552650,https://walmart.com/ip/758418238
71660552651,https://walmart.com/ip/283103996
71660552652,https://walmart.com/ip/980016898
71660552653,https://walmart.com/ip/743273762
71660552654,https://walmart.com/ip/393920444
71660552663,https://walmart.com/ip/873727758
71660552664,https://walmart.com/ip/209725219
71660552665,https://walmart.com/ip/276667756
71660552666,https://walmart.com/ip/900882446
71660552667,https://walmart.com/ip/778398744
71660552668,https://walmart.com/ip/303624218
71660552669,https://walmart.com/ip/708348777
71660552670,https://walmart.com/ip/452324459
71660552682,https://walmart.com/ip/673641950
71660552683,https://walmart.com/ip/824605027
71660552685,https://walmart.com/ip/930319422
71660552687,https://walmart.com/ip/722122986
71660552688,https://walmart.com/ip/317283933
71660552689,https://walmart.com/ip/163346431
71660552690,https://walmart.com/ip/279292991
71660552691,https://walmart.com/ip/854174686
71660552701,https://walmart.com/ip/995555608
71660552702,https://walmart.com/ip/207204675
71660552703,https://walmart.com/ip/722857594
71660552704,https://walmart.com/ip/459576502
71660552705,https://walmart.com/ip/950350233
71660552713,https://walmart.com/ip/318585613
71660552714,https://walmart.com/ip/554216927
71660552715,https://walmart.com/ip/757390243
71660552716,https://walmart.com/ip/236620439
71660552717,https://walmart.com/ip/693015725
71660552718,https://walmart.com/ip/473754352
71660552719,https://walmart.com/ip/692607477
71660552720,https://walmart.com/ip/936839777
71660552721,https://walmart.com/ip/667335604
71660552725,https://walmart.com/ip/419124423
71660552726,https://walmart.com/ip/124791766
71660552727,https://walmart.com/ip/578309501
71660552728,https://walmart.com/ip/120026737
71660552729,https://walmart.com/ip/379532163
71660552730,https://walmart.com/ip/201667573
71660552731,https://walmart.com/ip/208240195
71660552732,https://walmart.com/ip/416231569
71660552733,https://walmart.com/ip/895740794
71660552737,https://walmart.com/ip/850945529
71660552738,https://walmart.com/ip/378029020
71660552741,https://walmart.com/ip/870142621
71660552742,https://walmart.com/ip/648877408
71660552743,https://walmart.com/ip/149269354
71660552744,https://walmart.com/ip/874855149
71660552745,https://walmart.com/ip/685687891
71660552781,https://walmart.com/ip/49165796
71660552785,https://walmart.com/ip/511363504
71660552786,https://walmart.com/ip/676250550
71660552795,https://walmart.com/ip/49165782
71660552832,https://walmart.com/ip/952614965
71660552870,https://walmart.com/ip/863463400
71660552871,https://walmart.com/ip/839236558
71660552889,https://walmart.com/ip/255356913
71660552903,https://walmart.com/ip/46045735
71660552904,https://walmart.com/ip/46045736
71660552905,https://walmart.com/ip/46045737
71660552909,https://walmart.com/ip/46045738
71660552910,https://walmart.com/ip/46045739
71660552911,https://walmart.com/ip/46045769
71660552926,https://walmart.com/ip/149334926
71660552927,https://walmart.com/ip/718522605
71660552928,https://walmart.com/ip/857064447
71660552935,https://walmart.com/ip/46045770
71660552936,https://walmart.com/ip/46045772
71660552937,https://walmart.com/ip/46045774
71660552938,https://walmart.com/ip/46045776
71660552939,https://walmart.com/ip/46045778
71660552940,https://walmart.com/ip/46045780
71660552950,https://walmart.com/ip/46045782
71660552951,https://walmart.com/ip/46045784
71660552952,https://walmart.com/ip/46045786
71660552953,https://walmart.com/ip/46045788
71660552954,https://walmart.com/ip/46045790
71660552955,https://walmart.com/ip/46045792
71660552959,https://walmart.com/ip/547718771
71660552960,https://walmart.com/ip/586141273
71660552961,https://walmart.com/ip/552275985
71660552970,https://walmart.com/ip/46045794
71660552971,https://walmart.com/ip/46045761
71660552972,https://walmart.com/ip/46045762
71660552973,https://walmart.com/ip/46045763
71660552974,https://walmart.com/ip/46045764
71660552990,https://walmart.com/ip/611205977
71660552991,https://walmart.com/ip/655542296
71660552998,https://walmart.com/ip/174328493
71660553000,https://walmart.com/ip/881143944
71660553004,https://walmart.com/ip/856116432
71660553005,https://walmart.com/ip/310759065
71660553006,https://walmart.com/ip/949705098
71660553010,https://walmart.com/ip/46045765
71660553011,https://walmart.com/ip/46045766
71660553012,https://walmart.com/ip/46045767
71660553013,https://walmart.com/ip/357587611
71660553015,https://walmart.com/ip/760563727
71660553017,https://walmart.com/ip/840065942
71660553018,https://walmart.com/ip/46045740
71660553019,https://walmart.com/ip/46045741
71660553020,https://walmart.com/ip/46045742
71660553021,https://walmart.com/ip/46045743
71660553022,https://walmart.com/ip/46045744
71660553023,https://walmart.com/ip/46045745
71660553030,https://walmart.com/ip/46045746
71660553031,https://walmart.com/ip/46045768
71660553032,https://walmart.com/ip/46045771
71660553036,https://walmart.com/ip/46045773
71660553037,https://walmart.com/ip/46045775
71660553038,https://walmart.com/ip/46045777
71660553039,https://walmart.com/ip/46045779
71660553040,https://walmart.com/ip/46045781
71660553041,https://walmart.com/ip/46045810
71660553057,https://walmart.com/ip/46045811
71660553058,https://walmart.com/ip/46045812
71660553059,https://walmart.com/ip/46045813
71660553075,https://walmart.com/ip/46045814
71660553076,https://walmart.com/ip/46045815
71660553077,https://walmart.com/ip/46045816
71660553083,https://walmart.com/ip/843269715
71660553086,https://walmart.com/ip/442613469
71660553087,https://walmart.com/ip/395713225
71660553088,https://walmart.com/ip/998054331
71660553089,https://walmart.com/ip/46045796
71660553090,https://walmart.com/ip/46045797
71660553091,https://walmart.com/ip/46045798
71660553095,https://walmart.com/ip/46045799
71660553096,https://walmart.com/ip/46045800
71660553097,https://walmart.com/ip/46045801
71660553107,https://walmart.com/ip/46045802
71660553108,https://walmart.com/ip/46045817
71660553109,https://walmart.com/ip/46045818
71660553124,https://walmart.com/ip/46045819
71660553125,https://walmart.com/ip/46045820
71660553126,https://walmart.com/ip/46045821
71660553127,https://walmart.com/ip/46045822
71660553128,https://walmart.com/ip/46045823
71660553129,https://walmart.com/ip/46045831
71660553139,https://walmart.com/ip/46045832
71660553140,https://walmart.com/ip/46045833
71660553141,https://walmart.com/ip/46045834
71660553150,https://walmart.com/ip/46045835
71660553151,https://walmart.com/ip/46045836
71660553152,https://walmart.com/ip/46045837
71660553153,https://walmart.com/ip/46045824
71660553154,https://walmart.com/ip/46045825
71660553155,https://walmart.com/ip/46045826
71660553156,https://walmart.com/ip/49167140
71660553157,https://walmart.com/ip/49167141
71660553164,https://walmart.com/ip/49169632
71660553165,https://walmart.com/ip/49169633
71660553166,https://walmart.com/ip/49169627
71660553171,https://walmart.com/ip/191146184
71660553173,https://walmart.com/ip/49169628
71660553174,https://walmart.com/ip/49169629
71660553175,https://walmart.com/ip/49169630
71660553176,https://walmart.com/ip/49169631
71660553177,https://walmart.com/ip/49165881
71660553180,https://walmart.com/ip/49165883
71660553181,https://walmart.com/ip/49165877
71660553190,https://walmart.com/ip/49165875
71660553191,https://walmart.com/ip/49165873
71660553192,https://walmart.com/ip/49165879
71660553211,https://walmart.com/ip/549681300
71660553234,https://walmart.com/ip/410110782
71660553235,https://walmart.com/ip/652956557
71660553236,https://walmart.com/ip/970840534
71660553237,https://walmart.com/ip/448698494
71660553238,https://walmart.com/ip/746431009
71660553239,https://walmart.com/ip/603551418
71660553284,https://walmart.com/ip/393935375
71660553285,https://walmart.com/ip/397651810
71660553301,https://walmart.com/ip/46045830
71660553302,https://walmart.com/ip/46045783
71660553303,https://walmart.com/ip/46045785
71660553304,https://walmart.com/ip/46045787
71660553305,https://walmart.com/ip/46045789
71660553306,https://walmart.com/ip/46045791
71660553307,https://walmart.com/ip/46045793
71660553308,https://walmart.com/ip/46045795
71660553335,https://walmart.com/ip/811988852
71660553336,https://walmart.com/ip/299817500
71660553337,https://walmart.com/ip/617589561
71660553346,https://walmart.com/ip/392388628
71660553347,https://walmart.com/ip/964123409
71660553351,https://walmart.com/ip/712426832
71660553352,https://walmart.com/ip/824377450
71660553353,https://walmart.com/ip/528292266
71660553354,https://walmart.com/ip/228974477
71660553355,https://walmart.com/ip/565480834
71660553356,https://walmart.com/ip/295737149
71660553357,https://walmart.com/ip/792956063
71660553358,https://walmart.com/ip/190483423
71660553359,https://walmart.com/ip/303707724
71660553360,https://walmart.com/ip/747522429
71660553361,https://walmart.com/ip/655890403
71660553362,https://walmart.com/ip/222486773
71660553363,https://walmart.com/ip/375727883
71660553364,https://walmart.com/ip/852639997
71660553367,https://walmart.com/ip/349880177
71660553383,https://walmart.com/ip/835543685
71660553384,https://walmart.com/ip/269653583
71660553385,https://walmart.com/ip/512281772
71660553386,https://walmart.com/ip/517005188
71660553387,https://walmart.com/ip/433717678
71660553388,https://walmart.com/ip/879371814
71660553389,https://walmart.com/ip/162753674
71660553390,https://walmart.com/ip/996331667
71660553416,https://walmart.com/ip/229231942
71660553421,https://walmart.com/ip/500574269
71660553488,https://walmart.com/ip/688900116
71660553755,https://walmart.com/ip/523276524
71660553814,https://walmart.com/ip/389277006
71660553886,https://walmart.com/ip/550613384
71660553887,https://walmart.com/ip/622283955
71660553888,https://walmart.com/ip/384056453
71660553889,https://walmart.com/ip/451113650
71660553897,https://walmart.com/ip/777434762
71660553899,https://walmart.com/ip/601028221
71660553900,https://walmart.com/ip/337750291
71660554012,https://walmart.com/ip/225025423
71660554013,https://walmart.com/ip/326934077
71660554014,https://walmart.com/ip/836268010
71660554015,https://walmart.com/ip/675354838
71660554016,https://walmart.com/ip/136003565
71660554358,https://walmart.com/ip/11081609
71660554359,https://walmart.com/ip/11081610
71660554360,https://walmart.com/ip/11081611
71660554361,https://walmart.com/ip/11081612
71660554362,https://walmart.com/ip/11081613
71660554415,https://walmart.com/ip/303632433
71660554426,https://walmart.com/ip/236651486
71660554455,https://walmart.com/ip/11081617
71660554617,https://walmart.com/ip/811004892
71660554618,https://walmart.com/ip/218461952
71660554895,https://walmart.com/ip/50134091
71660555252,https://walmart.com/ip/50134108
71660555869,https://walmart.com/ip/41680810
71660555870,https://walmart.com/ip/41680817
71660555871,https://walmart.com/ip/41680805
71660555872,https://walmart.com/ip/41680795
71660555873,https://walmart.com/ip/41680790
71660555884,https://walmart.com/ip/41680814
71660555885,https://walmart.com/ip/41680783
71660555886,https://walmart.com/ip/41680802
71660555887,https://walmart.com/ip/41680813
71660555898,https://walmart.com/ip/41680797
71660555899,https://walmart.com/ip/41680784
71660555900,https://walmart.com/ip/41680778
71660555901,https://walmart.com/ip/41680809
71660555902,https://walmart.com/ip/41680769
71660555909,https://walmart.com/ip/50134098
71660555918,https://walmart.com/ip/41680799
71660555919,https://walmart.com/ip/41680807
71660555920,https://walmart.com/ip/41680794
71660555921,https://walmart.com/ip/41680788
71660555922,https://walmart.com/ip/41680776
71660555923,https://walmart.com/ip/41680803
71660555928,https://walmart.com/ip/41680766
71660555941,https://walmart.com/ip/41680835
71660555942,https://walmart.com/ip/41693227
71660555953,https://walmart.com/ip/41680849
71660555954,https://walmart.com/ip/41680841
71660555955,https://walmart.com/ip/41680838
71660555956,https://walmart.com/ip/41680836
71660555957,https://walmart.com/ip/41680845
71660555963,https://walmart.com/ip/41680903
71660555964,https://walmart.com/ip/41680905
71660555965,https://walmart.com/ip/41680902
71660555966,https://walmart.com/ip/41680900
71660555967,https://walmart.com/ip/41693241
71660555973,https://walmart.com/ip/41680904
71660555974,https://walmart.com/ip/41680896
71660555975,https://walmart.com/ip/41680815
71660555976,https://walmart.com/ip/41680820
71660555977,https://walmart.com/ip/41680811
71660555978,https://walmart.com/ip/41680806
71660555979,https://walmart.com/ip/41680801
71660555980,https://walmart.com/ip/41680818
71660555981,https://walmart.com/ip/41680791
71660556021,https://walmart.com/ip/41680856
71660556022,https://walmart.com/ip/41680865
71660556023,https://walmart.com/ip/41680850
71660556024,https://walmart.com/ip/41680846
71660556025,https://walmart.com/ip/41680843
71660556134,https://walmart.com/ip/50134097
71660556135,https://walmart.com/ip/50134094
71660556136,https://walmart.com/ip/50134104
71660556137,https://walmart.com/ip/50134071
71660556204,https://walmart.com/ip/926506359
71660556319,https://walmart.com/ip/50134088
71660556406,https://walmart.com/ip/349073507
71660556467,https://walmart.com/ip/56247506
71660556588,https://walmart.com/ip/331914746
71660556589,https://walmart.com/ip/111704199
71660556590,https://walmart.com/ip/652235778
71660556594,https://walmart.com/ip/312183881
71660556595,https://walmart.com/ip/968453241
71660556596,https://walmart.com/ip/125885063
71660556618,https://walmart.com/ip/122623047
71660556619,https://walmart.com/ip/329280135
71660556620,https://walmart.com/ip/330390594
71660556621,https://walmart.com/ip/845981123
71660556622,https://walmart.com/ip/437335495
71660556623,https://walmart.com/ip/315707784
71660556630,https://walmart.com/ip/444110662
71660556631,https://walmart.com/ip/378613742
71660556632,https://walmart.com/ip/177644231
71660556633,https://walmart.com/ip/522942849
71660556743,https://walmart.com/ip/103133351
71660556762,https://walmart.com/ip/461384585
71660556763,https://walmart.com/ip/836534264
71660556764,https://walmart.com/ip/852203443
71660556765,https://walmart.com/ip/749031605
71660556766,https://walmart.com/ip/548274201
71660556767,https://walmart.com/ip/670076957
71660556768,https://walmart.com/ip/427288942
71660556769,https://walmart.com/ip/411532420
71660556770,https://walmart.com/ip/941676636
71660556771,https://walmart.com/ip/786826176
71660556772,https://walmart.com/ip/347353960
71660557215,https://walmart.com/ip/46042915
71660557230,https://walmart.com/ip/46042920
71660557231,https://walmart.com/ip/46042926
71660557232,https://walmart.com/ip/46042934
71660557233,https://walmart.com/ip/46043021
71660557234,https://walmart.com/ip/46090773
71660557235,https://walmart.com/ip/46043026
71660557236,https://walmart.com/ip/46043031
71660557244,https://walmart.com/ip/46043044
71660557245,https://walmart.com/ip/46043049
71660557246,https://walmart.com/ip/46090774
71660557247,https://walmart.com/ip/46090775
71660557248,https://walmart.com/ip/46043110
71660557249,https://walmart.com/ip/46043121
71660557250,https://walmart.com/ip/46043202
71660557251,https://walmart.com/ip/46043205
71660557252,https://walmart.com/ip/46043208
71660557253,https://walmart.com/ip/46090867
71660557254,https://walmart.com/ip/46043186
71660557255,https://walmart.com/ip/46090865
71660557256,https://walmart.com/ip/46090866
71660557257,https://walmart.com/ip/46043194
71660557265,https://walmart.com/ip/46043197
71660557266,https://walmart.com/ip/46043198
71660557267,https://walmart.com/ip/46043075
71660557268,https://walmart.com/ip/46043078
71660557269,https://walmart.com/ip/46043084
71660557270,https://walmart.com/ip/46043096
71660557271,https://walmart.com/ip/46043100
71660557277,https://walmart.com/ip/357716733
71660557286,https://walmart.com/ip/46043105
71660557287,https://walmart.com/ip/46043111
71660557288,https://walmart.com/ip/46043114
71660557289,https://walmart.com/ip/46090864
71660557290,https://walmart.com/ip/46043117
71660557415,https://walmart.com/ip/41680886
71660557416,https://walmart.com/ip/41680892
71660557441,https://walmart.com/ip/41680882
71660557442,https://walmart.com/ip/41680877
71660557443,https://walmart.com/ip/41680870
71660557450,https://walmart.com/ip/41680889
71660557451,https://walmart.com/ip/41680864
71660557798,https://walmart.com/ip/50134077
71660557799,https://walmart.com/ip/50134073
71660557800,https://walmart.com/ip/50134084
71660557801,https://walmart.com/ip/50133568
71660557802,https://walmart.com/ip/50133577
71660557859,https://walmart.com/ip/50133573
71660557974,https://walmart.com/ip/988511197
71660558080,https://walmart.com/ip/50133571
71660558084,https://walmart.com/ip/50133570
71660558119,https://walmart.com/ip/50133574
71660558145,https://walmart.com/ip/46042808
71660558331,https://walmart.com/ip/49165870
71660558521,https://walmart.com/ip/742759032
71660558522,https://walmart.com/ip/831062377
71660558632,https://walmart.com/ip/50133580
71660558633,https://walmart.com/ip/50133594
71660558645,https://walmart.com/ip/338994515
71660558767,https://walmart.com/ip/41680853
71660558775,https://walmart.com/ip/41680848
71660558776,https://walmart.com/ip/41680844
71660558777,https://walmart.com/ip/41680840
71660558778,https://walmart.com/ip/41680858
71660558779,https://walmart.com/ip/41680837
71660558780,https://walmart.com/ip/41680833
71660558806,https://walmart.com/ip/41680832
71660558807,https://walmart.com/ip/41680831
71660558808,https://walmart.com/ip/41680830
71660558809,https://walmart.com/ip/41680834
71660558810,https://walmart.com/ip/41680828
71660558811,https://walmart.com/ip/41680863
71660558813,https://walmart.com/ip/41680857
71660558814,https://walmart.com/ip/41680852
71660558815,https://walmart.com/ip/41680847
71660558817,https://walmart.com/ip/41680868
71660558823,https://walmart.com/ip/41680842
71660558824,https://walmart.com/ip/41680792
71660558828,https://walmart.com/ip/739637054
71660558829,https://walmart.com/ip/281865172
71660558830,https://walmart.com/ip/772984250
71660558831,https://walmart.com/ip/828764782
71660558847,https://walmart.com/ip/41680786
71660558848,https://walmart.com/ip/41680780
71660558849,https://walmart.com/ip/41680774
71660558850,https://walmart.com/ip/41680796
71660558851,https://walmart.com/ip/41680771
71660558863,https://walmart.com/ip/306899787
71660558937,https://walmart.com/ip/375241135
71660558988,https://walmart.com/ip/50133586
71660559028,https://walmart.com/ip/342721584
71660559170,https://walmart.com/ip/41680861
71660559172,https://walmart.com/ip/41680839
71660559179,https://walmart.com/ip/41680874
71660559180,https://walmart.com/ip/41680888
71660559181,https://walmart.com/ip/41680871
71660559182,https://walmart.com/ip/41680866
71660559183,https://walmart.com/ip/41680862
71660559184,https://walmart.com/ip/41680880
71660559189,https://walmart.com/ip/41680854
71660559190,https://walmart.com/ip/41680893
71660559191,https://walmart.com/ip/41680898
71660559192,https://walmart.com/ip/41680890
71660559193,https://walmart.com/ip/41680887
71660559194,https://walmart.com/ip/41680884
71660559195,https://walmart.com/ip/41680895
71660559196,https://walmart.com/ip/41680879
71660559216,https://walmart.com/ip/427251899
71660559220,https://walmart.com/ip/41680767
71660559221,https://walmart.com/ip/41693233
71660559222,https://walmart.com/ip/41693232
71660559223,https://walmart.com/ip/41693231
71660559224,https://walmart.com/ip/41680763
71660559225,https://walmart.com/ip/41680772
71660559226,https://walmart.com/ip/41680762
71660559227,https://walmart.com/ip/41680891
71660559228,https://walmart.com/ip/41680894
71660559229,https://walmart.com/ip/41680878
71660559236,https://walmart.com/ip/41680873
71660559237,https://walmart.com/ip/41680869
71660559238,https://walmart.com/ip/41693230
71660559239,https://walmart.com/ip/41680860
71660559240,https://walmart.com/ip/41693281
71660559241,https://walmart.com/ip/41693285
71660559254,https://walmart.com/ip/41693278
71660559255,https://walmart.com/ip/41693275
71660559256,https://walmart.com/ip/41693273
71660559257,https://walmart.com/ip/41693283
71660559258,https://walmart.com/ip/41693272
71660559275,https://walmart.com/ip/474274375
71660559276,https://walmart.com/ip/642887754
71660559284,https://walmart.com/ip/45004727
71660559285,https://walmart.com/ip/45004732
71660559286,https://walmart.com/ip/45004717
71660559287,https://walmart.com/ip/45004712
71660559288,https://walmart.com/ip/45004709
71660559289,https://walmart.com/ip/45004724
71660559290,https://walmart.com/ip/45004701
71660559294,https://walmart.com/ip/45004675
71660559295,https://walmart.com/ip/45004677
71660559296,https://walmart.com/ip/45004672
71660559300,https://walmart.com/ip/45004670
71660559306,https://walmart.com/ip/45004669
71660559307,https://walmart.com/ip/45004673
71660559308,https://walmart.com/ip/45004665
71660559317,https://walmart.com/ip/45009420
71660559318,https://walmart.com/ip/45004689
71660559319,https://walmart.com/ip/45004687
71660559323,https://walmart.com/ip/45004685
71660559324,https://walmart.com/ip/45004683
71660559325,https://walmart.com/ip/45009418
71660559326,https://walmart.com/ip/45004681
71660559327,https://walmart.com/ip/45004839
71660559338,https://walmart.com/ip/45004841
71660559339,https://walmart.com/ip/45004835
71660559340,https://walmart.com/ip/45004833
71660559341,https://walmart.com/ip/45009428
71660559342,https://walmart.com/ip/45004837
71660559343,https://walmart.com/ip/45004831
71660559344,https://walmart.com/ip/45009454
71660559345,https://walmart.com/ip/45009455
71660559346,https://walmart.com/ip/45009452
71660559347,https://walmart.com/ip/45009451
71660559348,https://walmart.com/ip/45009450
71660559349,https://walmart.com/ip/45009453
71660559350,https://walmart.com/ip/45009449
71660559351,https://walmart.com/ip/45009426
71660559352,https://walmart.com/ip/45004819
71660559353,https://walmart.com/ip/45004818
71660559354,https://walmart.com/ip/45004814
71660559355,https://walmart.com/ip/45004813
71660559356,https://walmart.com/ip/45009425
71660559357,https://walmart.com/ip/45004811
71660559358,https://walmart.com/ip/45004807
71660559359,https://walmart.com/ip/45004809
71660559360,https://walmart.com/ip/45004803
71660559361,https://walmart.com/ip/45004802
71660559362,https://walmart.com/ip/45004801
71660559363,https://walmart.com/ip/45004804
71660559364,https://walmart.com/ip/45004800
71660559365,https://walmart.com/ip/45009446
71660559366,https://walmart.com/ip/45009448
71660559367,https://walmart.com/ip/45009442
71660559368,https://walmart.com/ip/45009441
71660559369,https://walmart.com/ip/45009439
71660559370,https://walmart.com/ip/45009444
71660559371,https://walmart.com/ip/45009438
71660559372,https://walmart.com/ip/45004626
71660559373,https://walmart.com/ip/45009414
71660559374,https://walmart.com/ip/45004622
71660559389,https://walmart.com/ip/45004618
71660559390,https://walmart.com/ip/45004614
71660559391,https://walmart.com/ip/45009413
71660559392,https://walmart.com/ip/45004608
71660559393,https://walmart.com/ip/45004765
71660559394,https://walmart.com/ip/45004768
71660559401,https://walmart.com/ip/45004760
71660559402,https://walmart.com/ip/45004759
71660559403,https://walmart.com/ip/45004757
71660559418,https://walmart.com/ip/45004762
71660559419,https://walmart.com/ip/45004753
71660559420,https://walmart.com/ip/45004742
71660559421,https://walmart.com/ip/45009447
71660559422,https://walmart.com/ip/45009445
71660559423,https://walmart.com/ip/45004734
71660559453,https://walmart.com/ip/428371873
71660559454,https://walmart.com/ip/208672337
71660559608,https://walmart.com/ip/656612734
71660560210,https://walmart.com/ip/10239029
71660560211,https://walmart.com/ip/10239061
71660560212,https://walmart.com/ip/10239093
71660560219,https://walmart.com/ip/845568011
71660560220,https://walmart.com/ip/584154478
71660560242,https://walmart.com/ip/10239019
71660560243,https://walmart.com/ip/10239051
71660560244,https://walmart.com/ip/10239083
71660560310,https://walmart.com/ip/10239052
71660560311,https://walmart.com/ip/10239084
71660560317,https://walmart.com/ip/10239085
71660560345,https://walmart.com/ip/10239022
71660560346,https://walmart.com/ip/10239054
71660560347,https://walmart.com/ip/10239086
71660560353,https://walmart.com/ip/10239023
71660560354,https://walmart.com/ip/10239055
71660560355,https://walmart.com/ip/10239087
71660560359,https://walmart.com/ip/10239024
71660560360,https://walmart.com/ip/10239056
71660560361,https://walmart.com/ip/10239088
71660560382,https://walmart.com/ip/10239034
71660560383,https://walmart.com/ip/10239066
71660560384,https://walmart.com/ip/10239098
71660560394,https://walmart.com/ip/10239032
71660560397,https://walmart.com/ip/10239064
71660560398,https://walmart.com/ip/10239096
71660560402,https://walmart.com/ip/10239043
71660560403,https://walmart.com/ip/10239075
71660560404,https://walmart.com/ip/10239107
71660560455,https://walmart.com/ip/10239033
71660560456,https://walmart.com/ip/10239065
71660560457,https://walmart.com/ip/10239097
71660560473,https://walmart.com/ip/10239042
71660560474,https://walmart.com/ip/10239074
71660560475,https://walmart.com/ip/10239106
71660560476,https://walmart.com/ip/478713440
71660560481,https://walmart.com/ip/507349279
71660560488,https://walmart.com/ip/10239035
71660560489,https://walmart.com/ip/10239067
71660560490,https://walmart.com/ip/10239099
71660560497,https://walmart.com/ip/664326967
71660560499,https://walmart.com/ip/259192964
71660560500,https://walmart.com/ip/638716162
71660560501,https://walmart.com/ip/125117569
71660560502,https://walmart.com/ip/634581164
71660560771,https://walmart.com/ip/813544662
71660560783,https://walmart.com/ip/262875625
71660560790,https://walmart.com/ip/742589325
71660560791,https://walmart.com/ip/856725222
71660560792,https://walmart.com/ip/328333413
71660560793,https://walmart.com/ip/277656868
71660560794,https://walmart.com/ip/145570006
71660560795,https://walmart.com/ip/948204929
71660560801,https://walmart.com/ip/471652389
71660560802,https://walmart.com/ip/628446345
71660560803,https://walmart.com/ip/743929331
71660560804,https://walmart.com/ip/220116034
71660560805,https://walmart.com/ip/371783031
71660560806,https://walmart.com/ip/374350950
71660560807,https://walmart.com/ip/393805587
71660560808,https://walmart.com/ip/823356013
71660560913,https://walmart.com/ip/877234001
71660560914,https://walmart.com/ip/454294316
71660560917,https://walmart.com/ip/502243284
71660560918,https://walmart.com/ip/221613188
71660560924,https://walmart.com/ip/713344675
71660560960,https://walmart.com/ip/45004729
71660560961,https://walmart.com/ip/45004738
71660560962,https://walmart.com/ip/45004721
71660560963,https://walmart.com/ip/45009475
71660560964,https://walmart.com/ip/45009476
71660560965,https://walmart.com/ip/45009473
71660560966,https://walmart.com/ip/45009472
71660560967,https://walmart.com/ip/45009471
71660560968,https://walmart.com/ip/45009474
71660560969,https://walmart.com/ip/45009470
71660561047,https://walmart.com/ip/38063594
71660561063,https://walmart.com/ip/175984666
71660561064,https://walmart.com/ip/870802195
71660561065,https://walmart.com/ip/690159267
71660561066,https://walmart.com/ip/819638064
71660561067,https://walmart.com/ip/522033853
71660561068,https://walmart.com/ip/857400277
71660561069,https://walmart.com/ip/722363053
71660561070,https://walmart.com/ip/981610635
71660561071,https://walmart.com/ip/923728107
71660561072,https://walmart.com/ip/785349280
71660561073,https://walmart.com/ip/220765369
71660561074,https://walmart.com/ip/312041811
71660561075,https://walmart.com/ip/713747170
71660561340,https://walmart.com/ip/442942473
71660561562,https://walmart.com/ip/49167169
71660561563,https://walmart.com/ip/49167170
71660561871,https://walmart.com/ip/56247307
71660561872,https://walmart.com/ip/56247308
71660561923,https://walmart.com/ip/923711271
71660561924,https://walmart.com/ip/897516604
71660561925,https://walmart.com/ip/930896641
71660561926,https://walmart.com/ip/368538221
71660561927,https://walmart.com/ip/298746797
71660561953,https://walmart.com/ip/570687922
71660561954,https://walmart.com/ip/162549616
71660561955,https://walmart.com/ip/634869301
71660561967,https://walmart.com/ip/189477265
71660561968,https://walmart.com/ip/56247305
71660561970,https://walmart.com/ip/679153652
71660561971,https://walmart.com/ip/276354221
71660561973,https://walmart.com/ip/956888289
71660561974,https://walmart.com/ip/671003738
71660561975,https://walmart.com/ip/191044962
71660561983,https://walmart.com/ip/310063191
71660562025,https://walmart.com/ip/949121932
71660562026,https://walmart.com/ip/972839659
71660562059,https://walmart.com/ip/267353224
71660562071,https://walmart.com/ip/56247304
71660562072,https://walmart.com/ip/56247303
71660562073,https://walmart.com/ip/452018702
71660562086,https://walmart.com/ip/56247306
71660562087,https://walmart.com/ip/56247302
71660562088,https://walmart.com/ip/56247314
71660562098,https://walmart.com/ip/727695711
71660562131,https://walmart.com/ip/336188495
71660562150,https://walmart.com/ip/731320839
71660562192,https://walmart.com/ip/56247315
71660562193,https://walmart.com/ip/56247312
71660562194,https://walmart.com/ip/56247311
71660562196,https://walmart.com/ip/56247310
71660562338,https://walmart.com/ip/56247313
71660562339,https://walmart.com/ip/56247309
71660562356,https://walmart.com/ip/56247321
71660562359,https://walmart.com/ip/56247322
71660562361,https://walmart.com/ip/56247319
71660562362,https://walmart.com/ip/56247318
71660562365,https://walmart.com/ip/726087951
71660562366,https://walmart.com/ip/716300356
71660562514,https://walmart.com/ip/38063388
71660562515,https://walmart.com/ip/38063367
71660562516,https://walmart.com/ip/38063356
71660562517,https://walmart.com/ip/38063351
71660562518,https://walmart.com/ip/38063380
71660562519,https://walmart.com/ip/38063348
71660562520,https://walmart.com/ip/38063477
71660562521,https://walmart.com/ip/38063471
71660562522,https://walmart.com/ip/38063461
71660562523,https://walmart.com/ip/38063459
71660562524,https://walmart.com/ip/38063472
71660562525,https://walmart.com/ip/38063434
71660562526,https://walmart.com/ip/38063651
71660562527,https://walmart.com/ip/38063649
71660562528,https://walmart.com/ip/38063648
71660562529,https://walmart.com/ip/38063647
71660562530,https://walmart.com/ip/38063650
71660562531,https://walmart.com/ip/38063646
71660562532,https://walmart.com/ip/38063618
71660562533,https://walmart.com/ip/38063595
71660562534,https://walmart.com/ip/38063592
71660562535,https://walmart.com/ip/38063590
71660562536,https://walmart.com/ip/38063601
71660562537,https://walmart.com/ip/38063588
71660562546,https://walmart.com/ip/38063405
71660562547,https://walmart.com/ip/38063399
71660562548,https://walmart.com/ip/38063393
71660562549,https://walmart.com/ip/38063384
71660562550,https://walmart.com/ip/38063402
71660562551,https://walmart.com/ip/38063364
71660562552,https://walmart.com/ip/38063439
71660562553,https://walmart.com/ip/38063426
71660562562,https://walmart.com/ip/38063423
71660562563,https://walmart.com/ip/38063421
71660562564,https://walmart.com/ip/38063430
71660562565,https://walmart.com/ip/38063418
71660562566,https://walmart.com/ip/38063640
71660562567,https://walmart.com/ip/38063631
71660562568,https://walmart.com/ip/38063629
71660562569,https://walmart.com/ip/38063625
71660562586,https://walmart.com/ip/38063637
71660562587,https://walmart.com/ip/38063616
71660562588,https://walmart.com/ip/38063413
71660562589,https://walmart.com/ip/38063408
71660562590,https://walmart.com/ip/38063396
71660562591,https://walmart.com/ip/38063373
71660562592,https://walmart.com/ip/38063410
71660562593,https://walmart.com/ip/38063365
71660562602,https://walmart.com/ip/38063587
71660562603,https://walmart.com/ip/38063585
71660562604,https://walmart.com/ip/38063584
71660562605,https://walmart.com/ip/38063583
71660562606,https://walmart.com/ip/38063586
71660562607,https://walmart.com/ip/38063582
71660562608,https://walmart.com/ip/38063411
71660562609,https://walmart.com/ip/38063404
71660562672,https://walmart.com/ip/38063400
71660562673,https://walmart.com/ip/38063395
71660562674,https://walmart.com/ip/38063409
71660562675,https://walmart.com/ip/38063359
71660562676,https://walmart.com/ip/38063390
71660562677,https://walmart.com/ip/38063366
71660562678,https://walmart.com/ip/38063355
71660562679,https://walmart.com/ip/38063350
71660562680,https://walmart.com/ip/38063386
71660562681,https://walmart.com/ip/38063346
71660562682,https://walmart.com/ip/38063465
71660562683,https://walmart.com/ip/38063451
71660562684,https://walmart.com/ip/38063445
71660562685,https://walmart.com/ip/38063441
71660562686,https://walmart.com/ip/38063455
71660562687,https://walmart.com/ip/38063435
71660562736,https://walmart.com/ip/38063483
71660562741,https://walmart.com/ip/38063475
71660562742,https://walmart.com/ip/38063468
71660562743,https://walmart.com/ip/38063440
71660562805,https://walmart.com/ip/38063479
71660562806,https://walmart.com/ip/38063432
71660562807,https://walmart.com/ip/38063626
71660562808,https://walmart.com/ip/38063611
71660562809,https://walmart.com/ip/38063608
71660562810,https://walmart.com/ip/38067171
71660562811,https://walmart.com/ip/38067170
71660562812,https://walmart.com/ip/38067169
71660562813,https://walmart.com/ip/38067172
71660562814,https://walmart.com/ip/38067168
71660562815,https://walmart.com/ip/38065428
71660562816,https://walmart.com/ip/38065423
71660562817,https://walmart.com/ip/38065420
71660562821,https://walmart.com/ip/38065417
71660562822,https://walmart.com/ip/38065426
71660562823,https://walmart.com/ip/38065414
71660562824,https://walmart.com/ip/38063424
71660562825,https://walmart.com/ip/38063420
71660562826,https://walmart.com/ip/38065409
71660562827,https://walmart.com/ip/38063419
71660562848,https://walmart.com/ip/38063422
71660562849,https://walmart.com/ip/38063417
71660562850,https://walmart.com/ip/38063686
71660562851,https://walmart.com/ip/38063684
71660562852,https://walmart.com/ip/38063683
71660562853,https://walmart.com/ip/38063682
71660562867,https://walmart.com/ip/38063685
71660562868,https://walmart.com/ip/38063680
71660562875,https://walmart.com/ip/38063454
71660562876,https://walmart.com/ip/38063446
71660562877,https://walmart.com/ip/38063442
71660562878,https://walmart.com/ip/38063433
71660562879,https://walmart.com/ip/38063450
71660562880,https://walmart.com/ip/38063427
71660562899,https://walmart.com/ip/41693255
71660562901,https://walmart.com/ip/41693251
71660562902,https://walmart.com/ip/41693250
71660562903,https://walmart.com/ip/41693248
71660562913,https://walmart.com/ip/41693260
71660562914,https://walmart.com/ip/41693246
71660562915,https://walmart.com/ip/41680875
71660562917,https://walmart.com/ip/41680872
71660562918,https://walmart.com/ip/41680867
71660562919,https://walmart.com/ip/41680859
71660562920,https://walmart.com/ip/41680881
71660562929,https://walmart.com/ip/41680851
71660562930,https://walmart.com/ip/41680829
71660562932,https://walmart.com/ip/41693236
71660562933,https://walmart.com/ip/41680827
71660562934,https://walmart.com/ip/41680826
71660562935,https://walmart.com/ip/41693239
71660562936,https://walmart.com/ip/41680825
71660563045,https://walmart.com/ip/38063389
71660563046,https://walmart.com/ip/38063368
71660563047,https://walmart.com/ip/45004798
71660563048,https://walmart.com/ip/45004799
71660563049,https://walmart.com/ip/45004797
71660563050,https://walmart.com/ip/45004796
71660563051,https://walmart.com/ip/45004793
71660563071,https://walmart.com/ip/45009415
71660563072,https://walmart.com/ip/45004791
71660563073,https://walmart.com/ip/45009419
71660563074,https://walmart.com/ip/45004773
71660563075,https://walmart.com/ip/45004766
71660563076,https://walmart.com/ip/45004764
71660563077,https://walmart.com/ip/45004761
71660563078,https://walmart.com/ip/45004770
71660563079,https://walmart.com/ip/45004755
71660563080,https://walmart.com/ip/45004763
71660563081,https://walmart.com/ip/45004767
71660563082,https://walmart.com/ip/45004756
71660563083,https://walmart.com/ip/45004754
71660563084,https://walmart.com/ip/45004749
71660563085,https://walmart.com/ip/45009410
71660563086,https://walmart.com/ip/45004747
71660563146,https://walmart.com/ip/45004783
71660563147,https://walmart.com/ip/45004785
71660563148,https://walmart.com/ip/45009411
71660563149,https://walmart.com/ip/45004778
71660563150,https://walmart.com/ip/45004775
71660563204,https://walmart.com/ip/262337520
71660563205,https://walmart.com/ip/640636454
71660563244,https://walmart.com/ip/45004781
71660563245,https://walmart.com/ip/45004771
71660563288,https://walmart.com/ip/41680789
71660563310,https://walmart.com/ip/295973000
71660563319,https://walmart.com/ip/330346183
71660563325,https://walmart.com/ip/17492505
71660563761,https://walmart.com/ip/943793351
71660563855,https://walmart.com/ip/457016614
71660563856,https://walmart.com/ip/945881292
71660563946,https://walmart.com/ip/108341884
71660564369,https://walmart.com/ip/789355938
71660564370,https://walmart.com/ip/725363184
71660564579,https://walmart.com/ip/56247507
71660564807,https://walmart.com/ip/782947954
71660564848,https://walmart.com/ip/804100077
71660564918,https://walmart.com/ip/463837885
71660564954,https://walmart.com/ip/56247508
71660565095,https://walmart.com/ip/596463028
71660565384,https://walmart.com/ip/952614476
71660565556,https://walmart.com/ip/480361332
71660565557,https://walmart.com/ip/181564165
71660565576,https://walmart.com/ip/679331772
71660565602,https://walmart.com/ip/38063604
71660565603,https://walmart.com/ip/38063617
71660565604,https://walmart.com/ip/38063596
71660565605,https://walmart.com/ip/38063687
71660565606,https://walmart.com/ip/38063679
71660565607,https://walmart.com/ip/38063678
71660565608,https://walmart.com/ip/38063677
71660565609,https://walmart.com/ip/38063681
71660565610,https://walmart.com/ip/38063675
71660565611,https://walmart.com/ip/38063674
71660565612,https://walmart.com/ip/38063664
71660565637,https://walmart.com/ip/38063657
71660565638,https://walmart.com/ip/38063656
71660565653,https://walmart.com/ip/38063672
71660565654,https://walmart.com/ip/38063655
71660565655,https://walmart.com/ip/38065425
71660565660,https://walmart.com/ip/631757216
71660565661,https://walmart.com/ip/229831191
71660565662,https://walmart.com/ip/142757928
71660565663,https://walmart.com/ip/163564555
71660565664,https://walmart.com/ip/650372071
71660565665,https://walmart.com/ip/902504013
71660565666,https://walmart.com/ip/38065419
71660565667,https://walmart.com/ip/38065416
71660565668,https://walmart.com/ip/38065415
71660565669,https://walmart.com/ip/38065422
71660565670,https://walmart.com/ip/38065413
71660565671,https://walmart.com/ip/38063669
71660565672,https://walmart.com/ip/38063661
71660565673,https://walmart.com/ip/38063654
71660565674,https://walmart.com/ip/38063653
71660565675,https://walmart.com/ip/38063667
71660565690,https://walmart.com/ip/38063652
71660565691,https://walmart.com/ip/38063398
71660565692,https://walmart.com/ip/38063392
71660565693,https://walmart.com/ip/38063383
71660565695,https://walmart.com/ip/38063378
71660565702,https://walmart.com/ip/38063394
71660565703,https://walmart.com/ip/38063361
71660565704,https://walmart.com/ip/38063416
71660565705,https://walmart.com/ip/38063414
71660565706,https://walmart.com/ip/38063397
71660565707,https://walmart.com/ip/38063372
71660565708,https://walmart.com/ip/38063415
71660565709,https://walmart.com/ip/38063362
71660565716,https://walmart.com/ip/38063484
71660565717,https://walmart.com/ip/38065410
71660565718,https://walmart.com/ip/38063474
71660565719,https://walmart.com/ip/38063469
71660565723,https://walmart.com/ip/38063481
71660565724,https://walmart.com/ip/38063464
71660565725,https://walmart.com/ip/38063676
71660565726,https://walmart.com/ip/38063665
71660565727,https://walmart.com/ip/38063663
71660565728,https://walmart.com/ip/38063662
71660565729,https://walmart.com/ip/38063668
71660565730,https://walmart.com/ip/38063659
71660565731,https://walmart.com/ip/38065430
71660565732,https://walmart.com/ip/38065427
71660565733,https://walmart.com/ip/38065424
71660565734,https://walmart.com/ip/38065421
71660565741,https://walmart.com/ip/38065429
71660565742,https://walmart.com/ip/38065418
71660565743,https://walmart.com/ip/38063480
71660565744,https://walmart.com/ip/38063470
71660565745,https://walmart.com/ip/38063456
71660565746,https://walmart.com/ip/38063431
71660565750,https://walmart.com/ip/38063476
71660565751,https://walmart.com/ip/38063425
71660565752,https://walmart.com/ip/38063460
71660565753,https://walmart.com/ip/38063453
71660565754,https://walmart.com/ip/38063449
71660565755,https://walmart.com/ip/38063444
71660565756,https://walmart.com/ip/38063458
71660565757,https://walmart.com/ip/38063437
71660565758,https://walmart.com/ip/38063645
71660565759,https://walmart.com/ip/38063642
71660565760,https://walmart.com/ip/38063638
71660565761,https://walmart.com/ip/38063634
71660565774,https://walmart.com/ip/38063644
71660565775,https://walmart.com/ip/38063619
71660565776,https://walmart.com/ip/38063633
71660565777,https://walmart.com/ip/38063622
71660565778,https://walmart.com/ip/38063612
71660565779,https://walmart.com/ip/38063600
71660565780,https://walmart.com/ip/38065407
71660565782,https://walmart.com/ip/38063357
71660565783,https://walmart.com/ip/38063352
71660565784,https://walmart.com/ip/38063385
71660565785,https://walmart.com/ip/38063347
71660565916,https://walmart.com/ip/136458034
71660565993,https://walmart.com/ip/829597043
71660566031,https://walmart.com/ip/287072945
71660566044,https://walmart.com/ip/129200564
71660566045,https://walmart.com/ip/847924169
71660566062,https://walmart.com/ip/462718497
71660566063,https://walmart.com/ip/316603861
71660566064,https://walmart.com/ip/572601789
71660566107,https://walmart.com/ip/626837921
71660566110,https://walmart.com/ip/811666132
71660566111,https://walmart.com/ip/182531536
71660566116,https://walmart.com/ip/41680798
71660566117,https://walmart.com/ip/41680782
71660566118,https://walmart.com/ip/41680777
71660566137,https://walmart.com/ip/41680770
71660566138,https://walmart.com/ip/41680793
71660566139,https://walmart.com/ip/41680764
71660566140,https://walmart.com/ip/45004828
71660566141,https://walmart.com/ip/45009427
71660566142,https://walmart.com/ip/45004824
71660566148,https://walmart.com/ip/45004823
71660566149,https://walmart.com/ip/45004822
71660566150,https://walmart.com/ip/45004826
71660566159,https://walmart.com/ip/297805694
71660566161,https://walmart.com/ip/45004821
71660566177,https://walmart.com/ip/46042810
71660566188,https://walmart.com/ip/231022978
71660566193,https://walmart.com/ip/46042812
71660566225,https://walmart.com/ip/2286
71660566226,https://walmart.com/ip/2287
71660566227,https://walmart.com/ip/2288
71660566228,https://walmart.com/ip/2275
71660566229,https://walmart.com/ip/2271
71660566230,https://walmart.com/ip/2272
71660566246,https://walmart.com/ip/257302259
71660566355,https://walmart.com/ip/45042070
71660566356,https://walmart.com/ip/45042071
71660566357,https://walmart.com/ip/45042069
71660566358,https://walmart.com/ip/45418888
71660566359,https://walmart.com/ip/45418887
71660566360,https://walmart.com/ip/45418889
71660566361,https://walmart.com/ip/45418886
71660566450,https://walmart.com/ip/906462597
71660566468,https://walmart.com/ip/906737241
71660566469,https://walmart.com/ip/323317355
71660566472,https://walmart.com/ip/575681050
71660566502,https://walmart.com/ip/272453253
71660566728,https://walmart.com/ip/841359331
71660566880,https://walmart.com/ip/252121303
71660566881,https://walmart.com/ip/742962843
71660567164,https://walmart.com/ip/493379012
71660567167,https://walmart.com/ip/525044599
71660567205,https://walmart.com/ip/773991429
71660567230,https://walmart.com/ip/249694081
71660567237,https://walmart.com/ip/38063643
71660567242,https://walmart.com/ip/38063635
71660567243,https://walmart.com/ip/38063630
71660567244,https://walmart.com/ip/38063628
71660567248,https://walmart.com/ip/38063639
71660567279,https://walmart.com/ip/38063621
71660567280,https://walmart.com/ip/38065412
71660567281,https://walmart.com/ip/38063447
71660567282,https://walmart.com/ip/38063443
71660567283,https://walmart.com/ip/38065411
71660567306,https://walmart.com/ip/38063457
71660567307,https://walmart.com/ip/38063436
71660567308,https://walmart.com/ip/38063673
71660567310,https://walmart.com/ip/38063670
71660567311,https://walmart.com/ip/38063666
71660567315,https://walmart.com/ip/38063660
71660567316,https://walmart.com/ip/38063671
71660567317,https://walmart.com/ip/38063658
71660567320,https://walmart.com/ip/38063379
71660567321,https://walmart.com/ip/38063369
71660567322,https://walmart.com/ip/38063360
71660567323,https://walmart.com/ip/38063354
71660567324,https://walmart.com/ip/38063374
71660567325,https://walmart.com/ip/38063349
71660567326,https://walmart.com/ip/38063466
71660567327,https://walmart.com/ip/38063452
71660567328,https://walmart.com/ip/38063448
71660567329,https://walmart.com/ip/38063438
71660567330,https://walmart.com/ip/38063462
71660567331,https://walmart.com/ip/38063428
71660567344,https://walmart.com/ip/38063641
71660567345,https://walmart.com/ip/38063632
71660567346,https://walmart.com/ip/38063627
71660567347,https://walmart.com/ip/38063624
71660567348,https://walmart.com/ip/38063636
71660567349,https://walmart.com/ip/38063613
71660567350,https://walmart.com/ip/38063620
71660567351,https://walmart.com/ip/38063609
71660567352,https://walmart.com/ip/38063605
71660567353,https://walmart.com/ip/38065408
71660567354,https://walmart.com/ip/38063614
71660567355,https://walmart.com/ip/38063598
71660567356,https://walmart.com/ip/38063406
71660567357,https://walmart.com/ip/38063382
71660567358,https://walmart.com/ip/38063377
71660567359,https://walmart.com/ip/38063371
71660567360,https://walmart.com/ip/38063403
71660567361,https://walmart.com/ip/38063363
71660567368,https://walmart.com/ip/38063412
71660567369,https://walmart.com/ip/38063391
71660567370,https://walmart.com/ip/38063387
71660567371,https://walmart.com/ip/38063381
71660567373,https://walmart.com/ip/38063401
71660567374,https://walmart.com/ip/38063375
71660567416,https://walmart.com/ip/38063482
71660567417,https://walmart.com/ip/38063473
71660567418,https://walmart.com/ip/38063467
71660567419,https://walmart.com/ip/38063463
71660567420,https://walmart.com/ip/38063478
71660567421,https://walmart.com/ip/38063429
71660567422,https://walmart.com/ip/38063606
71660567423,https://walmart.com/ip/38063597
71660567424,https://walmart.com/ip/38063593
71660567425,https://walmart.com/ip/38063591
71660567426,https://walmart.com/ip/38063602
71660567427,https://walmart.com/ip/38063589
71660567428,https://walmart.com/ip/38067173
71660567497,https://walmart.com/ip/41693263
71660567498,https://walmart.com/ip/41693265
71660567499,https://walmart.com/ip/41693262
71660567500,https://walmart.com/ip/41693259
71660567501,https://walmart.com/ip/41693257
71660567502,https://walmart.com/ip/41693264
71660567509,https://walmart.com/ip/41693254
71660567537,https://walmart.com/ip/45004714
71660567538,https://walmart.com/ip/45009443
71660567539,https://walmart.com/ip/45004706
71660567540,https://walmart.com/ip/45004703
71660567541,https://walmart.com/ip/45009440
71660567542,https://walmart.com/ip/45004710
71660567543,https://walmart.com/ip/45004698
71660567544,https://walmart.com/ip/45009461
71660567545,https://walmart.com/ip/45009462
71660567546,https://walmart.com/ip/45009459
71660567547,https://walmart.com/ip/45009458
71660567548,https://walmart.com/ip/45009457
71660567549,https://walmart.com/ip/45009460
71660567550,https://walmart.com/ip/45009456
71660567551,https://walmart.com/ip/45009468
71660567552,https://walmart.com/ip/45009469
71660567553,https://walmart.com/ip/45009466
71660567554,https://walmart.com/ip/45009465
71660567555,https://walmart.com/ip/45009464
71660567556,https://walmart.com/ip/45009467
71660567557,https://walmart.com/ip/45009463
71660567558,https://walmart.com/ip/45009489
71660567559,https://walmart.com/ip/45009490
71660567560,https://walmart.com/ip/45009487
71660567561,https://walmart.com/ip/45009486
71660567562,https://walmart.com/ip/45009485
71660567563,https://walmart.com/ip/45009488
71660567564,https://walmart.com/ip/45009484
71660567565,https://walmart.com/ip/45009482
71660567566,https://walmart.com/ip/45009483
71660567567,https://walmart.com/ip/45009480
71660567568,https://walmart.com/ip/45009479
71660567569,https://walmart.com/ip/45009478
71660567570,https://walmart.com/ip/45009481
71660567571,https://walmart.com/ip/45009477
71660567741,https://walmart.com/ip/292856382
71660567801,https://walmart.com/ip/181150187
71660568211,https://walmart.com/ip/870598489
71660568213,https://walmart.com/ip/922045924
71660568214,https://walmart.com/ip/695227289
71660568228,https://walmart.com/ip/218422282
71660568247,https://walmart.com/ip/330368817
71660568248,https://walmart.com/ip/617613007
71660568338,https://walmart.com/ip/38063345
71660568339,https://walmart.com/ip/38063407
71660568340,https://walmart.com/ip/38063370
71660568341,https://walmart.com/ip/38063358
71660568342,https://walmart.com/ip/38063353
71660568343,https://walmart.com/ip/38063376
71660568344,https://walmart.com/ip/38063623
71660568345,https://walmart.com/ip/38063610
71660568346,https://walmart.com/ip/38063607
71660568352,https://walmart.com/ip/38063603
71660568353,https://walmart.com/ip/38063615
71660568354,https://walmart.com/ip/38063599
71660568675,https://walmart.com/ip/980463236
71660569652,https://walmart.com/ip/688451980
71660569656,https://walmart.com/ip/182386832
71660569657,https://walmart.com/ip/313732448
71660569786,https://walmart.com/ip/945120284
71660569787,https://walmart.com/ip/242793565
71660569788,https://walmart.com/ip/231726304
71660569789,https://walmart.com/ip/428358853
71660569796,https://walmart.com/ip/669185607
71660569797,https://walmart.com/ip/692538343
71660569808,https://walmart.com/ip/388812541
71660569809,https://walmart.com/ip/442530598
71660569810,https://walmart.com/ip/333919328
71660569811,https://walmart.com/ip/959681919
71660569812,https://walmart.com/ip/822393060
71660569813,https://walmart.com/ip/754582083
71660569858,https://walmart.com/ip/49167146
71660569940,https://walmart.com/ip/696711684
71660569941,https://walmart.com/ip/219731346
71660569961,https://walmart.com/ip/2967
71660569962,https://walmart.com/ip/2968
71660569963,https://walmart.com/ip/2969
71660570079,https://walmart.com/ip/45733656
71660570080,https://walmart.com/ip/45733675
71660570081,https://walmart.com/ip/45733678
71660570082,https://walmart.com/ip/45733671
71660570091,https://walmart.com/ip/45733669
71660570092,https://walmart.com/ip/45733662
71660570093,https://walmart.com/ip/45733673
71660570094,https://walmart.com/ip/45733680
71660570095,https://walmart.com/ip/45733686
71660570096,https://walmart.com/ip/45736629
71660570097,https://walmart.com/ip/45733684
71660570098,https://walmart.com/ip/45733682
71660570107,https://walmart.com/ip/45736627
71660570108,https://walmart.com/ip/45733685
71660570109,https://walmart.com/ip/45733700
71660570110,https://walmart.com/ip/45733710
71660570111,https://walmart.com/ip/45733713
71660570112,https://walmart.com/ip/45733706
71660570113,https://walmart.com/ip/45733703
71660570114,https://walmart.com/ip/45736637
71660570123,https://walmart.com/ip/45733709
71660570124,https://walmart.com/ip/45736638
71660570125,https://walmart.com/ip/45736643
71660570126,https://walmart.com/ip/45736644
71660570127,https://walmart.com/ip/45736641
71660570128,https://walmart.com/ip/45736640
71660570129,https://walmart.com/ip/45736639
71660570130,https://walmart.com/ip/45736642
71660570131,https://walmart.com/ip/45736645
71660570132,https://walmart.com/ip/45736650
71660570133,https://walmart.com/ip/45736651
71660570134,https://walmart.com/ip/45736648
71660570135,https://walmart.com/ip/45736647
71660570136,https://walmart.com/ip/45736646
71660570137,https://walmart.com/ip/45736649
71660570138,https://walmart.com/ip/45736659
71660570147,https://walmart.com/ip/45736664
71660570148,https://walmart.com/ip/45736665
71660570150,https://walmart.com/ip/45736662
71660570151,https://walmart.com/ip/45736661
71660570152,https://walmart.com/ip/45736660
71660570153,https://walmart.com/ip/45736663
71660570648,https://walmart.com/ip/14659841
71660570650,https://walmart.com/ip/14659842
71660570651,https://walmart.com/ip/14659843
71660570782,https://walmart.com/ip/14659844
71660570783,https://walmart.com/ip/14659845
71660570799,https://walmart.com/ip/694319337
71660570800,https://walmart.com/ip/863487825
71660571147,https://walmart.com/ip/51211212
71660571148,https://walmart.com/ip/51211218
71660571149,https://walmart.com/ip/51211227
71660571150,https://walmart.com/ip/51211233
71660571159,https://walmart.com/ip/51211238
71660571160,https://walmart.com/ip/51211243
71660571161,https://walmart.com/ip/51211204
71660571421,https://walmart.com/ip/45004629
71660572095,https://walmart.com/ip/51211898
71660572096,https://walmart.com/ip/51211876
71660572098,https://walmart.com/ip/51219946
71660572099,https://walmart.com/ip/51219945
71660572100,https://walmart.com/ip/51219944
71660572101,https://walmart.com/ip/51219947
71660572102,https://walmart.com/ip/51219943
71660572104,https://walmart.com/ip/51211958
71660572105,https://walmart.com/ip/51211953
71660572106,https://walmart.com/ip/51211948
71660572107,https://walmart.com/ip/51211961
71660572123,https://walmart.com/ip/51211944
71660572125,https://walmart.com/ip/51211868
71660572126,https://walmart.com/ip/51211865
71660572127,https://walmart.com/ip/51211863
71660572128,https://walmart.com/ip/51211871
71660572129,https://walmart.com/ip/51211861
71660572139,https://walmart.com/ip/51211936
71660572140,https://walmart.com/ip/51211932
71660572141,https://walmart.com/ip/51211929
71660572142,https://walmart.com/ip/51211940
71660572143,https://walmart.com/ip/51211925
71660572145,https://walmart.com/ip/51219941
71660572146,https://walmart.com/ip/51219940
71660572147,https://walmart.com/ip/51219939
71660572148,https://walmart.com/ip/51219942
71660572149,https://walmart.com/ip/51219938
71660572156,https://walmart.com/ip/49167149
71660572157,https://walmart.com/ip/49167150
71660572465,https://walmart.com/ip/50133591
71660572542,https://walmart.com/ip/848098500
71660572546,https://walmart.com/ip/140312047
71660572606,https://walmart.com/ip/308926160
71660572607,https://walmart.com/ip/697706575
71660572608,https://walmart.com/ip/613413129
71660572609,https://walmart.com/ip/315484487
71660572610,https://walmart.com/ip/147219355
71660572611,https://walmart.com/ip/263479100
71660572612,https://walmart.com/ip/355410350
71660572613,https://walmart.com/ip/252472752
71660572622,https://walmart.com/ip/515136883
71660572623,https://walmart.com/ip/634400899
71660572624,https://walmart.com/ip/746232548
71660572625,https://walmart.com/ip/464108494
71660572626,https://walmart.com/ip/928674515
71660572627,https://walmart.com/ip/381947151
71660572628,https://walmart.com/ip/143377282
71660572629,https://walmart.com/ip/645735311
71660572644,https://walmart.com/ip/45784745
71660572645,https://walmart.com/ip/45784755
71660572654,https://walmart.com/ip/45784741
71660572655,https://walmart.com/ip/45784878
71660572656,https://walmart.com/ip/45784881
71660572657,https://walmart.com/ip/45784873
71660572658,https://walmart.com/ip/45784871
71660572659,https://walmart.com/ip/45784868
71660572660,https://walmart.com/ip/45784876
71660572661,https://walmart.com/ip/45784865
71660572662,https://walmart.com/ip/45794911
71660572663,https://walmart.com/ip/45794912
71660572664,https://walmart.com/ip/45794907
71660572665,https://walmart.com/ip/45794904
71660572666,https://walmart.com/ip/45794902
71660572667,https://walmart.com/ip/45794909
71660572668,https://walmart.com/ip/45794900
71660572669,https://walmart.com/ip/45784798
71660572670,https://walmart.com/ip/45784801
71660572671,https://walmart.com/ip/45784796
71660572672,https://walmart.com/ip/45784793
71660572673,https://walmart.com/ip/45784790
71660572674,https://walmart.com/ip/45794834
71660572675,https://walmart.com/ip/45784788
71660572676,https://walmart.com/ip/45784904
71660572677,https://walmart.com/ip/45784909
71660572678,https://walmart.com/ip/45784894
71660572679,https://walmart.com/ip/45784889
71660572680,https://walmart.com/ip/45784887
71660572681,https://walmart.com/ip/45784899
71660572682,https://walmart.com/ip/45784883
71660572683,https://walmart.com/ip/45794841
71660572684,https://walmart.com/ip/45785024
71660572685,https://walmart.com/ip/45785020
71660572692,https://walmart.com/ip/45785018
71660572693,https://walmart.com/ip/45785016
71660572694,https://walmart.com/ip/45785022
71660572695,https://walmart.com/ip/45785014
71660572696,https://walmart.com/ip/45794897
71660572697,https://walmart.com/ip/45794898
71660572698,https://walmart.com/ip/45794893
71660572699,https://walmart.com/ip/45794891
71660572700,https://walmart.com/ip/45794889
71660572701,https://walmart.com/ip/45794895
71660572710,https://walmart.com/ip/45794886
71660572711,https://walmart.com/ip/45794908
71660572712,https://walmart.com/ip/45794910
71660572713,https://walmart.com/ip/45794905
71660572714,https://walmart.com/ip/45794903
71660572715,https://walmart.com/ip/45794901
71660572716,https://walmart.com/ip/45794906
71660572717,https://walmart.com/ip/45794899
71660572726,https://walmart.com/ip/45785158
71660572727,https://walmart.com/ip/45794921
71660572728,https://walmart.com/ip/45785156
71660572730,https://walmart.com/ip/45785155
71660572731,https://walmart.com/ip/45785154
71660572732,https://walmart.com/ip/45785157
71660572733,https://walmart.com/ip/45794920
71660572734,https://walmart.com/ip/45794923
71660572735,https://walmart.com/ip/45785163
71660572736,https://walmart.com/ip/45785161
71660572737,https://walmart.com/ip/45785160
71660572738,https://walmart.com/ip/45785159
71660572739,https://walmart.com/ip/45785162
71660572740,https://walmart.com/ip/45794922
71660572741,https://walmart.com/ip/45784520
71660572742,https://walmart.com/ip/45784523
71660572743,https://walmart.com/ip/45784514
71660572744,https://walmart.com/ip/45784510
71660572745,https://walmart.com/ip/45794835
71660572746,https://walmart.com/ip/45784517
71660572747,https://walmart.com/ip/45784505
71660572748,https://walmart.com/ip/45785141
71660572757,https://walmart.com/ip/45785142
71660572758,https://walmart.com/ip/45785140
71660572759,https://walmart.com/ip/45794915
71660572760,https://walmart.com/ip/45785139
71660572761,https://walmart.com/ip/45794916
71660572762,https://walmart.com/ip/45785138
71660572763,https://walmart.com/ip/45785175
71660572764,https://walmart.com/ip/45785176
71660572765,https://walmart.com/ip/45785174
71660572766,https://walmart.com/ip/45785173
71660572767,https://walmart.com/ip/45785172
71660572787,https://walmart.com/ip/192988776
71660572823,https://walmart.com/ip/522142146
71660572824,https://walmart.com/ip/448842916
71660572848,https://walmart.com/ip/926854943
71660572849,https://walmart.com/ip/751276787
71660572905,https://walmart.com/ip/223122944
71660572906,https://walmart.com/ip/418911311
71660572973,https://walmart.com/ip/590387056
71660572998,https://walmart.com/ip/671184620
71660573037,https://walmart.com/ip/974168406
71660573044,https://walmart.com/ip/788863290
71660573075,https://walmart.com/ip/686496947
71660573178,https://walmart.com/ip/13376413
71660573179,https://walmart.com/ip/13376415
71660573186,https://walmart.com/ip/218262886
71660573219,https://walmart.com/ip/13376416
71660573221,https://walmart.com/ip/13376418
71660573223,https://walmart.com/ip/13376414
71660573309,https://walmart.com/ip/596761376
71660573567,https://walmart.com/ip/466452731
71660573568,https://walmart.com/ip/713994564
71660574028,https://walmart.com/ip/588861673
71660574240,https://walmart.com/ip/821528916
71660574241,https://walmart.com/ip/490725007
71660574266,https://walmart.com/ip/934921527
71660574267,https://walmart.com/ip/485450264
71660574268,https://walmart.com/ip/863756197
71660574284,https://walmart.com/ip/547618969
71660574285,https://walmart.com/ip/734846260
71660574286,https://walmart.com/ip/607472284
71660574287,https://walmart.com/ip/260654464
71660574288,https://walmart.com/ip/996275816
71660574289,https://walmart.com/ip/437724981
71660574295,https://walmart.com/ip/530037451
71660574296,https://walmart.com/ip/608771093
71660574297,https://walmart.com/ip/462922282
71660574304,https://walmart.com/ip/666072764
71660574305,https://walmart.com/ip/893970566
71660574306,https://walmart.com/ip/235709208
71660574307,https://walmart.com/ip/974725797
71660574308,https://walmart.com/ip/201290727
71660574315,https://walmart.com/ip/406743333
71660574316,https://walmart.com/ip/599993386
71660574317,https://walmart.com/ip/412392610
71660574318,https://walmart.com/ip/303534556
71660574319,https://walmart.com/ip/389235214
71660574320,https://walmart.com/ip/938738111
71660574325,https://walmart.com/ip/51211256
71660574326,https://walmart.com/ip/51211261
71660574333,https://walmart.com/ip/655587663
71660574334,https://walmart.com/ip/686343819
71660574336,https://walmart.com/ip/314605236
71660574337,https://walmart.com/ip/133108198
71660574338,https://walmart.com/ip/571117456
71660574339,https://walmart.com/ip/814138982
71660574340,https://walmart.com/ip/690453254
71660574341,https://walmart.com/ip/711009785
71660574370,https://walmart.com/ip/51211268
71660574371,https://walmart.com/ip/51211276
71660574372,https://walmart.com/ip/51211283
71660574376,https://walmart.com/ip/51211290
71660574377,https://walmart.com/ip/51211250
71660574409,https://walmart.com/ip/819625166
71660574410,https://walmart.com/ip/437656567
71660574411,https://walmart.com/ip/382632766
71660574420,https://walmart.com/ip/818577826
71660574421,https://walmart.com/ip/348612484
71660574422,https://walmart.com/ip/269272319
71660574436,https://walmart.com/ip/592427827
71660574437,https://walmart.com/ip/468194125
71660574438,https://walmart.com/ip/711756663
71660574448,https://walmart.com/ip/161206702
71660574551,https://walmart.com/ip/618067799
71660574658,https://walmart.com/ip/45009409
71660574663,https://walmart.com/ip/999312764
71660574666,https://walmart.com/ip/45004627
71660574667,https://walmart.com/ip/45004624
71660574668,https://walmart.com/ip/45004621
71660574771,https://walmart.com/ip/593645864
71660574772,https://walmart.com/ip/678354251
71660574773,https://walmart.com/ip/455612627
71660574774,https://walmart.com/ip/777017657
71660574775,https://walmart.com/ip/321639943
71660574776,https://walmart.com/ip/322243065
71660574777,https://walmart.com/ip/879215348
71660574778,https://walmart.com/ip/298384888
71660574779,https://walmart.com/ip/776100950
71660574781,https://walmart.com/ip/642917592
71660574782,https://walmart.com/ip/499363633
71660574813,https://walmart.com/ip/2900
71660574814,https://walmart.com/ip/2894
71660574815,https://walmart.com/ip/2888
71660574816,https://walmart.com/ip/2889
71660574817,https://walmart.com/ip/2890
71660575244,https://walmart.com/ip/56079597
71660575245,https://walmart.com/ip/56079602
71660575246,https://walmart.com/ip/56079604
71660575252,https://walmart.com/ip/56079603
71660575253,https://walmart.com/ip/56079605
71660575254,https://walmart.com/ip/56079606
71660575255,https://walmart.com/ip/56079598
71660575256,https://walmart.com/ip/56079607
71660575257,https://walmart.com/ip/56079599
71660575258,https://walmart.com/ip/56079608
71660575259,https://walmart.com/ip/56079600
71660575260,https://walmart.com/ip/56079609
71660575273,https://walmart.com/ip/56079601
71660575274,https://walmart.com/ip/56079610
71660575275,https://walmart.com/ip/56079590
71660575276,https://walmart.com/ip/56079592
71660575277,https://walmart.com/ip/56079591
71660575278,https://walmart.com/ip/56079593
71660575304,https://walmart.com/ip/56079594
71660575306,https://walmart.com/ip/56079595
71660575307,https://walmart.com/ip/56079589
71660575308,https://walmart.com/ip/56079596
71660575548,https://walmart.com/ip/45794924
71660575549,https://walmart.com/ip/45785171
71660575550,https://walmart.com/ip/45785081
71660575551,https://walmart.com/ip/45785083
71660575552,https://walmart.com/ip/45785074
71660575553,https://walmart.com/ip/45785067
71660575587,https://walmart.com/ip/45785058
71660575588,https://walmart.com/ip/45785080
71660575589,https://walmart.com/ip/45785054
71660575590,https://walmart.com/ip/45785093
71660575591,https://walmart.com/ip/45785094
71660575592,https://walmart.com/ip/45785088
71660575593,https://walmart.com/ip/45785087
71660575594,https://walmart.com/ip/45785086
71660575595,https://walmart.com/ip/45785090
71660575608,https://walmart.com/ip/45785084
71660575609,https://walmart.com/ip/45785124
71660575624,https://walmart.com/ip/45785125
71660575625,https://walmart.com/ip/45794894
71660575626,https://walmart.com/ip/45785123
71660575627,https://walmart.com/ip/45785122
71660575628,https://walmart.com/ip/45794896
71660575629,https://walmart.com/ip/45785121
71660575630,https://walmart.com/ip/45785131
71660575638,https://walmart.com/ip/45785132
71660575639,https://walmart.com/ip/45785129
71660575640,https://walmart.com/ip/45785128
71660575641,https://walmart.com/ip/45785127
71660575642,https://walmart.com/ip/45785130
71660575643,https://walmart.com/ip/45785126
71660575644,https://walmart.com/ip/45794925
71660575645,https://walmart.com/ip/45785182
71660575646,https://walmart.com/ip/45785180
71660575647,https://walmart.com/ip/45785179
71660575648,https://walmart.com/ip/45785178
71660575649,https://walmart.com/ip/45785181
71660575659,https://walmart.com/ip/45785177
71660575660,https://walmart.com/ip/45785169
71660575661,https://walmart.com/ip/45785170
71660575662,https://walmart.com/ip/45785167
71660575663,https://walmart.com/ip/45785166
71660575664,https://walmart.com/ip/45785165
71660575665,https://walmart.com/ip/45785168
71660575668,https://walmart.com/ip/45785164
71660575669,https://walmart.com/ip/45785146
71660575670,https://walmart.com/ip/45785147
71660575671,https://walmart.com/ip/45785144
71660575672,https://walmart.com/ip/45794918
71660575673,https://walmart.com/ip/45785143
71660575674,https://walmart.com/ip/45785145
71660575675,https://walmart.com/ip/45794917
71660575676,https://walmart.com/ip/45785136
71660575677,https://walmart.com/ip/45785137
71660575678,https://walmart.com/ip/45794914
71660575679,https://walmart.com/ip/45785134
71660575687,https://walmart.com/ip/45794913
71660575688,https://walmart.com/ip/45785135
71660575689,https://walmart.com/ip/45785133
71660575690,https://walmart.com/ip/45785152
71660575691,https://walmart.com/ip/45785153
71660575692,https://walmart.com/ip/45785150
71660575693,https://walmart.com/ip/45785149
71660575701,https://walmart.com/ip/256869033
71660575702,https://walmart.com/ip/577216187
71660575703,https://walmart.com/ip/945982321
71660575704,https://walmart.com/ip/422646582
71660575705,https://walmart.com/ip/518182858
71660575706,https://walmart.com/ip/917821561
71660575707,https://walmart.com/ip/887942474
71660575715,https://walmart.com/ip/45794919
71660575716,https://walmart.com/ip/45785151
71660575717,https://walmart.com/ip/45785148
71660575718,https://walmart.com/ip/45784673
71660575719,https://walmart.com/ip/45784677
71660575720,https://walmart.com/ip/45784664
71660575721,https://walmart.com/ip/45784660
71660575757,https://walmart.com/ip/45784655
71660575758,https://walmart.com/ip/45784669
71660575759,https://walmart.com/ip/45784650
71660575760,https://walmart.com/ip/45785201
71660575761,https://walmart.com/ip/45785202
71660575762,https://walmart.com/ip/45785199
71660575763,https://walmart.com/ip/45785198
71660575764,https://walmart.com/ip/634643403
71660575765,https://walmart.com/ip/912501954
71660575767,https://walmart.com/ip/547318579
71660575768,https://walmart.com/ip/861248310
71660575769,https://walmart.com/ip/715174737
71660575770,https://walmart.com/ip/969752848
71660575771,https://walmart.com/ip/45785197
71660575772,https://walmart.com/ip/45785200
71660575773,https://walmart.com/ip/45785196
71660575774,https://walmart.com/ip/45785194
71660575775,https://walmart.com/ip/45785195
71660575776,https://walmart.com/ip/45785192
71660575777,https://walmart.com/ip/45785191
71660575785,https://walmart.com/ip/45785190
71660575786,https://walmart.com/ip/45785193
71660575787,https://walmart.com/ip/45785189
71660575788,https://walmart.com/ip/45785187
71660575789,https://walmart.com/ip/45785188
71660575790,https://walmart.com/ip/45794926
71660575791,https://walmart.com/ip/45785185
71660575813,https://walmart.com/ip/45785184
71660575814,https://walmart.com/ip/45785186
71660575827,https://walmart.com/ip/45785183
71660575828,https://walmart.com/ip/45785069
71660575829,https://walmart.com/ip/45785073
71660575830,https://walmart.com/ip/45794867
71660575831,https://walmart.com/ip/45785066
71660575834,https://walmart.com/ip/45785044
71660575835,https://walmart.com/ip/45794868
71660575836,https://walmart.com/ip/45785042
71660575837,https://walmart.com/ip/45794866
71660575838,https://walmart.com/ip/45785039
71660575839,https://walmart.com/ip/45785033
71660575840,https://walmart.com/ip/45785031
71660575844,https://walmart.com/ip/45785027
71660575845,https://walmart.com/ip/45785036
71660575846,https://walmart.com/ip/45785025
71660575847,https://walmart.com/ip/45785120
71660575848,https://walmart.com/ip/45794892
71660575849,https://walmart.com/ip/45785118
71660575850,https://walmart.com/ip/45794890
71660575851,https://walmart.com/ip/45794888
71660575852,https://walmart.com/ip/45785119
71660575853,https://walmart.com/ip/45794887
71660575854,https://walmart.com/ip/45785108
71660575855,https://walmart.com/ip/45785117
71660575860,https://walmart.com/ip/45785106
71660575861,https://walmart.com/ip/45785104
71660576713,https://walmart.com/ip/515739061
71660576846,https://walmart.com/ip/982650394
71660576847,https://walmart.com/ip/431593284
71660576876,https://walmart.com/ip/783498348
71660576877,https://walmart.com/ip/435379648
71660576892,https://walmart.com/ip/902340211
71660576956,https://walmart.com/ip/443620031
71660576978,https://walmart.com/ip/512159658
71660576979,https://walmart.com/ip/333603280
71660577089,https://walmart.com/ip/597353917
71660577090,https://walmart.com/ip/684181659
71660577613,https://walmart.com/ip/977006959
71660577704,https://walmart.com/ip/791014338
71660577705,https://walmart.com/ip/397576037
71660577706,https://walmart.com/ip/383876100
71660577751,https://walmart.com/ip/752096420
71660577752,https://walmart.com/ip/294665105
71660577753,https://walmart.com/ip/982475043
71660577850,https://walmart.com/ip/768666822
71660577851,https://walmart.com/ip/926208393
71660577852,https://walmart.com/ip/697451892
71660578023,https://walmart.com/ip/848683731
71660578104,https://walmart.com/ip/245934302
71660578773,https://walmart.com/ip/557555799
71660578782,https://walmart.com/ip/501854717
71660578990,https://walmart.com/ip/584013431
71660578992,https://walmart.com/ip/419892441
71660578993,https://walmart.com/ip/816781150
71660578994,https://walmart.com/ip/308409947
71660579102,https://walmart.com/ip/683388204
71660579103,https://walmart.com/ip/279216481
71660579104,https://walmart.com/ip/656627269
71660579105,https://walmart.com/ip/762957053
71660579106,https://walmart.com/ip/183509417
71660579107,https://walmart.com/ip/822349408
71660579109,https://walmart.com/ip/124860887
71660579133,https://walmart.com/ip/715586917
71660579174,https://walmart.com/ip/987939077
71660579175,https://walmart.com/ip/653193200
71660579179,https://walmart.com/ip/209092785
71660579180,https://walmart.com/ip/913540904
71660579236,https://walmart.com/ip/336090870
71660579237,https://walmart.com/ip/590166587
71660579246,https://walmart.com/ip/864541362
71660579247,https://walmart.com/ip/532993973
71660579248,https://walmart.com/ip/305720815
71660579249,https://walmart.com/ip/657204099
71660579312,https://walmart.com/ip/45004628
71660579313,https://walmart.com/ip/45004612
71660579315,https://walmart.com/ip/479384323
71660579318,https://walmart.com/ip/175019150
71660579319,https://walmart.com/ip/863988626
71660579323,https://walmart.com/ip/904268560
71660579324,https://walmart.com/ip/786454070
71660579325,https://walmart.com/ip/705190622
71660579529,https://walmart.com/ip/909867967
71660579530,https://walmart.com/ip/636245369
71660579531,https://walmart.com/ip/419134007
71660579548,https://walmart.com/ip/669964530
71660579549,https://walmart.com/ip/784604963
71660579568,https://walmart.com/ip/733093937
71660579573,https://walmart.com/ip/792914596
71660579574,https://walmart.com/ip/810981606
71660579575,https://walmart.com/ip/449580583
71660579576,https://walmart.com/ip/344767067
71660579577,https://walmart.com/ip/804195311
71660579578,https://walmart.com/ip/513409331
71660579579,https://walmart.com/ip/470842363
71660579726,https://walmart.com/ip/833019253
71660579727,https://walmart.com/ip/698298748
71660579814,https://walmart.com/ip/840364627
71660579830,https://walmart.com/ip/51211483
71660579839,https://walmart.com/ip/51211523
71660579840,https://walmart.com/ip/51211512
71660579841,https://walmart.com/ip/51211515
71660579842,https://walmart.com/ip/51211518
71660579843,https://walmart.com/ip/51211487
71660579844,https://walmart.com/ip/51211506
71660579845,https://walmart.com/ip/51211492
71660579846,https://walmart.com/ip/51211499
71660579847,https://walmart.com/ip/51211451
71660579848,https://walmart.com/ip/51211478
71660579849,https://walmart.com/ip/51211466
71660579850,https://walmart.com/ip/51211470
71660579851,https://walmart.com/ip/51211473
71660579855,https://walmart.com/ip/51211455
71660579856,https://walmart.com/ip/51211464
71660579857,https://walmart.com/ip/51211458
71660579863,https://walmart.com/ip/51211461
71660579871,https://walmart.com/ip/51212288
71660579872,https://walmart.com/ip/51212316
71660579873,https://walmart.com/ip/51212306
71660579874,https://walmart.com/ip/51212309
71660579875,https://walmart.com/ip/51212313
71660579876,https://walmart.com/ip/51212293
71660579877,https://walmart.com/ip/51212303
71660579878,https://walmart.com/ip/51212296
71660579879,https://walmart.com/ip/51212301
71660579880,https://walmart.com/ip/51212267
71660579881,https://walmart.com/ip/51212282
71660579882,https://walmart.com/ip/51212276
71660579883,https://walmart.com/ip/51212277
71660579884,https://walmart.com/ip/51212281
71660579885,https://walmart.com/ip/51212270
71660579886,https://walmart.com/ip/51212275
71660579888,https://walmart.com/ip/899929450
71660579895,https://walmart.com/ip/627274589
71660579947,https://walmart.com/ip/404753161
71660579948,https://walmart.com/ip/780971374
71660580380,https://walmart.com/ip/233960976
71660580381,https://walmart.com/ip/389021510
71660580382,https://walmart.com/ip/642457298
71660580390,https://walmart.com/ip/287886191
71660580391,https://walmart.com/ip/809620516
71660580471,https://walmart.com/ip/162765962
71660580472,https://walmart.com/ip/793067999
71660580499,https://walmart.com/ip/625895373
71660580526,https://walmart.com/ip/158032954
71660580527,https://walmart.com/ip/837469259
71660580528,https://walmart.com/ip/649472784
71660580589,https://walmart.com/ip/328410535
71660580590,https://walmart.com/ip/834316791
71660580627,https://walmart.com/ip/754839186
71660580631,https://walmart.com/ip/903363405
71660580632,https://walmart.com/ip/900211846
71660580633,https://walmart.com/ip/938614857
71660580643,https://walmart.com/ip/414063938
71660580644,https://walmart.com/ip/637118595
71660580645,https://walmart.com/ip/421887144
71660580646,https://walmart.com/ip/341880058
71660580647,https://walmart.com/ip/705995969
71660580648,https://walmart.com/ip/303500417
71660580664,https://walmart.com/ip/855786198
71660580665,https://walmart.com/ip/792178396
71660580666,https://walmart.com/ip/922106781
71660580679,https://walmart.com/ip/612232012
71660580680,https://walmart.com/ip/111031796
71660580681,https://walmart.com/ip/751530290
71660580685,https://walmart.com/ip/921212560
71660580686,https://walmart.com/ip/199042718
71660580687,https://walmart.com/ip/263806369
71660580796,https://walmart.com/ip/401181053
71660580867,https://walmart.com/ip/45785103
71660580868,https://walmart.com/ip/45785107
71660580869,https://walmart.com/ip/45785100
71660580870,https://walmart.com/ip/45784683
71660580871,https://walmart.com/ip/45784685
71660580927,https://walmart.com/ip/45794874
71660580928,https://walmart.com/ip/45794872
71660580929,https://walmart.com/ip/45784681
71660580930,https://walmart.com/ip/45794876
71660580931,https://walmart.com/ip/45784679
71660580937,https://walmart.com/ip/45784672
71660580938,https://walmart.com/ip/45784675
71660580939,https://walmart.com/ip/45784663
71660580940,https://walmart.com/ip/45794870
71660580941,https://walmart.com/ip/45784659
71660580944,https://walmart.com/ip/45784668
71660580945,https://walmart.com/ip/999782727
71660580946,https://walmart.com/ip/45784651
71660581159,https://walmart.com/ip/365860243
71660581160,https://walmart.com/ip/357276382
71660581169,https://walmart.com/ip/958301090
71660581170,https://walmart.com/ip/586188914
71660581171,https://walmart.com/ip/606881321
71660581191,https://walmart.com/ip/839195999
71660581192,https://walmart.com/ip/500324578
71660581213,https://walmart.com/ip/222941224
71660581375,https://walmart.com/ip/864941354
71660581479,https://walmart.com/ip/255480537
71660581482,https://walmart.com/ip/739164627
71660581483,https://walmart.com/ip/140120537
71660581504,https://walmart.com/ip/357948587
71660581506,https://walmart.com/ip/131236943
71660581554,https://walmart.com/ip/221522941
71660581555,https://walmart.com/ip/385992276
71660581736,https://walmart.com/ip/663862994
71660581737,https://walmart.com/ip/749831592
71660581738,https://walmart.com/ip/592573581
71660581775,https://walmart.com/ip/698339193
71660581776,https://walmart.com/ip/334041533
71660581777,https://walmart.com/ip/717300675
71660581778,https://walmart.com/ip/988869284
71660581864,https://walmart.com/ip/656561314
71660581865,https://walmart.com/ip/211704016
71660581868,https://walmart.com/ip/663507979
71660581872,https://walmart.com/ip/737784476
71660581873,https://walmart.com/ip/649835278
71660582014,https://walmart.com/ip/864139501
71660582015,https://walmart.com/ip/678718105
71660582017,https://walmart.com/ip/584092338
71660582018,https://walmart.com/ip/849953229
71660582146,https://walmart.com/ip/953954837
71660582153,https://walmart.com/ip/783689290
71660582337,https://walmart.com/ip/399060657
71660582574,https://walmart.com/ip/381495880
71660582575,https://walmart.com/ip/745874576
71660582576,https://walmart.com/ip/636068512
71660582577,https://walmart.com/ip/840121848
71660582578,https://walmart.com/ip/698055384
71660582660,https://walmart.com/ip/344719348
71660582694,https://walmart.com/ip/934349683
71660582695,https://walmart.com/ip/576515474
71660582763,https://walmart.com/ip/565897413
71660582764,https://walmart.com/ip/224428366
71660582765,https://walmart.com/ip/544510830
71660582766,https://walmart.com/ip/921195810
71660582767,https://walmart.com/ip/296516471
71660582768,https://walmart.com/ip/240714594
71660582774,https://walmart.com/ip/842665918
71660582776,https://walmart.com/ip/814495301
71660582777,https://walmart.com/ip/757348107
71660582778,https://walmart.com/ip/536909756
71660582779,https://walmart.com/ip/772030158
71660582781,https://walmart.com/ip/205780499
71660582836,https://walmart.com/ip/49169638
71660582933,https://walmart.com/ip/674254451
71660582934,https://walmart.com/ip/871096455
71660582935,https://walmart.com/ip/777273426
71660582983,https://walmart.com/ip/471353405
71660583079,https://walmart.com/ip/967748482
71660583133,https://walmart.com/ip/757520879
71660583175,https://walmart.com/ip/241463217
71660583195,https://walmart.com/ip/527307895
71660583196,https://walmart.com/ip/390641432
71660583197,https://walmart.com/ip/470926483
71660583227,https://walmart.com/ip/51212272
71660583317,https://walmart.com/ip/487600742
71660583318,https://walmart.com/ip/607484972
71660583319,https://walmart.com/ip/698128234
71660583320,https://walmart.com/ip/172398056
71660583321,https://walmart.com/ip/810550684
71660583335,https://walmart.com/ip/792875880
71660583336,https://walmart.com/ip/992630562
71660583339,https://walmart.com/ip/175343659
71660583340,https://walmart.com/ip/380961359
71660583465,https://walmart.com/ip/880818048
71660583466,https://walmart.com/ip/757041792
71660583467,https://walmart.com/ip/775258315
71660583471,https://walmart.com/ip/269739190
71660583496,https://walmart.com/ip/45784759
71660583497,https://walmart.com/ip/45784763
71660583499,https://walmart.com/ip/45784752
71660583500,https://walmart.com/ip/45784749
71660583506,https://walmart.com/ip/871122045
71660583523,https://walmart.com/ip/141169274
71660583531,https://walmart.com/ip/527304263
71660583601,https://walmart.com/ip/822861774
71660583637,https://walmart.com/ip/189813246
71660583665,https://walmart.com/ip/45004812
71660583666,https://walmart.com/ip/45004817
71660583667,https://walmart.com/ip/45004808
71660583668,https://walmart.com/ip/45009417
71660583669,https://walmart.com/ip/45009416
71660583670,https://walmart.com/ip/45004810
71660583671,https://walmart.com/ip/45004805
71660583672,https://walmart.com/ip/45004788
71660583673,https://walmart.com/ip/45004789
71660583674,https://walmart.com/ip/45004787
71660583675,https://walmart.com/ip/45004784
71660583676,https://walmart.com/ip/45004779
71660583677,https://walmart.com/ip/45009421
71660583678,https://walmart.com/ip/45004777
71660583721,https://walmart.com/ip/14659846
71660583727,https://walmart.com/ip/14659847
71660583734,https://walmart.com/ip/14659848
71660583736,https://walmart.com/ip/14659850
71660583740,https://walmart.com/ip/800381005
71660583741,https://walmart.com/ip/394129127
71660583742,https://walmart.com/ip/869093818
71660583743,https://walmart.com/ip/931189635
71660583744,https://walmart.com/ip/664408061
71660583745,https://walmart.com/ip/793085495
71660583750,https://walmart.com/ip/152453414
71660583776,https://walmart.com/ip/14659851
71660583790,https://walmart.com/ip/14659852
71660583791,https://walmart.com/ip/14659853
71660583792,https://walmart.com/ip/14659854
71660583793,https://walmart.com/ip/14659855
71660583841,https://walmart.com/ip/951018875
71660583867,https://walmart.com/ip/918465366
71660583868,https://walmart.com/ip/878350776
71660583869,https://walmart.com/ip/813073121
71660583870,https://walmart.com/ip/990528026
71660583871,https://walmart.com/ip/610643638
71660583872,https://walmart.com/ip/296548883
71660583879,https://walmart.com/ip/441210149
71660583880,https://walmart.com/ip/547160841
71660583882,https://walmart.com/ip/685050355
71660583883,https://walmart.com/ip/979569783
71660583884,https://walmart.com/ip/789888156
71660583891,https://walmart.com/ip/250656756
71660583892,https://walmart.com/ip/198297922
71660583915,https://walmart.com/ip/601757895
71660583916,https://walmart.com/ip/507055527
71660583918,https://walmart.com/ip/476671739
71660583919,https://walmart.com/ip/435920884
71660583920,https://walmart.com/ip/652392936
71660583926,https://walmart.com/ip/735754720
71660583927,https://walmart.com/ip/526127208
71660583928,https://walmart.com/ip/238712476
71660583929,https://walmart.com/ip/610296883
71660583930,https://walmart.com/ip/488409155
71660583931,https://walmart.com/ip/881367759
71660583932,https://walmart.com/ip/832198600
71660583933,https://walmart.com/ip/659495923
71660583948,https://walmart.com/ip/875628790
71660583981,https://walmart.com/ip/46042814
71660583982,https://walmart.com/ip/46042816
71660583983,https://walmart.com/ip/46042818
71660583984,https://walmart.com/ip/46042820
71660584019,https://walmart.com/ip/935439296
71660584020,https://walmart.com/ip/745259749
71660584021,https://walmart.com/ip/525758155
71660584022,https://walmart.com/ip/327987282
71660584083,https://walmart.com/ip/541038460
71660584200,https://walmart.com/ip/51212274
71660584201,https://walmart.com/ip/51210788
71660584202,https://walmart.com/ip/51210825
71660584203,https://walmart.com/ip/51210810
71660584204,https://walmart.com/ip/51210815
71660584205,https://walmart.com/ip/51210820
71660584206,https://walmart.com/ip/51210792
71660584207,https://walmart.com/ip/51210805
71660584208,https://walmart.com/ip/51210794
71660584209,https://walmart.com/ip/51210801
71660584210,https://walmart.com/ip/51210741
71660584211,https://walmart.com/ip/51210784
71660584233,https://walmart.com/ip/929123730
71660584234,https://walmart.com/ip/219026243
71660584235,https://walmart.com/ip/51210776
71660584236,https://walmart.com/ip/51210779
71660584237,https://walmart.com/ip/51210782
71660584238,https://walmart.com/ip/51210750
71660584239,https://walmart.com/ip/51210772
71660584240,https://walmart.com/ip/51210762
71660584241,https://walmart.com/ip/51210767
71660584242,https://walmart.com/ip/51211004
71660584243,https://walmart.com/ip/51211042
71660584244,https://walmart.com/ip/51211023
71660584245,https://walmart.com/ip/51211029
71660584246,https://walmart.com/ip/51211034
71660584253,https://walmart.com/ip/51211008
71660584254,https://walmart.com/ip/51211019
71660584255,https://walmart.com/ip/51211011
71660584256,https://walmart.com/ip/51211015
71660584257,https://walmart.com/ip/51210985
71660584258,https://walmart.com/ip/51210990
71660584265,https://walmart.com/ip/51210993
71660584266,https://walmart.com/ip/51211000
71660584267,https://walmart.com/ip/51210966
71660584268,https://walmart.com/ip/51210971
71660584269,https://walmart.com/ip/51210975
71660584318,https://walmart.com/ip/51210977
71660584319,https://walmart.com/ip/51210982
71660584320,https://walmart.com/ip/51210783
71660584321,https://walmart.com/ip/51210785
71660584322,https://walmart.com/ip/51210789
71660584323,https://walmart.com/ip/51210796
71660584332,https://walmart.com/ip/939994336
71660584345,https://walmart.com/ip/51210799
71660584346,https://walmart.com/ip/51210803
71660584347,https://walmart.com/ip/51210778
71660584372,https://walmart.com/ip/51210743
71660584373,https://walmart.com/ip/51210748
71660584374,https://walmart.com/ip/51210758
71660584375,https://walmart.com/ip/51210769
71660584376,https://walmart.com/ip/51210775
71660584377,https://walmart.com/ip/51210777
71660584378,https://walmart.com/ip/51210738
71660584379,https://walmart.com/ip/51213711
71660584380,https://walmart.com/ip/51213717
71660584381,https://walmart.com/ip/51213724
71660584382,https://walmart.com/ip/51213729
71660584383,https://walmart.com/ip/51213678
71660584404,https://walmart.com/ip/835137312
71660584406,https://walmart.com/ip/466403996
71660584412,https://walmart.com/ip/542670920
71660584413,https://walmart.com/ip/590328649
71660584420,https://walmart.com/ip/51213686
71660584421,https://walmart.com/ip/51213690
71660584422,https://walmart.com/ip/51213700
71660584423,https://walmart.com/ip/51213705
71660584424,https://walmart.com/ip/51213644
71660584425,https://walmart.com/ip/51213654
71660584432,https://walmart.com/ip/51213663
71660584433,https://walmart.com/ip/51213669
71660584434,https://walmart.com/ip/51213608
71660584435,https://walmart.com/ip/51213616
71660584436,https://walmart.com/ip/51213625
71660584437,https://walmart.com/ip/51213632
71660584462,https://walmart.com/ip/51213637
71660584463,https://walmart.com/ip/51211981
71660584464,https://walmart.com/ip/51211978
71660584465,https://walmart.com/ip/51211973
71660584468,https://walmart.com/ip/51211985
71660584469,https://walmart.com/ip/51211967
71660584471,https://walmart.com/ip/51211917
71660584472,https://walmart.com/ip/51211913
71660584473,https://walmart.com/ip/51211908
71660584474,https://walmart.com/ip/51211921
71660584475,https://walmart.com/ip/51211902
71660584477,https://walmart.com/ip/51211893
71660584478,https://walmart.com/ip/51211888
71660584479,https://walmart.com/ip/51211884
71660584480,https://walmart.com/ip/47147196
71660584485,https://walmart.com/ip/47147193
71660584486,https://walmart.com/ip/47147197
71660584488,https://walmart.com/ip/47147194
71660584489,https://walmart.com/ip/47147192
71660584490,https://walmart.com/ip/47147186
71660584491,https://walmart.com/ip/47147185
71660584492,https://walmart.com/ip/47147187
71660584493,https://walmart.com/ip/47147190
71660584494,https://walmart.com/ip/47147189
71660584495,https://walmart.com/ip/47147188
71660584496,https://walmart.com/ip/47147191
71660584497,https://walmart.com/ip/47147182
71660584504,https://walmart.com/ip/47147183
71660584534,https://walmart.com/ip/47147184
71660584535,https://walmart.com/ip/47147181
71660584536,https://walmart.com/ip/47147180
71660584537,https://walmart.com/ip/47147178
71660584538,https://walmart.com/ip/47147179
71660584539,https://walmart.com/ip/47147175
71660584564,https://walmart.com/ip/47147173
71660584565,https://walmart.com/ip/47147170
71660584566,https://walmart.com/ip/47147171
71660584567,https://walmart.com/ip/47147174
71660584568,https://walmart.com/ip/47147176
71660584592,https://walmart.com/ip/47147177
71660584610,https://walmart.com/ip/981429143
71660584611,https://walmart.com/ip/969470521
71660584612,https://walmart.com/ip/552757907
71660584613,https://walmart.com/ip/998872713
71660584673,https://walmart.com/ip/49162796
71660584676,https://walmart.com/ip/49167165
71660584731,https://walmart.com/ip/47147209
71660584732,https://walmart.com/ip/47147206
71660584733,https://walmart.com/ip/47147207
71660584734,https://walmart.com/ip/47147210
71660584735,https://walmart.com/ip/47147205
71660584736,https://walmart.com/ip/47147208
71660584761,https://walmart.com/ip/47147211
71660584794,https://walmart.com/ip/47147224
71660584795,https://walmart.com/ip/47147223
71660584796,https://walmart.com/ip/47147225
71660584803,https://walmart.com/ip/47147221
71660584804,https://walmart.com/ip/47147222
71660584805,https://walmart.com/ip/47147220
71660584806,https://walmart.com/ip/47147219
71660584807,https://walmart.com/ip/47147242
71660584808,https://walmart.com/ip/47147245
71660584827,https://walmart.com/ip/47147244
71660584828,https://walmart.com/ip/47147243
71660584829,https://walmart.com/ip/47147246
71660584830,https://walmart.com/ip/47147240
71660584831,https://walmart.com/ip/47147241
71660584832,https://walmart.com/ip/47147131
71660584844,https://walmart.com/ip/47147127
71660584845,https://walmart.com/ip/47147149
71660584846,https://walmart.com/ip/47147144
71660584847,https://walmart.com/ip/47147140
71660584848,https://walmart.com/ip/47147153
71660584849,https://walmart.com/ip/47147134
71660584856,https://walmart.com/ip/534302678
71660584857,https://walmart.com/ip/465741447
71660584858,https://walmart.com/ip/839096781
71660584859,https://walmart.com/ip/914586105
71660584860,https://walmart.com/ip/443845985
71660584861,https://walmart.com/ip/529229796
71660584862,https://walmart.com/ip/705027563
71660584863,https://walmart.com/ip/760649658
71660584868,https://walmart.com/ip/47147132
71660584869,https://walmart.com/ip/47147139
71660584870,https://walmart.com/ip/47147143
71660584871,https://walmart.com/ip/47147128
71660584872,https://walmart.com/ip/47147136
71660584873,https://walmart.com/ip/47147152
71660584894,https://walmart.com/ip/47147147
71660584895,https://walmart.com/ip/47147455
71660584896,https://walmart.com/ip/47147202
71660584897,https://walmart.com/ip/47147201
71660584934,https://walmart.com/ip/47147200
71660584935,https://walmart.com/ip/47147204
71660584936,https://walmart.com/ip/47147199
71660584937,https://walmart.com/ip/47147203
71660584938,https://walmart.com/ip/47147125
71660584939,https://walmart.com/ip/46042992
71660584958,https://walmart.com/ip/46043003
71660584959,https://walmart.com/ip/46043053
71660584960,https://walmart.com/ip/46043058
71660584961,https://walmart.com/ip/46043063
71660584962,https://walmart.com/ip/46043067
71660584965,https://walmart.com/ip/46043071
71660584966,https://walmart.com/ip/46043085
71660584967,https://walmart.com/ip/46043092
71660585001,https://walmart.com/ip/46043018
71660585002,https://walmart.com/ip/46043020
71660585013,https://walmart.com/ip/46043024
71660585014,https://walmart.com/ip/46043028
71660585015,https://walmart.com/ip/46043037
71660585016,https://walmart.com/ip/46043048
71660585017,https://walmart.com/ip/46090848
71660585024,https://walmart.com/ip/225254512
71660585025,https://walmart.com/ip/922684638
71660585026,https://walmart.com/ip/632739172
71660585027,https://walmart.com/ip/937849192
71660585028,https://walmart.com/ip/641916670
71660585050,https://walmart.com/ip/329236115
71660585112,https://walmart.com/ip/46042938
71660585113,https://walmart.com/ip/46042950
71660585117,https://walmart.com/ip/46090788
71660585119,https://walmart.com/ip/46042955
71660585120,https://walmart.com/ip/46042960
71660585121,https://walmart.com/ip/46090789
71660585122,https://walmart.com/ip/46042967
71660585123,https://walmart.com/ip/46042897
71660585125,https://walmart.com/ip/46090784
71660585126,https://walmart.com/ip/46042900
71660585127,https://walmart.com/ip/46090785
71660585128,https://walmart.com/ip/46042902
71660585129,https://walmart.com/ip/46042904
71660585130,https://walmart.com/ip/46090786
71660585131,https://walmart.com/ip/46042875
71660585149,https://walmart.com/ip/46042876
71660585150,https://walmart.com/ip/46090782
71660585151,https://walmart.com/ip/46042877
71660585152,https://walmart.com/ip/46090783
71660585153,https://walmart.com/ip/46042878
71660585154,https://walmart.com/ip/46042880
71660585176,https://walmart.com/ip/753278853
71660585177,https://walmart.com/ip/885803354
71660585178,https://walmart.com/ip/359644236
71660585475,https://walmart.com/ip/372598203
71660585604,https://walmart.com/ip/588459643
71660585605,https://walmart.com/ip/271549681
71660585712,https://walmart.com/ip/470128965
71660585747,https://walmart.com/ip/133485514
71660585771,https://walmart.com/ip/308996275
71660585772,https://walmart.com/ip/796858061
71660585998,https://walmart.com/ip/14322119
71660585999,https://walmart.com/ip/14322656
71660586023,https://walmart.com/ip/14322658
71660586121,https://walmart.com/ip/47147151
71660586122,https://walmart.com/ip/47147156
71660586123,https://walmart.com/ip/47147167
71660586124,https://walmart.com/ip/47147159
71660586125,https://walmart.com/ip/47147163
71660586127,https://walmart.com/ip/47147165
71660586128,https://walmart.com/ip/47147212
71660586129,https://walmart.com/ip/47147215
71660586130,https://walmart.com/ip/47147216
71660586133,https://walmart.com/ip/47147213
71660586134,https://walmart.com/ip/47147218
71660586135,https://walmart.com/ip/2637
71660586138,https://walmart.com/ip/47147217
71660586139,https://walmart.com/ip/47147214
71660586140,https://walmart.com/ip/47147237
71660586141,https://walmart.com/ip/47147233
71660586142,https://walmart.com/ip/47147234
71660586143,https://walmart.com/ip/47147238
71660586152,https://walmart.com/ip/47147235
71660586153,https://walmart.com/ip/47147239
71660586166,https://walmart.com/ip/47147236
71660586283,https://walmart.com/ip/324809861
71660586284,https://walmart.com/ip/694552210
71660586285,https://walmart.com/ip/857791067
71660586307,https://walmart.com/ip/46045514
71660586308,https://walmart.com/ip/46045518
71660586309,https://walmart.com/ip/46045522
71660586310,https://walmart.com/ip/46045525
71660586311,https://walmart.com/ip/46045529
71660586312,https://walmart.com/ip/46045532
71660586313,https://walmart.com/ip/46045535
71660586314,https://walmart.com/ip/46045494
71660586315,https://walmart.com/ip/46045495
71660586316,https://walmart.com/ip/46045496
71660586317,https://walmart.com/ip/46045499
71660586318,https://walmart.com/ip/46045502
71660586320,https://walmart.com/ip/46045505
71660586321,https://walmart.com/ip/46045509
71660586350,https://walmart.com/ip/317105400
71660586351,https://walmart.com/ip/218388468
71660586352,https://walmart.com/ip/882952454
71660586353,https://walmart.com/ip/793603820
71660586354,https://walmart.com/ip/683359191
71660586546,https://walmart.com/ip/103158199
71660586798,https://walmart.com/ip/17492581
71660586837,https://walmart.com/ip/46045618
71660586841,https://walmart.com/ip/46045616
71660586842,https://walmart.com/ip/46045614
71660586843,https://walmart.com/ip/46045612
71660586844,https://walmart.com/ip/46045617
71660586851,https://walmart.com/ip/46045609
71660586854,https://walmart.com/ip/46045641
71660586855,https://walmart.com/ip/46045640
71660586856,https://walmart.com/ip/46045639
71660586857,https://walmart.com/ip/46045643
71660586858,https://walmart.com/ip/46045637
71660586861,https://walmart.com/ip/46045665
71660586862,https://walmart.com/ip/46045663
71660586863,https://walmart.com/ip/46045661
71660586864,https://walmart.com/ip/46045667
71660586865,https://walmart.com/ip/46045659
71660587512,https://walmart.com/ip/49162790
71660589133,https://walmart.com/ip/47147195
71660589134,https://walmart.com/ip/47147198
71660589232,https://walmart.com/ip/46042954
71660589233,https://walmart.com/ip/46042959
71660589234,https://walmart.com/ip/46042966
71660589235,https://walmart.com/ip/46042970
71660589236,https://walmart.com/ip/46042974
71660589237,https://walmart.com/ip/46042979
71660589238,https://walmart.com/ip/46042984
71660589239,https://walmart.com/ip/46090842
71660589250,https://walmart.com/ip/46042989
71660589255,https://walmart.com/ip/46042993
71660589256,https://walmart.com/ip/46042998
71660589259,https://walmart.com/ip/46043006
71660589263,https://walmart.com/ip/46043009
71660589266,https://walmart.com/ip/315210306
71660589270,https://walmart.com/ip/46043014
71660589273,https://walmart.com/ip/486301164
71660589346,https://walmart.com/ip/46090843
71660589347,https://walmart.com/ip/46043033
71660589348,https://walmart.com/ip/46043036
71660589372,https://walmart.com/ip/46043041
71660589373,https://walmart.com/ip/46043046
71660589377,https://walmart.com/ip/46043051
71660589378,https://walmart.com/ip/46043056
71660589399,https://walmart.com/ip/46042969
71660589400,https://walmart.com/ip/46042972
71660589401,https://walmart.com/ip/46042983
71660589402,https://walmart.com/ip/46090847
71660589403,https://walmart.com/ip/46042988
71660589441,https://walmart.com/ip/45733697
71660589442,https://walmart.com/ip/45736635
71660589443,https://walmart.com/ip/45733694
71660589444,https://walmart.com/ip/45733691
71660589445,https://walmart.com/ip/45736631
71660589449,https://walmart.com/ip/45736634
71660589450,https://walmart.com/ip/45733688
71660589451,https://walmart.com/ip/45736657
71660589453,https://walmart.com/ip/45736658
71660589454,https://walmart.com/ip/45736655
71660589455,https://walmart.com/ip/45736654
71660589456,https://walmart.com/ip/45736653
71660589457,https://walmart.com/ip/45736656
71660589458,https://walmart.com/ip/45736652
71660589523,https://walmart.com/ip/47147108
71660589524,https://walmart.com/ip/47147114
71660589527,https://walmart.com/ip/962891319
71660589546,https://walmart.com/ip/47147124
71660589547,https://walmart.com/ip/47147121
71660589551,https://walmart.com/ip/47147138
71660589554,https://walmart.com/ip/47147129
71660589556,https://walmart.com/ip/47147133
71660589642,https://walmart.com/ip/214066326
71660589784,https://walmart.com/ip/427274393
71660589811,https://walmart.com/ip/630642381
71660589966,https://walmart.com/ip/733163932
71660590252,https://walmart.com/ip/556631223
71660590253,https://walmart.com/ip/207408940
71660590254,https://walmart.com/ip/107291971
71660590261,https://walmart.com/ip/797712371
71660590525,https://walmart.com/ip/54258252
71660590526,https://walmart.com/ip/54258260
71660590527,https://walmart.com/ip/54258262
71660590528,https://walmart.com/ip/54258254
71660590529,https://walmart.com/ip/54258253
71660590530,https://walmart.com/ip/54258258
71660590531,https://walmart.com/ip/54258229
71660590535,https://walmart.com/ip/54258250
71660590537,https://walmart.com/ip/54258251
71660590538,https://walmart.com/ip/54258235
71660590539,https://walmart.com/ip/54258234
71660590540,https://walmart.com/ip/54258244
71660590541,https://walmart.com/ip/54258264
71660590551,https://walmart.com/ip/54258272
71660590552,https://walmart.com/ip/54258273
71660590565,https://walmart.com/ip/54258267
71660590566,https://walmart.com/ip/54258266
71660590567,https://walmart.com/ip/54258269
71660590593,https://walmart.com/ip/54258274
71660590594,https://walmart.com/ip/54258281
71660590595,https://walmart.com/ip/54258283
71660590596,https://walmart.com/ip/54258277
71660590597,https://walmart.com/ip/54258275
71660590612,https://walmart.com/ip/787500591
71660590613,https://walmart.com/ip/606684994
71660590614,https://walmart.com/ip/339337004
71660590615,https://walmart.com/ip/459480989
71660590616,https://walmart.com/ip/54258279
71660590617,https://walmart.com/ip/54258013
71660590618,https://walmart.com/ip/54258029
71660591515,https://walmart.com/ip/399147450
71660591626,https://walmart.com/ip/417183382
71660591627,https://walmart.com/ip/145273479
71660591628,https://walmart.com/ip/473792095
71660591629,https://walmart.com/ip/713230237
71660591630,https://walmart.com/ip/392696357
71660591631,https://walmart.com/ip/311998657
71660591641,https://walmart.com/ip/502801995
71660591642,https://walmart.com/ip/334418352
71660591891,https://walmart.com/ip/2948
71660591892,https://walmart.com/ip/2949
71660591893,https://walmart.com/ip/2950
71660591894,https://walmart.com/ip/2951
71660591895,https://walmart.com/ip/2952
71660591914,https://walmart.com/ip/113658651
71660591915,https://walmart.com/ip/337233073
71660591916,https://walmart.com/ip/418913092
71660591917,https://walmart.com/ip/904212209
71660591919,https://walmart.com/ip/409926295
71660592010,https://walmart.com/ip/17492480
71660592011,https://walmart.com/ip/17492481
71660592012,https://walmart.com/ip/17492482
71660592183,https://walmart.com/ip/123841337
71660592269,https://walmart.com/ip/17492551
71660592270,https://walmart.com/ip/17492552
71660592360,https://walmart.com/ip/17200972
71660592361,https://walmart.com/ip/17200975
71660592377,https://walmart.com/ip/17200980
71660592427,https://walmart.com/ip/566424303
71660592496,https://walmart.com/ip/702327726
71660592497,https://walmart.com/ip/665857796
71660592500,https://walmart.com/ip/328531329
71660592501,https://walmart.com/ip/867034600
71660592555,https://walmart.com/ip/129915141
71660592556,https://walmart.com/ip/572836603
71660592557,https://walmart.com/ip/656346765
71660592558,https://walmart.com/ip/168453736
71660592559,https://walmart.com/ip/120189696
71660592575,https://walmart.com/ip/17200973
71660592665,https://walmart.com/ip/2409
71660592692,https://walmart.com/ip/559320980
71660592694,https://walmart.com/ip/106433911
71660592701,https://walmart.com/ip/426620386
71660592782,https://walmart.com/ip/947723448
71660592783,https://walmart.com/ip/165022899
71660592784,https://walmart.com/ip/961910698
71660592952,https://walmart.com/ip/145751740
71660592985,https://walmart.com/ip/299405356
71660593003,https://walmart.com/ip/542468317
71660593226,https://walmart.com/ip/17492492
71660593228,https://walmart.com/ip/17492489
71660593329,https://walmart.com/ip/442534582
71660593653,https://walmart.com/ip/994970069
71660593654,https://walmart.com/ip/359300135
71660593655,https://walmart.com/ip/869164476
71660593656,https://walmart.com/ip/493702165
71660593657,https://walmart.com/ip/444641042
71660593658,https://walmart.com/ip/689923754
71660593659,https://walmart.com/ip/891002590
71660593660,https://walmart.com/ip/220624956
71660593661,https://walmart.com/ip/396700032
71660593662,https://walmart.com/ip/643827626
71660593663,https://walmart.com/ip/890628390
71660593664,https://walmart.com/ip/156936849
71660593665,https://walmart.com/ip/897385552
71660593666,https://walmart.com/ip/865075675
71660593756,https://walmart.com/ip/427837223
71660593757,https://walmart.com/ip/348719779
71660593758,https://walmart.com/ip/934745940
71660593759,https://walmart.com/ip/819513250
71660593760,https://walmart.com/ip/829007801
71660593761,https://walmart.com/ip/355412729
71660593762,https://walmart.com/ip/112235361
71660593775,https://walmart.com/ip/416865152
71660593955,https://walmart.com/ip/322456680
71660594011,https://walmart.com/ip/565429254
71660594012,https://walmart.com/ip/205671496
71660594013,https://walmart.com/ip/316385188
71660594072,https://walmart.com/ip/291932363
71660594073,https://walmart.com/ip/285267191
71660594293,https://walmart.com/ip/476222156
71660594294,https://walmart.com/ip/238729548
71660594295,https://walmart.com/ip/880146560
71660594296,https://walmart.com/ip/715859960
71660594305,https://walmart.com/ip/643497055
71660594306,https://walmart.com/ip/585828349
71660594307,https://walmart.com/ip/440031044
71660594308,https://walmart.com/ip/911697809
71660594309,https://walmart.com/ip/598167136
71660594310,https://walmart.com/ip/671800201
71660594311,https://walmart.com/ip/286106399
71660594312,https://walmart.com/ip/998987190
71660594313,https://walmart.com/ip/951892821
71660594314,https://walmart.com/ip/223317424
71660594315,https://walmart.com/ip/127175665
71660594316,https://walmart.com/ip/561471864
71660594317,https://walmart.com/ip/362050516
71660594318,https://walmart.com/ip/971748399
71660594319,https://walmart.com/ip/865979459
71660594320,https://walmart.com/ip/169612269
71660594337,https://walmart.com/ip/811847734
71660594378,https://walmart.com/ip/108122408
71660594379,https://walmart.com/ip/837072452
71660594380,https://walmart.com/ip/259017373
71660594381,https://walmart.com/ip/943654407
71660594382,https://walmart.com/ip/818688267
71660594383,https://walmart.com/ip/195001795
71660594384,https://walmart.com/ip/462085344
71660594402,https://walmart.com/ip/604517828
71660594403,https://walmart.com/ip/680474845
71660594443,https://walmart.com/ip/705964087
71660594444,https://walmart.com/ip/760891443
71660594445,https://walmart.com/ip/138628248
71660594446,https://walmart.com/ip/576719183
71660594455,https://walmart.com/ip/657612345
71660594456,https://walmart.com/ip/876711524
71660594457,https://walmart.com/ip/133519615
71660594458,https://walmart.com/ip/942152905
71660594459,https://walmart.com/ip/632002717
71660594460,https://walmart.com/ip/733790642
71660594461,https://walmart.com/ip/116655048
71660594462,https://walmart.com/ip/818633477
71660594471,https://walmart.com/ip/747334345
71660594472,https://walmart.com/ip/130717945
71660594473,https://walmart.com/ip/140980431
71660594474,https://walmart.com/ip/265310981
71660594475,https://walmart.com/ip/765831299
71660594476,https://walmart.com/ip/104771279
71660594481,https://walmart.com/ip/276833308
71660594492,https://walmart.com/ip/280418042
71660594493,https://walmart.com/ip/602967059
71660594501,https://walmart.com/ip/506473116
71660594502,https://walmart.com/ip/541147794
71660594503,https://walmart.com/ip/992466752
71660594504,https://walmart.com/ip/546641176
71660594505,https://walmart.com/ip/709023251
71660594634,https://walmart.com/ip/17492486
71660594635,https://walmart.com/ip/17492487
71660594637,https://walmart.com/ip/249282054
71660594638,https://walmart.com/ip/421218416
71660594639,https://walmart.com/ip/376766953
71660594677,https://walmart.com/ip/512165559
71660594881,https://walmart.com/ip/594247974
71660594882,https://walmart.com/ip/597881858
71660594883,https://walmart.com/ip/548321517
71660594889,https://walmart.com/ip/47147123
71660594892,https://walmart.com/ip/47147115
71660594893,https://walmart.com/ip/47147117
71660594894,https://walmart.com/ip/47147106
71660594895,https://walmart.com/ip/47147111
71660594896,https://walmart.com/ip/47147103
71660594898,https://walmart.com/ip/916774123
71660594899,https://walmart.com/ip/984903643
71660594903,https://walmart.com/ip/47147229
71660594906,https://walmart.com/ip/47147226
71660594907,https://walmart.com/ip/47147232
71660594911,https://walmart.com/ip/47147230
71660594912,https://walmart.com/ip/47147231
71660594913,https://walmart.com/ip/47147228
71660594923,https://walmart.com/ip/47147227
71660594925,https://walmart.com/ip/47147109
71660594952,https://walmart.com/ip/47147105
71660594953,https://walmart.com/ip/47147104
71660594954,https://walmart.com/ip/47147112
71660594958,https://walmart.com/ip/47147118
71660594959,https://walmart.com/ip/47147116
71660594960,https://walmart.com/ip/47147120
71660594964,https://walmart.com/ip/47147162
71660594965,https://walmart.com/ip/47147146
71660594966,https://walmart.com/ip/47147135
71660594967,https://walmart.com/ip/47147160
71660594968,https://walmart.com/ip/47147155
71660594969,https://walmart.com/ip/47147142
71660594970,https://walmart.com/ip/47147148
71660594971,https://walmart.com/ip/47147172
71660594984,https://walmart.com/ip/46045603
71660594985,https://walmart.com/ip/46045607
71660595011,https://walmart.com/ip/46045610
71660595012,https://walmart.com/ip/46045619
71660595013,https://walmart.com/ip/46045620
71660595014,https://walmart.com/ip/46045621
71660595015,https://walmart.com/ip/46045622
71660595017,https://walmart.com/ip/46045633
71660595018,https://walmart.com/ip/46045634
71660595019,https://walmart.com/ip/46045636
71660595020,https://walmart.com/ip/46045638
71660595021,https://walmart.com/ip/46045642
71660595022,https://walmart.com/ip/46045644
71660595028,https://walmart.com/ip/46045646
71660595032,https://walmart.com/ip/46045658
71660595033,https://walmart.com/ip/46045660
71660595042,https://walmart.com/ip/46045662
71660595043,https://walmart.com/ip/46045664
71660595044,https://walmart.com/ip/46045666
71660595045,https://walmart.com/ip/46045668
71660595055,https://walmart.com/ip/46045670
71660595056,https://walmart.com/ip/56248206
71660595057,https://walmart.com/ip/56248207
71660595058,https://walmart.com/ip/56248204
71660595059,https://walmart.com/ip/56248203
71660595060,https://walmart.com/ip/56248202
71660595063,https://walmart.com/ip/56248205
71660595064,https://walmart.com/ip/56248201
71660595065,https://walmart.com/ip/56248213
71660595066,https://walmart.com/ip/56248214
71660595067,https://walmart.com/ip/56248211
71660595068,https://walmart.com/ip/56248210
71660595069,https://walmart.com/ip/56248209
71660595070,https://walmart.com/ip/56248212
71660595074,https://walmart.com/ip/56248208
71660595093,https://walmart.com/ip/46042783
71660595108,https://walmart.com/ip/46042786
71660595109,https://walmart.com/ip/46090839
71660595110,https://walmart.com/ip/46042790
71660595111,https://walmart.com/ip/46042793
71660595112,https://walmart.com/ip/46042795
71660595113,https://walmart.com/ip/46090840
71660595114,https://walmart.com/ip/46042796
71660595115,https://walmart.com/ip/46042798
71660595116,https://walmart.com/ip/46042799
71660595117,https://walmart.com/ip/46042801
71660595118,https://walmart.com/ip/46042802
71660595119,https://walmart.com/ip/46042803
71660595120,https://walmart.com/ip/46042804
71660595121,https://walmart.com/ip/56248192
71660595122,https://walmart.com/ip/56248193
71660595123,https://walmart.com/ip/56248190
71660595124,https://walmart.com/ip/56248189
71660595125,https://walmart.com/ip/56248188
71660595126,https://walmart.com/ip/56248191
71660595127,https://walmart.com/ip/56248187
71660595128,https://walmart.com/ip/56248199
71660595129,https://walmart.com/ip/56248200
71660595130,https://walmart.com/ip/56248197
71660595131,https://walmart.com/ip/56248196
71660595132,https://walmart.com/ip/56248195
71660595133,https://walmart.com/ip/56248198
71660595134,https://walmart.com/ip/56248194
71660595164,https://walmart.com/ip/861357235
71660595165,https://walmart.com/ip/987088071
71660595307,https://walmart.com/ip/431227550
71660595343,https://walmart.com/ip/647404773
71660595344,https://walmart.com/ip/947009311
71660595345,https://walmart.com/ip/337310877
71660595346,https://walmart.com/ip/228383928
71660595347,https://walmart.com/ip/441475726
71660595348,https://walmart.com/ip/656870083
71660595349,https://walmart.com/ip/162475516
71660595350,https://walmart.com/ip/919698652
71660595448,https://walmart.com/ip/819369676
71660595449,https://walmart.com/ip/713483622
71660595450,https://walmart.com/ip/110962892
71660595451,https://walmart.com/ip/323552850
71660595452,https://walmart.com/ip/804211071
71660595453,https://walmart.com/ip/349717752
71660595708,https://walmart.com/ip/46042864
71660595723,https://walmart.com/ip/46045492
71660595725,https://walmart.com/ip/46045491
71660595726,https://walmart.com/ip/46042866
71660595727,https://walmart.com/ip/46042862
71660595730,https://walmart.com/ip/46042847
71660595741,https://walmart.com/ip/46045490
71660595742,https://walmart.com/ip/46042845
71660595743,https://walmart.com/ip/46042849
71660595744,https://walmart.com/ip/46042842
71660595753,https://walmart.com/ip/46045673
71660595754,https://walmart.com/ip/46045672
71660595755,https://walmart.com/ip/46045671
71660595756,https://walmart.com/ip/46045674
71660595759,https://walmart.com/ip/46045669
71660595762,https://walmart.com/ip/46045628
71660595773,https://walmart.com/ip/46045626
71660595774,https://walmart.com/ip/46045624
71660595775,https://walmart.com/ip/46045635
71660596259,https://walmart.com/ip/986387866
71660596260,https://walmart.com/ip/561569571
71660596280,https://walmart.com/ip/766459324
71660596282,https://walmart.com/ip/863417415
71660596293,https://walmart.com/ip/353289539
71660596294,https://walmart.com/ip/972888905
71660596299,https://walmart.com/ip/274333034
71660596333,https://walmart.com/ip/607587649
71660596995,https://walmart.com/ip/209917616
71660597020,https://walmart.com/ip/344103283
71660597298,https://walmart.com/ip/953971720
71660597495,https://walmart.com/ip/47147150
71660597510,https://walmart.com/ip/56262280
71660597511,https://walmart.com/ip/47147141
71660597512,https://walmart.com/ip/47147130
71660597513,https://walmart.com/ip/47147145
71660597514,https://walmart.com/ip/47147157
71660597516,https://walmart.com/ip/47147137
71660597525,https://walmart.com/ip/47147113
71660597530,https://walmart.com/ip/56262279
71660597531,https://walmart.com/ip/47147122
71660597532,https://walmart.com/ip/47147107
71660597533,https://walmart.com/ip/47147119
71660597534,https://walmart.com/ip/47147110
71660597535,https://walmart.com/ip/47147126
71660597582,https://walmart.com/ip/54262167
71660597766,https://walmart.com/ip/763305107
71660597767,https://walmart.com/ip/447588316
71660597768,https://walmart.com/ip/651811800
71660597769,https://walmart.com/ip/342800834
71660597770,https://walmart.com/ip/865846574
71660597771,https://walmart.com/ip/335705051
71660597874,https://walmart.com/ip/45004750
71660597883,https://walmart.com/ip/45004758
71660597884,https://walmart.com/ip/45004769
71660597885,https://walmart.com/ip/45009430
71660597886,https://walmart.com/ip/45004751
71660597887,https://walmart.com/ip/45009429
71660597888,https://walmart.com/ip/45004752
71660597889,https://walmart.com/ip/45004772
71660597890,https://walmart.com/ip/45009432
71660597891,https://walmart.com/ip/413465585
71660597907,https://walmart.com/ip/45004782
71660597908,https://walmart.com/ip/45009431
71660597909,https://walmart.com/ip/45004776
71660597910,https://walmart.com/ip/45004774
71660597911,https://walmart.com/ip/45004780
71660597912,https://walmart.com/ip/45004730
71660597923,https://walmart.com/ip/45009435
71660597924,https://walmart.com/ip/45009436
71660597972,https://walmart.com/ip/45004736
71660597973,https://walmart.com/ip/45009434
71660597974,https://walmart.com/ip/45009433
71660597975,https://walmart.com/ip/45004737
71660597976,https://walmart.com/ip/45004739
71660597977,https://walmart.com/ip/45004746
71660597978,https://walmart.com/ip/45004748
71660597979,https://walmart.com/ip/45009437
71660598027,https://walmart.com/ip/154805108
71660598052,https://walmart.com/ip/45004744
71660598053,https://walmart.com/ip/45004741
71660598054,https://walmart.com/ip/45004745
71660598176,https://walmart.com/ip/342342962
71660598177,https://walmart.com/ip/695318943
71660598182,https://walmart.com/ip/659776574
71660598200,https://walmart.com/ip/884713750
71660598201,https://walmart.com/ip/616812128
71660598202,https://walmart.com/ip/579634796
71660598203,https://walmart.com/ip/593983034
71660598204,https://walmart.com/ip/526009719
71660598205,https://walmart.com/ip/983980519
71660598206,https://walmart.com/ip/780863391
71660598211,https://walmart.com/ip/493271613
71660598231,https://walmart.com/ip/349788697
71660598377,https://walmart.com/ip/597752297
71660598563,https://walmart.com/ip/466013487
71660598575,https://walmart.com/ip/388015892
71660598576,https://walmart.com/ip/541599386
71660598582,https://walmart.com/ip/55482520
71660598673,https://walmart.com/ip/655351171
71660598675,https://walmart.com/ip/505700602
71660598676,https://walmart.com/ip/283422242
71660598677,https://walmart.com/ip/327416411
71660598833,https://walmart.com/ip/254905604
71660598834,https://walmart.com/ip/143285103
71660598836,https://walmart.com/ip/133506531
71660598908,https://walmart.com/ip/199335745
71660598942,https://walmart.com/ip/55482522
71660599149,https://walmart.com/ip/989531663
71660599150,https://walmart.com/ip/850999762
71660599273,https://walmart.com/ip/934489135
71660599274,https://walmart.com/ip/179974327
71660599350,https://walmart.com/ip/448790692
71660599458,https://walmart.com/ip/45004692
71660599459,https://walmart.com/ip/45009424
71660599467,https://walmart.com/ip/45004695
71660599468,https://walmart.com/ip/45009422
71660599469,https://walmart.com/ip/45004694
71660599478,https://walmart.com/ip/55482524
71660599479,https://walmart.com/ip/55482525
71660599485,https://walmart.com/ip/45004693
71660599486,https://walmart.com/ip/45009423
71660599487,https://walmart.com/ip/45004671
71660599488,https://walmart.com/ip/45004679
71660599499,https://walmart.com/ip/45004680
71660599500,https://walmart.com/ip/45009408
71660599501,https://walmart.com/ip/45004676
71660599502,https://walmart.com/ip/45004674
71660599503,https://walmart.com/ip/45004678
71660599504,https://walmart.com/ip/45004731
71660599505,https://walmart.com/ip/45004735
71660599506,https://walmart.com/ip/45004723
71660599507,https://walmart.com/ip/45004720
71660599524,https://walmart.com/ip/45004715
71660599525,https://walmart.com/ip/45004726
71660599526,https://walmart.com/ip/45004707
71660599527,https://walmart.com/ip/45004690
71660599528,https://walmart.com/ip/45004691
71660599529,https://walmart.com/ip/45009407
71660599530,https://walmart.com/ip/45004686
71660599531,https://walmart.com/ip/45004684
71660599532,https://walmart.com/ip/45004688
71660599543,https://walmart.com/ip/45004682
71660599627,https://walmart.com/ip/188590639
71660599628,https://walmart.com/ip/155988247
71660599680,https://walmart.com/ip/587816311
71660599757,https://walmart.com/ip/315992763
71660599823,https://walmart.com/ip/167748465
71660599836,https://walmart.com/ip/539076999
72484100001,https://walmart.com/ip/54262176
72484100002,https://walmart.com/ip/54262173
72484100003,https://walmart.com/ip/54262172
72484100004,https://walmart.com/ip/54262174
72484100005,https://walmart.com/ip/54262177
72484100006,https://walmart.com/ip/54262181
72484100007,https://walmart.com/ip/54262182
72484100008,https://walmart.com/ip/54262179
72484100009,https://walmart.com/ip/54262178
72484100010,https://walmart.com/ip/54262180
72484100011,https://walmart.com/ip/54262183
72484100012,https://walmart.com/ip/54262187
72484100013,https://walmart.com/ip/54262188
72484100014,https://walmart.com/ip/54262185
72484100015,https://walmart.com/ip/54262184
72484100016,https://walmart.com/ip/54262186
72484100023,https://walmart.com/ip/54262157
72484100026,https://walmart.com/ip/54262159
72484100027,https://walmart.com/ip/54262158
72484100028,https://walmart.com/ip/54262160
72484100029,https://walmart.com/ip/54262161
72484100032,https://walmart.com/ip/54262163
72484100033,https://walmart.com/ip/54262162
72484100034,https://walmart.com/ip/54262164
72484100356,https://walmart.com/ip/768914238
72484100357,https://walmart.com/ip/983397126
72484100358,https://walmart.com/ip/417677815
72484100359,https://walmart.com/ip/725148911
72484100360,https://walmart.com/ip/612007211
72484100361,https://walmart.com/ip/528572254
72484100362,https://walmart.com/ip/664684908
72484100364,https://walmart.com/ip/736003194
72484100365,https://walmart.com/ip/671914969
72484100369,https://walmart.com/ip/573572583
72484100370,https://walmart.com/ip/928813382
72484100375,https://walmart.com/ip/165594041
72484100752,https://walmart.com/ip/467764642
72484100753,https://walmart.com/ip/458567501
72484100754,https://walmart.com/ip/680727568
72484100755,https://walmart.com/ip/295623675
72484100756,https://walmart.com/ip/447600481
72484100757,https://walmart.com/ip/896555759
72484100758,https://walmart.com/ip/362698718
72484100759,https://walmart.com/ip/327042845
72484100891,https://walmart.com/ip/547923464
72484100898,https://walmart.com/ip/355634527
72484100913,https://walmart.com/ip/863478771
72484100915,https://walmart.com/ip/584157210
72484100916,https://walmart.com/ip/748551761
72484100917,https://walmart.com/ip/904061698
72484100918,https://walmart.com/ip/971175256
72484100922,https://walmart.com/ip/239696081
72484100925,https://walmart.com/ip/414046208
72484100926,https://walmart.com/ip/814091378
72484100965,https://walmart.com/ip/381377196
72484100968,https://walmart.com/ip/371499527
72484100969,https://walmart.com/ip/223490067
72484100970,https://walmart.com/ip/355524605
72484100980,https://walmart.com/ip/800377167
72484100982,https://walmart.com/ip/313470561
72484101798,https://walmart.com/ip/163960873
72484101800,https://walmart.com/ip/986185858
72484101803,https://walmart.com/ip/606185544
72484101805,https://walmart.com/ip/186591368
72484101806,https://walmart.com/ip/981837076
72484101810,https://walmart.com/ip/155533527
72484102268,https://walmart.com/ip/267828307
72484102276,https://walmart.com/ip/920569406
72484102277,https://walmart.com/ip/750668586
72484102280,https://walmart.com/ip/560950194
72484102281,https://walmart.com/ip/632399409
72484102282,https://walmart.com/ip/236859167
72484102283,https://walmart.com/ip/382986058
72484102290,https://walmart.com/ip/597402136
72484102291,https://walmart.com/ip/809410589
72484102292,https://walmart.com/ip/850540577
72484102293,https://walmart.com/ip/859198475
72484102300,https://walmart.com/ip/381322416
72484102301,https://walmart.com/ip/566215397
72484102302,https://walmart.com/ip/968176048
72484102574,https://walmart.com/ip/452802486
72484103099,https://walmart.com/ip/732441393
72484103113,https://walmart.com/ip/203030345
72484103115,https://walmart.com/ip/164725983
72484103155,https://walmart.com/ip/826958008
72484103157,https://walmart.com/ip/184508169
72484103159,https://walmart.com/ip/217886356
72484103160,https://walmart.com/ip/949169944
72484103161,https://walmart.com/ip/788942641
72484103176,https://walmart.com/ip/838544872
72484103346,https://walmart.com/ip/968581430
72484103349,https://walmart.com/ip/624104578
72484103351,https://walmart.com/ip/270541627
72484103352,https://walmart.com/ip/567409760
72484103353,https://walmart.com/ip/668548927
72484103354,https://walmart.com/ip/251525214
72484103355,https://walmart.com/ip/146172762
72484103356,https://walmart.com/ip/988699740
72484103357,https://walmart.com/ip/248849549
72484103358,https://walmart.com/ip/375114951
72484103361,https://walmart.com/ip/381464484
72484103363,https://walmart.com/ip/125862085
72484103364,https://walmart.com/ip/834382417
72484103365,https://walmart.com/ip/997499893
72484103366,https://walmart.com/ip/208495397
72484103367,https://walmart.com/ip/198145213
72484103368,https://walmart.com/ip/584525803
72484103369,https://walmart.com/ip/869895652
72484103370,https://walmart.com/ip/273833348
72484103372,https://walmart.com/ip/284609703
72484103374,https://walmart.com/ip/659529827
72484103375,https://walmart.com/ip/484871221
72484103376,https://walmart.com/ip/320072323
72484103377,https://walmart.com/ip/977649454
72484103378,https://walmart.com/ip/379488191
72484103379,https://walmart.com/ip/231714208
72484103384,https://walmart.com/ip/426215591
72484103385,https://walmart.com/ip/401157899
72484103388,https://walmart.com/ip/438613705
72484103389,https://walmart.com/ip/908381907
72484103392,https://walmart.com/ip/812397691
72484103393,https://walmart.com/ip/231711758
72484103394,https://walmart.com/ip/244870528
72484103395,https://walmart.com/ip/640227466
72484103396,https://walmart.com/ip/632737880
72484103398,https://walmart.com/ip/461371176
72484103399,https://walmart.com/ip/189852126
72484103400,https://walmart.com/ip/866652684
72484103401,https://walmart.com/ip/644613506
72484103455,https://walmart.com/ip/121416020
72484103456,https://walmart.com/ip/877092243
72484103662,https://walmart.com/ip/592013758
72484104359,https://walmart.com/ip/984040322
72484104448,https://walmart.com/ip/852437485
72484104648,https://walmart.com/ip/960060838
72484104661,https://walmart.com/ip/478324052
72484104709,https://walmart.com/ip/286585504
72484104710,https://walmart.com/ip/248887211
72484104713,https://walmart.com/ip/570816529
72484104829,https://walmart.com/ip/354790209
72484105042,https://walmart.com/ip/155587079
72484105135,https://walmart.com/ip/709736672
72484105136,https://walmart.com/ip/940614736
72484105137,https://walmart.com/ip/406346163
72484105185,https://walmart.com/ip/792692835
72484105187,https://walmart.com/ip/917691220
72484105188,https://walmart.com/ip/530316224
72484105192,https://walmart.com/ip/717384985
72484105218,https://walmart.com/ip/841653395
72484105219,https://walmart.com/ip/598082283
72484105221,https://walmart.com/ip/323641853
72484105231,https://walmart.com/ip/528679485
72484106191,https://walmart.com/ip/51986570
72484106192,https://walmart.com/ip/51986552
72484106195,https://walmart.com/ip/51986661
72484106196,https://walmart.com/ip/51986664
72484106203,https://walmart.com/ip/51986637
72484106204,https://walmart.com/ip/51986633
72484106205,https://walmart.com/ip/51986629
72484106207,https://walmart.com/ip/51986660
72484106208,https://walmart.com/ip/51986625
72484106425,https://walmart.com/ip/250327542
72484106426,https://walmart.com/ip/823024731
72484106427,https://walmart.com/ip/404318836
72484106428,https://walmart.com/ip/385236226
72484106434,https://walmart.com/ip/916551310
72484106994,https://walmart.com/ip/827224808
72484107454,https://walmart.com/ip/419224068
72484107455,https://walmart.com/ip/906854772
72484107456,https://walmart.com/ip/899661568
72484107457,https://walmart.com/ip/425500355
72484109395,https://walmart.com/ip/51986600
72484109622,https://walmart.com/ip/51986505
72484109710,https://walmart.com/ip/205869807
72484110770,https://walmart.com/ip/608296773
72484111226,https://walmart.com/ip/51986560
72484111232,https://walmart.com/ip/51986554
72484111233,https://walmart.com/ip/51986568
72484111234,https://walmart.com/ip/51986544
72484111235,https://walmart.com/ip/51986508
72484111236,https://walmart.com/ip/51986510
72484111237,https://walmart.com/ip/51986507
72484111238,https://walmart.com/ip/51986497
72484111240,https://walmart.com/ip/51986533
72484111242,https://walmart.com/ip/51986537
72484111248,https://walmart.com/ip/51986521
72484111249,https://walmart.com/ip/51986517
72484111250,https://walmart.com/ip/51986515
72484111251,https://walmart.com/ip/51986527
72484111252,https://walmart.com/ip/51986512
72484111269,https://walmart.com/ip/51986488
72484111270,https://walmart.com/ip/51986490
72484111271,https://walmart.com/ip/51986485
72484111272,https://walmart.com/ip/51986484
72484111274,https://walmart.com/ip/51986483
72484111275,https://walmart.com/ip/51986486
72484111276,https://walmart.com/ip/51986482
72484111277,https://walmart.com/ip/51986504
72484111278,https://walmart.com/ip/51986506
72484111281,https://walmart.com/ip/51986499
72484111282,https://walmart.com/ip/51986496
72484111288,https://walmart.com/ip/51986494
72484111291,https://walmart.com/ip/51986502
72484111292,https://walmart.com/ip/51986492
72484111301,https://walmart.com/ip/51986689
72484111302,https://walmart.com/ip/51986691
72484111304,https://walmart.com/ip/51986684
72484111305,https://walmart.com/ip/51986679
72484111306,https://walmart.com/ip/51986676
72484111307,https://walmart.com/ip/51986686
72484111308,https://walmart.com/ip/51986674
72484111309,https://walmart.com/ip/51986698
72484111310,https://walmart.com/ip/51986700
72484111311,https://walmart.com/ip/51986695
72484111312,https://walmart.com/ip/51986693
72484111314,https://walmart.com/ip/51986685
72484111315,https://walmart.com/ip/51986697
72484111316,https://walmart.com/ip/51986682
72484111321,https://walmart.com/ip/51986549
72484111322,https://walmart.com/ip/51986553
72484111338,https://walmart.com/ip/51986503
72484111342,https://walmart.com/ip/51986501
72484111348,https://walmart.com/ip/51986530
72484111391,https://walmart.com/ip/51986526
72484111392,https://walmart.com/ip/51986540
72484111401,https://walmart.com/ip/51986519
72484111543,https://walmart.com/ip/51986656
72484111544,https://walmart.com/ip/51986653
72484111545,https://walmart.com/ip/51986650
72484111546,https://walmart.com/ip/51986659
72484111547,https://walmart.com/ip/51986648
72484111550,https://walmart.com/ip/51986574
72484111552,https://walmart.com/ip/51986576
72484111562,https://walmart.com/ip/51986564
72484111563,https://walmart.com/ip/51986561
72484111564,https://walmart.com/ip/51986557
72484111644,https://walmart.com/ip/51986603
72484111655,https://walmart.com/ip/51986593
72484111656,https://walmart.com/ip/51986588
72484111657,https://walmart.com/ip/51986583
72484111786,https://walmart.com/ip/51986597
72484111787,https://walmart.com/ip/51986567
72484111877,https://walmart.com/ip/51986666
72484111878,https://walmart.com/ip/51986669
72484112418,https://walmart.com/ip/51986607
72484112424,https://walmart.com/ip/51986610
72484112427,https://walmart.com/ip/51986594
72484112428,https://walmart.com/ip/51986589
72484112434,https://walmart.com/ip/51986584
72484112437,https://walmart.com/ip/51986604
72484112438,https://walmart.com/ip/51986579
72484112444,https://walmart.com/ip/51986573
72484112718,https://walmart.com/ip/51986563
72484113051,https://walmart.com/ip/51986577
72484113155,https://walmart.com/ip/11081658
72484113157,https://walmart.com/ip/11081655
72484113173,https://walmart.com/ip/11081393
72484113174,https://walmart.com/ip/11081390
72484113176,https://walmart.com/ip/11081394
72484113207,https://walmart.com/ip/11081415
72484113356,https://walmart.com/ip/51986615
72484113357,https://walmart.com/ip/51986618
72484113358,https://walmart.com/ip/51986613
72484113359,https://walmart.com/ip/51986612
72484113360,https://walmart.com/ip/51986614
72484113361,https://walmart.com/ip/51986606
72484113362,https://walmart.com/ip/51986592
72484113363,https://walmart.com/ip/51986587
72484113367,https://walmart.com/ip/51986609
72484113379,https://walmart.com/ip/51986581
72484113496,https://walmart.com/ip/51986692
72484113498,https://walmart.com/ip/51986694
72484113509,https://walmart.com/ip/51986683
72484113510,https://walmart.com/ip/51986680
72484113515,https://walmart.com/ip/51986677
72484113537,https://walmart.com/ip/51986534
72484113538,https://walmart.com/ip/51986699
72484113539,https://walmart.com/ip/51986701
72484113562,https://walmart.com/ip/51986690
72484113655,https://walmart.com/ip/51986654
72484113661,https://walmart.com/ip/51986657
72484113689,https://walmart.com/ip/51986647
72484113695,https://walmart.com/ip/51986643
72484113698,https://walmart.com/ip/51986640
72484113699,https://walmart.com/ip/51986651
72484113705,https://walmart.com/ip/51986636
72484113707,https://walmart.com/ip/51988961
72484113708,https://walmart.com/ip/51988962
72484113725,https://walmart.com/ip/51988959
72484113726,https://walmart.com/ip/51988958
72484113727,https://walmart.com/ip/51988957
72484113728,https://walmart.com/ip/51988960
72484113729,https://walmart.com/ip/51988956
72484113733,https://walmart.com/ip/51986599
72484113735,https://walmart.com/ip/51986602
72484113743,https://walmart.com/ip/51986591
72484113745,https://walmart.com/ip/51986586
72484113822,https://walmart.com/ip/11081377
72484113823,https://walmart.com/ip/11081373
72484113825,https://walmart.com/ip/11081378
72484113826,https://walmart.com/ip/11081375
72484113827,https://walmart.com/ip/11081376
72484113828,https://walmart.com/ip/11081381
72484113833,https://walmart.com/ip/11081380
72484113869,https://walmart.com/ip/51986489
72484113876,https://walmart.com/ip/51986688
72484113990,https://walmart.com/ip/51986687
72484113991,https://walmart.com/ip/51986681
72484113994,https://walmart.com/ip/51986696
72484113996,https://walmart.com/ip/51986678
72484115731,https://walmart.com/ip/51986582
72484115734,https://walmart.com/ip/51986596
72484115735,https://walmart.com/ip/51986569
72484115784,https://walmart.com/ip/51986444
72484115785,https://walmart.com/ip/51986446
72484115791,https://walmart.com/ip/51986440
72484115794,https://walmart.com/ip/51986439
72484115795,https://walmart.com/ip/51986437
72484115801,https://walmart.com/ip/51986442
72484115811,https://walmart.com/ip/51986436
72484115824,https://walmart.com/ip/51986619
72484115825,https://walmart.com/ip/51986620
72484115834,https://walmart.com/ip/51986495
72484115835,https://walmart.com/ip/51986487
72484115936,https://walmart.com/ip/51986542
72484115937,https://walmart.com/ip/51986547
72484115943,https://walmart.com/ip/51986528
72484115946,https://walmart.com/ip/51986522
72484115947,https://walmart.com/ip/51986518
72484115953,https://walmart.com/ip/51986536
72484115956,https://walmart.com/ip/51986514
72484116044,https://walmart.com/ip/51986498
72484116045,https://walmart.com/ip/51986500
72484116046,https://walmart.com/ip/51986493
72484116047,https://walmart.com/ip/51986491
72484116166,https://walmart.com/ip/51986617
72484116167,https://walmart.com/ip/51986616
72484118509,https://walmart.com/ip/111308060
72484118510,https://walmart.com/ip/988348140
72484118515,https://walmart.com/ip/656527288
72484118549,https://walmart.com/ip/898837236
72484118572,https://walmart.com/ip/726241930
72484118602,https://walmart.com/ip/477378720
72484118603,https://walmart.com/ip/239350093
72484118604,https://walmart.com/ip/681103543
72484118605,https://walmart.com/ip/568718577
72484118606,https://walmart.com/ip/505448285
72484118623,https://walmart.com/ip/992312470
72484118624,https://walmart.com/ip/253060722
72484118863,https://walmart.com/ip/648471913
72484118864,https://walmart.com/ip/674586591
72484118865,https://walmart.com/ip/579031400
72484118866,https://walmart.com/ip/124830376
72484118867,https://walmart.com/ip/988943674
72484118868,https://walmart.com/ip/558935925
72484118870,https://walmart.com/ip/362958365
72484118893,https://walmart.com/ip/893758302
72484118894,https://walmart.com/ip/323900694
72484119054,https://walmart.com/ip/51986675
72484119084,https://walmart.com/ip/51986434
72484119085,https://walmart.com/ip/51986435
72484119108,https://walmart.com/ip/51986432
72484119109,https://walmart.com/ip/51986431
72484119115,https://walmart.com/ip/51986429
72484119138,https://walmart.com/ip/51986433
72484119139,https://walmart.com/ip/51986426
72484125753,https://walmart.com/ip/2709896592
72484125754,https://walmart.com/ip/1228019198
72484130376,https://walmart.com/ip/22129823
72484130377,https://walmart.com/ip/22129826
72484130379,https://walmart.com/ip/22129821
72484130466,https://walmart.com/ip/11081411
72484130467,https://walmart.com/ip/11081408
72484130469,https://walmart.com/ip/11081412
72484130470,https://walmart.com/ip/11081409
72484131970,https://walmart.com/ip/22129839
72484131971,https://walmart.com/ip/22129828
72484131974,https://walmart.com/ip/22129834
72484131975,https://walmart.com/ip/22129836
72484134808,https://walmart.com/ip/56247278
72484134809,https://walmart.com/ip/56247274
72484136141,https://walmart.com/ip/22129846
72484136142,https://walmart.com/ip/22129837
72484136143,https://walmart.com/ip/22129832
72484136144,https://walmart.com/ip/22129850
72484136145,https://walmart.com/ip/22129841
72484136146,https://walmart.com/ip/22129843
72484136171,https://walmart.com/ip/22129820
72484136173,https://walmart.com/ip/22129818
72484136175,https://walmart.com/ip/22129819
72484139694,https://walmart.com/ip/56247279
72484139695,https://walmart.com/ip/56247280
72484139696,https://walmart.com/ip/56247277
72484139697,https://walmart.com/ip/56247276
72484139698,https://walmart.com/ip/56247275
72484139726,https://walmart.com/ip/11081420
72484139727,https://walmart.com/ip/11081421
72484141404,https://walmart.com/ip/56247378
72484141405,https://walmart.com/ip/56247375
72484141406,https://walmart.com/ip/56247374
72484141413,https://walmart.com/ip/56247373
72484141414,https://walmart.com/ip/56247376
72484141415,https://walmart.com/ip/56247372
72484141849,https://walmart.com/ip/56247384
72484141850,https://walmart.com/ip/56247385
72484142010,https://walmart.com/ip/56247380
72484142443,https://walmart.com/ip/56247350
72484142509,https://walmart.com/ip/56247349
72484142762,https://walmart.com/ip/133814456
72484142763,https://walmart.com/ip/103806590
72484142764,https://walmart.com/ip/147676572
72484142765,https://walmart.com/ip/129323992
72484142766,https://walmart.com/ip/185688596
72484142767,https://walmart.com/ip/120890277
72484142874,https://walmart.com/ip/106421510
72484142875,https://walmart.com/ip/106194290
72484142881,https://walmart.com/ip/150559625
72484142882,https://walmart.com/ip/146469221
72484142888,https://walmart.com/ip/179662062
72484142889,https://walmart.com/ip/140238314
72484142895,https://walmart.com/ip/198390137
72484142896,https://walmart.com/ip/182297554
72484143602,https://walmart.com/ip/56247383
72484143606,https://walmart.com/ip/56247379
72484143609,https://walmart.com/ip/56247363
72484143610,https://walmart.com/ip/56247364
72484143635,https://walmart.com/ip/56247366
72484143642,https://walmart.com/ip/56247369
72484143643,https://walmart.com/ip/56247365
72484143745,https://walmart.com/ip/56247382
72484143746,https://walmart.com/ip/56247381
72484143747,https://walmart.com/ip/56247358
72484143858,https://walmart.com/ip/56247356
72484143860,https://walmart.com/ip/56247357
72484143861,https://walmart.com/ip/56247354
72484143870,https://walmart.com/ip/56247353
72484143871,https://walmart.com/ip/56247352
72484143872,https://walmart.com/ip/56247355
72484143873,https://walmart.com/ip/56247351
72484143875,https://walmart.com/ip/56247370
72484143876,https://walmart.com/ip/56247371
72484143877,https://walmart.com/ip/56247368
72484143883,https://walmart.com/ip/56247367
72484144361,https://walmart.com/ip/56247361
72484144402,https://walmart.com/ip/56247347
72484144403,https://walmart.com/ip/56247346
72484144408,https://walmart.com/ip/56247345
72484144409,https://walmart.com/ip/56247348
72484144410,https://walmart.com/ip/56247344
72484144415,https://walmart.com/ip/56247377
72484144540,https://walmart.com/ip/56247360
72484144550,https://walmart.com/ip/56247359
72484144628,https://walmart.com/ip/125972214
72484144629,https://walmart.com/ip/117685280
72484144635,https://walmart.com/ip/117785556
72484144645,https://walmart.com/ip/173079014
72484144648,https://walmart.com/ip/151186952
72484144649,https://walmart.com/ip/103065427
72484144655,https://walmart.com/ip/132104712
72484144658,https://walmart.com/ip/736247213
72484144659,https://walmart.com/ip/729247662
72484144664,https://walmart.com/ip/526153247
72484144665,https://walmart.com/ip/125682990
72484144667,https://walmart.com/ip/639714363
72484144668,https://walmart.com/ip/134300441
72484144669,https://walmart.com/ip/178923810
72484144674,https://walmart.com/ip/843044177
72484144675,https://walmart.com/ip/164452871
72484147681,https://walmart.com/ip/121994097
72484147682,https://walmart.com/ip/162272908
72484147687,https://walmart.com/ip/190299336
72484147688,https://walmart.com/ip/175488960
72484147751,https://walmart.com/ip/17492518
72484147753,https://walmart.com/ip/17492520
72484147757,https://walmart.com/ip/17492515
72484147758,https://walmart.com/ip/17492516
72484147759,https://walmart.com/ip/17492517
72484147760,https://walmart.com/ip/17492513
72484147761,https://walmart.com/ip/17492511
72484147762,https://walmart.com/ip/17492514
72484147763,https://walmart.com/ip/17492504
72484147764,https://walmart.com/ip/17492503
72484147766,https://walmart.com/ip/17492507
72484147767,https://walmart.com/ip/17492510
72484147769,https://walmart.com/ip/17492521
72484147770,https://walmart.com/ip/17492522
72484147772,https://walmart.com/ip/17492569
72484147773,https://walmart.com/ip/17492570
72484147774,https://walmart.com/ip/17492571
72484147778,https://walmart.com/ip/17492566
72484147780,https://walmart.com/ip/17492568
72484147781,https://walmart.com/ip/17492563
72484147783,https://walmart.com/ip/17492565
72484147785,https://walmart.com/ip/17492558
72484147786,https://walmart.com/ip/17492559
72484147790,https://walmart.com/ip/17492572
72484147791,https://walmart.com/ip/17492574
72484147793,https://walmart.com/ip/17492605
72484147795,https://walmart.com/ip/17492607
72484147812,https://walmart.com/ip/17492583
72484147813,https://walmart.com/ip/17492582
72484147814,https://walmart.com/ip/17492586
72484147815,https://walmart.com/ip/17492584
72484147817,https://walmart.com/ip/17492608
72484147856,https://walmart.com/ip/168223266
72484147857,https://walmart.com/ip/130420624
72484147862,https://walmart.com/ip/159337837
72484147863,https://walmart.com/ip/161228833
72484147866,https://walmart.com/ip/188575279
72484147867,https://walmart.com/ip/146624612
72484147872,https://walmart.com/ip/151498841
72484147873,https://walmart.com/ip/125347966
72484148261,https://walmart.com/ip/131331203
72484148262,https://walmart.com/ip/154596189
72484148263,https://walmart.com/ip/137817117
72484148264,https://walmart.com/ip/120899418
72484148270,https://walmart.com/ip/183768643
72484148271,https://walmart.com/ip/184648869
72484148272,https://walmart.com/ip/165622408
72484148273,https://walmart.com/ip/113608707
72484148274,https://walmart.com/ip/124276225
72484148280,https://walmart.com/ip/156535484
72484148281,https://walmart.com/ip/142429866
72484148282,https://walmart.com/ip/149808715
72484148283,https://walmart.com/ip/138568488
72484148284,https://walmart.com/ip/196326315
72484148939,https://walmart.com/ip/547149636
72484149142,https://walmart.com/ip/283543404
72484149557,https://walmart.com/ip/488904230
72484149558,https://walmart.com/ip/201986099
72484149563,https://walmart.com/ip/294757105
72484149564,https://walmart.com/ip/180803286
72484149828,https://walmart.com/ip/559658966
72484149829,https://walmart.com/ip/139180969
72484149830,https://walmart.com/ip/132999964
72484149859,https://walmart.com/ip/147051303
72484149946,https://walmart.com/ip/241198909
72484149953,https://walmart.com/ip/761774530
72484149954,https://walmart.com/ip/486457177
72484149955,https://walmart.com/ip/833689150
72484149956,https://walmart.com/ip/770422435
72484149957,https://walmart.com/ip/532990034
72484149958,https://walmart.com/ip/174093016
72484149959,https://walmart.com/ip/444220614
72484149960,https://walmart.com/ip/778097240
72484150184,https://walmart.com/ip/17492483
72484150185,https://walmart.com/ip/17492479
72484151452,https://walmart.com/ip/903759063
72484151636,https://walmart.com/ip/191248466
72484151726,https://walmart.com/ip/790790726
72484151732,https://walmart.com/ip/509922322
72484151735,https://walmart.com/ip/378884952
72484151736,https://walmart.com/ip/771886746
72484151737,https://walmart.com/ip/465363895
72484151738,https://walmart.com/ip/537868332
72484151739,https://walmart.com/ip/336958541
72484151740,https://walmart.com/ip/559053536
72484151744,https://walmart.com/ip/206023826
72484151750,https://walmart.com/ip/129626714
72484151756,https://walmart.com/ip/221918460
72484151759,https://walmart.com/ip/321435343
72484151760,https://walmart.com/ip/988917610
72484151761,https://walmart.com/ip/964493902
72484151762,https://walmart.com/ip/508195335
72484151763,https://walmart.com/ip/945255323
72484151764,https://walmart.com/ip/776894368
72484151766,https://walmart.com/ip/356589507
72484151767,https://walmart.com/ip/562924242
72484151768,https://walmart.com/ip/870418113
72484151769,https://walmart.com/ip/714081809
72484151770,https://walmart.com/ip/301080120
72484151771,https://walmart.com/ip/602984286
72484151772,https://walmart.com/ip/880911499
72484151773,https://walmart.com/ip/787623450
72484151774,https://walmart.com/ip/420411433
72484151775,https://walmart.com/ip/902746568
72484151776,https://walmart.com/ip/486019531
72484151777,https://walmart.com/ip/368762006
72484151778,https://walmart.com/ip/855645452
72484151779,https://walmart.com/ip/995712986
72484151780,https://walmart.com/ip/389943501
72484151784,https://walmart.com/ip/626910222
72484151786,https://walmart.com/ip/109769702
72484151787,https://walmart.com/ip/178707502
72484151788,https://walmart.com/ip/979759413
72484151789,https://walmart.com/ip/155629536
72484151790,https://walmart.com/ip/461317601
72484151791,https://walmart.com/ip/139881367
72484151792,https://walmart.com/ip/335987019
72484151793,https://walmart.com/ip/664177534
72484151794,https://walmart.com/ip/339067867
72484151795,https://walmart.com/ip/376525238
72484151796,https://walmart.com/ip/710977304
72484151797,https://walmart.com/ip/314046819
72484151798,https://walmart.com/ip/108812456
72484151799,https://walmart.com/ip/959283443
72484151800,https://walmart.com/ip/578595606
72484151801,https://walmart.com/ip/407945257
72484151802,https://walmart.com/ip/921167473
72484151803,https://walmart.com/ip/444420320
72484151804,https://walmart.com/ip/417445107
72484151805,https://walmart.com/ip/472629149
72484151806,https://walmart.com/ip/507003795
72484151807,https://walmart.com/ip/616861137
72484151808,https://walmart.com/ip/209709902
72484151809,https://walmart.com/ip/807762052
72484151810,https://walmart.com/ip/645820580
72484152060,https://walmart.com/ip/543789393
72484152068,https://walmart.com/ip/551528238
72484152070,https://walmart.com/ip/587833334
72484152082,https://walmart.com/ip/458911199
72484152090,https://walmart.com/ip/328556818
72484152109,https://walmart.com/ip/56247362
72484152217,https://walmart.com/ip/172555294
72484152218,https://walmart.com/ip/172413694
72484152275,https://walmart.com/ip/705865421
72484152276,https://walmart.com/ip/394378593
72484152277,https://walmart.com/ip/587947981
72484152278,https://walmart.com/ip/479138977
72484152279,https://walmart.com/ip/118349794
72484152280,https://walmart.com/ip/395400115
72484152281,https://walmart.com/ip/240746932
72484152282,https://walmart.com/ip/571852122
72484152283,https://walmart.com/ip/864545130
72484152284,https://walmart.com/ip/938950312
72484152285,https://walmart.com/ip/331881281
72484152690,https://walmart.com/ip/279838361
72484152691,https://walmart.com/ip/832213849
72484152845,https://walmart.com/ip/347904173
72484152852,https://walmart.com/ip/100518255
72484152859,https://walmart.com/ip/161144608
72484152866,https://walmart.com/ip/146288135
72484152873,https://walmart.com/ip/737212757
72484152880,https://walmart.com/ip/168075770
72484152887,https://walmart.com/ip/894485363
72484152894,https://walmart.com/ip/143764298
72484152901,https://walmart.com/ip/150024248
72484152908,https://walmart.com/ip/108116954
72484152970,https://walmart.com/ip/822914950
72484152971,https://walmart.com/ip/784022586
72484152972,https://walmart.com/ip/949149910
72484152973,https://walmart.com/ip/462076332
72484152974,https://walmart.com/ip/305461096
72484152976,https://walmart.com/ip/192958130
72484153096,https://walmart.com/ip/297482018
72484153097,https://walmart.com/ip/184213927
72484153098,https://walmart.com/ip/753723189
72484153103,https://walmart.com/ip/968142879
72484153104,https://walmart.com/ip/103332637
72484153106,https://walmart.com/ip/748713773
72484153107,https://walmart.com/ip/271193030
72484153108,https://walmart.com/ip/450009326
72484153113,https://walmart.com/ip/519382689
72484153114,https://walmart.com/ip/104274957
72484153242,https://walmart.com/ip/146310124
72484153262,https://walmart.com/ip/149193479
72484153280,https://walmart.com/ip/167314620
72484153281,https://walmart.com/ip/180226466
72484153286,https://walmart.com/ip/807660344
72484153287,https://walmart.com/ip/148499349
72484153296,https://walmart.com/ip/738640247
72484153321,https://walmart.com/ip/112837095
72484153322,https://walmart.com/ip/140695318
72484153386,https://walmart.com/ip/322847727
72484153391,https://walmart.com/ip/122018317
72484153396,https://walmart.com/ip/620848606
72484153397,https://walmart.com/ip/143754628
72484153461,https://walmart.com/ip/151211606
72484153462,https://walmart.com/ip/102601566
72484153464,https://walmart.com/ip/146476879
72484153480,https://walmart.com/ip/160698805
72484153544,https://walmart.com/ip/314325780
72484154911,https://walmart.com/ip/987936323
72484154917,https://walmart.com/ip/400576669
72484156163,https://walmart.com/ip/265098084
72484156692,https://walmart.com/ip/200453106
72484156698,https://walmart.com/ip/819436614
72484156699,https://walmart.com/ip/310920720
72484157804,https://walmart.com/ip/126122840
72484157908,https://walmart.com/ip/49169635
72484157909,https://walmart.com/ip/49169636
72484157910,https://walmart.com/ip/49167125
72484157911,https://walmart.com/ip/49167128
72484157912,https://walmart.com/ip/49167132
72484157913,https://walmart.com/ip/49167133
72484157914,https://walmart.com/ip/49169634
72484158056,https://walmart.com/ip/17492548
72484158057,https://walmart.com/ip/17492549
72484161174,https://walmart.com/ip/761892683
72484161175,https://walmart.com/ip/272524308
72484161176,https://walmart.com/ip/662080438
72484161177,https://walmart.com/ip/321365144
72484161178,https://walmart.com/ip/995924328
72484161179,https://walmart.com/ip/243842485
72484162091,https://walmart.com/ip/56247417
72484162092,https://walmart.com/ip/56247416
72484162093,https://walmart.com/ip/56247415
72484162094,https://walmart.com/ip/56247418
72484162095,https://walmart.com/ip/56247414
72484162097,https://walmart.com/ip/56247426
72484162100,https://walmart.com/ip/56247427
72484162107,https://walmart.com/ip/56247424
72484163170,https://walmart.com/ip/56247391
72484164718,https://walmart.com/ip/17492554
72484164719,https://walmart.com/ip/17492555
72484165890,https://walmart.com/ip/56247388
72484165891,https://walmart.com/ip/17492599
72484165892,https://walmart.com/ip/17492600
72484165893,https://walmart.com/ip/17492601
72484165895,https://walmart.com/ip/17492593
72484165897,https://walmart.com/ip/17492589
72484165898,https://walmart.com/ip/17492592
72484165899,https://walmart.com/ip/17492591
72484165900,https://walmart.com/ip/17492575
72484165902,https://walmart.com/ip/17492578
72484165906,https://walmart.com/ip/17492531
72484165909,https://walmart.com/ip/17492532
72484165918,https://walmart.com/ip/17492541
72484165919,https://walmart.com/ip/17492543
72484165922,https://walmart.com/ip/17492540
72484165923,https://walmart.com/ip/17492542
72484165928,https://walmart.com/ip/17492537
72484165929,https://walmart.com/ip/17492538
72484166007,https://walmart.com/ip/11081571
72484166008,https://walmart.com/ip/11081566
72484166009,https://walmart.com/ip/11081567
72484166010,https://walmart.com/ip/11081568
72484166012,https://walmart.com/ip/11081570
72484166013,https://walmart.com/ip/11081529
72484166014,https://walmart.com/ip/11081523
72484166015,https://walmart.com/ip/11081524
72484166016,https://walmart.com/ip/11081525
72484166017,https://walmart.com/ip/11081526
72484166018,https://walmart.com/ip/11081527
72484166019,https://walmart.com/ip/11081553
72484166020,https://walmart.com/ip/11081548
72484166021,https://walmart.com/ip/11081549
72484166022,https://walmart.com/ip/11081550
72484166023,https://walmart.com/ip/11081551
72484166024,https://walmart.com/ip/11081552
72484166025,https://walmart.com/ip/11081535
72484166026,https://walmart.com/ip/11081530
72484166027,https://walmart.com/ip/11081531
72484166028,https://walmart.com/ip/11081532
72484166029,https://walmart.com/ip/11081533
72484166030,https://walmart.com/ip/11081534
72484166083,https://walmart.com/ip/56247387
72484166089,https://walmart.com/ip/56247390
72484166090,https://walmart.com/ip/56247386
72484166095,https://walmart.com/ip/56247419
72484166096,https://walmart.com/ip/56247420
72484166407,https://walmart.com/ip/22129844
72484166408,https://walmart.com/ip/22129849
72484166409,https://walmart.com/ip/22129852
72484166410,https://walmart.com/ip/22129854
72484166411,https://walmart.com/ip/22129856
72484166412,https://walmart.com/ip/22129857
72484166447,https://walmart.com/ip/11081574
72484166449,https://walmart.com/ip/11081576
72484166458,https://walmart.com/ip/11081591
72484166460,https://walmart.com/ip/11081593
72484166461,https://walmart.com/ip/11081594
72484166462,https://walmart.com/ip/11081595
72484167037,https://walmart.com/ip/11081476
72484167040,https://walmart.com/ip/11081479
72484167043,https://walmart.com/ip/11081424
72484167047,https://walmart.com/ip/11081426
72484167588,https://walmart.com/ip/129669599
72484167834,https://walmart.com/ip/56247392
72484167835,https://walmart.com/ip/56247389
72484168345,https://walmart.com/ip/56247409
72484168462,https://walmart.com/ip/56247423
72484168463,https://walmart.com/ip/56247422
72484168464,https://walmart.com/ip/56247425
72484168465,https://walmart.com/ip/56247421
72484168466,https://walmart.com/ip/56247405
72484168467,https://walmart.com/ip/56247406
72484168468,https://walmart.com/ip/56247403
72484168488,https://walmart.com/ip/56247407
72484168561,https://walmart.com/ip/56247325
72484168566,https://walmart.com/ip/56247324
72484168568,https://walmart.com/ip/56247327
72484168571,https://walmart.com/ip/56247323
72484168576,https://walmart.com/ip/56247413
72484168578,https://walmart.com/ip/56247410
72484169042,https://walmart.com/ip/56247328
72484169048,https://walmart.com/ip/56247329
72484169049,https://walmart.com/ip/56247326
72484171477,https://walmart.com/ip/56247299
72484171478,https://walmart.com/ip/56247295
72484173242,https://walmart.com/ip/56247404
72484173243,https://walmart.com/ip/56247400
72484173251,https://walmart.com/ip/56247398
72484173252,https://walmart.com/ip/56247399
72484173253,https://walmart.com/ip/56247396
72484173261,https://walmart.com/ip/56247395
72484173262,https://walmart.com/ip/56247394
72484173263,https://walmart.com/ip/56247397
72484173360,https://walmart.com/ip/56247272
72484173361,https://walmart.com/ip/56247273
72484173362,https://walmart.com/ip/56247270
72484173363,https://walmart.com/ip/56247269
72484173364,https://walmart.com/ip/56247268
72484173365,https://walmart.com/ip/56247271
72484173366,https://walmart.com/ip/56247267
72484173982,https://walmart.com/ip/56247393
72484173983,https://walmart.com/ip/56247412
72484174694,https://walmart.com/ip/56247408
72484174695,https://walmart.com/ip/56247411
72484174955,https://walmart.com/ip/56247340
72484174962,https://walmart.com/ip/56247339
72484175161,https://walmart.com/ip/56247402
72484175162,https://walmart.com/ip/56247401
72484176474,https://walmart.com/ip/56247455
72484176513,https://walmart.com/ip/56247451
72484176537,https://walmart.com/ip/56247450
72484176538,https://walmart.com/ip/56247453
72484176605,https://walmart.com/ip/56247265
72484176606,https://walmart.com/ip/56247266
72484177144,https://walmart.com/ip/56247469
72484178059,https://walmart.com/ip/56247435
72484178102,https://walmart.com/ip/56247447
72484178103,https://walmart.com/ip/56247448
72484178104,https://walmart.com/ip/56247445
72484178111,https://walmart.com/ip/56247444
72484178112,https://walmart.com/ip/56247443
72484178115,https://walmart.com/ip/56247446
72484178116,https://walmart.com/ip/56247442
72484178160,https://walmart.com/ip/56247261
72484178161,https://walmart.com/ip/56247264
72484178162,https://walmart.com/ip/56247260
72484178197,https://walmart.com/ip/56247342
72484178216,https://walmart.com/ip/56247343
72484180058,https://walmart.com/ip/17200978
72484180059,https://walmart.com/ip/17200979
72484180760,https://walmart.com/ip/11081585
72484180761,https://walmart.com/ip/11081586
72484180762,https://walmart.com/ip/11081587
72484180763,https://walmart.com/ip/11081588
72484180764,https://walmart.com/ip/11081589
72484180765,https://walmart.com/ip/11081542
72484180766,https://walmart.com/ip/11081543
72484180767,https://walmart.com/ip/11081544
72484180768,https://walmart.com/ip/11081545
72484180769,https://walmart.com/ip/11081546
72484180770,https://walmart.com/ip/11081547
72484181008,https://walmart.com/ip/56247452
72484181417,https://walmart.com/ip/56247296
72484182543,https://walmart.com/ip/56247440
72484182546,https://walmart.com/ip/56247441
72484182547,https://walmart.com/ip/56247438
72484182552,https://walmart.com/ip/56247437
72484182555,https://walmart.com/ip/56247436
72484182556,https://walmart.com/ip/56247439
72484182564,https://walmart.com/ip/56247337
72484182565,https://walmart.com/ip/56247300
72484182570,https://walmart.com/ip/56247301
72484182573,https://walmart.com/ip/56247298
72484182574,https://walmart.com/ip/56247297
72484182602,https://walmart.com/ip/56247338
72484182603,https://walmart.com/ip/56247341
72484182604,https://walmart.com/ip/56247263
72484182609,https://walmart.com/ip/56247262
72484183648,https://walmart.com/ip/56247285
72484183653,https://walmart.com/ip/56247281
72484184618,https://walmart.com/ip/56247433
72484184621,https://walmart.com/ip/56247434
72484184622,https://walmart.com/ip/56247431
72484184623,https://walmart.com/ip/56247430
72484184624,https://walmart.com/ip/56247429
72484184625,https://walmart.com/ip/56247432
72484184626,https://walmart.com/ip/56247428
72484184627,https://walmart.com/ip/56247468
72484184630,https://walmart.com/ip/56247466
72484184631,https://walmart.com/ip/56247465
72484184632,https://walmart.com/ip/56247464
72484184633,https://walmart.com/ip/56247467
72484184634,https://walmart.com/ip/56247463
72484184635,https://walmart.com/ip/56247461
72484184636,https://walmart.com/ip/56247462
72484184639,https://walmart.com/ip/56247459
72484184640,https://walmart.com/ip/56247458
72484184641,https://walmart.com/ip/56247457
72484184642,https://walmart.com/ip/56247460
72484184643,https://walmart.com/ip/56247456
72484184651,https://walmart.com/ip/56247454
72484187918,https://walmart.com/ip/56247290
72484187919,https://walmart.com/ip/56247289
72484188421,https://walmart.com/ip/22129824
72484188423,https://walmart.com/ip/22129829
72484188424,https://walmart.com/ip/22129831
72484188425,https://walmart.com/ip/22129835
72484188452,https://walmart.com/ip/22129833
72484188454,https://walmart.com/ip/22129840
72484188455,https://walmart.com/ip/22129842
72484188456,https://walmart.com/ip/22129845
72484188457,https://walmart.com/ip/22129848
72484188458,https://walmart.com/ip/56247449
72484190172,https://walmart.com/ip/56247284
72484190432,https://walmart.com/ip/56247335
72484190433,https://walmart.com/ip/56247336
72484190441,https://walmart.com/ip/56247333
72484190442,https://walmart.com/ip/56247332
72484190449,https://walmart.com/ip/56247331
72484190452,https://walmart.com/ip/56247334
72484190453,https://walmart.com/ip/56247330
72484190884,https://walmart.com/ip/56247292
72484190885,https://walmart.com/ip/56247288
72484191214,https://walmart.com/ip/17492560
72484191215,https://walmart.com/ip/17492561
72484191489,https://walmart.com/ip/56247286
72484191678,https://walmart.com/ip/17492528
72484191679,https://walmart.com/ip/17492529
72484192989,https://walmart.com/ip/56247287
72484196446,https://walmart.com/ip/56247294
72484196448,https://walmart.com/ip/56247291
72484198063,https://walmart.com/ip/56247293
72484198578,https://walmart.com/ip/56247283
72484198579,https://walmart.com/ip/56247282
72484199946,https://walmart.com/ip/17492588
72484199947,https://walmart.com/ip/17492587
72484199948,https://walmart.com/ip/17492590
73731402805,https://walmart.com/ip/970760322
73731402806,https://walmart.com/ip/792064526
73731402814,https://walmart.com/ip/268902438
73731402815,https://walmart.com/ip/578333979
73731402823,https://walmart.com/ip/736223185
73731402824,https://walmart.com/ip/682697512
73731402876,https://walmart.com/ip/645838537
73731402877,https://walmart.com/ip/920911089
73731402898,https://walmart.com/ip/521226470
73731402899,https://walmart.com/ip/718778591
73731402907,https://walmart.com/ip/325100776
73731402908,https://walmart.com/ip/151846945
73731402994,https://walmart.com/ip/429347297
73731402995,https://walmart.com/ip/698483050
73731402996,https://walmart.com/ip/856018482
73731402997,https://walmart.com/ip/210779639
73731402998,https://walmart.com/ip/939335614
73731403036,https://walmart.com/ip/883490677
73731403679,https://walmart.com/ip/14659741
73731403680,https://walmart.com/ip/14659743
73731403707,https://walmart.com/ip/14659417
73731403708,https://walmart.com/ip/14659416
73731403709,https://walmart.com/ip/14659418
73731403710,https://walmart.com/ip/14659413
73731403711,https://walmart.com/ip/14659414
73731403714,https://walmart.com/ip/14659647
73731403715,https://walmart.com/ip/14659644
73731403716,https://walmart.com/ip/14659645
73731403717,https://walmart.com/ip/14659648
73731403718,https://walmart.com/ip/14659646
73731403720,https://walmart.com/ip/14659476
73731403721,https://walmart.com/ip/14659478
73731403722,https://walmart.com/ip/14659480
73731403723,https://walmart.com/ip/14659482
73731403725,https://walmart.com/ip/14659474
73731403726,https://walmart.com/ip/14659438
73731403727,https://walmart.com/ip/14659439
73731403728,https://walmart.com/ip/14659440
73731403729,https://walmart.com/ip/14659436
73731403732,https://walmart.com/ip/14659435
73731403733,https://walmart.com/ip/14659693
73731403734,https://walmart.com/ip/14659679
73731403735,https://walmart.com/ip/14659689
73731403736,https://walmart.com/ip/14659682
73731403737,https://walmart.com/ip/14659686
73731403739,https://walmart.com/ip/14659676
73731403754,https://walmart.com/ip/14659656
73731403755,https://walmart.com/ip/14659649
73731403756,https://walmart.com/ip/14659650
73731403758,https://walmart.com/ip/14659653
73731403759,https://walmart.com/ip/14659658
73731403763,https://walmart.com/ip/14659661
73731403768,https://walmart.com/ip/14659425
73731403774,https://walmart.com/ip/14659389
73731403802,https://walmart.com/ip/14659385
73731403904,https://walmart.com/ip/14659857
73731403905,https://walmart.com/ip/14659858
73731403906,https://walmart.com/ip/14659793
73731403907,https://walmart.com/ip/14659794
73731404039,https://walmart.com/ip/13423068
73731404040,https://walmart.com/ip/13423069
73731404041,https://walmart.com/ip/13423070
73731404042,https://walmart.com/ip/13423071
73731404043,https://walmart.com/ip/13423072
73731404044,https://walmart.com/ip/13423073
73731404045,https://walmart.com/ip/13423074
73731404046,https://walmart.com/ip/13423075
73731404047,https://walmart.com/ip/13423141
73731404048,https://walmart.com/ip/13423142
73731404049,https://walmart.com/ip/13423143
73731404050,https://walmart.com/ip/13423144
73731404051,https://walmart.com/ip/13423048
73731404052,https://walmart.com/ip/13423049
73731404053,https://walmart.com/ip/13423050
73731404054,https://walmart.com/ip/13423051
73731404055,https://walmart.com/ip/13423064
73731404056,https://walmart.com/ip/13423065
73731404057,https://walmart.com/ip/13423066
73731404058,https://walmart.com/ip/13423067
73731404063,https://walmart.com/ip/13423105
73731404064,https://walmart.com/ip/13423106
73731404065,https://walmart.com/ip/13423107
73731404066,https://walmart.com/ip/13423137
73731404067,https://walmart.com/ip/13423138
73731404068,https://walmart.com/ip/13423139
73731404069,https://walmart.com/ip/13423140
73731404070,https://walmart.com/ip/13423145
73731404071,https://walmart.com/ip/13423061
73731404072,https://walmart.com/ip/13423062
73731404073,https://walmart.com/ip/13423063
73731404074,https://walmart.com/ip/13423109
73731404075,https://walmart.com/ip/13423110
73731404076,https://walmart.com/ip/13423111
73731404081,https://walmart.com/ip/13423085
73731404082,https://walmart.com/ip/13423086
73731404083,https://walmart.com/ip/13423087
73731404088,https://walmart.com/ip/13423044
73731404089,https://walmart.com/ip/13423045
73731404090,https://walmart.com/ip/13423046
73731404091,https://walmart.com/ip/13423047
73731404092,https://walmart.com/ip/13423079
73731404093,https://walmart.com/ip/13423080
73731404094,https://walmart.com/ip/13423081
73731404099,https://walmart.com/ip/13423091
73731404100,https://walmart.com/ip/13423092
73731404101,https://walmart.com/ip/13423093
73731404106,https://walmart.com/ip/13423082
73731404107,https://walmart.com/ip/13423083
73731404108,https://walmart.com/ip/13423084
73731404113,https://walmart.com/ip/13423088
73731404114,https://walmart.com/ip/13423089
73731404115,https://walmart.com/ip/13423090
73731404120,https://walmart.com/ip/13423076
73731404121,https://walmart.com/ip/13423077
73731404122,https://walmart.com/ip/13423078
73731404420,https://walmart.com/ip/14659800
73731404429,https://walmart.com/ip/14659803
73731404473,https://walmart.com/ip/14662213
73731404474,https://walmart.com/ip/14662214
73731404476,https://walmart.com/ip/14662216
73731404480,https://walmart.com/ip/14659382
73731404481,https://walmart.com/ip/14659384
73731404483,https://walmart.com/ip/14659381
73731404484,https://walmart.com/ip/14659380
73731405046,https://walmart.com/ip/960912192
73731405047,https://walmart.com/ip/346020239
73731405048,https://walmart.com/ip/427632086
73731405049,https://walmart.com/ip/632770470
73731405050,https://walmart.com/ip/940863580
73731405051,https://walmart.com/ip/101667430
73731405054,https://walmart.com/ip/636515838
73731405055,https://walmart.com/ip/789521072
73731405056,https://walmart.com/ip/819765495
73731405057,https://walmart.com/ip/768188214
73731405058,https://walmart.com/ip/100091547
73731405059,https://walmart.com/ip/574670457
73731405060,https://walmart.com/ip/941539428
73731405063,https://walmart.com/ip/908833989
73731405064,https://walmart.com/ip/546194195
73731405065,https://walmart.com/ip/339848326
73731405066,https://walmart.com/ip/425229262
73731405068,https://walmart.com/ip/879578001
73731405069,https://walmart.com/ip/511820800
73731405078,https://walmart.com/ip/861305423
73731405079,https://walmart.com/ip/747468881
73731405080,https://walmart.com/ip/404624689
73731405083,https://walmart.com/ip/404129945
73731405084,https://walmart.com/ip/654765657
73731405085,https://walmart.com/ip/566138661
73731405086,https://walmart.com/ip/626376904
73731405087,https://walmart.com/ip/790985217
73731405088,https://walmart.com/ip/669081237
73731405435,https://walmart.com/ip/541657619
73731405441,https://walmart.com/ip/489754834
73731405447,https://walmart.com/ip/786846463
73731405465,https://walmart.com/ip/434211822
73731405471,https://walmart.com/ip/819252488
73731405507,https://walmart.com/ip/394574063
73731405513,https://walmart.com/ip/738211010
73731405516,https://walmart.com/ip/513052945
73731405592,https://walmart.com/ip/14540999
73731405593,https://walmart.com/ip/14541000
73731405594,https://walmart.com/ip/14541001
73731405595,https://walmart.com/ip/14541002
73731405596,https://walmart.com/ip/14541003
73731405598,https://walmart.com/ip/14540984
73731405599,https://walmart.com/ip/14540985
73731405600,https://walmart.com/ip/14540986
73731405601,https://walmart.com/ip/14540987
73731405602,https://walmart.com/ip/14540988
73731405604,https://walmart.com/ip/14540767
73731405605,https://walmart.com/ip/14540768
73731405606,https://walmart.com/ip/14541477
73731405607,https://walmart.com/ip/14541478
73731405608,https://walmart.com/ip/14540973
73731405622,https://walmart.com/ip/14540994
73731405623,https://walmart.com/ip/14540995
73731405624,https://walmart.com/ip/14540996
73731405625,https://walmart.com/ip/14540997
73731405626,https://walmart.com/ip/14540998
73731405634,https://walmart.com/ip/14540974
73731405635,https://walmart.com/ip/14540975
73731405636,https://walmart.com/ip/14540976
73731405637,https://walmart.com/ip/14540977
73731405638,https://walmart.com/ip/14540978
73731405640,https://walmart.com/ip/14540979
73731405641,https://walmart.com/ip/14540980
73731405642,https://walmart.com/ip/14540981
73731405643,https://walmart.com/ip/14540982
73731405644,https://walmart.com/ip/14540983
73731405646,https://walmart.com/ip/14540989
73731405647,https://walmart.com/ip/14540990
73731405648,https://walmart.com/ip/14540991
73731405649,https://walmart.com/ip/14540992
73731405650,https://walmart.com/ip/14540993
73731405750,https://walmart.com/ip/214814877
73731405755,https://walmart.com/ip/14540763
73731405756,https://walmart.com/ip/14540764
73731405757,https://walmart.com/ip/14540765
73731405758,https://walmart.com/ip/14540766
73731405771,https://walmart.com/ip/14540747
73731405772,https://walmart.com/ip/14540749
73731405773,https://walmart.com/ip/14540751
73731405781,https://walmart.com/ip/14540727
73731405782,https://walmart.com/ip/14540729
73731405783,https://walmart.com/ip/14540731
73731405790,https://walmart.com/ip/14540735
73731405791,https://walmart.com/ip/14540737
73731405792,https://walmart.com/ip/14540739
73731405804,https://walmart.com/ip/14540753
73731405805,https://walmart.com/ip/14540755
73731405806,https://walmart.com/ip/14540757
73731405808,https://walmart.com/ip/14540761
73731405810,https://walmart.com/ip/14540715
73731405822,https://walmart.com/ip/14540709
73731405823,https://walmart.com/ip/14540711
73731405870,https://walmart.com/ip/475126984
73731405877,https://walmart.com/ip/278407667
73731405884,https://walmart.com/ip/240781391
73731405891,https://walmart.com/ip/436128792
73731406145,https://walmart.com/ip/500954796
73731406457,https://walmart.com/ip/423419688
73731407004,https://walmart.com/ip/14540676
73731407006,https://walmart.com/ip/14540681
73731407008,https://walmart.com/ip/14540685
73731407089,https://walmart.com/ip/14540640
73731407091,https://walmart.com/ip/14540637
73731407093,https://walmart.com/ip/14540639
73731407094,https://walmart.com/ip/14540641
73731407095,https://walmart.com/ip/14540642
73731407105,https://walmart.com/ip/14540612
73731407107,https://walmart.com/ip/14540609
73731407108,https://walmart.com/ip/14540610
73731407109,https://walmart.com/ip/14540611
73731407110,https://walmart.com/ip/14540613
73731407111,https://walmart.com/ip/14540614
73731407112,https://walmart.com/ip/14540615
73731407113,https://walmart.com/ip/14540626
73731407115,https://walmart.com/ip/14540623
73731407116,https://walmart.com/ip/14540624
73731407117,https://walmart.com/ip/14540625
73731407119,https://walmart.com/ip/14540628
73731407120,https://walmart.com/ip/14540629
73731407121,https://walmart.com/ip/14540619
73731407123,https://walmart.com/ip/14540616
73731407124,https://walmart.com/ip/14540617
73731407125,https://walmart.com/ip/14540618
73731407126,https://walmart.com/ip/14540620
73731407127,https://walmart.com/ip/14540621
73731407128,https://walmart.com/ip/14540622
73731407180,https://walmart.com/ip/14540654
73731407181,https://walmart.com/ip/14540651
73731407186,https://walmart.com/ip/14540657
73731407187,https://walmart.com/ip/14540647
73731407188,https://walmart.com/ip/14540644
73731407189,https://walmart.com/ip/14540645
73731407191,https://walmart.com/ip/14540648
73731407192,https://walmart.com/ip/14540649
73731407193,https://walmart.com/ip/14540650
73731407554,https://walmart.com/ip/291686053
73731407564,https://walmart.com/ip/423392229
73731407570,https://walmart.com/ip/788757073
73731407663,https://walmart.com/ip/521416281
73731407664,https://walmart.com/ip/865188289
73731407666,https://walmart.com/ip/918810270
73731407755,https://walmart.com/ip/981093868
73731408128,https://walmart.com/ip/912149177
73731408129,https://walmart.com/ip/379077883
73731408267,https://walmart.com/ip/775563842
73731408268,https://walmart.com/ip/995675110
73731408269,https://walmart.com/ip/434941919
73731408270,https://walmart.com/ip/620078373
73731408271,https://walmart.com/ip/752366767
73731408272,https://walmart.com/ip/701568805
73731408273,https://walmart.com/ip/982240168
73731408274,https://walmart.com/ip/548257861
73731408275,https://walmart.com/ip/844897375
73731408278,https://walmart.com/ip/938993004
73731408279,https://walmart.com/ip/228750578
73731408301,https://walmart.com/ip/922947996
73731408302,https://walmart.com/ip/570373910
73731408359,https://walmart.com/ip/469053338
73731408417,https://walmart.com/ip/930106983
73731408904,https://walmart.com/ip/662498268
73731408911,https://walmart.com/ip/540334315
73731411736,https://walmart.com/ip/27414562
73731411737,https://walmart.com/ip/27414566
73731411738,https://walmart.com/ip/27414553
73731411739,https://walmart.com/ip/27414548
73731411740,https://walmart.com/ip/27414544
73731411741,https://walmart.com/ip/27414557
73731411747,https://walmart.com/ip/27414541
73731411987,https://walmart.com/ip/744470622
73731411988,https://walmart.com/ip/258629770
73731411989,https://walmart.com/ip/589311531
73731411990,https://walmart.com/ip/575630666
73731411991,https://walmart.com/ip/128768984
73731411998,https://walmart.com/ip/497002122
73731412030,https://walmart.com/ip/823517170
73731412031,https://walmart.com/ip/327159817
73731412032,https://walmart.com/ip/235231506
73731412476,https://walmart.com/ip/874224590
73731412485,https://walmart.com/ip/838895519
73731413596,https://walmart.com/ip/299797016
73731413597,https://walmart.com/ip/982851603
73731413598,https://walmart.com/ip/191657714
73731413599,https://walmart.com/ip/155359347
73731413600,https://walmart.com/ip/860382797
73731413601,https://walmart.com/ip/896252275
73731413961,https://walmart.com/ip/738570533
73731413962,https://walmart.com/ip/770521539
73731413963,https://walmart.com/ip/673484485
73731414015,https://walmart.com/ip/153749129
73731414016,https://walmart.com/ip/773572590
73731414017,https://walmart.com/ip/116461225
73731414024,https://walmart.com/ip/899459254
73731414025,https://walmart.com/ip/400457872
73731414026,https://walmart.com/ip/799218841
73731414028,https://walmart.com/ip/833112746
73731414029,https://walmart.com/ip/737497778
73731414030,https://walmart.com/ip/662450080
73731414055,https://walmart.com/ip/331877622
73731414056,https://walmart.com/ip/626596965
73731414057,https://walmart.com/ip/739465531
73731414073,https://walmart.com/ip/122960334
73731414074,https://walmart.com/ip/518518996
73731414075,https://walmart.com/ip/274773586
73731414145,https://walmart.com/ip/339027182
73731414146,https://walmart.com/ip/672746560
73731414147,https://walmart.com/ip/986295571
73731415196,https://walmart.com/ip/204828614
73731415197,https://walmart.com/ip/397061085
73731415198,https://walmart.com/ip/655315056
73731415199,https://walmart.com/ip/373324288
73731415200,https://walmart.com/ip/695640213
73731415203,https://walmart.com/ip/235112409
73731415204,https://walmart.com/ip/565653844
73731415205,https://walmart.com/ip/158130825
73731415206,https://walmart.com/ip/269728870
73731415207,https://walmart.com/ip/275730293
73731415210,https://walmart.com/ip/922201325
73731415211,https://walmart.com/ip/554756365
73731415212,https://walmart.com/ip/422788794
73731415213,https://walmart.com/ip/496494020
73731415214,https://walmart.com/ip/747992833
73731417793,https://walmart.com/ip/773665554
73731417794,https://walmart.com/ip/320324222
73731417983,https://walmart.com/ip/320885106
73731417984,https://walmart.com/ip/301009762
73731417985,https://walmart.com/ip/990143629
73731417986,https://walmart.com/ip/844275325
73731417988,https://walmart.com/ip/711301238
73731417989,https://walmart.com/ip/283784316
73731417990,https://walmart.com/ip/126782129
73731417991,https://walmart.com/ip/710122040
73731419739,https://walmart.com/ip/488293814
73731419740,https://walmart.com/ip/412002279
73731419806,https://walmart.com/ip/361293885
73731419807,https://walmart.com/ip/771359324
73731420750,https://walmart.com/ip/586943265
73731420751,https://walmart.com/ip/483557353
73731422158,https://walmart.com/ip/16904218
73731422159,https://walmart.com/ip/16904222
73731422160,https://walmart.com/ip/16904221
73731422161,https://walmart.com/ip/16904219
73731422162,https://walmart.com/ip/16904575
73731422163,https://walmart.com/ip/16904220
73731422165,https://walmart.com/ip/16904229
73731422463,https://walmart.com/ip/959393136
73731422464,https://walmart.com/ip/964251482
73731422480,https://walmart.com/ip/17492499
73731422483,https://walmart.com/ip/17492498
73731422484,https://walmart.com/ip/17492496
73731422485,https://walmart.com/ip/17492500
73731422487,https://walmart.com/ip/17492495
73731422488,https://walmart.com/ip/17492497
73731422489,https://walmart.com/ip/17492491
73731422490,https://walmart.com/ip/17492490
73731422491,https://walmart.com/ip/17492493
73731423252,https://walmart.com/ip/553257669
73731423262,https://walmart.com/ip/694703319
73731423276,https://walmart.com/ip/521869762
73731423304,https://walmart.com/ip/717320641
73731423318,https://walmart.com/ip/450282295
73731423346,https://walmart.com/ip/970021053
73731425925,https://walmart.com/ip/460459270
73731425926,https://walmart.com/ip/233374415
73731428795,https://walmart.com/ip/16904291
73731428796,https://walmart.com/ip/16904299
73731428797,https://walmart.com/ip/16904265
73731428798,https://walmart.com/ip/16904263
73731428840,https://walmart.com/ip/16904302
73731428841,https://walmart.com/ip/16904355
73731428842,https://walmart.com/ip/16904303
73731428843,https://walmart.com/ip/16904301
73731428844,https://walmart.com/ip/16904305
73731428845,https://walmart.com/ip/16904262
73731428853,https://walmart.com/ip/16904293
73731428855,https://walmart.com/ip/16904290
73731428856,https://walmart.com/ip/16904577
73731428857,https://walmart.com/ip/16904294
73731428862,https://walmart.com/ip/16904175
73731428865,https://walmart.com/ip/16904235
73731429489,https://walmart.com/ip/16795642
73731429490,https://walmart.com/ip/16795640
73731429491,https://walmart.com/ip/16795643
73731429492,https://walmart.com/ip/16795638
73731429493,https://walmart.com/ip/16795639
73731429494,https://walmart.com/ip/16795641
73731431323,https://walmart.com/ip/27414593
73731431324,https://walmart.com/ip/27414598
73731431325,https://walmart.com/ip/27414583
73731432513,https://walmart.com/ip/27414578
73731432514,https://walmart.com/ip/27414574
73731432515,https://walmart.com/ip/27414588
73731432516,https://walmart.com/ip/27414571
73731436839,https://walmart.com/ip/19227554
73731436841,https://walmart.com/ip/19227551
73731436842,https://walmart.com/ip/19227553
73731436843,https://walmart.com/ip/19227557
73731436844,https://walmart.com/ip/19227555
73731436845,https://walmart.com/ip/19227561
73731436846,https://walmart.com/ip/19227558
73731436847,https://walmart.com/ip/19227556
73731436848,https://walmart.com/ip/19227560
73731436849,https://walmart.com/ip/19227559
73731436850,https://walmart.com/ip/19227562
73731436851,https://walmart.com/ip/19227550
73731436852,https://walmart.com/ip/19227547
73731436853,https://walmart.com/ip/19227546
73731436854,https://walmart.com/ip/19227545
73731436855,https://walmart.com/ip/19227548
73731436856,https://walmart.com/ip/19227549
73731436857,https://walmart.com/ip/19234678
73731436858,https://walmart.com/ip/19227596
73731436859,https://walmart.com/ip/19227594
73731436860,https://walmart.com/ip/19227597
73731436861,https://walmart.com/ip/19227600
73731436862,https://walmart.com/ip/19227544
73731436870,https://walmart.com/ip/19227513
73731436872,https://walmart.com/ip/19227485
73731436873,https://walmart.com/ip/19227518
73731436875,https://walmart.com/ip/19227520
73731436876,https://walmart.com/ip/19227648
73731436893,https://walmart.com/ip/19227503
73731436896,https://walmart.com/ip/19227506
73731436902,https://walmart.com/ip/19227578
73731436907,https://walmart.com/ip/19227497
73731436908,https://walmart.com/ip/19227496
73731436909,https://walmart.com/ip/19227502
73731436910,https://walmart.com/ip/19227500
73731436911,https://walmart.com/ip/19227499
73731436914,https://walmart.com/ip/19227521
73731436915,https://walmart.com/ip/19227495
73731436916,https://walmart.com/ip/19227522
73731436917,https://walmart.com/ip/19227523
73731436918,https://walmart.com/ip/19227524
73731436924,https://walmart.com/ip/19227491
73731436929,https://walmart.com/ip/19227483
73731436931,https://walmart.com/ip/19227489
73731437006,https://walmart.com/ip/19227566
73731437007,https://walmart.com/ip/19227563
73731437008,https://walmart.com/ip/19227564
73731437009,https://walmart.com/ip/19227567
73731437010,https://walmart.com/ip/19227565
73731437011,https://walmart.com/ip/19227569
73731438200,https://walmart.com/ip/17470982
73731443525,https://walmart.com/ip/21908193
73731443526,https://walmart.com/ip/21908211
73731443527,https://walmart.com/ip/21908229
73731443528,https://walmart.com/ip/21908235
73731443529,https://walmart.com/ip/21908247
73731443530,https://walmart.com/ip/21908260
73731443531,https://walmart.com/ip/21908269
73731443541,https://walmart.com/ip/21128064
73731443543,https://walmart.com/ip/21128066
73731443544,https://walmart.com/ip/21128062
73731443545,https://walmart.com/ip/21128067
73731452509,https://walmart.com/ip/21151739
73731452526,https://walmart.com/ip/21151759
73731453901,https://walmart.com/ip/22472556
73731453902,https://walmart.com/ip/22472563
73731453903,https://walmart.com/ip/22472569
73731453904,https://walmart.com/ip/22472576
73731453905,https://walmart.com/ip/22472581
73731453906,https://walmart.com/ip/22472587
73731453907,https://walmart.com/ip/22472599
73731453908,https://walmart.com/ip/22472566
73731453909,https://walmart.com/ip/22472584
73731453910,https://walmart.com/ip/22472589
73731453911,https://walmart.com/ip/22472595
73731453912,https://walmart.com/ip/22472602
73731453913,https://walmart.com/ip/22472615
73731453914,https://walmart.com/ip/22472623
73731453915,https://walmart.com/ip/22472571
73731453916,https://walmart.com/ip/22472590
73731453917,https://walmart.com/ip/22472600
73731453918,https://walmart.com/ip/22472613
73731453919,https://walmart.com/ip/22472622
73731453920,https://walmart.com/ip/22472630
73731453921,https://walmart.com/ip/22472635
73731453922,https://walmart.com/ip/22472668
73731453923,https://walmart.com/ip/22472679
73731453924,https://walmart.com/ip/22472686
73731453925,https://walmart.com/ip/22472694
73731453926,https://walmart.com/ip/22472702
73731453927,https://walmart.com/ip/22472707
73731453928,https://walmart.com/ip/22472714
73731453936,https://walmart.com/ip/22472549
73731453937,https://walmart.com/ip/22472551
73731453938,https://walmart.com/ip/22472553
73731453939,https://walmart.com/ip/22472555
73731453940,https://walmart.com/ip/22472559
73731453941,https://walmart.com/ip/22472564
73731453942,https://walmart.com/ip/22472570
73731453943,https://walmart.com/ip/22472651
73731453944,https://walmart.com/ip/22472645
73731453945,https://walmart.com/ip/22472646
73731453946,https://walmart.com/ip/22472647
73731453947,https://walmart.com/ip/22472648
73731453948,https://walmart.com/ip/22472649
73731453949,https://walmart.com/ip/22472650
73731453950,https://walmart.com/ip/22472624
73731453951,https://walmart.com/ip/22472562
73731453952,https://walmart.com/ip/22472580
73731453953,https://walmart.com/ip/22472586
73731453954,https://walmart.com/ip/22472598
73731453955,https://walmart.com/ip/22472608
73731453956,https://walmart.com/ip/22472616
73731453957,https://walmart.com/ip/22472726
73731453958,https://walmart.com/ip/22472675
73731453959,https://walmart.com/ip/22472688
73731453960,https://walmart.com/ip/22472697
73731453961,https://walmart.com/ip/22472709
73731453962,https://walmart.com/ip/22472715
73731453963,https://walmart.com/ip/22472723
73731453964,https://walmart.com/ip/22472633
73731453965,https://walmart.com/ip/22472575
73731453966,https://walmart.com/ip/22472591
73731453967,https://walmart.com/ip/22472597
73731453968,https://walmart.com/ip/22472611
73731453969,https://walmart.com/ip/22472620
73731453970,https://walmart.com/ip/22472627
73731454137,https://walmart.com/ip/21908195
73731454138,https://walmart.com/ip/21908214
73731454139,https://walmart.com/ip/21908221
73731454140,https://walmart.com/ip/21908243
73731454141,https://walmart.com/ip/21908248
73731454142,https://walmart.com/ip/21908261
73731454143,https://walmart.com/ip/21908274
73731454144,https://walmart.com/ip/21908282
73731454145,https://walmart.com/ip/21908286
73731454146,https://walmart.com/ip/21908288
73731454147,https://walmart.com/ip/21908292
73731454148,https://walmart.com/ip/21908296
73731454149,https://walmart.com/ip/21908300
73731454150,https://walmart.com/ip/21908304
73731454151,https://walmart.com/ip/21908225
73731454152,https://walmart.com/ip/21908246
73731454153,https://walmart.com/ip/21908252
73731454154,https://walmart.com/ip/21908259
73731454155,https://walmart.com/ip/21908268
73731454156,https://walmart.com/ip/21908276
73731454157,https://walmart.com/ip/21908281
73731454158,https://walmart.com/ip/21908284
73731454159,https://walmart.com/ip/21908290
73731454160,https://walmart.com/ip/21908294
73731454161,https://walmart.com/ip/21908297
73731454162,https://walmart.com/ip/21908301
73731454163,https://walmart.com/ip/21908305
73731454164,https://walmart.com/ip/21908308
73731454172,https://walmart.com/ip/21908172
73731454173,https://walmart.com/ip/21908179
73731454174,https://walmart.com/ip/21908184
73731454175,https://walmart.com/ip/21908191
73731454176,https://walmart.com/ip/21908199
73731454177,https://walmart.com/ip/21908210
73731454178,https://walmart.com/ip/21908227
73731454179,https://walmart.com/ip/21908182
73731454180,https://walmart.com/ip/21908192
73731454181,https://walmart.com/ip/21908200
73731454182,https://walmart.com/ip/21908216
73731454183,https://walmart.com/ip/21908226
73731454184,https://walmart.com/ip/21908244
73731454185,https://walmart.com/ip/21908250
73731454186,https://walmart.com/ip/21908204
73731454187,https://walmart.com/ip/21908231
73731454188,https://walmart.com/ip/21908239
73731454189,https://walmart.com/ip/21908254
73731454190,https://walmart.com/ip/21908263
73731454191,https://walmart.com/ip/21908271
73731454192,https://walmart.com/ip/21908275
73731454193,https://walmart.com/ip/21908222
73731454194,https://walmart.com/ip/21908245
73731454195,https://walmart.com/ip/21908258
73731454196,https://walmart.com/ip/21908264
73731454197,https://walmart.com/ip/21908270
73731454198,https://walmart.com/ip/21908278
73731454199,https://walmart.com/ip/21908280
73731454682,https://walmart.com/ip/175730335
73731456442,https://walmart.com/ip/22472550
73731456443,https://walmart.com/ip/22472552
73731456444,https://walmart.com/ip/22472554
73731456445,https://walmart.com/ip/22472557
73731456446,https://walmart.com/ip/22472560
73731456447,https://walmart.com/ip/22472567
73731456448,https://walmart.com/ip/22472573
73731456456,https://walmart.com/ip/22472561
73731456457,https://walmart.com/ip/22472572
73731456458,https://walmart.com/ip/22472577
73731456459,https://walmart.com/ip/22472585
73731456460,https://walmart.com/ip/22472593
73731456461,https://walmart.com/ip/22472603
73731456462,https://walmart.com/ip/22472612
73731456463,https://walmart.com/ip/22472558
73731456464,https://walmart.com/ip/22472568
73731456465,https://walmart.com/ip/22472574
73731456466,https://walmart.com/ip/22472582
73731456467,https://walmart.com/ip/22472588
73731456468,https://walmart.com/ip/22472596
73731456469,https://walmart.com/ip/22472607
73731456477,https://walmart.com/ip/21908212
73731456478,https://walmart.com/ip/21908234
73731456479,https://walmart.com/ip/21908238
73731456480,https://walmart.com/ip/21908251
73731456481,https://walmart.com/ip/21908265
73731456482,https://walmart.com/ip/21908273
73731456483,https://walmart.com/ip/21908279
73731456484,https://walmart.com/ip/21908173
73731456485,https://walmart.com/ip/21908181
73731456486,https://walmart.com/ip/21908187
73731456488,https://walmart.com/ip/21908196
73731456489,https://walmart.com/ip/21908206
73731456490,https://walmart.com/ip/21908219
73731456491,https://walmart.com/ip/21908230
73731456492,https://walmart.com/ip/21908283
73731456493,https://walmart.com/ip/21908287
73731456494,https://walmart.com/ip/21908289
73731456495,https://walmart.com/ip/21908293
73731456496,https://walmart.com/ip/21908298
73731456497,https://walmart.com/ip/21908302
73731456498,https://walmart.com/ip/21908306
73731456499,https://walmart.com/ip/21908176
73731456500,https://walmart.com/ip/21908194
73731456501,https://walmart.com/ip/21908201
73731456502,https://walmart.com/ip/21908215
73731456503,https://walmart.com/ip/21908223
73731456504,https://walmart.com/ip/21908242
73731456505,https://walmart.com/ip/21908257
73731456680,https://walmart.com/ip/22472689
73731456681,https://walmart.com/ip/22472701
73731456682,https://walmart.com/ip/22472710
73731456683,https://walmart.com/ip/22472716
73731456684,https://walmart.com/ip/22472720
73731456685,https://walmart.com/ip/22472724
73731456686,https://walmart.com/ip/22472728
73731456687,https://walmart.com/ip/22472729
73731456688,https://walmart.com/ip/22472730
73731456689,https://walmart.com/ip/22472733
73731456690,https://walmart.com/ip/22472736
73731456691,https://walmart.com/ip/22472741
73731456692,https://walmart.com/ip/22472745
73731456693,https://walmart.com/ip/22472748
73731456715,https://walmart.com/ip/22472664
73731456716,https://walmart.com/ip/22472673
73731456717,https://walmart.com/ip/22472685
73731456718,https://walmart.com/ip/22472695
73731456719,https://walmart.com/ip/22472703
73731456720,https://walmart.com/ip/22472712
73731456721,https://walmart.com/ip/22472717
73731456966,https://walmart.com/ip/27414586
73731456967,https://walmart.com/ip/27414582
73731456968,https://walmart.com/ip/27414600
73731456969,https://walmart.com/ip/27414577
73731456974,https://walmart.com/ip/27582734
73731456975,https://walmart.com/ip/27582733
73731456976,https://walmart.com/ip/27582732
73731456977,https://walmart.com/ip/27582735
73731456978,https://walmart.com/ip/21908175
73731456979,https://walmart.com/ip/21908188
73731456980,https://walmart.com/ip/21908202
73731456981,https://walmart.com/ip/21908213
73731456997,https://walmart.com/ip/21908228
73731456998,https://walmart.com/ip/21908241
73731456999,https://walmart.com/ip/21908256
73731457000,https://walmart.com/ip/21908285
73731457001,https://walmart.com/ip/21908291
73731457002,https://walmart.com/ip/21908295
73731457003,https://walmart.com/ip/21908299
73731457004,https://walmart.com/ip/21908303
73731457005,https://walmart.com/ip/21908307
73731457006,https://walmart.com/ip/21908309
73731457007,https://walmart.com/ip/21908185
73731457008,https://walmart.com/ip/21908197
73731457010,https://walmart.com/ip/21908203
73731457011,https://walmart.com/ip/21908217
73731457012,https://walmart.com/ip/21908233
73731457013,https://walmart.com/ip/21908237
73731457014,https://walmart.com/ip/21908249
73731457163,https://walmart.com/ip/21908207
73731457164,https://walmart.com/ip/21908232
73731457165,https://walmart.com/ip/21908240
73731457166,https://walmart.com/ip/21908255
73731457167,https://walmart.com/ip/21908266
73731457168,https://walmart.com/ip/21908272
73731457169,https://walmart.com/ip/21908277
73731457170,https://walmart.com/ip/21908171
73731457171,https://walmart.com/ip/21908177
73731457172,https://walmart.com/ip/21908180
73731457173,https://walmart.com/ip/21908186
73731457174,https://walmart.com/ip/21908198
73731457175,https://walmart.com/ip/21908209
73731457176,https://walmart.com/ip/21908220
73731457177,https://walmart.com/ip/21908170
73731457178,https://walmart.com/ip/21908174
73731457179,https://walmart.com/ip/21908178
73731457180,https://walmart.com/ip/21908183
73731457181,https://walmart.com/ip/21908189
73731457182,https://walmart.com/ip/21908205
73731457183,https://walmart.com/ip/21908218
73731457184,https://walmart.com/ip/21908190
73731457185,https://walmart.com/ip/21908208
73731457186,https://walmart.com/ip/21908224
73731457187,https://walmart.com/ip/21908236
73731457188,https://walmart.com/ip/21908253
73731457189,https://walmart.com/ip/21908262
73731457190,https://walmart.com/ip/21908267
73731458402,https://walmart.com/ip/27414619
73731458403,https://walmart.com/ip/27414617
73731458404,https://walmart.com/ip/27414616
73731458406,https://walmart.com/ip/27414618
73731458407,https://walmart.com/ip/27414615
73731458408,https://walmart.com/ip/27414647
73731458410,https://walmart.com/ip/27414640
73731458411,https://walmart.com/ip/27414636
73731458413,https://walmart.com/ip/27414629
73731458414,https://walmart.com/ip/27414643
73731458415,https://walmart.com/ip/27414626
73731458464,https://walmart.com/ip/27414682
73731458465,https://walmart.com/ip/27414685
73731458467,https://walmart.com/ip/27414669
73731458468,https://walmart.com/ip/27414664
73731458469,https://walmart.com/ip/27414661
73731458470,https://walmart.com/ip/27414677
73731458619,https://walmart.com/ip/27414605
73731458621,https://walmart.com/ip/27414591
73731458795,https://walmart.com/ip/22472653
73731458796,https://walmart.com/ip/22472657
73731458797,https://walmart.com/ip/22472661
73731458798,https://walmart.com/ip/22472666
73731458799,https://walmart.com/ip/22472671
73731458800,https://walmart.com/ip/22472680
73731458801,https://walmart.com/ip/22472690
73731458802,https://walmart.com/ip/22472682
73731458803,https://walmart.com/ip/22472696
73731458804,https://walmart.com/ip/22472706
73731458805,https://walmart.com/ip/22472711
73731458806,https://walmart.com/ip/22472719
73731458807,https://walmart.com/ip/22472721
73731458808,https://walmart.com/ip/22472725
73731458809,https://walmart.com/ip/22472579
73731458810,https://walmart.com/ip/22472601
73731458811,https://walmart.com/ip/22472614
73731458812,https://walmart.com/ip/22472621
73731458813,https://walmart.com/ip/22472628
73731458814,https://walmart.com/ip/22472632
73731458815,https://walmart.com/ip/22472637
73731458816,https://walmart.com/ip/22472732
73731458817,https://walmart.com/ip/22472739
73731458818,https://walmart.com/ip/22472740
73731458819,https://walmart.com/ip/22472746
73731458820,https://walmart.com/ip/22472751
73731458821,https://walmart.com/ip/22472753
73731458822,https://walmart.com/ip/22472754
73731458823,https://walmart.com/ip/22472578
73731458824,https://walmart.com/ip/22472604
73731458825,https://walmart.com/ip/22472609
73731458826,https://walmart.com/ip/22472618
73731458827,https://walmart.com/ip/22472629
73731458828,https://walmart.com/ip/22472634
73731458829,https://walmart.com/ip/22472638
73731458837,https://walmart.com/ip/22472654
73731458838,https://walmart.com/ip/22472658
73731458839,https://walmart.com/ip/22472663
73731458840,https://walmart.com/ip/22472667
73731458841,https://walmart.com/ip/22472674
73731458842,https://walmart.com/ip/22472681
73731458843,https://walmart.com/ip/22472691
73731458851,https://walmart.com/ip/22472659
73731458852,https://walmart.com/ip/22472669
73731458853,https://walmart.com/ip/22472676
73731458854,https://walmart.com/ip/22472684
73731458855,https://walmart.com/ip/22472692
73731458856,https://walmart.com/ip/22472698
73731458857,https://walmart.com/ip/22472708
73731458858,https://walmart.com/ip/22472755
73731458859,https://walmart.com/ip/22472756
73731458860,https://walmart.com/ip/22472757
73731458861,https://walmart.com/ip/22472758
73731458862,https://walmart.com/ip/22472759
73731458863,https://walmart.com/ip/22472760
73731458864,https://walmart.com/ip/22472761
73731458865,https://walmart.com/ip/22472594
73731458866,https://walmart.com/ip/22472606
73731458867,https://walmart.com/ip/22472617
73731458868,https://walmart.com/ip/22472625
73731458869,https://walmart.com/ip/22472631
73731458870,https://walmart.com/ip/22472636
73731458871,https://walmart.com/ip/22472639
73731459100,https://walmart.com/ip/24359349
73731459101,https://walmart.com/ip/24359350
73731459102,https://walmart.com/ip/24359351
73731459103,https://walmart.com/ip/24359352
73731459104,https://walmart.com/ip/24359353
73731459105,https://walmart.com/ip/24359354
73731459106,https://walmart.com/ip/24359355
73731459114,https://walmart.com/ip/24359397
73731459115,https://walmart.com/ip/24359407
73731459116,https://walmart.com/ip/24359412
73731459117,https://walmart.com/ip/24359417
73731459118,https://walmart.com/ip/24359422
73731459119,https://walmart.com/ip/24359426
73731459120,https://walmart.com/ip/24359429
73731459128,https://walmart.com/ip/24359222
73731459129,https://walmart.com/ip/24359225
73731459130,https://walmart.com/ip/24359227
73731459131,https://walmart.com/ip/24359229
73731459132,https://walmart.com/ip/24359231
73731459133,https://walmart.com/ip/24359233
73731459134,https://walmart.com/ip/24359235
73731459135,https://walmart.com/ip/24359271
73731459136,https://walmart.com/ip/24359274
73731459137,https://walmart.com/ip/24359276
73731459138,https://walmart.com/ip/24359278
73731459139,https://walmart.com/ip/24359280
73731459140,https://walmart.com/ip/24359282
73731459141,https://walmart.com/ip/24359284
73731459142,https://walmart.com/ip/24359336
73731459143,https://walmart.com/ip/24359338
73731459144,https://walmart.com/ip/24359340
73731459145,https://walmart.com/ip/24359342
73731459146,https://walmart.com/ip/24359344
73731459147,https://walmart.com/ip/24359346
73731459148,https://walmart.com/ip/24359348
73731459149,https://walmart.com/ip/24359358
73731459150,https://walmart.com/ip/24359360
73731459151,https://walmart.com/ip/24359362
73731459152,https://walmart.com/ip/24359364
73731459153,https://walmart.com/ip/24359366
73731459154,https://walmart.com/ip/24359368
73731459155,https://walmart.com/ip/24359370
73731459156,https://walmart.com/ip/24359379
73731459157,https://walmart.com/ip/24359400
73731459158,https://walmart.com/ip/24359405
73731459159,https://walmart.com/ip/24359411
73731459160,https://walmart.com/ip/24359416
73731459161,https://walmart.com/ip/24359421
73731459162,https://walmart.com/ip/24359425
73731459170,https://walmart.com/ip/24359264
73731459171,https://walmart.com/ip/24359265
73731459172,https://walmart.com/ip/24359266
73731459173,https://walmart.com/ip/24359267
73731459174,https://walmart.com/ip/24359268
73731459175,https://walmart.com/ip/24359269
73731459176,https://walmart.com/ip/24359270
73731459177,https://walmart.com/ip/24359272
73731459178,https://walmart.com/ip/24359273
73731459179,https://walmart.com/ip/24359275
73731459180,https://walmart.com/ip/24359277
73731459181,https://walmart.com/ip/24359279
73731459182,https://walmart.com/ip/24359281
73731459183,https://walmart.com/ip/24359283
73731459184,https://walmart.com/ip/24359335
73731459185,https://walmart.com/ip/24359337
73731459186,https://walmart.com/ip/24359339
73731459187,https://walmart.com/ip/24359341
73731459188,https://walmart.com/ip/24359343
73731459189,https://walmart.com/ip/24359345
73731459190,https://walmart.com/ip/24359347
73731459191,https://walmart.com/ip/24359380
73731459192,https://walmart.com/ip/24359381
73731459193,https://walmart.com/ip/24359382
73731459194,https://walmart.com/ip/24359383
73731459195,https://walmart.com/ip/24359384
73731459196,https://walmart.com/ip/24359385
73731459197,https://walmart.com/ip/24359386
73731459198,https://walmart.com/ip/24360871
73731459199,https://walmart.com/ip/24360872
73731459200,https://walmart.com/ip/24360873
73731459201,https://walmart.com/ip/24360874
73731459202,https://walmart.com/ip/24360875
73731459203,https://walmart.com/ip/24360876
73731459204,https://walmart.com/ip/24360877
73731459205,https://walmart.com/ip/24359240
73731459206,https://walmart.com/ip/24359243
73731459207,https://walmart.com/ip/24359246
73731459208,https://walmart.com/ip/24359249
73731459209,https://walmart.com/ip/24359252
73731459210,https://walmart.com/ip/24359255
73731459211,https://walmart.com/ip/24359256
73731459212,https://walmart.com/ip/24359290
73731459213,https://walmart.com/ip/24359293
73731459214,https://walmart.com/ip/24359295
73731459215,https://walmart.com/ip/24359298
73731459216,https://walmart.com/ip/24359301
73731459217,https://walmart.com/ip/24359304
73731459218,https://walmart.com/ip/24359306
73731459418,https://walmart.com/ip/27414656
73731459789,https://walmart.com/ip/22472687
73731459790,https://walmart.com/ip/22472700
73731459791,https://walmart.com/ip/22472705
73731459792,https://walmart.com/ip/22472713
73731459793,https://walmart.com/ip/22472718
73731459794,https://walmart.com/ip/22472722
73731459795,https://walmart.com/ip/22472727
73731460540,https://walmart.com/ip/21921977
73731460541,https://walmart.com/ip/21921946
73731460542,https://walmart.com/ip/21921958
73731460544,https://walmart.com/ip/21921965
73731460545,https://walmart.com/ip/21921971
73731460546,https://walmart.com/ip/21921975
73731460547,https://walmart.com/ip/21921935
73731460548,https://walmart.com/ip/21921943
73731460549,https://walmart.com/ip/21921949
73731460550,https://walmart.com/ip/21921955
73731460551,https://walmart.com/ip/21921960
73731460552,https://walmart.com/ip/21921967
73731460553,https://walmart.com/ip/21921933
73731460554,https://walmart.com/ip/21921940
73731460555,https://walmart.com/ip/21921944
73731460556,https://walmart.com/ip/21921951
73731460557,https://walmart.com/ip/21921959
73731460558,https://walmart.com/ip/21921966
73731460559,https://walmart.com/ip/21921931
73731460560,https://walmart.com/ip/21921934
73731460561,https://walmart.com/ip/21921938
73731460562,https://walmart.com/ip/21921942
73731460563,https://walmart.com/ip/21921947
73731460564,https://walmart.com/ip/21921954
73731460565,https://walmart.com/ip/21921952
73731460566,https://walmart.com/ip/21921962
73731460567,https://walmart.com/ip/21921970
73731460568,https://walmart.com/ip/21921974
73731460569,https://walmart.com/ip/21921976
73731460570,https://walmart.com/ip/21921978
73731460571,https://walmart.com/ip/21921937
73731460572,https://walmart.com/ip/21921948
73731460573,https://walmart.com/ip/21921956
73731460574,https://walmart.com/ip/21921963
73731460575,https://walmart.com/ip/21921968
73731460576,https://walmart.com/ip/21921972
73731460577,https://walmart.com/ip/21921925
73731460578,https://walmart.com/ip/21921926
73731460579,https://walmart.com/ip/21921927
73731460580,https://walmart.com/ip/21921928
73731460581,https://walmart.com/ip/21921929
73731460582,https://walmart.com/ip/21921930
73731460583,https://walmart.com/ip/21921939
73731460584,https://walmart.com/ip/21921950
73731460585,https://walmart.com/ip/21921957
73731460586,https://walmart.com/ip/21921964
73731460587,https://walmart.com/ip/21921969
73731460588,https://walmart.com/ip/21921973
73731460751,https://walmart.com/ip/21921932
73731460752,https://walmart.com/ip/21921936
73731460753,https://walmart.com/ip/21921941
73731460754,https://walmart.com/ip/21921945
73731460755,https://walmart.com/ip/21921953
73731460756,https://walmart.com/ip/21921961
73731461026,https://walmart.com/ip/22472565
73731461027,https://walmart.com/ip/22472583
73731461028,https://walmart.com/ip/22472592
73731461029,https://walmart.com/ip/22472605
73731461030,https://walmart.com/ip/22472610
73731461031,https://walmart.com/ip/22472619
73731461032,https://walmart.com/ip/22472626
73731461033,https://walmart.com/ip/22472731
73731461034,https://walmart.com/ip/22472735
73731461035,https://walmart.com/ip/22472738
73731461036,https://walmart.com/ip/22472743
73731461037,https://walmart.com/ip/22472744
73731461038,https://walmart.com/ip/22472750
73731461039,https://walmart.com/ip/22472752
73731461040,https://walmart.com/ip/22472652
73731461041,https://walmart.com/ip/22472655
73731461042,https://walmart.com/ip/22472656
73731461043,https://walmart.com/ip/22472660
73731461044,https://walmart.com/ip/22472665
73731461045,https://walmart.com/ip/22472672
73731461046,https://walmart.com/ip/22472678
73731461047,https://walmart.com/ip/24359237
73731461048,https://walmart.com/ip/24359239
73731461049,https://walmart.com/ip/24359242
73731461050,https://walmart.com/ip/24359245
73731461051,https://walmart.com/ip/24359248
73731461052,https://walmart.com/ip/24359251
73731461053,https://walmart.com/ip/24359254
73731461054,https://walmart.com/ip/24359307
73731461055,https://walmart.com/ip/24359309
73731461056,https://walmart.com/ip/24359311
73731461057,https://walmart.com/ip/24359313
73731461058,https://walmart.com/ip/24359315
73731461059,https://walmart.com/ip/24359318
73731461060,https://walmart.com/ip/24359320
73731461155,https://walmart.com/ip/27582731
73731461156,https://walmart.com/ip/27414620
73731463255,https://walmart.com/ip/22472662
73731463256,https://walmart.com/ip/22472670
73731463257,https://walmart.com/ip/22472677
73731463258,https://walmart.com/ip/22472683
73731463259,https://walmart.com/ip/22472693
73731463260,https://walmart.com/ip/22472699
73731463261,https://walmart.com/ip/22472704
73731463327,https://walmart.com/ip/24359372
73731463328,https://walmart.com/ip/24359373
73731463329,https://walmart.com/ip/24359374
73731463330,https://walmart.com/ip/24359375
73731463331,https://walmart.com/ip/24359376
73731463332,https://walmart.com/ip/24359377
73731463333,https://walmart.com/ip/24359378
73731463334,https://walmart.com/ip/24359399
73731463335,https://walmart.com/ip/24359404
73731463336,https://walmart.com/ip/24359410
73731463337,https://walmart.com/ip/24359415
73731463338,https://walmart.com/ip/24359420
73731463339,https://walmart.com/ip/24359424
73731463340,https://walmart.com/ip/24359428
73731463341,https://walmart.com/ip/24359223
73731463342,https://walmart.com/ip/24359224
73731463343,https://walmart.com/ip/24359226
73731463344,https://walmart.com/ip/24359228
73731463345,https://walmart.com/ip/24359230
73731463346,https://walmart.com/ip/24359232
73731463347,https://walmart.com/ip/24359234
73731463348,https://walmart.com/ip/24359236
73731463349,https://walmart.com/ip/24359238
73731463350,https://walmart.com/ip/24359241
73731463351,https://walmart.com/ip/24359244
73731463352,https://walmart.com/ip/24359247
73731463353,https://walmart.com/ip/24359250
73731463354,https://walmart.com/ip/24359253
73731463823,https://walmart.com/ip/24359257
73731463824,https://walmart.com/ip/24359258
73731463825,https://walmart.com/ip/24359259
73731463826,https://walmart.com/ip/24359260
73731463827,https://walmart.com/ip/24359261
73731463828,https://walmart.com/ip/24359262
73731463830,https://walmart.com/ip/24359263
73731463831,https://walmart.com/ip/24359308
73731463832,https://walmart.com/ip/24359310
73731463833,https://walmart.com/ip/24359312
73731463834,https://walmart.com/ip/24359314
73731463835,https://walmart.com/ip/24359316
73731463839,https://walmart.com/ip/24360881
73731463840,https://walmart.com/ip/24360882
73731463841,https://walmart.com/ip/24360883
73731463842,https://walmart.com/ip/24360884
73731464517,https://walmart.com/ip/27414596
73731464518,https://walmart.com/ip/27414613
73731464519,https://walmart.com/ip/27414614
73731464520,https://walmart.com/ip/27414609
73731464521,https://walmart.com/ip/27414606
73731464522,https://walmart.com/ip/27414602
73731464523,https://walmart.com/ip/27414612
73731464524,https://walmart.com/ip/27414584
73731464525,https://walmart.com/ip/27414608
73731464526,https://walmart.com/ip/27414611
73731464527,https://walmart.com/ip/27414599
73731464528,https://walmart.com/ip/27414594
73731464529,https://walmart.com/ip/27414589
73731464530,https://walmart.com/ip/27414604
73731464531,https://walmart.com/ip/27414631
73731464532,https://walmart.com/ip/27414651
73731464536,https://walmart.com/ip/27414658
73731464537,https://walmart.com/ip/27414642
73731464538,https://walmart.com/ip/27414638
73731464539,https://walmart.com/ip/27414634
73731464540,https://walmart.com/ip/27414646
73731464541,https://walmart.com/ip/27414645
73731464542,https://walmart.com/ip/27414679
73731464543,https://walmart.com/ip/27414687
73731464544,https://walmart.com/ip/27414667
73731464545,https://walmart.com/ip/27414665
73731464546,https://walmart.com/ip/27414650
73731464547,https://walmart.com/ip/27414676
73731464555,https://walmart.com/ip/27414681
73731464556,https://walmart.com/ip/27414683
73731464557,https://walmart.com/ip/27414673
73731464647,https://walmart.com/ip/27414671
73731464654,https://walmart.com/ip/27414662
73731464655,https://walmart.com/ip/27414675
73731464656,https://walmart.com/ip/27414655
73731464657,https://walmart.com/ip/27414672
73731464658,https://walmart.com/ip/27414684
73731464659,https://walmart.com/ip/27414666
73731464660,https://walmart.com/ip/27414663
73731464661,https://walmart.com/ip/27414659
73731464662,https://walmart.com/ip/27414670
73731464663,https://walmart.com/ip/27414652
73731464664,https://walmart.com/ip/26747527
73731464665,https://walmart.com/ip/26747528
73731464666,https://walmart.com/ip/26747519
73731464667,https://walmart.com/ip/26747518
73731464668,https://walmart.com/ip/26747517
73731464669,https://walmart.com/ip/26747520
73731464670,https://walmart.com/ip/26747475
73731464671,https://walmart.com/ip/26747479
73731464672,https://walmart.com/ip/26747483
73731464673,https://walmart.com/ip/26747467
73731464674,https://walmart.com/ip/26747461
73731464675,https://walmart.com/ip/26747454
73731464676,https://walmart.com/ip/26747473
73731464677,https://walmart.com/ip/26747449
73731464678,https://walmart.com/ip/27414564
73731464679,https://walmart.com/ip/27414569
73731464680,https://walmart.com/ip/27414554
73731464681,https://walmart.com/ip/27414549
73731464682,https://walmart.com/ip/27414545
73731464683,https://walmart.com/ip/27414559
73731464684,https://walmart.com/ip/27414540
73731464685,https://walmart.com/ip/27414575
73731464686,https://walmart.com/ip/27414579
73731464687,https://walmart.com/ip/27414568
73731464688,https://walmart.com/ip/27414563
73731464689,https://walmart.com/ip/27414558
73731464690,https://walmart.com/ip/27414573
73731464691,https://walmart.com/ip/27414551
73731464706,https://walmart.com/ip/27414695
73731464707,https://walmart.com/ip/27414696
73731464708,https://walmart.com/ip/27414693
73731464709,https://walmart.com/ip/27414692
73731464710,https://walmart.com/ip/27414691
73731464711,https://walmart.com/ip/27414694
73731464712,https://walmart.com/ip/27414690
73731464713,https://walmart.com/ip/27414702
73731464714,https://walmart.com/ip/27414703
73731464715,https://walmart.com/ip/27414700
73731464716,https://walmart.com/ip/27414699
73731464717,https://walmart.com/ip/27414698
73731464718,https://walmart.com/ip/27414701
73731464719,https://walmart.com/ip/27414697
73731464720,https://walmart.com/ip/26747499
73731464721,https://walmart.com/ip/26747504
73731464722,https://walmart.com/ip/26747490
73731464723,https://walmart.com/ip/26747474
73731464724,https://walmart.com/ip/26747464
73731464725,https://walmart.com/ip/26747496
73731464726,https://walmart.com/ip/26747455
73731464727,https://walmart.com/ip/27414657
73731464728,https://walmart.com/ip/27414660
73731464729,https://walmart.com/ip/27414644
73731464730,https://walmart.com/ip/27414641
73731464731,https://walmart.com/ip/27414637
73731464732,https://walmart.com/ip/27414649
73731464733,https://walmart.com/ip/27414624
73731464734,https://walmart.com/ip/27414607
73731464735,https://walmart.com/ip/27414610
73731464736,https://walmart.com/ip/27414597
73731464737,https://walmart.com/ip/27414592
73731464738,https://walmart.com/ip/27414587
73731464739,https://walmart.com/ip/27414601
73731464740,https://walmart.com/ip/27414581
73731464741,https://walmart.com/ip/27414595
73731464742,https://walmart.com/ip/27414603
73731464743,https://walmart.com/ip/27414585
73731464744,https://walmart.com/ip/27414580
73731464745,https://walmart.com/ip/27414576
73731464746,https://walmart.com/ip/27414590
73731464747,https://walmart.com/ip/27414572
73731464748,https://walmart.com/ip/26747498
73731464749,https://walmart.com/ip/26747503
73731464750,https://walmart.com/ip/26747489
73731464751,https://walmart.com/ip/26747485
73731464752,https://walmart.com/ip/26747480
73731464753,https://walmart.com/ip/26747495
73731464754,https://walmart.com/ip/26747460
73731464755,https://walmart.com/ip/26747513
73731464756,https://walmart.com/ip/26747514
73731464757,https://walmart.com/ip/26747508
73731464758,https://walmart.com/ip/26747505
73731464759,https://walmart.com/ip/26747500
73731464760,https://walmart.com/ip/26747511
73731464761,https://walmart.com/ip/26747494
73731464762,https://walmart.com/ip/26747506
73731464763,https://walmart.com/ip/26747509
73731464764,https://walmart.com/ip/26747469
73731464765,https://walmart.com/ip/26747462
73731464766,https://walmart.com/ip/26747453
73731464767,https://walmart.com/ip/26747501
73731464768,https://walmart.com/ip/26747448
73731464769,https://walmart.com/ip/27414688
73731464770,https://walmart.com/ip/27414689
73731464771,https://walmart.com/ip/27414680
73731464772,https://walmart.com/ip/27414678
73731464773,https://walmart.com/ip/27414674
73731464774,https://walmart.com/ip/27414686
73731464775,https://walmart.com/ip/27414654
73731464776,https://walmart.com/ip/26747525
73731464777,https://walmart.com/ip/26747526
73731464778,https://walmart.com/ip/26747523
73731464779,https://walmart.com/ip/26747522
73731464780,https://walmart.com/ip/26747521
73731464781,https://walmart.com/ip/26747524
73731464782,https://walmart.com/ip/26747465
73731464783,https://walmart.com/ip/26747515
73731464784,https://walmart.com/ip/26747516
73731464785,https://walmart.com/ip/26747470
73731464786,https://walmart.com/ip/26747463
73731464787,https://walmart.com/ip/26747457
73731464788,https://walmart.com/ip/26747492
73731464789,https://walmart.com/ip/26747450
73731464790,https://walmart.com/ip/27414565
73731464791,https://walmart.com/ip/27414570
73731464792,https://walmart.com/ip/27414555
73731464793,https://walmart.com/ip/27414550
73731464794,https://walmart.com/ip/27414546
73731464795,https://walmart.com/ip/27414560
73731464796,https://walmart.com/ip/27414542
73731464797,https://walmart.com/ip/26747487
73731464798,https://walmart.com/ip/26747491
73731464799,https://walmart.com/ip/26747477
73731464800,https://walmart.com/ip/26747458
73731464801,https://walmart.com/ip/26747451
73731464802,https://walmart.com/ip/26747482
73731464803,https://walmart.com/ip/26747447
73731464804,https://walmart.com/ip/26747484
73731464805,https://walmart.com/ip/26747488
73731464806,https://walmart.com/ip/26747472
73731464807,https://walmart.com/ip/26747466
73731464808,https://walmart.com/ip/26747459
73731464809,https://walmart.com/ip/26747478
73731464810,https://walmart.com/ip/26747452
73731464811,https://walmart.com/ip/27414635
73731464812,https://walmart.com/ip/27414639
73731464813,https://walmart.com/ip/27414630
73731464814,https://walmart.com/ip/27414628
73731464815,https://walmart.com/ip/27414625
73731464816,https://walmart.com/ip/27414633
73731464817,https://walmart.com/ip/27414622
73731464818,https://walmart.com/ip/26747534
73731464819,https://walmart.com/ip/26747468
73731464820,https://walmart.com/ip/26747532
73731464821,https://walmart.com/ip/26747531
73731464822,https://walmart.com/ip/26747530
73731464823,https://walmart.com/ip/26747533
73731464824,https://walmart.com/ip/26747529
73731464840,https://walmart.com/ip/27414653
73731464841,https://walmart.com/ip/27414668
73731464842,https://walmart.com/ip/27414632
73731464843,https://walmart.com/ip/27414627
73731464844,https://walmart.com/ip/27414623
73731464845,https://walmart.com/ip/27414648
73731464846,https://walmart.com/ip/27414621
73731464847,https://walmart.com/ip/27414561
73731464848,https://walmart.com/ip/27414567
73731464849,https://walmart.com/ip/27414552
73731464850,https://walmart.com/ip/27414547
73731464851,https://walmart.com/ip/27414543
73731464852,https://walmart.com/ip/27414556
73731464853,https://walmart.com/ip/27414539
73731465062,https://walmart.com/ip/24359317
73731465063,https://walmart.com/ip/24359319
73731465064,https://walmart.com/ip/24359357
73731465065,https://walmart.com/ip/24359359
73731465066,https://walmart.com/ip/24359361
73731465067,https://walmart.com/ip/24359363
73731465069,https://walmart.com/ip/24359365
73731465070,https://walmart.com/ip/24359367
73731465071,https://walmart.com/ip/24359369
73731465072,https://walmart.com/ip/24360878
73731465073,https://walmart.com/ip/24360879
73731465074,https://walmart.com/ip/24360880
73731465078,https://walmart.com/ip/24359402
73731465079,https://walmart.com/ip/24359409
73731465080,https://walmart.com/ip/24359414
73731465081,https://walmart.com/ip/24359419
73731465083,https://walmart.com/ip/24359423
73731465084,https://walmart.com/ip/24359427
73731465085,https://walmart.com/ip/24359430
73731465086,https://walmart.com/ip/24633752
73731465087,https://walmart.com/ip/24633753
73731465088,https://walmart.com/ip/24633754
73731465798,https://walmart.com/ip/24682238
73731465799,https://walmart.com/ip/24682239
73731465800,https://walmart.com/ip/24682240
73731465801,https://walmart.com/ip/24682241
73731466713,https://walmart.com/ip/54715893
73731466714,https://walmart.com/ip/54715891
73731466715,https://walmart.com/ip/54715897
73731466716,https://walmart.com/ip/54715889
73731466717,https://walmart.com/ip/54643862
73731466728,https://walmart.com/ip/54643981
73731466729,https://walmart.com/ip/54643984
73731466730,https://walmart.com/ip/54643980
73731466838,https://walmart.com/ip/54643863
73731466840,https://walmart.com/ip/54643858
73731466841,https://walmart.com/ip/54643857
73731466842,https://walmart.com/ip/54643856
73731466843,https://walmart.com/ip/54643860
73731466844,https://walmart.com/ip/54643855
73731466845,https://walmart.com/ip/54643820
73731466847,https://walmart.com/ip/54643824
73731466848,https://walmart.com/ip/54643812
73731466849,https://walmart.com/ip/54643807
73731466850,https://walmart.com/ip/54643805
73731466852,https://walmart.com/ip/54643816
73731466857,https://walmart.com/ip/54643802
73731466858,https://walmart.com/ip/54643811
73731466859,https://walmart.com/ip/54643815
73731466861,https://walmart.com/ip/54643803
73731466866,https://walmart.com/ip/54643801
73731466868,https://walmart.com/ip/54643800
73731466873,https://walmart.com/ip/54643806
73731466875,https://walmart.com/ip/54643799
73731466880,https://walmart.com/ip/54643831
73731466882,https://walmart.com/ip/54643832
73731466887,https://walmart.com/ip/54643827
73731466893,https://walmart.com/ip/54643826
73731466894,https://walmart.com/ip/54643823
73731466896,https://walmart.com/ip/54643829
73731466897,https://walmart.com/ip/54643817
73731466898,https://walmart.com/ip/54643828
73731466899,https://walmart.com/ip/54643830
73731466936,https://walmart.com/ip/54643821
73731466937,https://walmart.com/ip/54643818
73731466939,https://walmart.com/ip/54643813
73731466940,https://walmart.com/ip/54643825
73731466941,https://walmart.com/ip/54643809
73731466942,https://walmart.com/ip/54643847
73731466952,https://walmart.com/ip/54643850
73731466953,https://walmart.com/ip/54643841
73731466958,https://walmart.com/ip/54643838
73731466963,https://walmart.com/ip/54643836
73731466964,https://walmart.com/ip/54643844
73731466965,https://walmart.com/ip/54643834
73731466966,https://walmart.com/ip/54643971
73731466967,https://walmart.com/ip/54643972
73731466968,https://walmart.com/ip/54643961
73731466970,https://walmart.com/ip/54643960
73731466971,https://walmart.com/ip/54643959
73731466972,https://walmart.com/ip/54643966
73731466987,https://walmart.com/ip/54643978
73731466988,https://walmart.com/ip/54643979
73731466989,https://walmart.com/ip/54643976
73731466991,https://walmart.com/ip/54643975
73731466992,https://walmart.com/ip/54643974
73731466993,https://walmart.com/ip/54643977
73731467153,https://walmart.com/ip/54643973
73731467154,https://walmart.com/ip/54643991
73731467155,https://walmart.com/ip/54643992
73731467157,https://walmart.com/ip/54643989
73731467170,https://walmart.com/ip/54643988
73731467171,https://walmart.com/ip/54643987
73731467173,https://walmart.com/ip/54643990
73731467174,https://walmart.com/ip/54643985
73731467175,https://walmart.com/ip/54643986
73731467176,https://walmart.com/ip/54643983
73731467177,https://walmart.com/ip/54643982
73731467958,https://walmart.com/ip/56093257
73731468069,https://walmart.com/ip/54715902
73731468070,https://walmart.com/ip/54715896
73731468074,https://walmart.com/ip/54715894
73731468075,https://walmart.com/ip/54715892
73731468076,https://walmart.com/ip/54715898
73731468077,https://walmart.com/ip/54715890
73731469281,https://walmart.com/ip/54258242
73731469282,https://walmart.com/ip/54258236
73731469283,https://walmart.com/ip/54258231
73731469284,https://walmart.com/ip/54258230
73731469285,https://walmart.com/ip/56093297
73731469286,https://walmart.com/ip/54258238
73731469287,https://walmart.com/ip/54258226
73731469288,https://walmart.com/ip/54258216
73731469289,https://walmart.com/ip/54258214
73731469290,https://walmart.com/ip/54258213
73731469301,https://walmart.com/ip/54258210
73731469302,https://walmart.com/ip/54258215
73731469303,https://walmart.com/ip/56093296
73731469304,https://walmart.com/ip/54258208
73731469305,https://walmart.com/ip/54258224
73731469306,https://walmart.com/ip/54258220
73731469307,https://walmart.com/ip/54258219
73731469308,https://walmart.com/ip/54258218
73731469309,https://walmart.com/ip/54258222
73731469310,https://walmart.com/ip/54258217
73731469311,https://walmart.com/ip/54258247
73731469312,https://walmart.com/ip/54258245
73731469313,https://walmart.com/ip/54258241
73731469314,https://walmart.com/ip/56093299
73731469315,https://walmart.com/ip/54258239
73731469316,https://walmart.com/ip/54258246
73731469317,https://walmart.com/ip/54258237
73731469450,https://walmart.com/ip/56262282
73731469476,https://walmart.com/ip/56093268
73731469477,https://walmart.com/ip/56093267
73731469478,https://walmart.com/ip/56093266
73731469479,https://walmart.com/ip/56093269
73731469480,https://walmart.com/ip/56262281
73731469481,https://walmart.com/ip/56093215
73731469482,https://walmart.com/ip/56210715
73731469484,https://walmart.com/ip/56093213
73731469485,https://walmart.com/ip/56093212
73731469487,https://walmart.com/ip/56093211
73731469488,https://walmart.com/ip/56093214
73731469489,https://walmart.com/ip/56210714
73731469510,https://walmart.com/ip/56093259
73731469511,https://walmart.com/ip/56210727
73731469512,https://walmart.com/ip/56093255
73731469513,https://walmart.com/ip/56093253
73731469514,https://walmart.com/ip/56093251
73731469515,https://walmart.com/ip/56248160
73731469516,https://walmart.com/ip/56248161
73731469517,https://walmart.com/ip/56248158
73731469518,https://walmart.com/ip/56248157
73731469519,https://walmart.com/ip/56248156
73731469520,https://walmart.com/ip/56248159
73731469521,https://walmart.com/ip/56248155
73731469572,https://walmart.com/ip/56210726
73731469573,https://walmart.com/ip/56093234
73731469574,https://walmart.com/ip/56210721
73731469575,https://walmart.com/ip/56093231
73731469576,https://walmart.com/ip/56093230
73731469594,https://walmart.com/ip/56093229
73731469839,https://walmart.com/ip/54715913
73731469840,https://walmart.com/ip/54715915
73731469841,https://walmart.com/ip/54715909
73731469843,https://walmart.com/ip/54715907
73731469844,https://walmart.com/ip/54715905
73731469845,https://walmart.com/ip/54715911
73731469847,https://walmart.com/ip/54715903
73731469849,https://walmart.com/ip/54715899
73731469851,https://walmart.com/ip/54715901
73731469852,https://walmart.com/ip/54715895
73731470483,https://walmart.com/ip/56210720
73731470492,https://walmart.com/ip/56093265
73731470494,https://walmart.com/ip/56210729
73731470517,https://walmart.com/ip/56093263
73731470519,https://walmart.com/ip/56093262
73731470521,https://walmart.com/ip/56093261
73731470522,https://walmart.com/ip/56093264
73731470523,https://walmart.com/ip/56210728
73731470524,https://walmart.com/ip/56093249
73731470562,https://walmart.com/ip/54934797
73731470564,https://walmart.com/ip/54934784
73731470566,https://walmart.com/ip/54946867
73731470568,https://walmart.com/ip/54946865
73731470569,https://walmart.com/ip/54946864
73731470571,https://walmart.com/ip/54946863
73731470572,https://walmart.com/ip/54946866
73731470573,https://walmart.com/ip/54946862
73731470574,https://walmart.com/ip/54946873
73731470600,https://walmart.com/ip/56093475
73731470601,https://walmart.com/ip/56093469
73731470602,https://walmart.com/ip/56093467
73731470603,https://walmart.com/ip/56093466
73731470604,https://walmart.com/ip/56093471
73731470605,https://walmart.com/ip/56093464
73731470606,https://walmart.com/ip/56093460
73731470622,https://walmart.com/ip/56093462
73731470631,https://walmart.com/ip/56093456
73731470634,https://walmart.com/ip/56093454
73731470635,https://walmart.com/ip/56093452
73731470636,https://walmart.com/ip/50135161
73731470637,https://walmart.com/ip/50135165
73731470639,https://walmart.com/ip/56093458
73731470640,https://walmart.com/ip/50135160
73731470641,https://walmart.com/ip/50134961
73731470665,https://walmart.com/ip/50134811
73731470671,https://walmart.com/ip/56093205
73731470672,https://walmart.com/ip/56210711
73731470673,https://walmart.com/ip/56093203
73731470674,https://walmart.com/ip/56093202
73731470984,https://walmart.com/ip/56093217
73731470985,https://walmart.com/ip/56093216
73731470986,https://walmart.com/ip/56093220
73731470987,https://walmart.com/ip/56210716
73731470988,https://walmart.com/ip/56093270
73731470992,https://walmart.com/ip/56210725
73731470993,https://walmart.com/ip/56093245
73731470994,https://walmart.com/ip/56093243
73731470995,https://walmart.com/ip/56093242
73731470996,https://walmart.com/ip/56093247
73731470997,https://walmart.com/ip/56210724
73731470998,https://walmart.com/ip/56093241
73731471069,https://walmart.com/ip/821051250
73731471168,https://walmart.com/ip/448110305
73731471178,https://walmart.com/ip/151028060
73731471325,https://walmart.com/ip/56210757
73731471326,https://walmart.com/ip/54258212
73731471327,https://walmart.com/ip/54258209
73731471328,https://walmart.com/ip/54258206
73731471329,https://walmart.com/ip/56093338
73731471330,https://walmart.com/ip/56093337
73731471331,https://walmart.com/ip/54258203
73731471332,https://walmart.com/ip/56093336
73731471333,https://walmart.com/ip/54258211
73731471334,https://walmart.com/ip/56093339
73731471335,https://walmart.com/ip/54258201
73731471537,https://walmart.com/ip/56093279
73731471538,https://walmart.com/ip/56210732
73731471539,https://walmart.com/ip/56093295
73731471540,https://walmart.com/ip/56210739
73731471541,https://walmart.com/ip/56093293
73731471542,https://walmart.com/ip/56093292
73731471543,https://walmart.com/ip/56093291
73731471544,https://walmart.com/ip/56093294
73731471545,https://walmart.com/ip/56210738
73731471561,https://walmart.com/ip/56093290
73731471562,https://walmart.com/ip/56210737
73731471565,https://walmart.com/ip/56093288
73731471566,https://walmart.com/ip/56093287
73731471569,https://walmart.com/ip/56093286
73731471573,https://walmart.com/ip/56093289
73731471652,https://walmart.com/ip/56210736
73731471654,https://walmart.com/ip/56093330
73731471656,https://walmart.com/ip/56210753
73731471658,https://walmart.com/ip/56093328
73731471659,https://walmart.com/ip/56093327
73731471660,https://walmart.com/ip/56093326
73731471661,https://walmart.com/ip/56093329
73731471662,https://walmart.com/ip/56210752
73731471663,https://walmart.com/ip/56093325
73731471664,https://walmart.com/ip/56210751
73731471665,https://walmart.com/ip/56093323
73731471666,https://walmart.com/ip/56093322
73731471667,https://walmart.com/ip/56093321
73731471668,https://walmart.com/ip/56093324
73731471669,https://walmart.com/ip/56210750
73731471670,https://walmart.com/ip/56093285
73731471671,https://walmart.com/ip/56210735
73731471672,https://walmart.com/ip/56093283
73731471673,https://walmart.com/ip/56093282
73731471674,https://walmart.com/ip/56093281
73731471675,https://walmart.com/ip/56093284
73731471676,https://walmart.com/ip/56210734
73731471702,https://walmart.com/ip/56093315
73731471703,https://walmart.com/ip/56210747
73731471704,https://walmart.com/ip/56093313
73731471705,https://walmart.com/ip/56093312
73731471706,https://walmart.com/ip/56093311
73731471707,https://walmart.com/ip/56093314
73731471708,https://walmart.com/ip/56210746
73731471709,https://walmart.com/ip/56093300
73731471710,https://walmart.com/ip/56210741
73731471711,https://walmart.com/ip/56093298
73731471749,https://walmart.com/ip/56210758
73731471750,https://walmart.com/ip/56093305
73731471751,https://walmart.com/ip/56210743
73731471752,https://walmart.com/ip/56093303
73731471753,https://walmart.com/ip/56093302
73731471754,https://walmart.com/ip/56093301
73731471757,https://walmart.com/ip/56093304
73731471758,https://walmart.com/ip/56210742
73731471764,https://walmart.com/ip/56248174
73731471767,https://walmart.com/ip/56248175
73731471768,https://walmart.com/ip/56248172
73731471769,https://walmart.com/ip/56248171
73731471770,https://walmart.com/ip/56248170
73731471774,https://walmart.com/ip/56248173
73731471790,https://walmart.com/ip/56248169
73731471791,https://walmart.com/ip/56248181
73731471792,https://walmart.com/ip/56248182
73731471793,https://walmart.com/ip/56248179
73731471794,https://walmart.com/ip/56248178
73731471795,https://walmart.com/ip/56248177
73731471796,https://walmart.com/ip/56248180
73731471797,https://walmart.com/ip/56248176
73731471798,https://walmart.com/ip/56248167
73731471800,https://walmart.com/ip/56248168
73731471801,https://walmart.com/ip/56248165
73731471802,https://walmart.com/ip/56248164
73731471803,https://walmart.com/ip/56248163
73731471804,https://walmart.com/ip/56248166
73731471805,https://walmart.com/ip/56248162
73731471806,https://walmart.com/ip/56248146
73731471807,https://walmart.com/ip/56248147
73731471815,https://walmart.com/ip/56248144
73731471892,https://walmart.com/ip/54934697
73731471893,https://walmart.com/ip/54934777
73731471894,https://walmart.com/ip/54934781
73731471982,https://walmart.com/ip/54258233
73731471983,https://walmart.com/ip/56093308
73731471984,https://walmart.com/ip/54258227
73731471985,https://walmart.com/ip/56093307
73731471986,https://walmart.com/ip/54258225
73731471987,https://walmart.com/ip/56093306
73731471988,https://walmart.com/ip/54258223
73731471989,https://walmart.com/ip/54258228
73731471990,https://walmart.com/ip/54258221
73731471992,https://walmart.com/ip/56093309
73731471999,https://walmart.com/ip/56210744
73731472011,https://walmart.com/ip/178575306
73731472012,https://walmart.com/ip/171757723
73731472013,https://walmart.com/ip/123480749
73731472014,https://walmart.com/ip/159921039
73731472015,https://walmart.com/ip/101978016
73731472016,https://walmart.com/ip/190490617
73731472021,https://walmart.com/ip/56093345
73731472022,https://walmart.com/ip/56210759
73731472024,https://walmart.com/ip/56093342
73731472025,https://walmart.com/ip/56093341
73731472026,https://walmart.com/ip/56093344
73731472170,https://walmart.com/ip/54946871
73731472171,https://walmart.com/ip/54946870
73731472174,https://walmart.com/ip/54946869
73731472180,https://walmart.com/ip/54946872
73731472181,https://walmart.com/ip/54946868
73731472182,https://walmart.com/ip/54934828
73731472184,https://walmart.com/ip/54934829
73731472185,https://walmart.com/ip/54934820
73731472190,https://walmart.com/ip/54934817
73731472191,https://walmart.com/ip/54934814
73731472195,https://walmart.com/ip/54934823
73731472200,https://walmart.com/ip/54934811
73731472210,https://walmart.com/ip/54934844
73731472211,https://walmart.com/ip/54934845
73731472212,https://walmart.com/ip/54934840
73731472213,https://walmart.com/ip/54934839
73731472220,https://walmart.com/ip/54934837
73731472222,https://walmart.com/ip/54934843
73731472224,https://walmart.com/ip/54934834
73731472226,https://walmart.com/ip/54934851
73731472230,https://walmart.com/ip/54934852
73731472278,https://walmart.com/ip/56093201
73731472284,https://walmart.com/ip/56093204
73731472285,https://walmart.com/ip/56210710
73731472286,https://walmart.com/ip/56093210
73731472287,https://walmart.com/ip/56210713
73731472313,https://walmart.com/ip/56093208
73731472314,https://walmart.com/ip/56093207
73731472315,https://walmart.com/ip/56093206
73731472316,https://walmart.com/ip/56093209
73731472317,https://walmart.com/ip/56210712
73731472318,https://walmart.com/ip/56093228
73731472319,https://walmart.com/ip/56210719
73731472320,https://walmart.com/ip/56093225
73731472329,https://walmart.com/ip/56093224
73731472335,https://walmart.com/ip/56093222
73731472336,https://walmart.com/ip/56093226
73731472337,https://walmart.com/ip/56210718
73731472338,https://walmart.com/ip/56093221
73731472339,https://walmart.com/ip/56210717
73731472340,https://walmart.com/ip/56093218
73731472341,https://walmart.com/ip/56248143
73731472342,https://walmart.com/ip/56248142
73731472647,https://walmart.com/ip/50133408
73731472648,https://walmart.com/ip/50133405
73731472651,https://walmart.com/ip/50133404
73731472652,https://walmart.com/ip/50133413
73731472653,https://walmart.com/ip/50133402
73731472654,https://walmart.com/ip/50135168
73731472655,https://walmart.com/ip/56093446
73731472656,https://walmart.com/ip/50135170
73731472657,https://walmart.com/ip/50135164
73731472702,https://walmart.com/ip/50134832
73731472703,https://walmart.com/ip/50134787
73731472704,https://walmart.com/ip/50134800
73731472705,https://walmart.com/ip/56210723
73731472706,https://walmart.com/ip/50134803
73731472707,https://walmart.com/ip/50134794
73731472708,https://walmart.com/ip/56093238
73731472709,https://walmart.com/ip/50134791
73731472710,https://walmart.com/ip/50134788
73731472721,https://walmart.com/ip/50134797
73731472722,https://walmart.com/ip/50134845
73731472723,https://walmart.com/ip/56093237
73731472724,https://walmart.com/ip/50134877
73731472725,https://walmart.com/ip/50134881
73731472726,https://walmart.com/ip/50134868
73731472733,https://walmart.com/ip/50134854
73731472734,https://walmart.com/ip/50134850
73731472735,https://walmart.com/ip/56093235
73731472736,https://walmart.com/ip/50134872
73731472737,https://walmart.com/ip/50134453
73731472738,https://walmart.com/ip/50134465
73731472741,https://walmart.com/ip/56093239
73731472746,https://walmart.com/ip/50134468
73731472747,https://walmart.com/ip/50134460
73731472748,https://walmart.com/ip/56210722
73731472749,https://walmart.com/ip/50134457
73731472750,https://walmart.com/ip/50134455
73731472751,https://walmart.com/ip/50134462
73731472752,https://walmart.com/ip/50134480
73731472753,https://walmart.com/ip/50134482
73731472754,https://walmart.com/ip/50134477
73731472755,https://walmart.com/ip/50134474
73731472756,https://walmart.com/ip/50134472
73731472757,https://walmart.com/ip/50134479
73731472758,https://walmart.com/ip/50134471
73731473081,https://walmart.com/ip/299292809
73731473082,https://walmart.com/ip/618946325
73731473083,https://walmart.com/ip/374384143
73731473084,https://walmart.com/ip/732162914
73731473085,https://walmart.com/ip/585011146
73731473086,https://walmart.com/ip/724367852
73731473087,https://walmart.com/ip/387636836
73731473088,https://walmart.com/ip/564289252
73731473089,https://walmart.com/ip/897251197
73731473090,https://walmart.com/ip/311215511
73731473091,https://walmart.com/ip/522469890
73731473171,https://walmart.com/ip/50133980
73731473172,https://walmart.com/ip/50133994
73731473174,https://walmart.com/ip/890036043
73731473175,https://walmart.com/ip/50133988
73731473176,https://walmart.com/ip/50133986
73731473181,https://walmart.com/ip/50133983
73731473182,https://walmart.com/ip/50133991
73731473183,https://walmart.com/ip/50133966
73731473184,https://walmart.com/ip/50133974
73731473185,https://walmart.com/ip/682377252
73731473186,https://walmart.com/ip/50134011
73731473187,https://walmart.com/ip/50134028
73731473189,https://walmart.com/ip/50134021
73731473190,https://walmart.com/ip/50134018
73731473191,https://walmart.com/ip/655349711
73731473192,https://walmart.com/ip/50134013
73731473193,https://walmart.com/ip/50134024
73731473194,https://walmart.com/ip/50133999
73731473195,https://walmart.com/ip/50134009
73731473197,https://walmart.com/ip/501644074
73731473198,https://walmart.com/ip/50134005
73731473199,https://walmart.com/ip/50134002
73731473200,https://walmart.com/ip/50134001
73731473201,https://walmart.com/ip/50134007
73731473202,https://walmart.com/ip/50134761
73731473203,https://walmart.com/ip/838470475
73731473204,https://walmart.com/ip/50134769
73731473205,https://walmart.com/ip/50134770
73731473206,https://walmart.com/ip/50134765
73731473207,https://walmart.com/ip/50134764
73731473208,https://walmart.com/ip/50134762
73731473209,https://walmart.com/ip/50134767
73731473784,https://walmart.com/ip/438044567
73731473785,https://walmart.com/ip/638163704
73731473786,https://walmart.com/ip/475044980
73731473787,https://walmart.com/ip/403820624
73731473788,https://walmart.com/ip/831019681
73731473789,https://walmart.com/ip/952415292
73731473790,https://walmart.com/ip/435138190
73731473791,https://walmart.com/ip/324664871
73731473792,https://walmart.com/ip/525375192
73731473793,https://walmart.com/ip/261421723
73731473794,https://walmart.com/ip/255647251
73731473795,https://walmart.com/ip/882478580
73731473796,https://walmart.com/ip/204203883
73731473797,https://walmart.com/ip/853231582
73731473885,https://walmart.com/ip/54715914
73731474134,https://walmart.com/ip/56248145
73731474135,https://walmart.com/ip/56248141
73731474136,https://walmart.com/ip/56248153
73731474137,https://walmart.com/ip/56248154
73731474138,https://walmart.com/ip/56248151
73731474139,https://walmart.com/ip/56248150
73731474140,https://walmart.com/ip/56248149
73731474141,https://walmart.com/ip/56248152
73731474142,https://walmart.com/ip/56248148
73731474306,https://walmart.com/ip/54715916
73731474307,https://walmart.com/ip/54715910
73731474308,https://walmart.com/ip/54715908
73731474310,https://walmart.com/ip/54715906
73731474311,https://walmart.com/ip/54715912
73731474312,https://walmart.com/ip/54715904
73731474313,https://walmart.com/ip/54715900
73731474659,https://walmart.com/ip/472448511
73731474673,https://walmart.com/ip/478872133
73731474674,https://walmart.com/ip/614132303
73731474675,https://walmart.com/ip/783037558
73731474676,https://walmart.com/ip/426705547
73731474677,https://walmart.com/ip/341139717
73731474678,https://walmart.com/ip/407545079
73731474751,https://walmart.com/ip/144807766
73731474916,https://walmart.com/ip/703731663
73731474923,https://walmart.com/ip/587281607
73731475029,https://walmart.com/ip/50134948
73731475030,https://walmart.com/ip/50134943
73731475031,https://walmart.com/ip/50134957
73731475032,https://walmart.com/ip/50134937
73731475033,https://walmart.com/ip/435139868
73731475034,https://walmart.com/ip/257884597
73731475036,https://walmart.com/ip/327049462
73731475037,https://walmart.com/ip/526834168
73731475038,https://walmart.com/ip/702845570
73731475039,https://walmart.com/ip/158094107
73731475040,https://walmart.com/ip/922376297
73731475041,https://walmart.com/ip/978384877
73731475137,https://walmart.com/ip/629518340
73731475166,https://walmart.com/ip/50134820
73731475167,https://walmart.com/ip/50135905
73731475168,https://walmart.com/ip/50135888
73731475169,https://walmart.com/ip/50133629
73731475258,https://walmart.com/ip/50134825
73731475332,https://walmart.com/ip/930169345
73731475355,https://walmart.com/ip/50134771
73731475356,https://walmart.com/ip/50134782
73731475357,https://walmart.com/ip/50134784
73731475433,https://walmart.com/ip/238335889
73731475439,https://walmart.com/ip/393270122
73731475440,https://walmart.com/ip/50133971
73731475443,https://walmart.com/ip/50133970
73731475444,https://walmart.com/ip/50133968
73731475445,https://walmart.com/ip/311654717
73731475465,https://walmart.com/ip/50134777
73731475466,https://walmart.com/ip/50134775
73731475467,https://walmart.com/ip/50134773
73731475468,https://walmart.com/ip/50134780
73731475469,https://walmart.com/ip/50134807
73731475470,https://walmart.com/ip/50134837
73731475471,https://walmart.com/ip/50134841
73731475475,https://walmart.com/ip/50135478
73731475476,https://walmart.com/ip/50135481
73731475508,https://walmart.com/ip/50135472
73731475509,https://walmart.com/ip/50135470
73731475510,https://walmart.com/ip/50135467
73731475511,https://walmart.com/ip/50135475
73731475513,https://walmart.com/ip/50135461
73731475514,https://walmart.com/ip/50135909
73731475551,https://walmart.com/ip/56093233
73731475627,https://walmart.com/ip/329614546
73731475628,https://walmart.com/ip/658983448
73731475629,https://walmart.com/ip/900556619
73731475630,https://walmart.com/ip/504746676
73731475631,https://walmart.com/ip/148624221
73731475632,https://walmart.com/ip/262693093
73731475633,https://walmart.com/ip/709422664
73731475634,https://walmart.com/ip/383576483
73731475635,https://walmart.com/ip/881805746
73731475636,https://walmart.com/ip/463841062
73731475637,https://walmart.com/ip/215437086
73731475638,https://walmart.com/ip/328829516
73731475639,https://walmart.com/ip/344301152
73731475640,https://walmart.com/ip/552962738
73731475641,https://walmart.com/ip/936952165
73731475642,https://walmart.com/ip/731899885
73731475643,https://walmart.com/ip/374429567
73731475644,https://walmart.com/ip/415775107
73731475645,https://walmart.com/ip/963021594
73731475646,https://walmart.com/ip/687138571
73731475647,https://walmart.com/ip/664479156
73731475648,https://walmart.com/ip/290035738
73731475649,https://walmart.com/ip/837099681
73731475650,https://walmart.com/ip/837074869
73731475651,https://walmart.com/ip/605010989
73731475652,https://walmart.com/ip/538738746
73731475653,https://walmart.com/ip/865249704
73731475654,https://walmart.com/ip/995844577
73731475655,https://walmart.com/ip/489182234
73731475656,https://walmart.com/ip/371298530
73731475657,https://walmart.com/ip/465016205
73731475658,https://walmart.com/ip/654623906
73731475659,https://walmart.com/ip/809235213
73731475660,https://walmart.com/ip/964129779
73731475661,https://walmart.com/ip/56093448
73731475662,https://walmart.com/ip/56093442
73731475663,https://walmart.com/ip/56093440
73731475664,https://walmart.com/ip/56093438
73731475665,https://walmart.com/ip/56093444
73731475666,https://walmart.com/ip/56093436
73731475667,https://walmart.com/ip/56093432
73731475668,https://walmart.com/ip/56093434
73731475669,https://walmart.com/ip/56093429
73731475670,https://walmart.com/ip/56093427
73731475671,https://walmart.com/ip/56093425
73731475672,https://walmart.com/ip/56093430
73731475673,https://walmart.com/ip/56093424
73731475674,https://walmart.com/ip/56093473
73731475675,https://walmart.com/ip/50135162
73731475708,https://walmart.com/ip/782057952
73731475709,https://walmart.com/ip/572285949
73731475710,https://walmart.com/ip/772734895
73731475713,https://walmart.com/ip/500019348
73731475715,https://walmart.com/ip/494702157
73731475716,https://walmart.com/ip/253068693
73731475717,https://walmart.com/ip/782124806
73731475718,https://walmart.com/ip/811478464
73731475719,https://walmart.com/ip/541738452
73731475721,https://walmart.com/ip/740887392
73731475722,https://walmart.com/ip/149536580
73731475723,https://walmart.com/ip/557572828
73731475724,https://walmart.com/ip/612389853
73731475726,https://walmart.com/ip/754805374
73731475727,https://walmart.com/ip/814360086
73731475728,https://walmart.com/ip/624958147
73731475729,https://walmart.com/ip/733865722
73731475730,https://walmart.com/ip/305436766
73731475731,https://walmart.com/ip/646374241
73731475732,https://walmart.com/ip/990351159
73731475745,https://walmart.com/ip/992540023
73731475746,https://walmart.com/ip/452248639
73731475747,https://walmart.com/ip/113652531
73731475748,https://walmart.com/ip/900239434
73731475749,https://walmart.com/ip/260602907
73731475750,https://walmart.com/ip/385996021
73731475757,https://walmart.com/ip/50133631
73731475758,https://walmart.com/ip/50133624
73731475759,https://walmart.com/ip/50133622
73731475760,https://walmart.com/ip/50133619
73731475767,https://walmart.com/ip/50133627
73731475769,https://walmart.com/ip/50133616
73731475771,https://walmart.com/ip/50134489
73731475773,https://walmart.com/ip/50134490
73731475855,https://walmart.com/ip/50134487
73731475858,https://walmart.com/ip/50134486
73731475865,https://walmart.com/ip/50134485
73731475868,https://walmart.com/ip/50134488
73731475869,https://walmart.com/ip/50134484
73731475873,https://walmart.com/ip/50133416
73731475874,https://walmart.com/ip/50133420
73731475948,https://walmart.com/ip/50135914
73731475951,https://walmart.com/ip/50135902
73731475952,https://walmart.com/ip/50135895
73731475955,https://walmart.com/ip/50135890
73731475972,https://walmart.com/ip/485307230
73731476081,https://walmart.com/ip/796057877
73731476167,https://walmart.com/ip/56093450
73731476168,https://walmart.com/ip/50134966
73731476169,https://walmart.com/ip/50134953
73731476174,https://walmart.com/ip/228885716
73731476175,https://walmart.com/ip/306895166
73731476459,https://walmart.com/ip/56093275
73731476460,https://walmart.com/ip/56210731
73731476461,https://walmart.com/ip/56093273
73731476462,https://walmart.com/ip/56093272
73731476463,https://walmart.com/ip/56093271
73731476464,https://walmart.com/ip/56093274
73731476465,https://walmart.com/ip/56210730
73731476466,https://walmart.com/ip/56093280
73731476467,https://walmart.com/ip/56210733
73731476468,https://walmart.com/ip/56093278
73731476469,https://walmart.com/ip/56093277
73731476470,https://walmart.com/ip/56093276
73731476471,https://walmart.com/ip/56210740
73731476472,https://walmart.com/ip/56093335
73731476473,https://walmart.com/ip/56210755
73731476474,https://walmart.com/ip/56093333
73731476475,https://walmart.com/ip/56093332
73731476476,https://walmart.com/ip/56093331
73731476477,https://walmart.com/ip/56093334
73731476478,https://walmart.com/ip/56210754
73731476479,https://walmart.com/ip/56093320
73731476480,https://walmart.com/ip/56210749
73731476481,https://walmart.com/ip/56093318
73731476482,https://walmart.com/ip/56093317
73731476483,https://walmart.com/ip/56093316
73731476484,https://walmart.com/ip/56093319
73731476494,https://walmart.com/ip/56210748
73731476495,https://walmart.com/ip/56093340
73731476499,https://walmart.com/ip/293247578
73731476500,https://walmart.com/ip/50133976
73731476502,https://walmart.com/ip/360755917
73731476503,https://walmart.com/ip/312433643
73731476504,https://walmart.com/ip/885510798
73731476505,https://walmart.com/ip/359617534
73731476516,https://walmart.com/ip/155624854
73731476518,https://walmart.com/ip/113552411
73731476520,https://walmart.com/ip/122757062
73731476952,https://walmart.com/ip/56210756
73731476953,https://walmart.com/ip/56093310
73731476954,https://walmart.com/ip/56210745
73731477464,https://walmart.com/ip/54934847
73731477489,https://walmart.com/ip/344581249
73731477490,https://walmart.com/ip/510412978
73731477491,https://walmart.com/ip/868076075
73731477492,https://walmart.com/ip/450117104
73731477493,https://walmart.com/ip/212725650
73731477494,https://walmart.com/ip/54934850
73731477495,https://walmart.com/ip/54934846
73731477501,https://walmart.com/ip/512355159
73731477511,https://walmart.com/ip/119798904
73731477512,https://walmart.com/ip/235122429
73731477515,https://walmart.com/ip/573535833
73731477517,https://walmart.com/ip/241952925
73731477529,https://walmart.com/ip/511408065
73731477530,https://walmart.com/ip/975685498
73731477531,https://walmart.com/ip/558403182
73731477532,https://walmart.com/ip/221000303
73731477533,https://walmart.com/ip/104998323
73731477534,https://walmart.com/ip/431760418
73731477535,https://walmart.com/ip/382057269
73731477536,https://walmart.com/ip/907106179
73731477537,https://walmart.com/ip/565699641
73731477565,https://walmart.com/ip/56093417
73731477566,https://walmart.com/ip/898390611
73731477567,https://walmart.com/ip/56093415
73731477568,https://walmart.com/ip/56093416
73731477569,https://walmart.com/ip/56093413
73731477570,https://walmart.com/ip/718369270
73731477571,https://walmart.com/ip/56093412
73731477579,https://walmart.com/ip/56093411
73731477580,https://walmart.com/ip/56093414
73731477581,https://walmart.com/ip/56093410
73731477582,https://walmart.com/ip/56093401
73731477583,https://walmart.com/ip/56093402
73731477584,https://walmart.com/ip/56093399
73731477585,https://walmart.com/ip/56093398
73731477586,https://walmart.com/ip/589421854
73731477587,https://walmart.com/ip/470155771
73731477588,https://walmart.com/ip/486232740
73731477589,https://walmart.com/ip/670180393
73731477590,https://walmart.com/ip/945668775
73731477591,https://walmart.com/ip/882506747
73731477592,https://walmart.com/ip/707155982
73731477611,https://walmart.com/ip/790875626
73731477612,https://walmart.com/ip/823064310
73731477613,https://walmart.com/ip/650147141
73731477614,https://walmart.com/ip/584792236
73731477619,https://walmart.com/ip/902748606
73731477620,https://walmart.com/ip/978293893
73731477621,https://walmart.com/ip/912486086
73731477626,https://walmart.com/ip/735072478
73731477627,https://walmart.com/ip/361091617
73731477628,https://walmart.com/ip/643164448
73731477629,https://walmart.com/ip/128757597
73731477630,https://walmart.com/ip/584153834
73731477707,https://walmart.com/ip/267773041
73731477741,https://walmart.com/ip/100271446
73731477747,https://walmart.com/ip/667132022
73731477754,https://walmart.com/ip/415965255
73731477760,https://walmart.com/ip/552821303
73731477761,https://walmart.com/ip/420789664
73731477771,https://walmart.com/ip/686332857
73731477773,https://walmart.com/ip/734429516
73731477775,https://walmart.com/ip/493164142
73731477781,https://walmart.com/ip/875853084
73731477796,https://walmart.com/ip/204017518
73731477797,https://walmart.com/ip/364943460
73731477798,https://walmart.com/ip/728809584
73731477799,https://walmart.com/ip/964029249
73731477800,https://walmart.com/ip/676587690
73731477801,https://walmart.com/ip/578822805
73731477802,https://walmart.com/ip/839883346
73731477803,https://walmart.com/ip/287875355
73731477804,https://walmart.com/ip/292708043
73731477805,https://walmart.com/ip/829442372
73731477806,https://walmart.com/ip/965023348
73731477807,https://walmart.com/ip/731982075
73731477808,https://walmart.com/ip/538344369
73731477809,https://walmart.com/ip/757054721
73731477810,https://walmart.com/ip/128828542
73731477811,https://walmart.com/ip/345747097
73731477812,https://walmart.com/ip/517944946
73731477813,https://walmart.com/ip/281187273
73731477814,https://walmart.com/ip/182393289
73731477815,https://walmart.com/ip/525995133
73731477816,https://walmart.com/ip/588853284
73731477817,https://walmart.com/ip/433010896
73731477818,https://walmart.com/ip/708362432
73731477819,https://walmart.com/ip/731517234
73731477820,https://walmart.com/ip/103880572
73731477821,https://walmart.com/ip/821641970
73731477822,https://walmart.com/ip/356012690
73731477832,https://walmart.com/ip/448100396
73731477833,https://walmart.com/ip/874513148
73731477834,https://walmart.com/ip/337308709
73731477835,https://walmart.com/ip/349485678
73731477836,https://walmart.com/ip/549427557
73731477837,https://walmart.com/ip/133175865
73731477838,https://walmart.com/ip/238424333
73731477848,https://walmart.com/ip/738289453
73731477849,https://walmart.com/ip/279624367
73731477850,https://walmart.com/ip/859154817
73731477851,https://walmart.com/ip/197446940
73731477852,https://walmart.com/ip/642819348
73731477853,https://walmart.com/ip/787142782
73731477854,https://walmart.com/ip/633097875
73731477855,https://walmart.com/ip/718400446
73731477856,https://walmart.com/ip/258775895
73731477857,https://walmart.com/ip/517649434
73731477858,https://walmart.com/ip/937460757
73731477859,https://walmart.com/ip/861657661
73731477860,https://walmart.com/ip/122486378
73731477862,https://walmart.com/ip/184092686
73731477863,https://walmart.com/ip/906301068
73731477864,https://walmart.com/ip/803038249
73731477865,https://walmart.com/ip/546765423
73731477866,https://walmart.com/ip/905611811
73731477867,https://walmart.com/ip/977670446
73731477868,https://walmart.com/ip/945062324
73731477869,https://walmart.com/ip/767789552
73731477870,https://walmart.com/ip/167593645
73731477871,https://walmart.com/ip/551720165
73731477872,https://walmart.com/ip/976281551
73731477873,https://walmart.com/ip/258455769
73731477874,https://walmart.com/ip/362778153
73731477875,https://walmart.com/ip/940934582
73731477876,https://walmart.com/ip/325565202
73731477877,https://walmart.com/ip/953512195
73731477878,https://walmart.com/ip/429383820
73731477976,https://walmart.com/ip/54934766
73731477983,https://walmart.com/ip/54934763
73731477989,https://walmart.com/ip/54934760
73731478021,https://walmart.com/ip/54934776
73731478022,https://walmart.com/ip/54934753
73731478023,https://walmart.com/ip/54934698
73731478024,https://walmart.com/ip/54934707
73731478031,https://walmart.com/ip/54934689
73731478032,https://walmart.com/ip/54934686
73731478033,https://walmart.com/ip/54934684
73731478034,https://walmart.com/ip/54934694
73731478041,https://walmart.com/ip/54934683
73731478042,https://walmart.com/ip/54934780
73731478043,https://walmart.com/ip/54934769
73731478070,https://walmart.com/ip/291549491
73731478071,https://walmart.com/ip/996082713
73731478072,https://walmart.com/ip/895329080
73731478073,https://walmart.com/ip/422380471
73731478074,https://walmart.com/ip/288231898
73731478076,https://walmart.com/ip/480430796
73731478077,https://walmart.com/ip/331632340
73731478078,https://walmart.com/ip/762010704
73731478081,https://walmart.com/ip/976342663
73731478082,https://walmart.com/ip/201439924
73731478084,https://walmart.com/ip/841549981
73731478088,https://walmart.com/ip/709484160
73731478091,https://walmart.com/ip/266627285
73731478095,https://walmart.com/ip/673021761
73731478096,https://walmart.com/ip/429002581
73731478097,https://walmart.com/ip/461765667
73731478098,https://walmart.com/ip/141022337
73731478100,https://walmart.com/ip/370434816
73731478101,https://walmart.com/ip/832440628
73731478103,https://walmart.com/ip/104624746
73731478104,https://walmart.com/ip/591760228
73731478117,https://walmart.com/ip/777858354
73731478118,https://walmart.com/ip/222654499
73731478119,https://walmart.com/ip/390811284
73731478120,https://walmart.com/ip/697773996
73731478121,https://walmart.com/ip/599356755
73731478122,https://walmart.com/ip/310362582
73731478123,https://walmart.com/ip/198012873
73731478124,https://walmart.com/ip/830373055
73731478125,https://walmart.com/ip/440360091
73731478129,https://walmart.com/ip/465181845
73731478130,https://walmart.com/ip/729057500
73731478131,https://walmart.com/ip/782835135
73731478132,https://walmart.com/ip/518707239
73731478133,https://walmart.com/ip/324981538
73731478134,https://walmart.com/ip/772284991
73731478135,https://walmart.com/ip/914551971
73731478136,https://walmart.com/ip/484795893
73731478137,https://walmart.com/ip/482843075
73731478138,https://walmart.com/ip/748312897
73731478139,https://walmart.com/ip/300038672
73731478140,https://walmart.com/ip/647349208
73731478141,https://walmart.com/ip/271366159
73731478142,https://walmart.com/ip/614212553
73731478143,https://walmart.com/ip/472891896
73731478144,https://walmart.com/ip/589586807
73731478145,https://walmart.com/ip/546219519
73731478146,https://walmart.com/ip/157782400
73731478158,https://walmart.com/ip/56093397
73731478165,https://walmart.com/ip/56093400
73731478192,https://walmart.com/ip/559229855
73731478205,https://walmart.com/ip/298582760
73731478206,https://walmart.com/ip/235380383
73731478207,https://walmart.com/ip/316504251
73731478208,https://walmart.com/ip/441535922
73731478209,https://walmart.com/ip/523015438
73731478210,https://walmart.com/ip/693523762
73731478211,https://walmart.com/ip/186931679
73731478212,https://walmart.com/ip/136022947
73731478213,https://walmart.com/ip/168819401
73731478284,https://walmart.com/ip/11081653
73731478285,https://walmart.com/ip/11081632
73731478286,https://walmart.com/ip/11081654
73731478287,https://walmart.com/ip/11081634
73731478288,https://walmart.com/ip/11081635
73731478329,https://walmart.com/ip/383732028
73731478398,https://walmart.com/ip/11081633
73731478441,https://walmart.com/ip/54934715
73731478442,https://walmart.com/ip/54934719
73731478443,https://walmart.com/ip/689361883
73731478444,https://walmart.com/ip/54934709
73731478445,https://walmart.com/ip/54934704
73731478446,https://walmart.com/ip/54934700
73731478447,https://walmart.com/ip/54934712
73731478448,https://walmart.com/ip/54934695
73731478449,https://walmart.com/ip/54934765
73731478450,https://walmart.com/ip/54934775
73731478451,https://walmart.com/ip/54934759
73731478452,https://walmart.com/ip/54934756
73731478453,https://walmart.com/ip/54934749
73731478454,https://walmart.com/ip/54934764
73731478455,https://walmart.com/ip/54934743
73731478456,https://walmart.com/ip/54952188
73731478457,https://walmart.com/ip/54952189
73731478458,https://walmart.com/ip/54949788
73731478459,https://walmart.com/ip/54949787
73731478460,https://walmart.com/ip/54949786
73731478461,https://walmart.com/ip/54952187
73731478462,https://walmart.com/ip/54949785
73731478463,https://walmart.com/ip/54934720
73731478464,https://walmart.com/ip/54934722
73731478465,https://walmart.com/ip/54934711
73731478466,https://walmart.com/ip/54934708
73731478467,https://walmart.com/ip/54934701
73731478468,https://walmart.com/ip/54934717
73731478485,https://walmart.com/ip/387914952
73731478486,https://walmart.com/ip/901096529
73731478487,https://walmart.com/ip/498138091
73731478488,https://walmart.com/ip/779668777
73731478489,https://walmart.com/ip/833243238
73731478490,https://walmart.com/ip/201135949
73731478491,https://walmart.com/ip/746015247
73731478492,https://walmart.com/ip/907601016
73731478493,https://walmart.com/ip/106670667
73731478527,https://walmart.com/ip/544014895
73731478528,https://walmart.com/ip/670470712
73731478529,https://walmart.com/ip/935308573
73731478530,https://walmart.com/ip/420039467
73731478531,https://walmart.com/ip/415607008
73731478532,https://walmart.com/ip/360240610
73731478533,https://walmart.com/ip/457351616
73731478541,https://walmart.com/ip/210747553
73731478543,https://walmart.com/ip/645647466
73731478544,https://walmart.com/ip/511646835
73731478545,https://walmart.com/ip/130125403
73731478547,https://walmart.com/ip/223174128
73731478650,https://walmart.com/ip/293518341
73731478651,https://walmart.com/ip/297477955
73731478652,https://walmart.com/ip/190168812
73731478653,https://walmart.com/ip/397753170
73731478654,https://walmart.com/ip/943147922
73731478655,https://walmart.com/ip/173583119
73731478656,https://walmart.com/ip/684519411
73731478665,https://walmart.com/ip/124527617
73731478672,https://walmart.com/ip/184753783
73731478680,https://walmart.com/ip/211345868
73731478681,https://walmart.com/ip/933180019
73731478682,https://walmart.com/ip/606471328
73731478685,https://walmart.com/ip/419696887
73731478699,https://walmart.com/ip/670111342
73731478703,https://walmart.com/ip/124980285
73731478704,https://walmart.com/ip/529546133
73731478705,https://walmart.com/ip/663888907
73731478706,https://walmart.com/ip/734726207
73731478707,https://walmart.com/ip/239962856
73731478708,https://walmart.com/ip/217375730
73731478709,https://walmart.com/ip/625186694
73731478710,https://walmart.com/ip/370666434
73731478729,https://walmart.com/ip/532004211
73731478730,https://walmart.com/ip/839200270
73731478731,https://walmart.com/ip/332125122
73731478732,https://walmart.com/ip/179208428
73731478733,https://walmart.com/ip/366081238
73731478734,https://walmart.com/ip/388872819
73731478735,https://walmart.com/ip/526818204
73731478736,https://walmart.com/ip/985543252
73731478743,https://walmart.com/ip/918170376
73731478744,https://walmart.com/ip/758721455
73731478745,https://walmart.com/ip/978173073
73731478746,https://walmart.com/ip/720232093
73731478747,https://walmart.com/ip/886516699
73731478748,https://walmart.com/ip/705095469
73731478749,https://walmart.com/ip/795839441
73731478759,https://walmart.com/ip/196142915
73731478760,https://walmart.com/ip/447109751
73731478761,https://walmart.com/ip/503370326
73731478762,https://walmart.com/ip/393426049
73731478763,https://walmart.com/ip/288536788
73731478764,https://walmart.com/ip/330400048
73731478765,https://walmart.com/ip/127174431
73731478775,https://walmart.com/ip/898413294
73731478844,https://walmart.com/ip/916411172
73731478845,https://walmart.com/ip/733643179
73731478846,https://walmart.com/ip/659602197
73731478847,https://walmart.com/ip/198247581
73731478848,https://walmart.com/ip/239753712
73731478849,https://walmart.com/ip/223324452
73731478850,https://walmart.com/ip/720600440
73731478851,https://walmart.com/ip/666975024
73731478852,https://walmart.com/ip/502649448
73731478853,https://walmart.com/ip/313589940
73731478854,https://walmart.com/ip/244663259
73731478855,https://walmart.com/ip/992415104
73731478856,https://walmart.com/ip/624651157
73731478857,https://walmart.com/ip/560240309
73731478884,https://walmart.com/ip/484539611
73731478885,https://walmart.com/ip/596169868
73731478886,https://walmart.com/ip/400182447
73731478887,https://walmart.com/ip/293820201
73731478888,https://walmart.com/ip/517797731
73731478889,https://walmart.com/ip/456792232
73731478890,https://walmart.com/ip/346876457
73731478891,https://walmart.com/ip/365986325
73731478892,https://walmart.com/ip/711677711
73731478893,https://walmart.com/ip/371676809
73731478894,https://walmart.com/ip/472289902
73731478895,https://walmart.com/ip/785028784
73731478896,https://walmart.com/ip/671858858
73731478897,https://walmart.com/ip/100654668
73731478898,https://walmart.com/ip/783605586
73731478899,https://walmart.com/ip/920697129
73731478910,https://walmart.com/ip/459089032
73731478912,https://walmart.com/ip/491151071
73731478948,https://walmart.com/ip/757781049
73731478950,https://walmart.com/ip/205296424
73731478952,https://walmart.com/ip/234844517
73731478979,https://walmart.com/ip/794847547
73731479008,https://walmart.com/ip/466391779
73731479009,https://walmart.com/ip/503234832
73731479010,https://walmart.com/ip/284734520
73731479011,https://walmart.com/ip/873140421
73731479012,https://walmart.com/ip/359570146
73731479013,https://walmart.com/ip/243537218
73731479014,https://walmart.com/ip/741076852
73731479015,https://walmart.com/ip/688487324
73731479016,https://walmart.com/ip/732970902
73731479017,https://walmart.com/ip/844442474
73731479018,https://walmart.com/ip/676790731
73731479019,https://walmart.com/ip/475939076
73731479020,https://walmart.com/ip/244053819
73731479021,https://walmart.com/ip/158974572
73731479022,https://walmart.com/ip/148884888
73731479477,https://walmart.com/ip/603451862
73731479494,https://walmart.com/ip/176603332
73731479528,https://walmart.com/ip/399342159
73731479529,https://walmart.com/ip/244625392
73731479530,https://walmart.com/ip/655791154
73731479531,https://walmart.com/ip/651084278
73731479533,https://walmart.com/ip/505505714
73731479536,https://walmart.com/ip/974993024
73731479537,https://walmart.com/ip/875800667
73731480523,https://walmart.com/ip/555100487
73731480538,https://walmart.com/ip/360313828
73731480539,https://walmart.com/ip/385741692
73731480540,https://walmart.com/ip/709059301
73731481118,https://walmart.com/ip/210059577
73731481119,https://walmart.com/ip/863566869
73731481120,https://walmart.com/ip/599604237
73731481122,https://walmart.com/ip/279911953
73731481123,https://walmart.com/ip/786236787
73731481126,https://walmart.com/ip/395311571
73731481127,https://walmart.com/ip/313181769
73731481128,https://walmart.com/ip/615976129
73731481130,https://walmart.com/ip/910734810
73731481131,https://walmart.com/ip/914526848
73731481132,https://walmart.com/ip/755274294
73731481224,https://walmart.com/ip/511998228
73731481225,https://walmart.com/ip/485712934
73731481363,https://walmart.com/ip/933478741
73731481364,https://walmart.com/ip/884028350
73731481365,https://walmart.com/ip/710384565
73731481368,https://walmart.com/ip/971303035
73731481369,https://walmart.com/ip/393847343
73731481370,https://walmart.com/ip/948139596
73731481371,https://walmart.com/ip/816054777
73731481379,https://walmart.com/ip/927692165
73731481381,https://walmart.com/ip/862435094
73731481382,https://walmart.com/ip/526014753
73731481383,https://walmart.com/ip/634056620
73731481384,https://walmart.com/ip/638446054
73731481386,https://walmart.com/ip/829693593
73731481387,https://walmart.com/ip/149036261
73731481388,https://walmart.com/ip/812645684
73731481389,https://walmart.com/ip/780005351
73731481390,https://walmart.com/ip/725079544
73731481391,https://walmart.com/ip/849196435
73731481392,https://walmart.com/ip/529476751
73731481393,https://walmart.com/ip/616970245
73731481440,https://walmart.com/ip/963619890
73731481441,https://walmart.com/ip/568192353
73731481442,https://walmart.com/ip/872970674
73731481443,https://walmart.com/ip/761950422
73731481449,https://walmart.com/ip/996577427
73731481450,https://walmart.com/ip/288170972
73731481451,https://walmart.com/ip/585754867
73731481452,https://walmart.com/ip/507344285
73731481457,https://walmart.com/ip/597871073
73731481458,https://walmart.com/ip/476622526
73731481459,https://walmart.com/ip/877208957
73731481460,https://walmart.com/ip/535693092
73731481478,https://walmart.com/ip/818529449
73731481479,https://walmart.com/ip/615710168
73731481485,https://walmart.com/ip/942520080
73731481492,https://walmart.com/ip/455169532
73731481817,https://walmart.com/ip/739444459
73731481818,https://walmart.com/ip/311808079
73731481819,https://walmart.com/ip/379867971
73731481820,https://walmart.com/ip/543022438
73731481821,https://walmart.com/ip/963034401
73731481822,https://walmart.com/ip/603130788
73731481823,https://walmart.com/ip/496184764
73731481824,https://walmart.com/ip/435303606
73731481826,https://walmart.com/ip/673880865
73731481850,https://walmart.com/ip/402071486
73731481851,https://walmart.com/ip/262159125
73731481852,https://walmart.com/ip/980477924
73731481853,https://walmart.com/ip/509503786
73731481854,https://walmart.com/ip/763635014
73731481855,https://walmart.com/ip/965725860
73731481856,https://walmart.com/ip/524915509
73731481857,https://walmart.com/ip/364497304
73731481858,https://walmart.com/ip/682877442
73731481859,https://walmart.com/ip/637764675
73731481860,https://walmart.com/ip/594621254
73731481861,https://walmart.com/ip/495745767
73731481862,https://walmart.com/ip/353579764
73731481863,https://walmart.com/ip/498002882
73731481864,https://walmart.com/ip/617028801
73731481865,https://walmart.com/ip/504514745
73731481866,https://walmart.com/ip/110110064
73731481867,https://walmart.com/ip/436487225
73731481886,https://walmart.com/ip/466174255
73731481887,https://walmart.com/ip/729153022
73731481888,https://walmart.com/ip/742792421
73731481889,https://walmart.com/ip/380206724
73731481890,https://walmart.com/ip/305613836
73731481891,https://walmart.com/ip/851301680
73731481892,https://walmart.com/ip/269782345
73731481893,https://walmart.com/ip/749013307
73731481894,https://walmart.com/ip/321087974
73731481895,https://walmart.com/ip/926874942
73731481896,https://walmart.com/ip/566759763
73731481897,https://walmart.com/ip/600268269
73731481898,https://walmart.com/ip/494806214
73731481899,https://walmart.com/ip/573690139
73731481900,https://walmart.com/ip/240042335
73731481901,https://walmart.com/ip/431259962
73731481902,https://walmart.com/ip/852793857
73731481903,https://walmart.com/ip/555452914
73731481904,https://walmart.com/ip/241804597
73731481905,https://walmart.com/ip/763921590
73731481907,https://walmart.com/ip/730698141
73731481908,https://walmart.com/ip/560259929
73731481909,https://walmart.com/ip/622195791
73731481911,https://walmart.com/ip/912785912
73731481912,https://walmart.com/ip/435175837
73731481913,https://walmart.com/ip/265706988
73731481914,https://walmart.com/ip/681006103
73731481915,https://walmart.com/ip/752270380
73731481916,https://walmart.com/ip/300936115
73731481918,https://walmart.com/ip/386785846
73731481920,https://walmart.com/ip/584935547
73731481921,https://walmart.com/ip/801015135
73731481931,https://walmart.com/ip/222037797
73731481932,https://walmart.com/ip/718543401
73731481933,https://walmart.com/ip/380253240
73731481934,https://walmart.com/ip/462289520
73731481936,https://walmart.com/ip/327603503
73731481937,https://walmart.com/ip/166595912
73731481938,https://walmart.com/ip/145374769
73731481939,https://walmart.com/ip/659658561
73731481940,https://walmart.com/ip/436291436
73731481944,https://walmart.com/ip/271069127
73731481947,https://walmart.com/ip/418379374
73731482389,https://walmart.com/ip/975250307
73731482390,https://walmart.com/ip/223876223
73731482393,https://walmart.com/ip/747135472
73731482401,https://walmart.com/ip/137633599
73731482402,https://walmart.com/ip/547744463
73731482403,https://walmart.com/ip/544374645
73731482418,https://walmart.com/ip/545669229
73731482419,https://walmart.com/ip/754309382
73731482420,https://walmart.com/ip/658273137
73731482432,https://walmart.com/ip/286412788
73731482433,https://walmart.com/ip/727163844
73731482434,https://walmart.com/ip/524089909
73731482435,https://walmart.com/ip/615488641
73731482436,https://walmart.com/ip/918434819
73731482437,https://walmart.com/ip/869498342
73731482438,https://walmart.com/ip/348358711
73731482439,https://walmart.com/ip/778065204
73731482440,https://walmart.com/ip/700737256
73731482441,https://walmart.com/ip/853973629
73731482443,https://walmart.com/ip/781246309
73731482444,https://walmart.com/ip/789593509
73731482445,https://walmart.com/ip/657000897
73731482446,https://walmart.com/ip/147772815
73731482447,https://walmart.com/ip/862751259
73731482448,https://walmart.com/ip/491695235
73731482449,https://walmart.com/ip/348568053
73731482451,https://walmart.com/ip/54934762
73731482459,https://walmart.com/ip/54934849
73731482460,https://walmart.com/ip/54934848
73731482501,https://walmart.com/ip/159139729
73731482502,https://walmart.com/ip/700918920
73731482521,https://walmart.com/ip/346546747
73731482522,https://walmart.com/ip/857820747
73731482523,https://walmart.com/ip/491258289
73731482524,https://walmart.com/ip/162523601
73731482525,https://walmart.com/ip/413835025
73731482526,https://walmart.com/ip/632344062
73731482527,https://walmart.com/ip/634238046
73731482528,https://walmart.com/ip/871450817
73731482529,https://walmart.com/ip/939924528
73731482530,https://walmart.com/ip/853441937
73731482531,https://walmart.com/ip/993797039
73731482532,https://walmart.com/ip/248905154
73731482533,https://walmart.com/ip/123608323
73731482534,https://walmart.com/ip/117401962
73731482546,https://walmart.com/ip/945687313
73731482548,https://walmart.com/ip/487805429
73731482550,https://walmart.com/ip/422249008
73731482551,https://walmart.com/ip/538366564
73731482552,https://walmart.com/ip/498766781
73731482558,https://walmart.com/ip/978767305
73731482559,https://walmart.com/ip/451690644
73731482560,https://walmart.com/ip/336832862
73731482561,https://walmart.com/ip/223813093
73731482562,https://walmart.com/ip/961594600
73731482563,https://walmart.com/ip/493005345
73731482564,https://walmart.com/ip/959149152
73731482565,https://walmart.com/ip/408780720
73731482566,https://walmart.com/ip/561356191
73731482567,https://walmart.com/ip/871290683
73731482568,https://walmart.com/ip/267275592
73731482569,https://walmart.com/ip/882210923
73731482570,https://walmart.com/ip/895732516
73731482572,https://walmart.com/ip/501608098
73731482573,https://walmart.com/ip/815544572
73731482574,https://walmart.com/ip/589418256
73731482575,https://walmart.com/ip/977230368
73731482576,https://walmart.com/ip/535359576
73731482577,https://walmart.com/ip/247174364
73731482578,https://walmart.com/ip/250303258
73731482579,https://walmart.com/ip/941359785
73731482580,https://walmart.com/ip/144976814
73731482617,https://walmart.com/ip/719133420
73731482647,https://walmart.com/ip/151947259
73731482648,https://walmart.com/ip/401143006
73731482684,https://walmart.com/ip/874782898
73731482718,https://walmart.com/ip/403959473
73731482720,https://walmart.com/ip/948188143
73731482721,https://walmart.com/ip/768108368
73731482722,https://walmart.com/ip/306907031
73731482728,https://walmart.com/ip/559642129
73731482729,https://walmart.com/ip/805302533
73731482730,https://walmart.com/ip/851285903
73731482731,https://walmart.com/ip/495638165
73731482732,https://walmart.com/ip/857513130
73731482733,https://walmart.com/ip/307938465
73731482734,https://walmart.com/ip/522034692
73731482735,https://walmart.com/ip/246097504
73731482736,https://walmart.com/ip/727300020
73731482776,https://walmart.com/ip/222069203
73731482777,https://walmart.com/ip/324733795
73731482778,https://walmart.com/ip/623063662
73731482779,https://walmart.com/ip/162062178
73731482781,https://walmart.com/ip/450481323
73731482782,https://walmart.com/ip/894726634
73731482783,https://walmart.com/ip/860068441
73731482784,https://walmart.com/ip/980192588
73731482785,https://walmart.com/ip/518764578
73731482786,https://walmart.com/ip/246333584
73731482787,https://walmart.com/ip/725344226
73731482788,https://walmart.com/ip/246244506
73731482789,https://walmart.com/ip/415562542
73731482790,https://walmart.com/ip/335855094
73731482791,https://walmart.com/ip/893805019
73731482830,https://walmart.com/ip/670074327
73731482831,https://walmart.com/ip/734490535
73731482832,https://walmart.com/ip/434358525
73731482833,https://walmart.com/ip/377513292
73731482834,https://walmart.com/ip/274389622
73731482835,https://walmart.com/ip/389966593
73731482836,https://walmart.com/ip/845282434
73731482837,https://walmart.com/ip/436725112
73731482933,https://walmart.com/ip/111204992
73731482934,https://walmart.com/ip/109842830
73731482935,https://walmart.com/ip/136392253
73731482936,https://walmart.com/ip/114320483
73731482937,https://walmart.com/ip/552250324
73731482938,https://walmart.com/ip/910994622
73731482946,https://walmart.com/ip/379707487
73731482947,https://walmart.com/ip/931150625
73731482948,https://walmart.com/ip/563767277
73731482949,https://walmart.com/ip/426339926
73731482950,https://walmart.com/ip/909066500
73731482951,https://walmart.com/ip/665008849
73731482952,https://walmart.com/ip/521098113
73731482953,https://walmart.com/ip/959802030
73731482954,https://walmart.com/ip/152497928
73731482955,https://walmart.com/ip/148913293
73731482956,https://walmart.com/ip/227874891
73731482957,https://walmart.com/ip/901138722
73731482958,https://walmart.com/ip/970301243
73731483034,https://walmart.com/ip/801457740
73731483035,https://walmart.com/ip/341087467
73731483036,https://walmart.com/ip/326594807
73731483037,https://walmart.com/ip/516750875
73731483038,https://walmart.com/ip/155726163
73731483039,https://walmart.com/ip/481359914
73731483040,https://walmart.com/ip/595132090
73731483041,https://walmart.com/ip/778363113
73731483168,https://walmart.com/ip/122103377
73731483169,https://walmart.com/ip/219398631
73731483170,https://walmart.com/ip/280003733
73731483171,https://walmart.com/ip/996601516
73731483172,https://walmart.com/ip/583778593
73731483173,https://walmart.com/ip/879740949
73731483174,https://walmart.com/ip/100282425
73731483175,https://walmart.com/ip/472419255
73731483176,https://walmart.com/ip/250731372
73731483177,https://walmart.com/ip/641697811
73731483178,https://walmart.com/ip/262016124
73731483179,https://walmart.com/ip/378543344
73731483180,https://walmart.com/ip/594882902
73731483181,https://walmart.com/ip/919412733
73731483182,https://walmart.com/ip/317546510
73731483183,https://walmart.com/ip/880285058
73731483184,https://walmart.com/ip/288225463
73731483308,https://walmart.com/ip/596645663
73731483310,https://walmart.com/ip/639795768
73731483311,https://walmart.com/ip/220412390
73731483312,https://walmart.com/ip/457250876
73731483313,https://walmart.com/ip/510507737
73731483314,https://walmart.com/ip/133872987
73731483315,https://walmart.com/ip/850114140
73731483386,https://walmart.com/ip/659854700
73731483387,https://walmart.com/ip/509916477
73731483403,https://walmart.com/ip/477717599
73731483404,https://walmart.com/ip/295261312
73731483405,https://walmart.com/ip/484012155
73731483406,https://walmart.com/ip/871871226
73731483407,https://walmart.com/ip/438048712
73731483408,https://walmart.com/ip/567281005
73731483409,https://walmart.com/ip/401176769
73731483410,https://walmart.com/ip/816449270
73731483411,https://walmart.com/ip/571448248
73731483412,https://walmart.com/ip/755714026
73731483413,https://walmart.com/ip/930832932
73731483414,https://walmart.com/ip/463080208
73731483437,https://walmart.com/ip/602879244
73731483509,https://walmart.com/ip/730638168
73731483510,https://walmart.com/ip/403291210
73731483511,https://walmart.com/ip/504678932
73731483512,https://walmart.com/ip/429799000
73731483519,https://walmart.com/ip/566763156
73731483520,https://walmart.com/ip/924317452
73731483521,https://walmart.com/ip/536205857
73731483522,https://walmart.com/ip/525693134
73731483525,https://walmart.com/ip/927729753
73731483526,https://walmart.com/ip/507249833
73731483527,https://walmart.com/ip/380547938
73731483528,https://walmart.com/ip/353736868
73731483529,https://walmart.com/ip/891085718
73731483530,https://walmart.com/ip/734090324
73731483531,https://walmart.com/ip/815702689
73731483532,https://walmart.com/ip/838393290
73731483533,https://walmart.com/ip/923877615
73731483535,https://walmart.com/ip/356591714
73731483536,https://walmart.com/ip/959855955
73731483537,https://walmart.com/ip/180271851
73731483538,https://walmart.com/ip/646421071
73731483540,https://walmart.com/ip/728929881
73731483541,https://walmart.com/ip/470967574
73731483542,https://walmart.com/ip/950478574
73731483543,https://walmart.com/ip/129652063
73731483544,https://walmart.com/ip/733273581
73731483564,https://walmart.com/ip/201313580
73731483565,https://walmart.com/ip/967526500
73731483566,https://walmart.com/ip/415177724
73731483567,https://walmart.com/ip/633053066
73731483568,https://walmart.com/ip/693725662
73731483569,https://walmart.com/ip/155292815
73731483570,https://walmart.com/ip/363960577
73731483597,https://walmart.com/ip/902900390
73731483599,https://walmart.com/ip/373909046
73731483601,https://walmart.com/ip/625001837
73731483602,https://walmart.com/ip/204768146
73731483603,https://walmart.com/ip/452970515
73731483672,https://walmart.com/ip/832993692
73731483673,https://walmart.com/ip/717059649
73731483674,https://walmart.com/ip/247770568
73731483675,https://walmart.com/ip/985415580
73731483676,https://walmart.com/ip/790097294
73731483677,https://walmart.com/ip/274287432
73731483678,https://walmart.com/ip/685812375
73731483679,https://walmart.com/ip/244995761
73731483680,https://walmart.com/ip/118972847
73731483682,https://walmart.com/ip/663468959
73731483683,https://walmart.com/ip/516827906
73731483684,https://walmart.com/ip/353410077
73731483685,https://walmart.com/ip/182084282
73731483686,https://walmart.com/ip/499480853
73731483687,https://walmart.com/ip/123025187
73731483689,https://walmart.com/ip/355410566
73731483691,https://walmart.com/ip/456486580
73731483692,https://walmart.com/ip/266333534
73731483839,https://walmart.com/ip/54934754
73731483840,https://walmart.com/ip/54934772
73731483841,https://walmart.com/ip/54934752
73731483849,https://walmart.com/ip/54934801
73731483850,https://walmart.com/ip/54934795
73731483851,https://walmart.com/ip/54934789
73731483861,https://walmart.com/ip/54934785
73731484055,https://walmart.com/ip/632203004
73731484056,https://walmart.com/ip/306595621
73731484059,https://walmart.com/ip/117688177
73731484060,https://walmart.com/ip/723567251
73731484061,https://walmart.com/ip/715539558
73731484069,https://walmart.com/ip/450547020
73731484148,https://walmart.com/ip/674180469
73731484164,https://walmart.com/ip/976912520
73731484177,https://walmart.com/ip/571056673
73731484178,https://walmart.com/ip/314962623
73731484179,https://walmart.com/ip/542091051
73731484180,https://walmart.com/ip/336006290
73731484181,https://walmart.com/ip/304844247
73731484182,https://walmart.com/ip/566642380
73731484183,https://walmart.com/ip/628212860
73731484184,https://walmart.com/ip/776902632
73731484185,https://walmart.com/ip/243189349
73731484186,https://walmart.com/ip/817264341
73731484188,https://walmart.com/ip/662540898
73731484189,https://walmart.com/ip/293655571
73731484190,https://walmart.com/ip/736331344
73731484191,https://walmart.com/ip/323718478
73731484192,https://walmart.com/ip/664506205
73731484193,https://walmart.com/ip/750306121
73731484194,https://walmart.com/ip/592442265
73731484198,https://walmart.com/ip/607502529
73731484199,https://walmart.com/ip/886598268
73731484200,https://walmart.com/ip/972927679
73731484201,https://walmart.com/ip/568868572
73731484202,https://walmart.com/ip/832402133
73731484203,https://walmart.com/ip/647312710
73731484204,https://walmart.com/ip/162487202
73731484216,https://walmart.com/ip/156393839
73731484218,https://walmart.com/ip/336554341
73731484232,https://walmart.com/ip/765595788
73731484233,https://walmart.com/ip/789568673
73731484234,https://walmart.com/ip/503216894
73731484235,https://walmart.com/ip/728612880
73731484236,https://walmart.com/ip/579447147
73731484237,https://walmart.com/ip/192272152
73731484238,https://walmart.com/ip/737520851
73731484239,https://walmart.com/ip/398279397
73731484240,https://walmart.com/ip/851621853
73731484241,https://walmart.com/ip/854322317
73731484242,https://walmart.com/ip/793404663
73731484243,https://walmart.com/ip/545479772
73731484244,https://walmart.com/ip/698906020
73731484245,https://walmart.com/ip/178757391
73731484246,https://walmart.com/ip/379848419
73731484247,https://walmart.com/ip/289509006
73731484248,https://walmart.com/ip/251957592
73731484249,https://walmart.com/ip/111795511
73731484250,https://walmart.com/ip/355805902
73731484268,https://walmart.com/ip/342278693
73731484269,https://walmart.com/ip/460323615
73731484270,https://walmart.com/ip/195366214
73731484271,https://walmart.com/ip/362165124
73731484272,https://walmart.com/ip/107498637
73731484273,https://walmart.com/ip/233182452
73731484274,https://walmart.com/ip/715016619
73731484275,https://walmart.com/ip/609822274
73731484276,https://walmart.com/ip/859114670
73731484278,https://walmart.com/ip/179857143
73731484279,https://walmart.com/ip/813172947
73731484289,https://walmart.com/ip/306464600
73731484290,https://walmart.com/ip/921403579
73731484291,https://walmart.com/ip/984734269
73731484337,https://walmart.com/ip/710738127
73731484338,https://walmart.com/ip/274287209
73731484339,https://walmart.com/ip/393063892
73731484340,https://walmart.com/ip/247143878
73731484341,https://walmart.com/ip/296235477
73731484342,https://walmart.com/ip/382953195
73731484343,https://walmart.com/ip/670049008
73731484344,https://walmart.com/ip/147697491
73731484345,https://walmart.com/ip/186541146
73731484346,https://walmart.com/ip/564401349
73731484347,https://walmart.com/ip/271254851
73731484348,https://walmart.com/ip/177001522
73731484349,https://walmart.com/ip/895525299
73731484350,https://walmart.com/ip/567908876
73731484351,https://walmart.com/ip/527736797
73731484360,https://walmart.com/ip/358068215
73731484361,https://walmart.com/ip/238730358
73731484362,https://walmart.com/ip/229099201
73731484363,https://walmart.com/ip/337938993
73731484364,https://walmart.com/ip/857333395
73731484365,https://walmart.com/ip/425714966
73731484366,https://walmart.com/ip/624189487
73731484367,https://walmart.com/ip/671312344
73731484368,https://walmart.com/ip/657151288
73731484369,https://walmart.com/ip/859174591
73731484413,https://walmart.com/ip/978851381
73731484414,https://walmart.com/ip/382072318
73731484415,https://walmart.com/ip/696469791
73731484502,https://walmart.com/ip/754820075
73731484525,https://walmart.com/ip/630501855
73731484534,https://walmart.com/ip/204351433
73731484544,https://walmart.com/ip/335441060
73731484545,https://walmart.com/ip/172899887
73731484561,https://walmart.com/ip/435538547
73731484562,https://walmart.com/ip/298006287
73731484563,https://walmart.com/ip/164108795
73731484564,https://walmart.com/ip/662658731
73731484565,https://walmart.com/ip/360730446
73731484566,https://walmart.com/ip/622676283
73731484567,https://walmart.com/ip/880725374
73731484568,https://walmart.com/ip/912694070
73731484586,https://walmart.com/ip/738114661
73731484587,https://walmart.com/ip/946004151
73731484621,https://walmart.com/ip/645406175
73731484622,https://walmart.com/ip/771941196
73731484623,https://walmart.com/ip/877765770
73731484737,https://walmart.com/ip/254531437
73731484738,https://walmart.com/ip/243388104
73731484766,https://walmart.com/ip/910179150
73731484767,https://walmart.com/ip/659061878
73731484768,https://walmart.com/ip/152938934
73731484772,https://walmart.com/ip/558891630
73731484773,https://walmart.com/ip/178259452
73731484774,https://walmart.com/ip/395046506
73731484777,https://walmart.com/ip/566435697
73731484778,https://walmart.com/ip/554995704
73731484782,https://walmart.com/ip/425144411
73731484783,https://walmart.com/ip/201594974
73731484784,https://walmart.com/ip/814959729
73731484785,https://walmart.com/ip/769507748
73731484786,https://walmart.com/ip/173719185
73731484787,https://walmart.com/ip/282916652
73731484817,https://walmart.com/ip/413293273
73731484822,https://walmart.com/ip/152312545
73731484823,https://walmart.com/ip/242414188
73731484824,https://walmart.com/ip/671195224
73731484825,https://walmart.com/ip/801174828
73731484826,https://walmart.com/ip/524111178
73731484828,https://walmart.com/ip/112348940
73731484829,https://walmart.com/ip/921611299
73731484830,https://walmart.com/ip/353170166
73731484831,https://walmart.com/ip/692893599
73731484832,https://walmart.com/ip/427591520
73731484833,https://walmart.com/ip/373499255
73731484926,https://walmart.com/ip/752725168
73731484989,https://walmart.com/ip/266351791
73731485004,https://walmart.com/ip/530652812
73731485006,https://walmart.com/ip/151943604
73731485007,https://walmart.com/ip/758549726
73731485008,https://walmart.com/ip/781262863
73731485016,https://walmart.com/ip/778999311
73731485017,https://walmart.com/ip/280736068
73731485018,https://walmart.com/ip/510606211
73731485019,https://walmart.com/ip/574007868
73731485020,https://walmart.com/ip/853813823
73731485021,https://walmart.com/ip/981118313
73731485039,https://walmart.com/ip/553151956
73731485040,https://walmart.com/ip/606670915
73731485041,https://walmart.com/ip/633024953
73731485042,https://walmart.com/ip/885238995
73731485043,https://walmart.com/ip/786382250
73731485044,https://walmart.com/ip/355691090
73731485045,https://walmart.com/ip/314659752
73731485046,https://walmart.com/ip/746562848
73731485047,https://walmart.com/ip/420413389
73731485049,https://walmart.com/ip/867826449
73731485050,https://walmart.com/ip/668920087
73731485051,https://walmart.com/ip/464104545
73731485052,https://walmart.com/ip/127746217
73731485053,https://walmart.com/ip/684353493
73731485054,https://walmart.com/ip/682323152
73731485055,https://walmart.com/ip/613952091
73731485056,https://walmart.com/ip/746567050
73731485057,https://walmart.com/ip/746476385
73731485096,https://walmart.com/ip/190701831
73731485097,https://walmart.com/ip/906824797
73731485098,https://walmart.com/ip/541808231
73731485099,https://walmart.com/ip/782014589
73731485100,https://walmart.com/ip/626231893
73731485101,https://walmart.com/ip/521668646
73731485102,https://walmart.com/ip/404884658
73731485103,https://walmart.com/ip/447266470
73731485104,https://walmart.com/ip/571433231
73731485105,https://walmart.com/ip/222219644
73731485106,https://walmart.com/ip/504262410
73731485107,https://walmart.com/ip/468703351
73731485129,https://walmart.com/ip/248300452
73731485130,https://walmart.com/ip/701352869
73731485131,https://walmart.com/ip/402674520
73731485132,https://walmart.com/ip/252750780
73731485133,https://walmart.com/ip/527956250
73731485134,https://walmart.com/ip/181418120
73731485135,https://walmart.com/ip/753001997
73731485136,https://walmart.com/ip/410134322
73731485472,https://walmart.com/ip/56093408
73731485473,https://walmart.com/ip/56093409
73731485474,https://walmart.com/ip/56093406
73731485475,https://walmart.com/ip/56093405
73731485476,https://walmart.com/ip/56093404
73731485477,https://walmart.com/ip/56093407
73731485478,https://walmart.com/ip/56093403
73731485479,https://walmart.com/ip/56093394
73731485480,https://walmart.com/ip/56093395
73731485481,https://walmart.com/ip/56093392
73731485482,https://walmart.com/ip/56093391
73731485483,https://walmart.com/ip/56093390
73731486006,https://walmart.com/ip/35899643
73731486007,https://walmart.com/ip/35899645
73731486008,https://walmart.com/ip/35899640
73731486009,https://walmart.com/ip/35899636
73731486010,https://walmart.com/ip/35899633
73731486011,https://walmart.com/ip/35899641
73731486012,https://walmart.com/ip/35899627
73731486685,https://walmart.com/ip/56093396
73731486876,https://walmart.com/ip/56248099
73731486894,https://walmart.com/ip/56093393
73731486895,https://walmart.com/ip/56093389
73731486896,https://walmart.com/ip/56093422
73731486897,https://walmart.com/ip/56093423
73731486898,https://walmart.com/ip/56093420
73731486899,https://walmart.com/ip/56093419
73731486903,https://walmart.com/ip/56093418
73731486904,https://walmart.com/ip/56093421
73731486991,https://walmart.com/ip/56248118
73731486992,https://walmart.com/ip/56248115
73731486993,https://walmart.com/ip/56248114
73731486994,https://walmart.com/ip/56248113
73731486995,https://walmart.com/ip/56248116
73731486996,https://walmart.com/ip/56248129
73731486997,https://walmart.com/ip/56248130
73731486998,https://walmart.com/ip/56248127
73731486999,https://walmart.com/ip/56248126
73731487006,https://walmart.com/ip/56248125
73731487207,https://walmart.com/ip/56093166
73731487208,https://walmart.com/ip/56093170
73731487209,https://walmart.com/ip/56210762
73731487210,https://walmart.com/ip/56093199
73731487211,https://walmart.com/ip/56093197
73731487212,https://walmart.com/ip/56093195
73731487213,https://walmart.com/ip/56093194
73731487214,https://walmart.com/ip/56093198
73731488345,https://walmart.com/ip/56093171
73731488492,https://walmart.com/ip/56248100
73731488493,https://walmart.com/ip/56248097
73731488494,https://walmart.com/ip/56248096
73731488496,https://walmart.com/ip/56248095
73731488497,https://walmart.com/ip/56248098
73731488498,https://walmart.com/ip/56248105
73731488499,https://walmart.com/ip/56248106
73731488500,https://walmart.com/ip/56248103
73731488501,https://walmart.com/ip/56248102
73731488502,https://walmart.com/ip/56248101
73731488503,https://walmart.com/ip/56248104
73731488504,https://walmart.com/ip/56248111
73731488505,https://walmart.com/ip/56248112
73731488506,https://walmart.com/ip/56248109
73731488507,https://walmart.com/ip/56248108
73731488508,https://walmart.com/ip/56248107
73731488534,https://walmart.com/ip/56248110
73731488535,https://walmart.com/ip/56248117
73731488615,https://walmart.com/ip/56248128
73731488616,https://walmart.com/ip/56248123
73731488618,https://walmart.com/ip/56248124
73731488619,https://walmart.com/ip/56248121
73731488620,https://walmart.com/ip/56248120
73731488621,https://walmart.com/ip/56248119
73731488622,https://walmart.com/ip/56248122
73731488624,https://walmart.com/ip/56248134
73731488625,https://walmart.com/ip/56248133
73731488627,https://walmart.com/ip/56248132
73731488637,https://walmart.com/ip/56248135
73731488638,https://walmart.com/ip/56248131
73731488639,https://walmart.com/ip/56248139
73731488642,https://walmart.com/ip/56248138
73731488643,https://walmart.com/ip/56248137
73731488644,https://walmart.com/ip/56248140
73731488645,https://walmart.com/ip/56248136
73731488647,https://walmart.com/ip/56093178
73731488648,https://walmart.com/ip/56093176
73731488649,https://walmart.com/ip/56093174
73731488650,https://walmart.com/ip/56093173
73731488651,https://walmart.com/ip/56093177
73731488652,https://walmart.com/ip/56210764
73731488653,https://walmart.com/ip/56093165
73731488654,https://walmart.com/ip/56092776
73731488655,https://walmart.com/ip/56092774
73731488656,https://walmart.com/ip/56092772
73731488658,https://walmart.com/ip/56093163
73731488659,https://walmart.com/ip/56210760
73731488888,https://walmart.com/ip/56210765
73731488890,https://walmart.com/ip/56093185
73731488892,https://walmart.com/ip/56093183
73731488894,https://walmart.com/ip/56093181
73731488895,https://walmart.com/ip/56093180
73731488949,https://walmart.com/ip/54934757
73731488950,https://walmart.com/ip/54934751
73731488951,https://walmart.com/ip/54934746
73731488952,https://walmart.com/ip/54934758
73731488953,https://walmart.com/ip/56093193
73731488954,https://walmart.com/ip/54934744
73731488955,https://walmart.com/ip/54934737
73731488956,https://walmart.com/ip/54934741
73731488957,https://walmart.com/ip/54934731
73731488958,https://walmart.com/ip/54934728
73731488959,https://walmart.com/ip/54934725
73731488960,https://walmart.com/ip/54934734
73731488961,https://walmart.com/ip/54934723
73731488964,https://walmart.com/ip/56093190
73731488973,https://walmart.com/ip/56093189
73731489316,https://walmart.com/ip/54934714
73731489317,https://walmart.com/ip/56093184
73731489318,https://walmart.com/ip/54934721
73731489319,https://walmart.com/ip/54934705
73731489320,https://walmart.com/ip/54934703
73731489321,https://walmart.com/ip/54934699
73731489322,https://walmart.com/ip/54934710
73731489323,https://walmart.com/ip/54934693
73731489324,https://walmart.com/ip/54934768
73731489325,https://walmart.com/ip/54934773
73731489326,https://walmart.com/ip/56210761
73731489417,https://walmart.com/ip/56093187
73731489420,https://walmart.com/ip/56093192
73731489421,https://walmart.com/ip/56210763
73731490017,https://walmart.com/ip/56093168
73731490044,https://walmart.com/ip/56093167
73731491214,https://walmart.com/ip/56093373
73731491215,https://walmart.com/ip/56093374
73731491216,https://walmart.com/ip/56093371
73731491414,https://walmart.com/ip/55335674
73731491415,https://walmart.com/ip/55335676
73731491416,https://walmart.com/ip/55335677
73731491417,https://walmart.com/ip/55335678
73731491422,https://walmart.com/ip/55335679
73731491423,https://walmart.com/ip/55335680
73731491424,https://walmart.com/ip/55335681
73731491425,https://walmart.com/ip/55335717
73731491426,https://walmart.com/ip/55335719
73731491427,https://walmart.com/ip/55335721
73731491534,https://walmart.com/ip/55335824
73731491535,https://walmart.com/ip/55335825
73731491536,https://walmart.com/ip/55335826
73731491537,https://walmart.com/ip/55335827
73731491544,https://walmart.com/ip/55335828
73731491545,https://walmart.com/ip/55335829
73731491546,https://walmart.com/ip/55369070
73731491547,https://walmart.com/ip/55369074
73731491554,https://walmart.com/ip/55335831
73731491556,https://walmart.com/ip/55335832
73731491564,https://walmart.com/ip/55335833
73731491565,https://walmart.com/ip/55335834
73731491566,https://walmart.com/ip/55335835
73731491567,https://walmart.com/ip/55335836
73731491574,https://walmart.com/ip/55335837
73731491575,https://walmart.com/ip/55335838
73731491576,https://walmart.com/ip/55335839
73731491577,https://walmart.com/ip/55335840
73731492048,https://walmart.com/ip/749821691
73731492049,https://walmart.com/ip/746855045
73731492051,https://walmart.com/ip/570768871
73731492052,https://walmart.com/ip/704636574
73731492053,https://walmart.com/ip/890171915
73731492061,https://walmart.com/ip/931621879
73731492062,https://walmart.com/ip/244321800
73731492063,https://walmart.com/ip/231156853
73731492065,https://walmart.com/ip/242983060
73731492066,https://walmart.com/ip/625210427
73731492096,https://walmart.com/ip/424270398
73731492100,https://walmart.com/ip/620635584
73731492101,https://walmart.com/ip/809487543
73731492102,https://walmart.com/ip/809971779
73731492651,https://walmart.com/ip/55335655
73731492652,https://walmart.com/ip/55335657
73731492653,https://walmart.com/ip/55335659
73731492654,https://walmart.com/ip/55335661
73731492655,https://walmart.com/ip/55335668
73731492983,https://walmart.com/ip/56093362
73731492992,https://walmart.com/ip/56093361
73731493001,https://walmart.com/ip/56093372
73731493639,https://walmart.com/ip/56093350
73731493640,https://walmart.com/ip/56093346
73731493755,https://walmart.com/ip/683126615
73731493757,https://walmart.com/ip/588593323
73731493758,https://walmart.com/ip/283173040
73731493759,https://walmart.com/ip/706097860
73731495094,https://walmart.com/ip/55368576
73731495096,https://walmart.com/ip/55368579
73731495097,https://walmart.com/ip/55368578
73731495338,https://walmart.com/ip/56093360
73731495339,https://walmart.com/ip/56093351
73731495340,https://walmart.com/ip/56093352
73731495341,https://walmart.com/ip/56093349
73731495342,https://walmart.com/ip/56093348
73731495343,https://walmart.com/ip/56093347
73731495372,https://walmart.com/ip/56093387
73731495383,https://walmart.com/ip/56093388
73731495386,https://walmart.com/ip/56093385
73731495387,https://walmart.com/ip/56093384
73731495388,https://walmart.com/ip/56093383
73731495389,https://walmart.com/ip/56093386
73731495390,https://walmart.com/ip/56093382
73731495391,https://walmart.com/ip/56093380
73731495398,https://walmart.com/ip/56093381
73731495402,https://walmart.com/ip/56093378
73731495403,https://walmart.com/ip/56093377
73731495404,https://walmart.com/ip/56093376
73731495416,https://walmart.com/ip/56093379
73731495425,https://walmart.com/ip/56093375
73731495428,https://walmart.com/ip/56093358
73731495429,https://walmart.com/ip/56093359
73731495430,https://walmart.com/ip/56093356
73731495431,https://walmart.com/ip/56093355
73731495432,https://walmart.com/ip/56093354
73731495433,https://walmart.com/ip/56093357
73731495434,https://walmart.com/ip/56093353
73731495489,https://walmart.com/ip/318192237
73731495493,https://walmart.com/ip/945778476
73731495495,https://walmart.com/ip/342451990
73731495497,https://walmart.com/ip/351280749
73731495531,https://walmart.com/ip/728728558
73731495532,https://walmart.com/ip/279238712
73731495534,https://walmart.com/ip/422727068
73731495536,https://walmart.com/ip/452734336
73731495538,https://walmart.com/ip/550095278
73731495544,https://walmart.com/ip/663778292
73731495545,https://walmart.com/ip/493897773
73731495546,https://walmart.com/ip/973963637
73731495547,https://walmart.com/ip/720923800
73731495548,https://walmart.com/ip/424879957
73731495601,https://walmart.com/ip/240009614
73731495602,https://walmart.com/ip/355285950
73731495603,https://walmart.com/ip/516380219
73731495616,https://walmart.com/ip/599466035
73731495618,https://walmart.com/ip/886917188
73731495619,https://walmart.com/ip/244319008
73731495620,https://walmart.com/ip/944131311
73731495621,https://walmart.com/ip/343610009
73731495622,https://walmart.com/ip/616281165
73731495623,https://walmart.com/ip/787171594
73731496025,https://walmart.com/ip/546611568
73731496026,https://walmart.com/ip/398183015
73731496027,https://walmart.com/ip/667649055
73731496028,https://walmart.com/ip/720685344
73731496748,https://walmart.com/ip/55368507
73731496749,https://walmart.com/ip/55368514
73731496750,https://walmart.com/ip/55368517
73731496751,https://walmart.com/ip/55368516
73731496752,https://walmart.com/ip/55368518
73731496754,https://walmart.com/ip/55368562
73731496755,https://walmart.com/ip/55368513
73731496756,https://walmart.com/ip/55368510
73731496758,https://walmart.com/ip/55368509
73731496759,https://walmart.com/ip/55368512
73731496760,https://walmart.com/ip/55368511
73731496761,https://walmart.com/ip/55368506
73731496762,https://walmart.com/ip/55369010
73731496763,https://walmart.com/ip/55369017
73731496766,https://walmart.com/ip/55369018
73731496768,https://walmart.com/ip/55369019
73731496770,https://walmart.com/ip/55369020
73731496771,https://walmart.com/ip/55369060
73731496772,https://walmart.com/ip/55368877
73731496773,https://walmart.com/ip/55368879
73731496775,https://walmart.com/ip/55368882
73731496776,https://walmart.com/ip/55368878
73731496777,https://walmart.com/ip/55368881
73731496778,https://walmart.com/ip/55368880
73731496780,https://walmart.com/ip/55368884
73731496781,https://walmart.com/ip/55368885
73731496782,https://walmart.com/ip/55368886
73731496783,https://walmart.com/ip/55368888
73731496785,https://walmart.com/ip/55368883
73731496786,https://walmart.com/ip/55368889
73731496787,https://walmart.com/ip/55368890
73731496788,https://walmart.com/ip/55368887
73731496790,https://walmart.com/ip/55368891
73731496791,https://walmart.com/ip/55368892
73731496793,https://walmart.com/ip/55368893
73731496794,https://walmart.com/ip/55368894
73731496905,https://walmart.com/ip/55368895
73731496906,https://walmart.com/ip/55368896
73731496907,https://walmart.com/ip/55368897
73731496908,https://walmart.com/ip/55368898
73731496909,https://walmart.com/ip/55368899
73731497913,https://walmart.com/ip/55335856
73731497914,https://walmart.com/ip/55335857
73731497915,https://walmart.com/ip/55335858
73731497918,https://walmart.com/ip/55335859
73731497919,https://walmart.com/ip/55335860
73731497920,https://walmart.com/ip/55335861
73731497922,https://walmart.com/ip/55335862
73731497923,https://walmart.com/ip/55335863
73731497937,https://walmart.com/ip/55335864
73731497938,https://walmart.com/ip/55369061
73731497939,https://walmart.com/ip/55369066
73731497940,https://walmart.com/ip/55369065
73731497941,https://walmart.com/ip/55369067
73731497942,https://walmart.com/ip/55369068
73731497943,https://walmart.com/ip/55369069
73731497945,https://walmart.com/ip/55335844
73731497946,https://walmart.com/ip/55335845
73731497947,https://walmart.com/ip/55335846
73731497948,https://walmart.com/ip/55335847
73731497949,https://walmart.com/ip/55335848
73731498080,https://walmart.com/ip/325113856
73731498081,https://walmart.com/ip/773841861
73731498082,https://walmart.com/ip/501390823
73731498085,https://walmart.com/ip/960397185
73731498089,https://walmart.com/ip/342564958
73731498090,https://walmart.com/ip/952485648
73731498091,https://walmart.com/ip/423689298
73731498092,https://walmart.com/ip/241561093
73731498093,https://walmart.com/ip/539326585
73731498108,https://walmart.com/ip/55368581
73731498109,https://walmart.com/ip/55369161
73731498110,https://walmart.com/ip/55369164
73731498111,https://walmart.com/ip/55369157
73731498113,https://walmart.com/ip/55369163
73731498114,https://walmart.com/ip/55369158
73731498115,https://walmart.com/ip/55369165
73731498116,https://walmart.com/ip/55369167
73731498117,https://walmart.com/ip/55369159
73731498118,https://walmart.com/ip/55369172
73731498120,https://walmart.com/ip/55369169
73731498121,https://walmart.com/ip/55369160
73731498122,https://walmart.com/ip/55369171
73731498123,https://walmart.com/ip/55369162
73731498124,https://walmart.com/ip/55369173
73731498125,https://walmart.com/ip/55369168
73731498127,https://walmart.com/ip/55369166
73731498128,https://walmart.com/ip/55335723
73731498142,https://walmart.com/ip/55335725
73731498143,https://walmart.com/ip/55335727
73731498144,https://walmart.com/ip/55335728
73731498145,https://walmart.com/ip/55335730
73731498146,https://walmart.com/ip/55335732
73731498147,https://walmart.com/ip/55335735
73731498148,https://walmart.com/ip/55335736
73731498149,https://walmart.com/ip/55335738
73731498150,https://walmart.com/ip/55335739
73731498151,https://walmart.com/ip/55335740
73731498152,https://walmart.com/ip/55335741
73731498153,https://walmart.com/ip/55335743
73731498154,https://walmart.com/ip/55335745
73731498155,https://walmart.com/ip/793211361
73731498156,https://walmart.com/ip/212937236
73731498157,https://walmart.com/ip/660031903
73731498158,https://walmart.com/ip/219670052
73731498159,https://walmart.com/ip/906039908
73731498160,https://walmart.com/ip/994925755
73731498161,https://walmart.com/ip/500126471
73731498162,https://walmart.com/ip/411091509
73731498163,https://walmart.com/ip/348757629
73731498164,https://walmart.com/ip/579874856
73731498165,https://walmart.com/ip/861897466
73731498166,https://walmart.com/ip/324301682
73731498167,https://walmart.com/ip/802774258
73731498168,https://walmart.com/ip/918685427
73731498169,https://walmart.com/ip/265858396
73731498171,https://walmart.com/ip/312119318
73731498172,https://walmart.com/ip/205116322
73731498173,https://walmart.com/ip/325477479
73731498174,https://walmart.com/ip/500367295
73731498175,https://walmart.com/ip/936103413
73731498176,https://walmart.com/ip/496615656
73731498177,https://walmart.com/ip/914581449
73731498178,https://walmart.com/ip/856526362
73731498179,https://walmart.com/ip/987585329
73731498180,https://walmart.com/ip/838151792
73731498181,https://walmart.com/ip/340426932
73731498182,https://walmart.com/ip/737452970
73731498183,https://walmart.com/ip/888552962
73731498184,https://walmart.com/ip/672745725
73731498185,https://walmart.com/ip/474939778
73731498186,https://walmart.com/ip/481711404
73731498187,https://walmart.com/ip/822178463
73731498188,https://walmart.com/ip/741201303
73731498189,https://walmart.com/ip/573419744
73731498190,https://walmart.com/ip/383101714
73731498191,https://walmart.com/ip/105174945
73731498192,https://walmart.com/ip/287655041
73731498193,https://walmart.com/ip/209436482
73731498194,https://walmart.com/ip/198217167
73731498195,https://walmart.com/ip/422945557
73731498196,https://walmart.com/ip/55335748
73731498197,https://walmart.com/ip/55335758
73731498198,https://walmart.com/ip/55335762
73731498199,https://walmart.com/ip/944100333
73731498200,https://walmart.com/ip/587422011
73731498201,https://walmart.com/ip/680316746
73731498247,https://walmart.com/ip/55335763
73731498248,https://walmart.com/ip/55335765
73731498249,https://walmart.com/ip/55335766
73731498250,https://walmart.com/ip/55335767
73731498251,https://walmart.com/ip/55335768
73731498252,https://walmart.com/ip/55335771
73731498253,https://walmart.com/ip/55335774
73731498254,https://walmart.com/ip/55335779
73731498292,https://walmart.com/ip/55335780
73731498293,https://walmart.com/ip/55335781
73731498294,https://walmart.com/ip/55335782
73731498295,https://walmart.com/ip/55335783
73731498297,https://walmart.com/ip/55335785
73731498298,https://walmart.com/ip/55335796
73731498299,https://walmart.com/ip/55335809
73731498300,https://walmart.com/ip/55335822
73731498337,https://walmart.com/ip/55368577
73731498338,https://walmart.com/ip/55368473
73731498339,https://walmart.com/ip/55368474
73731498340,https://walmart.com/ip/55368476
73731498341,https://walmart.com/ip/55368480
73731498346,https://walmart.com/ip/55368475
73731498347,https://walmart.com/ip/55368478
73731498348,https://walmart.com/ip/55368574
73731498369,https://walmart.com/ip/55335841
73731498372,https://walmart.com/ip/55335842
73731498373,https://walmart.com/ip/55335843
73731498374,https://walmart.com/ip/55335851
73731498375,https://walmart.com/ip/55335852
73731498387,https://walmart.com/ip/55335853
73731498388,https://walmart.com/ip/55335854
73731498414,https://walmart.com/ip/55335855
73731498482,https://walmart.com/ip/55369071
73731498483,https://walmart.com/ip/55369073
73731498502,https://walmart.com/ip/55369072
73731498508,https://walmart.com/ip/55369075
73731498548,https://walmart.com/ip/55369076
73731498549,https://walmart.com/ip/55369077
73731498550,https://walmart.com/ip/55369007
73731498551,https://walmart.com/ip/55335849
73731498552,https://walmart.com/ip/55335850
73731498553,https://walmart.com/ip/55335865
73731498554,https://walmart.com/ip/55335866
73731498555,https://walmart.com/ip/55335867
73731498556,https://walmart.com/ip/55335868
73731498557,https://walmart.com/ip/55335869
73731498558,https://walmart.com/ip/55335870
73731498560,https://walmart.com/ip/55335871
73731498562,https://walmart.com/ip/55368482
73731498563,https://walmart.com/ip/55368481
73731498564,https://walmart.com/ip/55368483
73731498565,https://walmart.com/ip/55368488
73731498566,https://walmart.com/ip/55368487
73731498567,https://walmart.com/ip/55368486
73731498568,https://walmart.com/ip/55368485
73731498649,https://walmart.com/ip/55369009
73731498655,https://walmart.com/ip/55369004
73731498656,https://walmart.com/ip/55369011
73731498657,https://walmart.com/ip/55369012
73731498658,https://walmart.com/ip/55369015
73731498660,https://walmart.com/ip/55369006
73731498661,https://walmart.com/ip/55369013
73731498662,https://walmart.com/ip/55369005
73731498663,https://walmart.com/ip/55369016
73731498664,https://walmart.com/ip/55335830
73731498934,https://walmart.com/ip/55368908
73731498935,https://walmart.com/ip/55368786
73731498936,https://walmart.com/ip/55368785
73731498937,https://walmart.com/ip/55368788
73731498939,https://walmart.com/ip/55368822
73731498958,https://walmart.com/ip/55368591
73731498963,https://walmart.com/ip/55368597
73731498964,https://walmart.com/ip/55368598
73731498965,https://walmart.com/ip/55368594
73731498966,https://walmart.com/ip/55368599
73731498967,https://walmart.com/ip/55368596
73731499012,https://walmart.com/ip/55368580
73731499855,https://walmart.com/ip/55369174
73731499856,https://walmart.com/ip/55369170
73731499864,https://walmart.com/ip/55369175
73731499865,https://walmart.com/ip/55369177
73731499881,https://walmart.com/ip/55369176
73731499883,https://walmart.com/ip/55369178
73731499884,https://walmart.com/ip/55369179
73731499885,https://walmart.com/ip/55369180
73731499886,https://walmart.com/ip/55369185
73731499908,https://walmart.com/ip/55369192
73731499909,https://walmart.com/ip/55369189
73731499910,https://walmart.com/ip/55369187
73731499972,https://walmart.com/ip/55368490
73731499973,https://walmart.com/ip/55368491
73731499991,https://walmart.com/ip/55368572
73731499999,https://walmart.com/ip/55368573
8019650189,https://walmart.com/ip/191687512
8019650197,https://walmart.com/ip/100392503
8019650200,https://walmart.com/ip/161488989
88438915558,https://walmart.com/ip/159780786
88438915559,https://walmart.com/ip/184064760
88438915560,https://walmart.com/ip/148388871
88438915561,https://walmart.com/ip/112102702
88438915562,https://walmart.com/ip/154374636
88438915563,https://walmart.com/ip/109822981
88438915576,https://walmart.com/ip/179663300
88438915577,https://walmart.com/ip/113786039
88438915578,https://walmart.com/ip/106257460
88438915579,https://walmart.com/ip/134045308
88438915580,https://walmart.com/ip/171437457
88438915581,https://walmart.com/ip/129768489
88438915588,https://walmart.com/ip/177432015
88438915589,https://walmart.com/ip/164267878
88438915590,https://walmart.com/ip/141202391
88438915591,https://walmart.com/ip/140162408
88438915592,https://walmart.com/ip/194484327
88438915593,https://walmart.com/ip/139995380
88438915615,https://walmart.com/ip/158450436
88438915667,https://walmart.com/ip/188154208
88438915669,https://walmart.com/ip/158053236
88438915671,https://walmart.com/ip/128638888
88438915770,https://walmart.com/ip/199995264
88438915771,https://walmart.com/ip/159031655
88438915772,https://walmart.com/ip/168319142
88438915773,https://walmart.com/ip/133316113
88438915774,https://walmart.com/ip/190724116
88438915775,https://walmart.com/ip/121966567
88438915788,https://walmart.com/ip/175012871
88438915789,https://walmart.com/ip/188540888
88438915790,https://walmart.com/ip/129274580
88438915791,https://walmart.com/ip/118214463
88438915793,https://walmart.com/ip/199279662
88438915798,https://walmart.com/ip/111742980
88438915800,https://walmart.com/ip/153465031
88438915801,https://walmart.com/ip/133113723
88438915802,https://walmart.com/ip/169956481
88438915803,https://walmart.com/ip/108046190
88438915804,https://walmart.com/ip/190526224
88438915805,https://walmart.com/ip/106985944
88438915824,https://walmart.com/ip/121131021
88438915825,https://walmart.com/ip/145268200
88438915827,https://walmart.com/ip/118322557
88438915829,https://walmart.com/ip/101347050
88438915852,https://walmart.com/ip/133122809
